date,close,bsadf_score,log_return,rsi,macd,macd_signal,macd_hist,label,rolling_mean,rolling_std,zscore_value,ticker_id,gdp_growth,cpi_inflation,repo_rate
2008-08-20,4415.75,-2.209808312885019,0.010815223816405,51.8650404444085,48.37751037118778,57.74775414043489,-9.37024376924711,Normal,,,,NIFTY50,3.08669805921981,8.34926704907581,8.5
2008-08-21,4283.85009765625,-2.124053851637442,-0.0303255342901458,44.856656740762766,32.79635322231661,52.75747395681124,-19.961120734494628,Normal,,,,NIFTY50,3.08669805921981,8.34926704907581,8.5
2008-08-22,4327.4501953125,-2.166958191795356,0.0101263383565805,47.38746948216858,23.69321677088101,46.9446225196252,-23.25140574874419,Normal,,,,NIFTY50,3.08669805921981,8.34926704907581,8.5
2008-08-25,4335.35009765625,-2.180565797568541,0.0018238685567018,47.85445463930501,16.921313279133756,40.93996067152691,-24.01864739239316,Normal,,,,NIFTY50,3.08669805921981,8.34926704907581,8.5
2008-08-26,4337.5,-2.1898322448582204,0.0004957775964252,47.989750502326544,11.594357587618106,35.07084005474515,-23.47648246712704,Normal,,,,NIFTY50,3.08669805921981,8.34926704907581,8.5
2008-08-27,4292.10009765625,-2.162542305697173,-0.0105219988621598,45.31589034750416,3.667042741059049,28.79008059200793,-25.12303785094888,Normal,,,,NIFTY50,3.08669805921981,8.34926704907581,8.5
2008-08-28,4214.0,-2.101687401340915,-0.0183638310288204,41.0759552284214,-8.815813350516692,21.26890180350301,-30.084715154019698,Normal,,,,NIFTY50,3.08669805921981,8.34926704907581,8.5
2008-08-29,4360.0,-2.2312072168983463,0.0340597419789455,50.41576938447604,-6.848640050748145,15.645393432652778,-22.494033483400923,Normal,,,,NIFTY50,3.08669805921981,8.34926704907581,8.5
2008-09-01,4348.64990234375,-2.231210842355826,-0.0026066277115404,49.75550443476958,-6.134781124069377,11.289358521308348,-17.424139645377725,Normal,,,,NIFTY50,3.08669805921981,8.34926704907581,8.5
2008-09-02,4504.0,-2.328789884437616,0.0351004611879867,57.885339954031785,6.887022476237689,10.408891312294216,-3.5218688360565267,Normal,,,,NIFTY50,3.08669805921981,8.34926704907581,8.5
2008-09-04,4447.75,-2.311258010216295,-0.0125675405046414,54.44987267251436,12.523626180453904,10.831838285926157,1.6917878945277476,Normal,,,,NIFTY50,3.08669805921981,8.34926704907581,8.5
2008-09-05,4352.2998046875,-2.264226913470671,-0.0216939542071026,49.12223894214893,9.182788702356447,10.502028369212216,-1.3192396668557684,Normal,,,,NIFTY50,3.08669805921981,8.34926704907581,8.5
2008-09-08,4482.2998046875,-2.346945992240011,0.0294318678431962,55.5074595878543,16.831046647409494,11.767832024851671,5.063214622557823,Normal,,,,NIFTY50,3.08669805921981,8.34926704907581,8.5
2008-09-09,4468.7001953125,-1.887359398478459,-0.0030386816756627,54.73358677052171,21.546595609801443,13.723584741841629,7.823010867959816,Normal,,,,NIFTY50,3.08669805921981,8.34926704907581,8.5
2008-09-10,4400.25,-1.6387944325404824,-0.0154362248012365,50.88796748883448,19.535154337631862,14.885898660999676,4.64925567663219,Normal,,,,NIFTY50,3.08669805921981,8.34926704907581,8.5
2008-09-11,4290.2998046875,-1.570472367429084,-0.0253047424512864,45.37330668316175,8.965660218124867,13.701850972424715,-4.736190754299848,Normal,,,,NIFTY50,3.08669805921981,8.34926704907581,8.5
2008-09-12,4228.4501953125,-1.5184848157995814,-0.0145210732043965,42.57808978725621,-4.351327207051327,10.091215336529508,-14.442542543580837,Normal,,,,NIFTY50,3.08669805921981,8.34926704907581,8.5
2008-09-15,4072.89990234375,-1.3518404068467442,-0.0374802893757936,36.48968219608452,-27.143846968362595,2.644202875551088,-29.788049843913683,Normal,,,,NIFTY50,3.08669805921981,8.34926704907581,8.5
2008-09-16,4074.89990234375,-1.354171679534234,0.0004909300886401,36.61518303575436,-44.532358496816414,-6.791109398922414,-37.741249097894,Normal,,,,NIFTY50,3.08669805921981,8.34926704907581,8.5
2008-09-17,4008.25,-1.26078564480004,-0.0164914454622957,34.19046335694296,-62.96514625169493,-18.02591676947692,-44.93922948221801,Crash,4312.2375,137.266313616037,-2.2145819465241683,NIFTY50,3.08669805921981,8.34926704907581,8.5
2008-09-18,4038.14990234375,-1.3049537548038173,0.0074319050330119,36.23063795450667,-74.30406016041252,-29.28154544766404,-45.02251471274848,Normal,4293.357495117188,147.84039368009283,-1.726237237474309,NIFTY50,3.08669805921981,8.34926704907581,8.5
2008-09-19,4245.25,-1.5690568007509096,0.0500140687244517,48.20744506880309,-65.82024919141168,-36.58928619641357,-29.23096299499811,Normal,4291.427490234375,148.22250347104023,-0.31154169679368,NIFTY50,3.08669805921981,8.34926704907581,8.5
2008-09-22,4223.0498046875,-1.5519505494272232,-0.0052431412874912,47.18441422911759,-60.19425618716468,-41.31028019456379,-18.88397599260089,Normal,4286.207470703125,148.7246131703433,-0.424661827449414,NIFTY50,3.08669805921981,8.34926704907581,8.5
2008-09-23,4126.89990234375,-1.4607641757005243,-0.023031073419284,42.93469953655846,-62.77053016069294,-45.602330187789626,-17.168199972903317,Normal,4275.7849609375,152.35908589615525,-0.977198423828998,NIFTY50,3.08669805921981,8.34926704907581,8.5
2008-09-24,4161.25,-1.5000123224371964,0.0082890137695996,44.84588544790946,-61.333466023093024,-48.74855735485031,-12.584908668242718,Normal,4266.9724609375,153.69293346639293,-0.6878810791949487,NIFTY50,3.08669805921981,8.34926704907581,8.5
2008-09-25,4110.5498046875,-1.4468910312133647,-0.0122587179156393,42.57918311372024,-63.55306421915429,-51.70945872771111,-11.843605491443183,Normal,4257.894946289062,157.44630863784386,-0.9358437354062322,NIFTY50,3.08669805921981,8.34926704907581,8.5
2008-09-26,3985.25,-1.292975757273175,-0.0309567464598392,37.53046340506352,-74.56324022567878,-56.28021502730465,-18.283025198374133,Normal,4246.457446289062,168.7086610998889,-1.5482752609506325,NIFTY50,3.08669805921981,8.34926704907581,8.5
2008-09-29,3850.050048828125,-1.0832684607454983,-0.0345138976208045,32.98561552119847,-93.12490425332544,-63.649152872508814,-29.475751380816625,Normal,4220.959948730469,188.06970990562985,-1.9721937152370776,NIFTY50,3.08669805921981,8.34926704907581,8.5
2008-09-30,3921.199951171875,-1.1181890872114033,0.018311569042277,37.28947718387578,-100.93049036433604,-71.10542037087427,-29.825069993461767,Normal,4199.587451171875,196.87689965539525,-1.4140181021098828,NIFTY50,3.08669805921981,8.34926704907581,8.5
2008-10-01,3950.75,-1.1610952940052446,0.0075077173539844,39.04053307745506,-103.5385041873651,-77.59203713417244,-25.946467053192663,Normal,4171.924951171875,190.62205067084,-1.1602799906595969,NIFTY50,3.08669805921981,8.34926704907581,8.5
2008-10-03,3818.300048828125,-0.938007104756018,-0.0341001241322184,34.40349714048516,-114.96770195772342,-85.06717009888264,-29.90053185884078,Normal,4140.452453613281,194.6061217436852,-1.655407352547016,NIFTY50,3.08669805921981,8.34926704907581,8.5
2008-10-06,3602.35009765625,-0.4861054871919907,-0.0582188727927145,28.466749443400417,-139.83880512533096,-96.02149710417233,-43.81730802115865,Crash,4102.954968261719,221.96644210066992,-2.255317812313387,NIFTY50,3.08669805921981,8.34926704907581,8.5
2008-10-07,3606.60009765625,-0.5056146703539424,0.0011790899859858,28.727418209135223,-157.39207620963543,-108.29561292526496,-49.096463284370486,Normal,4059.169982910156,229.4428125933168,-1.972473576917304,NIFTY50,3.08669805921981,8.34926704907581,8.5
2008-10-08,3513.64990234375,-0.27004515044581,-0.0261101719508087,26.45670228558244,-176.7658275261456,-121.98965584544108,-54.77617168070449,Crash,4011.417468261719,238.9127996714092,-2.0834696450026016,NIFTY50,3.08669805921981,8.34926704907581,8.5
2008-10-10,3279.949951171875,0.3921043293287293,-0.0688271919267466,21.792598333169806,-208.5729982804141,-139.3063243324357,-69.26667394797843,Crash,3955.402465820313,271.9914445190033,-2.483359415377661,NIFTY50,3.08669805921981,8.34926704907581,8.5
2008-10-13,3490.699951171875,-0.3752250582421694,0.0622741116895155,33.22505794666925,-214.30428022999288,-154.30591551194715,-59.99836471804571,Normal,3915.422473144531,278.85402474302526,-1.5230998453906277,NIFTY50,3.08669805921981,8.34926704907581,8.5
2008-10-14,3518.64990234375,-0.4584536055517565,0.0079750903850958,34.59067718106256,-214.1227610915357,-166.26928462786486,-47.85347646367086,Normal,3879.9324584960937,282.0678408964351,-1.2808356847918487,NIFTY50,3.08669805921981,8.34926704907581,8.5
2008-10-15,3338.39990234375,-0.0148159794879189,-0.0525857445223908,30.28863460185626,-225.9193171956904,-178.19929114142997,-47.720026054260416,Normal,3843.2074584960938,302.6835791782833,-1.6677731825518278,NIFTY50,3.08669805921981,8.34926704907581,8.5
2008-10-16,3269.300048828125,0.1705562064421208,-0.0209157113922443,28.809402160061538,-238.0992931452552,-190.17929154219505,-47.92000160306014,Normal,3802.9274658203126,323.13989174609,-1.6513820503829657,NIFTY50,3.08669805921981,8.34926704907581,8.5
2008-10-17,3074.35009765625,0.759051290939784,-0.0614823810853935,25.08690407047069,-260.48019014343754,-204.23947126244352,-56.24071888099402,Normal,3756.232470703125,357.5521743374139,-1.9070849570709023,NIFTY50,3.08669805921981,8.34926704907581,8.5
2008-10-20,3122.800048828125,0.5198682476442765,0.0156365223348502,27.59098172701202,-271.18169236883296,-217.62791548372144,-53.55377688511152,Normal,3710.464978027344,377.58885445734967,-1.556361958945476,NIFTY50,3.08669805921981,8.34926704907581,8.0
2008-10-21,3234.89990234375,0.1013967607998754,0.0352679344856559,33.15815645336117,-267.5332320955308,-227.6089788060833,-39.92425328944748,Normal,3659.947473144531,369.78089335299205,-1.1494579045084183,NIFTY50,3.08669805921981,8.34926704907581,8.0
2008-10-22,3065.14990234375,0.5686727965501992,-0.0539015094140702,29.46393926668168,-275.1672506039631,-237.1206331656593,-38.0466174383038,Normal,3602.052478027344,367.6156157512178,-1.4604999153434763,NIFTY50,3.08669805921981,8.34926704907581,8.0
2008-10-23,2943.14990234375,0.937489063923165,-0.04061607280037,27.12491283035463,-287.744703844427,-247.24544730141287,-40.49925654301416,Normal,3542.864978027344,373.905994394925,-1.6039193933065583,NIFTY50,3.08669805921981,8.34926704907581,8.0
2008-10-24,2584.0,2.1738439920757684,-0.1301418172508666,21.67084263069782,-322.9698266118771,-262.39032316350574,-60.57950344837138,Crash,3464.002478027344,401.89971862635633,-2.1896071015801746,NIFTY50,3.08669805921981,8.34926704907581,8.0
2008-10-27,2524.199951171875,2.3067661722236257,-0.0234144244219625,20.91669578049957,-351.6576637109906,-280.2437912730027,-71.41387243798789,Crash,3384.6849853515623,423.539244673415,-2.0316536070776507,NIFTY50,3.08669805921981,8.34926704907581,8.0
2008-10-29,2697.050048828125,1.2706544946587686,0.0662344397091618,28.64617374907246,-356.33778283645233,-295.4625895856927,-60.87519325075965,Normal,3320.2749877929687,425.34907380755527,-1.465208172163119,NIFTY50,3.08669805921981,8.34926704907581,8.0
2008-10-31,2885.60009765625,0.4825736044826386,0.0675742832422518,35.99504527722024,-340.90268386485377,-304.5506084415249,-36.35207542332887,Normal,3272.052490234375,416.7093721929081,-0.927390690889534,NIFTY50,3.08669805921981,8.34926704907581,8.0
2008-11-03,3043.85009765625,-0.0008399293769612,0.0533903091518483,41.44587524803157,-312.300795110868,-306.1006457753936,-6.200149335474407,Normal,3228.1849975585938,390.1068736329843,-0.472524101371686,NIFTY50,3.08669805921981,8.34926704907581,7.5
2008-11-04,3142.10009765625,-0.2432918182075184,0.0317682036671121,44.60036738297661,-278.4953176527779,-300.57958015087047,22.084262498092585,Normal,3187.7525024414062,351.2458112331872,-0.1299728091414825,NIFTY50,3.08669805921981,8.34926704907581,7.5
2008-11-05,2994.949951171875,0.0737322343074473,-0.047963876635013,41.03473616241045,-260.5742821256458,-292.57852054582554,32.00423842017972,Normal,3146.584997558594,320.3440686959251,-0.473350566483105,NIFTY50,3.08669805921981,8.34926704907581,7.5
2008-11-06,2892.64990234375,0.2973247092287815,-0.0347545173986808,38.717324683897786,-251.7247649425221,-284.4077694251649,32.68300448264273,Normal,3111.099987792969,306.19598233621406,-0.7134322396475894,NIFTY50,3.08669805921981,8.34926704907581,7.5
2008-11-07,2973.0,0.1190877018144741,0.0273985407808873,41.51127644268519,-235.51302984422,-274.62882150897593,39.11579166475593,Normal,3079.419982910156,284.22030057726005,-0.3744278036931705,NIFTY50,3.08669805921981,8.34926704907581,7.5
2008-11-10,3148.25,-0.2898118136972646,0.0572751988878581,47.16881873592544,-206.1475618345048,-260.9325695740817,54.78500773957694,Normal,3061.1499877929687,265.99846654029426,0.3274455425999125,NIFTY50,3.08669805921981,8.34926704907581,7.5
2008-11-11,2938.64990234375,0.0851711613863028,-0.0688964839154764,41.94322520551869,-197.5114045250043,-248.24833656426628,50.73693203926197,Normal,3044.0849853515624,262.1426952341557,-0.4022049247400688,NIFTY50,3.08669805921981,8.34926704907581,7.5
2008-11-12,2848.449951171875,0.2717113814504955,-0.0311752894442067,39.89490627188652,-195.68977989423504,-237.73662523026005,42.04684533602503,Normal,3011.9724853515627,243.2067505129964,-0.6723601784686049,NIFTY50,3.08669805921981,8.34926704907581,7.5
2008-11-14,2810.35009765625,0.3412240219900364,-0.0134659040459035,39.02791877104365,-195.0718027016392,-229.2036607245359,34.131858022896694,Normal,2976.5574951171875,215.53923785788345,-0.7711236205192809,NIFTY50,3.08669805921981,8.34926704907581,7.5
2008-11-17,2799.550048828125,0.34195317461832,-0.0038503580772936,38.77070972722349,-193.2261344065314,-222.008155460935,28.7820210544036,Normal,2949.6150024414064,201.12445063395,-0.7461298372240294,NIFTY50,3.08669805921981,8.34926704907581,7.5
2008-11-18,2683.14990234375,0.6085457651847048,-0.0424672663701845,36.015746805013215,-198.86357253411504,-217.37923887557105,18.515666341455955,Normal,2920.3074951171875,194.69224962123167,-1.2181152215089242,NIFTY50,3.08669805921981,8.34926704907581,7.5
2008-11-19,2635.0,0.7077682354151922,-0.0181082590574281,34.910659407362616,-204.8551350998528,-214.8744181204273,10.01928302057462,Normal,2898.339990234375,201.07817112368204,-1.3096398717113653,NIFTY50,3.08669805921981,8.34926704907581,7.5
2008-11-20,2553.14990234375,0.9054000031738646,-0.031555329302691,33.053981960197206,-213.74420034074592,-214.6483745644911,0.9041742237451728,Normal,2869.857482910156,207.8416656408621,-1.5237925446270135,NIFTY50,3.08669805921981,8.34926704907581,7.5
2008-11-21,2693.449951171875,0.4344126318186502,0.0534950289393269,39.03885358608254,-207.0807096646636,-213.1348415845256,6.054131919862016,Normal,2842.7849853515627,192.48653381988024,-0.7758206832246681,NIFTY50,3.08669805921981,8.34926704907581,7.5
2008-11-24,2708.25,0.3698167845947898,0.0054797882135782,39.651746785429,-198.31950128355584,-210.17177352433168,11.852272240775818,Normal,2824.939990234375,187.2593019680685,-0.6231465620558214,NIFTY50,3.08669805921981,8.34926704907581,7.5
2008-11-25,2654.0,0.4761084375531006,-0.020234733933524,38.13814202068833,-193.52289071392943,-206.8419969622512,13.319106248321788,Normal,2810.482495117188,188.808088438603,-0.8287912684846285,NIFTY50,3.08669805921981,8.34926704907581,7.5
2008-11-26,2752.25,0.2042348714947036,0.0363508230583596,42.42465562358502,-179.7218665842911,-201.4179708866592,21.6961043023681,Normal,2818.894995117188,181.80421665902247,-0.3665756292230649,NIFTY50,3.08669805921981,8.34926704907581,7.5
2008-11-28,2755.10009765625,0.1782321681724922,0.0010350160640398,42.54901844463625,-166.6336277342548,-194.46110225617832,27.82747452192353,Normal,2830.4400024414062,168.98482754047745,-0.4458382795763712,NIFTY50,3.08669805921981,8.34926704907581,7.5
2008-12-01,2682.89990234375,0.3145908343021042,-0.0265555123938194,40.18124201856276,-160.23991056631485,-187.61686391820564,27.37695335189079,Normal,2829.732495117188,169.60119738256714,-0.8657520998641854,NIFTY50,3.08669805921981,8.34926704907581,7.5
2008-12-02,2657.800048828125,0.3497811838018358,-0.0093995313516929,39.36119839336399,-155.40675966884692,-181.1748430683339,25.768083399486983,Normal,2818.342492675781,173.2615441402757,-0.9265901712019724,NIFTY50,3.08669805921981,8.34926704907581,7.5
2008-12-03,2656.449951171875,0.3297585853494984,-0.0005081046940946,39.31472038913966,-149.95678587652765,-174.93123162997264,24.974445753445,Normal,2798.9724853515627,168.30787302086418,-0.8467965973405176,NIFTY50,3.08669805921981,8.34926704907581,7.5
2008-12-04,2788.0,0.0148654069919425,0.0483338663054694,46.00498559237487,-133.48393315977182,-166.64177193593247,33.157838776160645,Normal,2781.26748046875,147.67278112990982,0.0455907952686785,NIFTY50,3.08669805921981,8.34926704907581,7.5
2008-12-05,2714.39990234375,0.1404759742266061,-0.0267535943874983,43.13944484407594,-124.92790040942418,-158.29899763063082,33.37109722120664,Normal,2767.239978027344,139.39973073859036,-0.3790543597439368,NIFTY50,3.08669805921981,8.34926704907581,7.5
2008-12-08,2784.0,-0.0165428354593353,0.0253178439613942,46.53115428251513,-111.24863162777638,-148.88892443005994,37.64029280228357,Normal,2761.807482910156,136.33866942390756,0.1627749279321658,NIFTY50,3.08669805921981,8.34926704907581,6.5
2008-12-10,2928.25,-0.2849604571884133,0.0505162324956738,52.81342511426338,-87.75634262075573,-136.6624080681991,48.90606544744338,Normal,2759.5699829101563,133.0170402460978,1.268108332419403,NIFTY50,3.08669805921981,8.34926704907581,6.5
2008-12-11,2920.14990234375,-0.2821265245617009,-0.0027700235862329,52.440823726863854,-68.99679244115896,-123.12928494279107,54.13249250163213,Normal,2748.164978027344,104.70243525886636,1.6426067253468424,NIFTY50,3.08669805921981,8.34926704907581,6.5
2008-12-12,2921.35009765625,-0.2930859906429085,0.00041092025315,52.49430382254676,-53.41710885738712,-109.1868497257103,55.76974086832318,Normal,2747.2999877929688,103.1052130338982,1.688082539590489,NIFTY50,3.08669805921981,8.34926704907581,6.5
2008-12-15,2981.199951171875,-0.3881576422852579,0.0202800160119561,55.19972203386092,-35.8277147850099,-94.51502273757022,58.68730795256032,Bubble,2753.937487792969,113.6892726950468,1.9989789537004203,NIFTY50,3.08669805921981,8.34926704907581,6.5
2008-12-16,3041.75,-0.4749333968848347,0.0201071200387012,57.817070508183775,-16.80835411198632,-78.97368901245343,62.16533490046712,Bubble,2765.5074829101563,130.2944292713416,2.1201406586198805,NIFTY50,3.08669805921981,8.34926704907581,6.5
2008-12-17,2954.35009765625,-0.3735823509508767,-0.0291543141274454,53.003508293232656,-8.687669394309523,-64.91648508882466,56.228815694515134,Normal,2773.2474853515623,136.8557849820006,1.3233098792901334,NIFTY50,3.08669805921981,8.34926704907581,6.5
2008-12-18,3060.75,-0.5206509053059467,0.0353812904139116,57.62838816683939,6.261436704161042,-50.68090073022752,56.94233743438856,Normal,2792.127490234375,149.2563392915514,1.7997393681276657,NIFTY50,3.08669805921981,8.34926704907581,6.5
2008-12-19,3077.5,-0.5459617954499201,0.0054575951045838,58.32370443816414,19.23852624906931,-36.69701533436815,55.93554158343746,Normal,2814.252490234375,157.31793992089973,1.6733470441958964,NIFTY50,3.08669805921981,8.34926704907581,6.5
2008-12-22,3039.300048828125,-0.5091651804645397,-0.0124903372652847,56.064137394751775,26.139229630952286,-24.129766341304062,50.26899597225635,Normal,2838.5599975585938,152.33005961392388,1.317796709187281,NIFTY50,3.08669805921981,8.34926704907581,6.5
2008-12-23,2968.64990234375,-0.4315590987826215,-0.02351997068407,52.047909361641175,25.61197153958892,-14.181418765125471,39.79339030471439,Normal,2852.319995117188,150.95558797663452,0.7706233918585953,NIFTY50,3.08669805921981,8.34926704907581,6.5
2008-12-24,2916.85009765625,-0.3715632160945881,-0.0176029707782358,49.26152629998259,20.774825122115544,-7.19016998767727,27.964995109792813,Normal,2862.75,147.64760177523416,0.366413656610605,NIFTY50,3.08669805921981,8.34926704907581,6.5
2008-12-26,2857.25,-0.2969161932703687,-0.0206446765533106,46.19705634577169,11.993864154398125,-3.353363159262192,15.347227313660316,Normal,2872.9125,139.28097902868404,-0.1124525409659442,NIFTY50,3.08669805921981,8.34926704907581,6.5
2008-12-29,2922.199951171875,-0.399320361684142,0.0224771167509052,49.857785164253386,10.158704354035764,-0.6509496566026005,10.809654010638363,Normal,2881.4099975585937,136.6921812545081,0.2984073649196821,NIFTY50,3.08669805921981,8.34926704907581,6.5
2008-12-30,2979.5,-0.4814198058472528,0.0194187606584211,52.90232615200989,13.176076447116884,2.1144555641412963,11.061620882975587,Normal,2892.629992675781,134.97757861823862,0.6435884256741347,NIFTY50,3.08669805921981,8.34926704907581,6.5
2008-12-31,2959.14990234375,-0.4633534657445374,-0.006853469271492,51.70166886049688,13.766590080831977,4.444882467479433,9.321707613352542,Normal,2906.442492675781,126.2375522429976,0.417525599407308,NIFTY50,3.08669805921981,8.34926704907581,6.5
2009-01-02,3046.75,-0.5750674386982121,0.0291734167880701,56.29950439397941,21.06040097349114,7.767986168681775,13.292414804809368,Normal,2925.889990234375,115.41264658263152,1.047199014529948,NIFTY50,7.86188883286074,10.8823529411764,5.5
2009-01-05,3121.449951171875,-0.6584846195196344,0.0242221730870353,59.81276112431543,32.49389107149591,12.713167149244605,19.780723922251305,Normal,2949.139990234375,104.60854712609569,1.6471881664678567,NIFTY50,7.86188883286074,10.8823529411764,5.5
2009-01-06,3112.800048828125,-0.6553961505199606,-0.0027749634340641,59.21906983637636,40.3914322311548,18.248820165626643,22.14261206552815,Normal,2965.379992675781,103.48144487757438,1.4246037666632114,NIFTY50,7.86188883286074,10.8823529411764,5.5
2009-01-07,2920.39990234375,-0.4656751777096092,-0.0638020986139931,47.84359556058168,30.77050342323264,20.753156817147843,10.017346606084796,Normal,2975.679992675781,85.95291918996712,-0.64314383796384,NIFTY50,7.86188883286074,10.8823529411764,5.5
2009-01-09,2873.0,-0.4123054071745769,-0.0163637797633,45.523528289337314,19.10088888905375,20.422703231529027,-1.3218143424752782,Normal,2980.129992675781,77.38356051853,-1.3844024746073564,NIFTY50,7.86188883286074,10.8823529411764,5.5
2009-01-12,2773.10009765625,-0.2833542486391965,-0.0353909167714925,41.009787771813166,1.7711315725860004,16.692388899740422,-14.921257327154422,Crash,2972.3724975585938,89.66087056936408,-2.222512436438828,NIFTY50,7.86188883286074,10.8823529411764,5.5
2009-01-13,2744.949951171875,-0.2495812238898161,-0.0102030211546555,39.81190608838603,-14.072093184910957,10.539492482810148,-24.6115856677211,Crash,2963.6125,102.6494870198636,-2.130186474149764,NIFTY50,7.86188883286074,10.8823529411764,5.5
2009-01-14,2835.300048828125,-0.3959817186224568,0.0323849268374807,45.33137398821278,-19.11709518262387,4.608174949723344,-23.72527013234721,Normal,2959.3099975585938,106.25420622066406,-1.1671062552849,NIFTY50,7.86188883286074,10.8823529411764,5.5
2009-01-15,2736.699951171875,-0.2666491161978019,-0.0353949717604431,40.92108393249741,-30.71740829662849,-2.4569416995470235,-28.260466597081468,Normal,2947.084997558594,117.11357974097938,-1.7964188854275345,NIFTY50,7.86188883286074,10.8823529411764,5.5
2009-01-16,2828.449951171875,-0.4129495672603132,0.0329760440195068,46.169300026440446,-32.13682844809455,-8.392919049256529,-23.74390939883802,Normal,2936.419995117188,117.749552829105,-0.916946530591197,NIFTY50,7.86188883286074,10.8823529411764,5.5
2009-01-19,2846.199951171875,-0.4439016651679991,0.0062559129443241,47.14748683317921,-31.46672368416557,-13.007679976238338,-18.45904370792724,Normal,2931.012487792969,119.35518238496827,-0.7105894769406781,NIFTY50,7.86188883286074,10.8823529411764,5.5
2009-01-20,2796.60009765625,-0.3861227241250781,-0.0175803255676256,44.702960182584135,-34.53980115886725,-17.31410421276412,-17.225696946103128,Normal,2917.804992675781,118.8571990787385,-1.0197522401586925,NIFTY50,7.86188883286074,10.8823529411764,5.5
2009-01-21,2706.14990234375,-0.2668080711548468,-0.0328775040462469,40.57178041833668,-43.769267169287104,-22.60513680406872,-21.164130365218384,Normal,2899.2374877929688,121.57171996976324,-1.5882607032066554,NIFTY50,7.86188883286074,10.8823529411764,5.5
2009-01-22,2713.800048828125,-0.2877778324615822,0.0028229602242439,41.067841418956704,-49.89126711978816,-28.06236286721261,-21.828904252575544,Normal,2882.9624877929687,123.6050563387987,-1.3685721601968546,NIFTY50,7.86188883286074,10.8823529411764,5.5
2009-01-23,2678.550048828125,-0.2430571385972751,-0.0130742631638255,39.43444300261475,-56.93111019075286,-33.83611233192066,-23.0949978588322,Normal,2868.457495117188,129.88257956981988,-1.4621471710682774,NIFTY50,7.86188883286074,10.8823529411764,5.5
2009-01-27,2771.35009765625,-0.3941812656876854,0.0340589797759928,45.571883901892846,-54.39501627783193,-37.94789312110292,-16.447123156729013,Normal,2861.1824951171875,131.09853570173306,-0.6852280765768306,NIFTY50,7.86188883286074,10.8823529411764,5.5
2009-01-28,2849.5,-0.5053890437765879,0.0278089389585057,50.15294448524395,-45.55398164310418,-39.469110825503165,-6.084870817601015,Normal,2860.794995117188,131.12222266366783,-0.0861409674709348,NIFTY50,7.86188883286074,10.8823529411764,5.5
2009-01-29,2823.949951171875,-0.4808631741806091,-0.0090069434918188,48.70948612958748,-40.14629194528334,-39.6045470494592,-0.541744895824138,Normal,2855.882495117188,130.53977892605485,-0.2446192586506579,NIFTY50,7.86188883286074,10.8823529411764,5.5
2009-01-30,2874.800048828125,-0.5494376506155437,0.0178465267959291,51.68960218478239,-31.395572375320626,-37.962752114631485,6.567179739310859,Normal,2850.647497558594,127.38266553461862,0.1896062636793171,NIFTY50,7.86188883286074,10.8823529411764,5.5
2009-02-02,2766.64990234375,-0.4279440620835805,-0.0383459568747684,45.61862843840543,-32.8091733164074,-36.93203635498667,4.122863038579276,Normal,2841.022497558594,126.01807258716568,-0.5901740416113802,NIFTY50,7.86188883286074,10.8823529411764,5.5
2009-02-03,2783.89990234375,-0.4578527829256983,0.0062156204856254,46.69404704801552,-32.16673333217204,-35.97897575042375,3.8122424182517065,Normal,2827.879992675781,116.80285114682096,-0.3765326779287962,NIFTY50,7.86188883286074,10.8823529411764,5.5
2009-02-04,2803.050048828125,-0.4891119213542321,0.0068553402659932,47.92522956294616,-29.76917768956173,-34.73701613825135,4.967838448689619,Normal,2811.959997558594,94.19450631370042,-0.0945909594854249,NIFTY50,7.86188883286074,10.8823529411764,5.5
2009-02-05,2780.050048828125,-0.4670828361053794,-0.0082391967578028,46.53506109076904,-29.38625885059946,-33.66686468072097,4.280605830121509,Normal,2795.3224975585936,62.22069195045596,-0.2454561055449119,NIFTY50,7.86188883286074,10.8823529411764,5.5
2009-02-06,2843.10009765625,-0.5521300486123228,0.0224261097945566,50.75232911870189,-23.72173154773691,-31.67783805412416,7.95610650638725,Normal,2791.4575073242186,56.14663814378891,0.9197806322753852,NIFTY50,7.86188883286074,10.8823529411764,5.5
2009-02-09,2919.89990234375,-0.6434941757285569,0.0266542951627216,55.3702448580581,-12.886898312044195,-27.919650105708165,15.03275179366397,Bubble,2793.8025024414064,60.53913271453044,2.0829072741585213,NIFTY50,7.86188883286074,10.8823529411764,5.5
2009-02-10,2934.5,-0.6633672556827716,0.0049877453428987,56.21087869573813,-3.086529458943005,-22.95302597635513,19.866496517412127,Bubble,2801.8724975585938,67.93938669999505,1.952144534760952,NIFTY50,7.86188883286074,10.8823529411764,5.5
2009-02-11,2925.699951171875,-0.6598400877205041,-0.0030033294140615,55.531926637516,3.924998134364614,-17.577421154211184,21.5024192885758,Normal,2810.9099975585937,71.87671422009265,1.5970395260666015,NIFTY50,7.86188883286074,10.8823529411764,5.5
2009-02-12,2893.050048828125,-0.6323390806181015,-0.0112224257826798,52.975264404930506,6.769080271109033,-12.70812086914714,19.477201140256174,Normal,2813.797497558594,74.0356739015555,1.070464373362933,NIFTY50,7.86188883286074,10.8823529411764,5.5
2009-02-13,2948.35009765625,-0.6935667190775395,0.0189343991417388,56.61831608365373,13.331609142071557,-7.500174866903402,20.83178400897496,Normal,2824.3800048828125,77.48171957576704,1.599991500604357,NIFTY50,7.86188883286074,10.8823529411764,5.5
2009-02-16,2848.5,-0.6009551377007757,-0.0344531850229364,49.20584033807653,10.356014465637143,-3.9289370003952926,14.284951466032435,Normal,2825.3825073242188,77.66663917657283,0.2976502256422388,NIFTY50,7.86188883286074,10.8823529411764,5.5
2009-02-17,2770.5,-0.5189640922428976,-0.0277647306130459,44.32407590720083,1.6844686141207603,-2.8062558774920823,4.490724491612843,Normal,2821.597509765625,78.4394602259287,-0.6514260758354181,NIFTY50,7.86188883286074,10.8823529411764,5.5
2009-02-18,2776.14990234375,-0.5321676564750808,0.0020372312647437,44.75164913730048,-4.6779693288945055,-3.1805985677725674,-1.497370761121938,Normal,2820.575,78.91432175199043,-0.5629535510153364,NIFTY50,7.86188883286074,10.8823529411764,5.5
2009-02-19,2789.35009765625,-0.554163050763682,0.0047435882003949,45.79895806853069,-8.556468155856692,-4.255772485389393,-4.300695670467299,Normal,2824.735009765625,74.64220313979638,-0.4740603923909237,NIFTY50,7.86188883286074,10.8823529411764,5.5
2009-02-20,2736.449951171875,-0.4970826738827331,-0.019147186713807,42.3354156052546,-15.71762315971273,-6.54814262025406,-9.16948053945867,Normal,2825.8675048828127,73.02477820668611,-1.2244823730632113,NIFTY50,7.86188883286074,10.8823529411764,5.5
2009-02-24,2733.89990234375,-0.5003929040428878,-0.0009323166090364,42.16986019230179,-21.35251917284449,-9.509017930772147,-11.843501242072348,Normal,2828.6349975585936,68.02560398568471,-1.3926387957507822,NIFTY50,7.86188883286074,10.8823529411764,5.5
2009-02-25,2762.5,-0.5424191842523115,0.0104069413763089,44.778140640735685,-23.24250091798649,-12.255714528215016,-10.986786389771474,Normal,2828.192492675781,68.44534319192758,-0.9597803095467397,NIFTY50,7.86188883286074,10.8823529411764,5.5
2009-02-26,2785.64990234375,-0.575936106910594,0.0083451374242639,46.86709955514878,-22.61166818470201,-14.326905259512415,-8.284762925189597,Normal,2824.999987792969,68.88684675603724,-0.5712278512119576,NIFTY50,7.86188883286074,10.8823529411764,5.5
2009-02-27,2763.64990234375,-0.5563514811755343,-0.0079289697919459,45.12027684535192,-23.6147289414198,-16.184469995893892,-7.430258945525907,Normal,2821.9849853515625,70.24149361388969,-0.8304932028990513,NIFTY50,7.86188883286074,10.8823529411764,5.5
2009-03-02,2674.60009765625,-0.4542974635587119,-0.0327523615071616,38.81411123320914,-31.235177156751888,-19.19461142806549,-12.040565728686396,Normal,2811.974987792969,76.32077534830277,-1.7999671715831682,NIFTY50,7.86188883286074,10.8823529411764,5.5
2009-03-03,2622.39990234375,-0.3905076376558402,-0.0197099812008656,35.66718681131185,-41.013775502448425,-23.55844424294208,-17.455331259506345,Crash,2804.762487792969,86.9108135639647,-2.0982726771393465,NIFTY50,7.86188883286074,10.8823529411764,5.5
2009-03-04,2645.199951171875,-0.4303867438741373,0.0086567665910651,38.03050897735431,-46.38886973569379,-28.124529341492423,-18.26434039420137,Normal,2797.827490234375,93.91467924362634,-1.6251723403810527,NIFTY50,7.86188883286074,10.8823529411764,5.0
2009-03-05,2576.699951171875,-0.3417651229040285,-0.0262371668509436,33.99045771264983,-55.535865277573976,-33.606796528708735,-21.92906874886524,Normal,2786.5099853515626,106.10019287877503,-1.9774708083651311,NIFTY50,7.86188883286074,10.8823529411764,5.0
2009-03-06,2620.14990234375,-0.4141074409795831,0.0167220392630463,38.456476059078845,-58.603334451631326,-38.606104113293256,-19.99723033833807,Normal,2778.514978027344,112.4472534230919,-1.4083498783890456,NIFTY50,7.86188883286074,10.8823529411764,5.0
2009-03-09,2573.14990234375,-0.3548701791848586,-0.0181007394160355,35.64697193306094,-64.08806574809614,-43.70249644025383,-20.38556930784231,Normal,2765.017468261719,120.21980581224132,-1.5959730147761737,NIFTY50,7.86188883286074,10.8823529411764,5.0
2009-03-12,2617.449951171875,-0.4275582604900398,0.0170697513732131,40.089728399558936,-64.12096454111042,-47.78619006042516,-16.33477448068527,Normal,2749.894970703125,118.72503339668118,-1.1155610214800118,NIFTY50,7.86188883286074,10.8823529411764,5.0
2009-03-13,2719.25,-0.5700196710176215,0.0381555642633151,48.831761590066144,-55.2952150901906,-49.28799506637824,-6.007220023812351,Normal,2739.132470703125,110.58707138876018,-0.1797901911447645,NIFTY50,7.86188883286074,10.8823529411764,5.0
2009-03-16,2777.25,-0.6422717967349845,0.0211051224878721,53.036476244824186,-43.12352859627663,-48.05510177235792,4.931573176081294,Normal,2731.7099731445314,102.05884749279784,0.4462134148505083,NIFTY50,7.86188883286074,10.8823529411764,5.0
2009-03-17,2757.449951171875,-0.6263791052656159,-0.0071549075725514,51.48119952421364,-34.675361835524654,-45.37915378499127,10.703791949466613,Normal,2724.929968261719,95.03924834748548,0.3421742435425791,NIFTY50,7.86188883286074,10.8823529411764,5.0
2009-03-18,2794.699951171875,-0.6717884644101287,0.01341842694153,54.20216278639056,-24.689756973561543,-41.24127442270533,16.55151744914378,Normal,2717.2474609375,81.2363652441459,0.953421414185644,NIFTY50,7.86188883286074,10.8823529411764,5.0
2009-03-19,2807.14990234375,-0.6895260744584056,0.0044449501489103,55.10832201170976,-15.591754130979098,-36.11137036436008,20.519616233380987,Normal,2715.1799560546874,78.18915059856182,1.1762494615302068,NIFTY50,7.86188883286074,10.8823529411764,5.0
2009-03-20,2807.050048828125,-0.6943987293651878,-3.5571770333755804e-05,55.09890565470636,-8.293970940675536,-30.547890479623177,22.25391953894764,Normal,2717.007458496094,79.957335181033,1.1261329573848833,NIFTY50,7.86188883286074,10.8823529411764,5.0
2009-03-23,2939.89990234375,-0.8228943097615157,0.0462414067218804,63.92966920776863,8.115892761699797,-22.815133831358587,30.931026593058384,Bubble,2725.194958496094,93.55911254695376,2.2948587048632363,NIFTY50,7.86188883286074,10.8823529411764,5.0
2009-03-24,2938.699951171875,-0.8261150259127263,-0.0004082438738615,63.807601461009725,20.78441217564296,-14.09522462995828,34.87963680560124,Bubble,2732.662451171875,104.29363263363383,1.9755520523843992,NIFTY50,7.86188883286074,10.8823529411764,5.0
2009-03-25,2984.35009765625,-0.8648804074390223,0.0154147103360382,66.43344321336329,34.114638077905965,-4.453252088385433,38.5678901662914,Bubble,2745.0574584960937,118.52729564728406,2.0188821305115088,NIFTY50,7.86188883286074,10.8823529411764,5.0
2009-03-26,3082.25,-0.9344623349303706,0.0322778493552181,71.2507325671632,51.97945527572847,6.833289384437348,45.14616589129112,Bubble,2762.474963378906,140.38154885421005,2.277899333858959,NIFTY50,7.86188883286074,10.8823529411764,5.0
2009-03-27,3108.64990234375,-0.9530584591728164,0.0085286671674112,72.40098781284142,67.48972357750381,18.96457622305064,48.52514735445317,Bubble,2779.7824584960936,160.30869988396992,2.051463483177693,NIFTY50,7.86188883286074,10.8823529411764,5.0
2009-03-30,2978.14990234375,-0.8794576892741061,-0.0428862473561046,59.688006981192586,68.46227311789744,28.86411560202,39.59815751587744,Normal,2789.4074584960936,166.34477659251093,1.1346460508947167,NIFTY50,7.86188883286074,10.8823529411764,5.0
2009-03-31,3020.949951171875,-0.9128605302626962,0.0142690657155784,62.042099462342605,71.85829419574429,37.46295132076486,34.395342874979434,Normal,2802.2724609375,174.02047939854094,1.2566192840646115,NIFTY50,7.86188883286074,10.8823529411764,5.0
2009-04-01,3060.35009765625,-0.9414635443651908,0.0129579851252146,64.11934515027158,76.84312815924113,45.33898668846012,31.50414147078101,Normal,2821.5599609375,180.3860040747969,1.3237730828592218,NIFTY50,7.86188883286074,10.8823529411764,5.0
2009-04-02,3211.050048828125,-1.0258314350814013,0.0480686812468591,70.71962407952616,91.8945682166118,54.65010299409046,37.24446522252133,Bubble,2850.992468261719,193.71105024230528,1.8587353695931377,NIFTY50,7.86188883286074,10.8823529411764,5.0
2009-04-06,3256.60009765625,-1.0470850526648854,0.0140857346696783,72.37380648397448,106.27339759011012,64.9747619132944,41.29863567681571,Bubble,2881.5624755859376,207.29230959284573,1.809221108139248,NIFTY50,7.86188883286074,10.8823529411764,5.0
2009-04-08,3342.949951171875,-1.0789823331649298,0.0261698997588641,75.23060486890802,123.21607675190307,76.62302488101614,46.59305187088694,Bubble,2919.8749755859376,218.4890966111103,1.9363665379557609,NIFTY50,7.86188883286074,10.8823529411764,5.0
2009-04-09,3342.050048828125,-1.0816335321096324,-0.0002692303213719,75.14339456230348,135.01429668597802,88.30127924200852,46.71301744396951,Normal,2955.9699829101564,225.87279877273627,1.7092809227835624,NIFTY50,7.86188883286074,10.8823529411764,5.0
2009-04-13,3382.60009765625,-1.0951081071133633,0.0120602676553235,76.46720976808817,145.95405355866842,99.8318341053405,46.12221945332792,Normal,2996.442492675781,226.1873307299412,1.7072468370986082,NIFTY50,7.86188883286074,10.8823529411764,5.0
2009-04-15,3484.14990234375,-1.1186227382273104,0.0295794105677314,79.42279998294794,160.96263320825574,112.05799392592355,48.90463928233217,Bubble,3039.777490234375,232.68661935760736,1.9097463074420955,NIFTY50,7.86188883286074,10.8823529411764,5.0
2009-04-16,3369.5,-1.101405386804439,-0.0334597185915747,68.90130349339816,161.7412987500743,121.99465489075372,39.74664385932057,Normal,3072.289990234375,230.965479541694,1.2868157196277996,NIFTY50,7.86188883286074,10.8823529411764,5.0
2009-04-17,3384.39990234375,-1.107796828405873,0.0044122438092546,69.46740006460172,161.69675486011693,129.93507488462637,31.76167997549055,Normal,3102.6474853515624,230.04444115982568,1.224773854876316,NIFTY50,7.86188883286074,10.8823529411764,5.0
2009-04-20,3377.10009765625,-1.1088867057884475,-0.0021592272494664,68.80656855939752,159.23683713809805,135.7954273353207,23.441409802777343,Normal,3133.629992675781,222.7168413334488,1.093182282591502,NIFTY50,7.86188883286074,10.8823529411764,5.0
2009-04-21,3365.300048828125,-1.108848812581741,-0.0035002552857725,67.68567669383165,154.55357192643078,139.5470562535427,15.006515672888042,Normal,3162.1599975585937,213.3654210588704,0.9520757874514366,NIFTY50,7.86188883286074,10.8823529411764,4.75
2009-04-22,3330.300048828125,-1.1026433582447024,-0.0104547219917964,64.33780371287764,146.33102998650384,140.90385100013495,5.427178986368887,Normal,3188.3175048828125,199.1463176076552,0.7129559092578203,NIFTY50,7.86188883286074,10.8823529411764,4.75
2009-04-23,3423.699951171875,-1.1289902787788515,0.0276594186703339,68.77615471303602,145.67198187311124,141.8574771747302,3.814504698381029,Normal,3219.15,184.1842653415437,1.1105723433680172,NIFTY50,7.86188883286074,10.8823529411764,4.75
2009-04-24,3480.75,-1.1416033711761076,0.0165259644505703,71.13891918190184,148.0465551167349,143.09529276313114,4.951262353603767,Normal,3246.1925048828125,180.697629079037,1.2980662574968942,NIFTY50,7.86188883286074,10.8823529411764,4.75
2009-04-27,3470.0,-1.1426419044670768,-0.0030931938484899,70.0630481849391,147.3622856624038,143.94869134298568,3.413594319418109,Normal,3272.7575073242188,171.95549716953866,1.1470554644805044,NIFTY50,7.86188883286074,10.8823529411764,4.75
2009-04-28,3362.35009765625,-1.1260067305870085,-0.0315144306472324,60.23841522436006,136.55937823158956,142.47082872070646,-5.911450489116902,Normal,3291.657507324219,158.86256314660292,0.4449921298751425,NIFTY50,7.86188883286074,10.8823529411764,4.75
2009-04-29,3473.949951171875,-1.1525610710266083,0.0326520977173238,65.62061782872055,135.4418820550577,141.06503938757672,-5.623157332519014,Normal,3311.2425048828127,155.8029379145789,1.0443156494152177,NIFTY50,7.86188883286074,10.8823529411764,4.75
2009-05-04,3654.0,-1.1389290103325247,0.0505301969269556,72.1666256441214,147.38582048930584,142.32919560792254,5.0566248813833,Bubble,3338.510009765625,165.8764846755826,1.901957295824077,NIFTY50,7.86188883286074,10.8823529411764,4.75
2009-05-05,3661.89990234375,-1.1375210634681303,0.0021596537732059,72.41480614381562,155.694188161915,145.00219411872104,10.691994043193972,Bubble,3372.697509765625,157.96919547707938,1.8307518228773088,NIFTY50,7.86188883286074,10.8823529411764,4.75
2009-05-06,3625.050048828125,-1.1537395660359329,-0.0101140169444168,69.31026048590532,157.48971083679407,147.49969746233563,9.990013374458442,Normal,3402.9025146484373,144.3387244733093,1.5390709249392498,NIFTY50,7.86188883286074,10.8823529411764,4.75
2009-05-07,3683.89990234375,-1.133262221980004,0.0161038523228571,71.41773180362114,161.79628004101596,150.35901397807172,11.437266062944246,Bubble,3434.0800048828123,133.38040884848093,1.8729879419153008,NIFTY50,7.86188883286074,10.8823529411764,4.75
2009-05-08,3620.699951171875,-1.160451624288778,-0.017304583283461,66.16312168155628,158.28494892473282,151.94420096740396,6.340747957328858,Normal,3454.5625,128.70004432131054,1.2908888419424225,NIFTY50,7.86188883286074,10.8823529411764,4.75
2009-05-11,3554.60009765625,-1.181763839895998,-0.0184247970070425,61.099723001806325,148.4571661580253,151.24679400552822,-2.789627847502913,Normal,3469.4625,121.6311367167068,0.699965485437708,NIFTY50,7.86188883286074,10.8823529411764,4.75
2009-05-12,3681.10009765625,-1.1462535455872545,0.0349690802708511,66.39938397271246,149.15668488886104,150.82877218219477,-1.6720872933337318,Normal,3486.370007324219,126.52362097197069,1.5390809149792708,NIFTY50,7.86188883286074,10.8823529411764,4.75
2009-05-13,3635.25,-1.1662573238272025,-0.0125337626763507,63.04670323859107,144.3473919459816,149.53249613495214,-5.185104188970541,Normal,3501.0300048828126,125.90618851973808,1.0660317550328038,NIFTY50,7.86188883286074,10.8823529411764,4.75
2009-05-14,3593.449951171875,-1.183069502525634,-0.0115651541813989,60.06888015807264,135.59996603639956,146.74599011524165,-11.14602407884206,Normal,3511.5724975585936,124.28488461971752,0.6587885072573962,NIFTY50,7.86188883286074,10.8823529411764,4.75
2009-05-15,3671.64990234375,-1.1581359143944825,0.0215283954838211,63.53852571077031,133.4394436532998,144.08468082285327,-10.645237169553468,Normal,3520.9474975585936,129.08644240610505,1.1674533899621131,NIFTY50,7.86188883286074,10.8823529411764,4.75
2009-05-18,4323.14990234375,-0.8540232293229889,0.1633431549068071,79.51130602276302,182.19755923744287,151.7072565057712,30.49030273167168,Bubble,3568.629992675781,216.63974820723053,3.482832286835099,NIFTY50,7.86188883286074,10.8823529411764,4.75
2009-05-19,4318.4501953125,-0.8573279705121616,-0.0010876938163032,79.24163098486186,217.9471311799348,164.95523144060394,52.99189973933085,Bubble,3615.3325073242186,269.1497276679824,2.61236633631535,NIFTY50,7.86188883286074,10.8823529411764,4.75
2009-05-20,4270.2998046875,-0.8940691210546459,-0.01121255015798,76.38322720786184,239.6312702738533,179.89043920725382,59.74083106659944,Bubble,3659.992492675781,299.888324472045,2.035115281950933,NIFTY50,7.86188883286074,10.8823529411764,4.75
2009-05-21,4210.89990234375,-0.9377217521928988,-0.0140076582683126,72.89013902552455,249.1509737043584,193.74254610667475,55.40842759768367,Normal,3702.2724853515615,315.3636595800951,1.6128282430176708,NIFTY50,7.86188883286074,10.8823529411764,4.75
2009-05-22,4238.5,-0.9180973554406016,0.0065330546882318,73.49662709801467,255.9718206643201,206.18840101820385,49.7834196461163,Normal,3747.682482910156,324.24532738253083,1.5137227143779264,NIFTY50,7.86188883286074,10.8823529411764,4.75
2009-05-25,4237.5498046875,-0.9186740141493226,-0.0002242071102401,73.43571700514934,258.32293223862825,216.61530726228875,41.7076249763395,Normal,3788.3749755859376,332.4117094594313,1.351260549250842,NIFTY50,7.86188883286074,10.8823529411764,4.75
2009-05-26,4116.7001953125,-1.0034737129216793,-0.0289333069730497,65.94968578286861,247.5806954622185,222.8083849022747,24.772310559943804,Normal,3820.1724853515625,331.85253850146324,0.8935526342512219,NIFTY50,7.86188883286074,10.8823529411764,4.75
2009-05-27,4276.0498046875,-0.900380666440742,0.0379777216066721,70.25537975240012,249.0546304113309,228.057634004086,20.99699640724495,Normal,3860.4749755859375,336.0070163187572,1.2368040216973395,NIFTY50,7.86188883286074,10.8823529411764,4.75
2009-05-28,4337.10009765625,-0.8564486042111665,0.0141763039271495,71.73028750716195,252.24130218479425,232.8943676402276,19.34693454456664,Normal,3909.2124755859377,330.60151081772784,1.2942700141083798,NIFTY50,7.86188883286074,10.8823529411764,4.75
2009-05-29,4448.9501953125,-0.7733628886746168,0.0254622126641473,74.2495559765764,260.7859525076952,238.4726846137211,22.31326789397403,Normal,3957.9624877929687,334.8984046477805,1.4660795653413552,NIFTY50,7.86188883286074,10.8823529411764,4.75
2009-06-01,4529.89990234375,-0.7100043161690567,0.0180316854569479,75.92194770158112,270.9660859140831,244.9713648737935,25.99472104028962,Normal,4001.757482910156,349.9880499845975,1.5090298638963144,NIFTY50,7.86188883286074,10.8823529411764,4.75
2009-06-02,4525.25,-0.7140564242086662,-0.0010270183934249,75.61814436608853,275.48310892683367,251.07371368440155,24.40939524243214,Normal,4044.9249877929688,358.9908104917439,1.3379869293843047,NIFTY50,7.86188883286074,10.8823529411764,4.75
2009-06-03,4530.7001953125,-0.5959883333474465,0.001203671807593,75.74067840977418,276.3174518372293,256.1224613149671,20.19499052226223,Normal,4090.207495117188,360.35699527372384,1.2223786577549804,NIFTY50,7.86188883286074,10.8823529411764,4.75
2009-06-04,4572.64990234375,-0.5315327579227775,0.0092163881474729,76.71084280505826,277.1686378482973,260.3316966216332,16.836941226664123,Normal,4134.644995117187,362.408398955163,1.2085948021330284,NIFTY50,7.86188883286074,10.8823529411764,4.75
2009-06-05,4586.89990234375,-0.5082900449218102,0.0031115091463281,77.0466449535545,275.81365665641806,263.42808862859016,12.3855680278279,Normal,4182.954992675781,354.6068973016374,1.139134384417694,NIFTY50,7.86188883286074,10.8823529411764,4.75
2009-06-08,4429.89990234375,-0.6846114676600276,-0.0348274049518866,65.79110463653825,259.08466960686746,262.55940482424563,-3.474735217378168,Normal,4226.719982910156,325.8203741146186,0.6235948871696956,NIFTY50,7.86188883286074,10.8823529411764,4.75
2009-06-09,4550.9501953125,-0.326563106560555,0.0269590569006291,69.49177523181541,252.68181515122888,260.58388688964226,-7.902071738413383,Normal,4270.212487792969,306.64668675048665,0.9155086933907182,NIFTY50,7.86188883286074,10.8823529411764,4.75
2009-06-10,4655.25,-0.1891573064222898,0.0226595696850728,72.27480773704208,253.1059812348321,259.08830575868024,-5.982324523848092,Normal,4321.212487792969,279.0649937793518,1.19698822730573,NIFTY50,7.86188883286074,10.8823529411764,4.75
2009-06-11,4637.7001953125,-0.1555136988461087,-0.0037770191773879,71.0995272378505,249.15392202344083,257.1014290116324,-7.947506988191549,Normal,4373.425,228.91866804273565,1.154450170324963,NIFTY50,7.86188883286074,10.8823529411764,4.75
2009-06-12,4583.39990234375,-0.1062477232090247,-0.0117775363156232,67.44509810460343,238.8865710993623,253.4584574291784,-14.571886329816069,Normal,4419.0125,163.14477648453365,1.0076167063757284,NIFTY50,7.86188883286074,10.8823529411764,4.75
2009-06-15,4484.0,-0.2477294626058067,-0.02192555427681,61.23989842379218,220.19065926419444,246.8048977961816,-26.614238531987155,Normal,4427.055004882813,162.1318897202013,0.3512263701820783,NIFTY50,7.86188883286074,10.8823529411764,4.75
2009-06-16,4517.7998046875,-0.2141341951723804,0.0075096012493512,62.50321535203968,205.72985054488345,238.589888345922,-32.86003780103852,Normal,4437.022485351563,161.2289715888751,0.501009952118995,NIFTY50,7.86188883286074,10.8823529411764,4.75
2009-06-17,4356.14990234375,-0.3841992301120631,-0.0364364891377411,53.51897900931887,179.1605084776038,226.70401237225832,-47.54350389465452,Normal,4441.314990234375,157.6599029195916,-0.5401822931101259,NIFTY50,7.86188883286074,10.8823529411764,4.75
2009-06-18,4251.39990234375,-0.4875135015177242,-0.0243402998350101,48.639931654896046,147.94623183255408,210.95245626431748,-63.0062244317634,Normal,4443.339990234375,154.77842739738531,-1.2400958655422276,NIFTY50,7.86188883286074,10.8823529411764,4.75
2009-06-19,4313.60009765625,-0.3923860172385724,0.0145245274484353,51.469156439417,126.76644398079225,194.1152538076124,-67.34880982682017,Normal,4447.094995117188,150.39629878181532,-0.8876208958745929,NIFTY50,7.86188883286074,10.8823529411764,4.75
2009-06-22,4235.25,-0.4794332485973841,-0.0183304866960301,47.89047161295115,102.47781101916009,175.78776524992196,-73.30995423076189,Normal,4446.980004882813,150.56572926047235,-1.4062297305154277,NIFTY50,7.86188883286074,10.8823529411764,4.75
2009-06-23,4247.0,-0.4676843016623934,0.0027704930922153,48.46913610321754,83.21773891509929,157.27375998295744,-74.05602106785815,Normal,4453.494995117188,137.8002149404535,-1.4985099639098425,NIFTY50,7.86188883286074,10.8823529411764,4.75
2009-06-24,4292.9501953125,-0.4252741412166091,0.0107613364725745,50.77143165514848,70.84513117855477,139.98803422207692,-69.14290304352215,Normal,4454.340014648437,136.70225838287806,-1.180593658401121,NIFTY50,7.86188883286074,10.8823529411764,4.75
2009-06-25,4241.85009765625,-0.4837934999418892,-0.0119746699432572,48.19276870514451,56.26777964966914,123.24398330759536,-66.97620365792623,Normal,4449.5775146484375,142.53638133078323,-1.457364183464963,NIFTY50,7.86188883286074,10.8823529411764,4.75
2009-06-26,4375.5,-0.3557719695125921,0.0310212811332975,54.67656793472664,54.86708015275417,109.56860267662714,-54.70152252387297,Normal,4445.905004882812,143.4963997608122,-0.4906395212713846,NIFTY50,7.86188883286074,10.8823529411764,4.75
2009-06-29,4390.9501953125,-0.3456856508405018,0.0035248500738853,55.37190839811287,54.37689435927041,98.5302610131558,-44.153366653885385,Normal,4438.95751953125,142.5764163312197,-0.3367129393070453,NIFTY50,7.86188883286074,10.8823529411764,4.75
2009-06-30,4291.10009765625,-0.4571201113284557,-0.0230025159809308,50.029911273880806,45.40791599738896,87.90579201000243,-42.497876012613474,Normal,4427.250024414063,144.71510515908628,-0.940813514996533,NIFTY50,7.86188883286074,10.8823529411764,4.75
2009-07-01,4340.89990234375,-0.3251560493260641,0.0115385443018596,52.49168220901984,41.8361035123271,78.69185431046736,-36.85575079814026,Normal,4417.760009765625,143.79443838981263,-0.5345137703693016,NIFTY50,7.86188883286074,10.8823529411764,4.75
2009-07-02,4348.85009765625,-0.241743133215351,0.0018297874002555,52.890687930891,39.1951138294462,70.79250621426314,-31.597392384816946,Normal,4406.57001953125,139.75793909473373,-0.4129992345971503,NIFTY50,7.86188883286074,10.8823529411764,4.75
2009-07-03,4424.25,-0.142454289277061,0.0171893077803388,56.61247889663013,42.69410142920242,65.172825257251,-22.478723828048587,Normal,4398.437524414063,133.29514438144213,0.1936490312960781,NIFTY50,7.86188883286074,10.8823529411764,4.75
2009-07-06,4165.7001953125,-0.4446821210693177,-0.0602163969592982,43.82636017627658,24.32387536927854,57.00303527965652,-32.679159910377976,Normal,4385.2275390625,142.7679426773771,-1.537651517792629,NIFTY50,7.86188883286074,10.8823529411764,4.75
2009-07-07,4202.14990234375,-0.4161730713443714,0.0087119002232309,45.688668242230726,12.561721890414448,48.1147726018081,-35.55305071139365,Normal,4367.787524414062,142.76247548463036,-1.1602322074342617,NIFTY50,7.86188883286074,10.8823529411764,4.75
2009-07-08,4078.89990234375,-0.5398189564879278,-0.0297689555526957,40.76707132756395,-6.628702879526827,37.16607750554112,-43.794780385067945,Normal,4338.97001953125,139.82202508631278,-1.8600082285101889,NIFTY50,7.86188883286074,10.8823529411764,4.75
2009-07-09,4080.949951171875,-0.5028479128106494,0.000502472204283,40.88114502461126,-21.4248585291798,25.44789029859693,-46.87274882777673,Normal,4311.132507324219,132.44460039893792,-1.737953494963239,NIFTY50,7.86188883286074,10.8823529411764,4.75
2009-07-10,4003.89990234375,-0.5745745178241165,-0.0190609307588415,37.92490174032474,-38.91957287882542,12.574397663112464,-51.49397054193789,Crash,4282.157507324218,133.13254139631883,-2.090079570795021,NIFTY50,7.86188883286074,10.8823529411764,4.75
2009-07-13,3974.050048828125,-0.6030286072473917,-0.0074831236070389,36.814227296810685,-54.56391491037721,-0.8532648515854699,-53.710650058791735,Crash,4256.660009765625,141.03910702364954,-2.003770208854991,NIFTY50,7.86188883286074,10.8823529411764,4.75
2009-07-14,4111.39990234375,-0.5003335922089772,0.0339778412380845,44.82179409004407,-55.242383573047846,-11.731088595877946,-43.5112949771699,Normal,4236.340014648437,130.3026894692873,-0.958845230390552,NIFTY50,7.86188883286074,10.8823529411764,4.75
2009-07-15,4233.5,-0.3998117878840658,0.0292654947433134,50.79200204877537,-45.40422577694335,-18.465716032091027,-26.93850974485232,Normal,4230.20751953125,127.21687519268912,0.0258808468905013,NIFTY50,7.86188883286074,10.8823529411764,4.75
2009-07-16,4231.39990234375,-0.4080182696623443,-0.0004961896120605,50.69041090321041,-37.34636947306444,-22.24184672028571,-15.104522752778731,Normal,4229.20751953125,127.12009200369964,0.0172465483460804,NIFTY50,7.86188883286074,10.8823529411764,4.75
2009-07-17,4374.9501953125,-0.2818664716469307,0.0333622513280746,57.01873858991857,-19.15632911812463,-21.62474319985349,2.4684140817288664,Normal,4232.275024414063,129.9719537776325,1.09773814081874,NIFTY50,7.86188883286074,10.8823529411764,4.75
2009-07-20,4502.25,-0.1635272975855339,0.0286821360017162,61.71155574845154,5.468402919856089,-16.20611397591158,21.67451689576767,Normal,4245.625024414063,143.3205192584311,1.7905668840286504,NIFTY50,7.86188883286074,10.8823529411764,4.75
2009-07-21,4469.10009765625,-0.2080407791282892,-0.00739020389497,59.87813582246553,22.05452950999916,-8.553985278729435,30.60851478872859,Normal,4256.730029296875,151.78715164809887,1.3991307304568892,NIFTY50,7.86188883286074,10.8823529411764,4.75
2009-07-22,4398.89990234375,-0.2890339717765969,-0.0158325804541014,56.07857687855128,29.19800878492606,-1.0035864659983362,30.201595250924395,Normal,4262.027514648437,154.93403588868705,0.8834236254818094,NIFTY50,7.86188883286074,10.8823529411764,4.75
2009-07-23,4523.75,-0.1758229760519568,0.0279868084269615,60.8381046679907,44.42156291552419,8.08144341030617,36.34011950521802,Normal,4276.122509765625,165.466598234307,1.4965406485466324,NIFTY50,7.86188883286074,10.8823529411764,4.75
2009-07-24,4568.5498046875,-0.1391759769867306,0.0098545292606295,62.41211392743401,59.41639387137184,18.348433502519303,41.06796036885253,Normal,4285.775,176.8108018534275,1.599307291880927,NIFTY50,7.86188883286074,10.8823529411764,4.75
2009-07-27,4572.2998046875,-0.1450845698328877,0.0008204927048645,62.547807929973246,70.78651620006804,28.83605004202905,41.95046615803898,Normal,4294.84248046875,186.85336093200755,1.4848934096492457,NIFTY50,7.86188883286074,10.8823529411764,4.75
2009-07-28,4564.10009765625,-0.1631944412420868,-0.0017949541001751,62.02057769271049,78.23394007105435,38.71562804783412,39.51831202322023,Normal,4308.49248046875,196.29845701789657,1.3021376788723122,NIFTY50,7.86188883286074,10.8823529411764,4.75
2009-07-29,4513.5,-0.2240167919313808,-0.0111484580050614,58.73061863109576,79.14078642393815,46.80065972305493,32.340126700883225,Normal,4317.122485351562,201.52274296501923,0.9744682498814804,NIFTY50,7.86188883286074,10.8823529411764,4.75
2009-07-30,4571.4501953125,-0.17594837602111,0.0127575782017624,61.26486039983782,83.57219688005534,54.15496715445501,29.417229725600336,Normal,4328.252490234375,209.36185059520764,1.1616142309915751,NIFTY50,7.86188883286074,10.8823529411764,4.75
2009-07-31,4636.4501953125,-0.1206346049643815,0.0141185453710514,63.93967025950956,91.2768951362159,61.57935275080719,29.69754238540871,Normal,4338.8625,219.6090021400525,1.3550796752981809,NIFTY50,7.86188883286074,10.8823529411764,4.75
2009-08-03,4711.39990234375,-0.0550246651874713,0.0160360537198321,66.78760027254108,102.25204110993128,69.713890422632,32.538150687299265,Normal,4366.147485351563,230.58777144571124,1.4972711468069857,NIFTY50,7.86188883286074,10.8823529411764,4.75
2009-08-04,4680.5,-0.0981234516478504,-0.0065801412190565,64.5250420401616,107.22058729998024,77.21522979810166,30.005357501878592,Normal,4390.064990234375,237.3898683049182,1.223451581314214,NIFTY50,7.86188883286074,10.8823529411764,4.75
2009-08-05,4694.14990234375,-0.094579457045493,0.0029120899728899,65.08769367701215,110.98031698285286,83.9682472350519,27.01206974780095,Normal,4420.827490234375,234.7946847363384,1.1640911395260138,NIFTY50,7.86188883286074,10.8823529411764,4.75
2009-08-06,4585.5,-0.2149561867326925,-0.0234178807856904,57.29766430416867,103.99401250773462,87.97340028958845,16.02061221814617,Normal,4446.054992675781,223.1725898035685,0.6248303496722204,NIFTY50,7.86188883286074,10.8823529411764,4.75
2009-08-07,4481.39990234375,-0.322295795030035,-0.0229636751993833,50.999517756970775,89.03101388932009,88.18492300953478,0.846090879785308,Normal,4469.929992675781,197.4391202885376,0.0580933993790421,NIFTY50,7.86188883286074,10.8823529411764,4.75
2009-08-10,4437.64990234375,-0.3681439974628307,-0.0098105407766438,48.58256645401461,72.80323988470172,85.10858638456817,-12.305346499866443,Normal,4493.1099853515625,159.7795788444406,-0.3471037000404647,NIFTY50,7.86188883286074,10.8823529411764,4.75
2009-08-11,4471.35009765625,-0.3457946718275694,0.0075654632510276,50.52749984826978,61.94784004977555,80.47643711760965,-18.5285970678341,Normal,4511.107495117188,132.45723452572187,-0.3001527066701456,NIFTY50,7.86188883286074,10.8823529411764,4.75
2009-08-12,4457.5,-0.3645534553354037,-0.0031023275367038,49.69551270650875,51.63208777291311,74.70756724867034,-23.07547947575724,Normal,4522.307495117188,116.2240356456222,-0.5576083703958751,NIFTY50,7.86188883286074,10.8823529411764,4.75
2009-08-13,4605.0,-0.246162563923552,0.0325545989521117,57.68636353702317,54.727927581378026,70.71163931521188,-15.983711733833855,Normal,4540.9875,95.11336005427422,0.6730127078201482,NIFTY50,7.86188883286074,10.8823529411764,4.75
2009-08-14,4580.0498046875,-0.2769480720317963,-0.0054327972543852,56.06404061645317,54.53943404363599,67.4771982608967,-12.937764217260709,Normal,4551.24248046875,86.97811538626702,0.3312019821401945,NIFTY50,7.86188883286074,10.8823529411764,4.75
2009-08-17,4387.89990234375,-0.4565185015846604,-0.0428591419810964,45.46053272479694,38.44202457161646,61.67016352304066,-23.2281389514242,Normal,4545.524975585938,93.85470181731604,-1.679458462816256,NIFTY50,7.86188883286074,10.8823529411764,4.75
2009-08-18,4458.89990234375,-0.4063141033899818,0.0160513464676113,49.27791073290449,31.055825987309618,55.54729601589445,-24.491470028584835,Normal,4545.014965820313,94.3184234834193,-0.9130248396454728,NIFTY50,7.86188883286074,10.8823529411764,4.75
2009-08-19,4394.10009765625,-0.4653325444868584,-0.0146393227047627,46.1060628904353,19.745790528951147,48.3869949185058,-28.64120438955465,Normal,4544.774975585938,94.71504879916036,-1.5908229984570663,NIFTY50,7.86188883286074,10.8823529411764,4.75
2009-08-20,4453.4501953125,-0.4247407427372875,0.0134163663238394,49.32342357701326,15.394109107898656,41.78841775638437,-26.394308648485712,Normal,4541.259985351562,96.8174983309389,-0.9069619805596828,NIFTY50,7.86188883286074,10.8823529411764,4.75
2009-08-21,4528.7998046875,-0.3703491015098135,0.0167778400550691,53.147583823973626,17.82003570413508,36.994741345934514,-19.174705641799434,Normal,4539.272485351563,96.6356288267151,-0.108372872316506,NIFTY50,7.86188883286074,10.8823529411764,4.75
2009-08-24,4642.7998046875,-0.2825150901089657,0.0248606298309585,58.27747264418204,28.61163020883214,35.31811911851404,-6.706488909681902,Normal,4542.7974853515625,99.15671804677,1.008527927364121,NIFTY50,7.86188883286074,10.8823529411764,4.75
2009-08-25,4659.35009765625,-0.2755801891423982,0.0035583839447752,58.97967228673401,38.06077599538912,35.86665049388906,2.1941255015000607,Normal,4547.559985351562,102.46594349789704,1.090997735330295,NIFTY50,7.86188883286074,10.8823529411764,4.75
2009-08-26,4680.85009765625,-0.2644015752378857,0.0046037638432009,59.92329728238161,46.74531157180354,38.04238270947196,8.702928862331582,Normal,4555.927490234375,106.2994753262642,1.1751949578156522,NIFTY50,7.86188883286074,10.8823529411764,4.75
2009-08-27,4688.2001953125,-0.2656931145112595,0.0015690169087143,60.259862328793496,53.60305735984275,41.15451763954612,12.44853972029663,Normal,4561.764990234375,110.32620928503115,1.1460124108087146,NIFTY50,7.86188883286074,10.8823529411764,4.75
2009-08-28,4732.35009765625,-0.2349778733430659,0.0093731733726374,62.30750081277236,61.8870035931659,45.30101483027008,16.585988762895816,Normal,4566.559985351562,115.6963212129474,1.432976524807034,NIFTY50,7.86188883286074,10.8823529411764,4.75
2009-08-31,4662.10009765625,-0.3052809539767792,-0.0149559171620281,57.25251704546452,62.06802125638842,48.65441611549375,13.413605140894669,Normal,4564.094995117188,112.94034850070592,0.8677598735977831,NIFTY50,7.86188883286074,10.8823529411764,4.75
2009-09-01,4625.35009765625,-0.3436271392680416,-0.0079139464617324,54.75009802283907,58.57089240271489,50.63771137293798,7.933181029776911,Normal,4561.3375,110.59763748039052,0.578788110800288,NIFTY50,7.86188883286074,10.8823529411764,4.75
2009-09-02,4608.35009765625,-0.3644094346723919,-0.0036821683286419,53.58336446695657,53.807376720746106,51.27164444249961,2.535732278246499,Normal,4557.047509765625,106.77272485998186,0.4804840183473927,NIFTY50,7.86188883286074,10.8823529411764,4.75
2009-09-03,4593.5498046875,-0.3829485499179072,-0.0032167934640254,52.533746548168885,48.2814379100646,50.67360313601261,-2.3921652259480126,Normal,4557.45,106.9007198224826,0.337694682949253,NIFTY50,7.86188883286074,10.8823529411764,4.75
2009-09-04,4680.39990234375,-0.3201506377268154,0.0187304524003246,57.76234979752199,50.32999577273495,50.60488166335708,-0.2748858906221301,Normal,4567.4,108.69574271563052,1.0395982355940137,NIFTY50,7.86188883286074,10.8823529411764,4.75
2009-09-07,4782.89990234375,-0.2426549985547095,0.0216634811837727,62.94954422956861,59.5380682204368,52.39151897477303,7.1465492456637705,Normal,4584.6625,114.27707951542293,1.7347083350777737,NIFTY50,7.86188883286074,10.8823529411764,4.75
2009-09-08,4805.25,-0.2313529113298879,0.004662033523602,63.98807497480048,67.85678726491278,55.484572632800976,12.372214632111806,Normal,4601.357495117188,121.04163149424748,1.684482457529518,NIFTY50,7.86188883286074,10.8823529411764,4.75
2009-09-09,4814.25,-0.2316591461838612,0.0018711996727566,64.42056157890727,74.31895418277963,59.25144894279671,15.06750523998292,Normal,4619.194995117187,124.94949846151222,1.5610707308512712,NIFTY50,7.86188883286074,10.8823529411764,4.75
2009-09-10,4819.39990234375,-0.2352915686387751,0.0010691488452491,64.68193677409917,78.94578424348401,63.19031600293418,15.755468240549831,Normal,4629.914990234375,132.62874722814905,1.428686586200059,NIFTY50,7.86188883286074,10.8823529411764,4.75
2009-09-11,4829.5498046875,-0.2346168709850747,0.0021038364579895,65.22417517916188,82.48080531284268,67.04841386491589,15.43239144792679,Normal,4642.389990234375,139.25975674917882,1.3439619515508667,NIFTY50,7.86188883286074,10.8823529411764,4.75
2009-09-14,4808.60009765625,-0.2605081590858382,-0.0043472534120912,63.07174527751742,82.63925481696697,70.1665820553261,12.472672761640863,Normal,4663.425,130.27975554749526,1.114333512878939,NIFTY50,7.86188883286074,10.8823529411764,4.75
2009-09-15,4892.10009765625,-0.1985363018336224,0.017215677346227,67.65358395480786,88.4826069376677,73.82978703179442,14.652819905873272,Normal,4685.085009765625,130.4974578620412,1.5863534147115466,NIFTY50,7.86188883286074,10.8823529411764,4.75
2009-09-16,4958.39990234375,-0.1501171401048912,0.0134614092409985,70.75618216752962,97.34125632995348,78.53208089142623,18.80917543852724,Bubble,4713.3,125.1670970746554,1.9581815674574683,NIFTY50,7.86188883286074,10.8823529411764,4.75
2009-09-17,4965.5498046875,-0.1529173456267933,0.0014409391002453,71.07835939456334,103.74285411680104,83.57423553650119,20.168618580299835,Bubble,4738.90498046875,121.53946382802694,1.8647838083228867,NIFTY50,7.86188883286074,10.8823529411764,4.75
2009-09-18,4976.0498046875,-0.1527782620711816,0.002112336910917,71.5736451242961,108.4137030481852,88.542129038838,19.8715740093472,Normal,4761.26748046875,121.99155249510576,1.7606327637101478,NIFTY50,7.86188883286074,10.8823529411764,4.75
2009-09-22,5020.2001953125,-0.123546942712095,0.0088334480853969,73.61937332871602,114.35968476168364,93.70564018340713,20.654044578276512,Bubble,4780.1375,131.5188292687657,1.8253104642675864,NIFTY50,7.86188883286074,10.8823529411764,4.75
2009-09-23,4969.9501953125,-0.1770919337694514,-0.0100599934583498,67.65186881147602,113.7064261638634,97.7057973794984,16.000628784365006,Normal,4795.667504882813,134.80248480763714,1.2928744650247963,NIFTY50,7.86188883286074,10.8823529411764,4.75
2009-09-24,4986.5498046875,-0.1716194296557688,0.0033344297203069,68.55854003029539,113.22299950700926,100.80923780500058,12.413761702008683,Normal,4810.952490234375,138.38217259088577,1.2689301747867678,NIFTY50,7.86188883286074,10.8823529411764,4.75
2009-09-25,4958.9501953125,-0.2038533933679531,-0.0055501845506857,65.28222731042361,109.35227759486406,102.51784576297328,6.834431831890782,Normal,4824.489990234375,138.98368037543236,0.9674531910143104,NIFTY50,7.86188883286074,10.8823529411764,4.75
2009-09-29,5006.85009765625,-0.1722781689317842,0.0096129301808027,68.12889808291386,108.89455574131898,103.79318775864245,5.10136798267655,Normal,4838.214990234375,142.90422653650117,1.1800568220338898,NIFTY50,7.86188883286074,10.8823529411764,4.75
2009-09-30,5083.9501953125,-0.1162471707660399,0.0152815625756817,72.09506818344072,113.44541329597632,105.7236328661092,7.72178042986711,Normal,4859.307495117188,146.62558864426614,1.5320838761665714,NIFTY50,7.86188883286074,10.8823529411764,4.75
2009-10-01,5083.39990234375,-0.1261277322538985,-0.0001082470779508,72.02617308636059,115.67417674675109,107.7137416422376,7.960435104513479,Normal,4882.209985351563,143.90659683344003,1.3980590286979533,NIFTY50,7.86188883286074,10.8823529411764,4.75
2009-10-05,5003.2001953125,-0.2042295033779037,-0.0159025630836427,62.632301263991735,109.70443727410476,108.11188076861104,1.592556505493718,Normal,4901.952490234375,130.85088469190092,0.77376400867691,NIFTY50,7.86188883286074,10.8823529411764,4.75
2009-10-06,5027.39990234375,-0.1926352284623614,0.0048251856814014,64.15160973219616,105.70755890601504,107.63101639609184,-1.9234574900768,Normal,4923.644995117187,111.57500848709468,0.9299117126086858,NIFTY50,7.86188883286074,10.8823529411764,4.75
2009-10-07,4985.75,-0.2353831412613388,-0.0083190889891625,59.65596442737671,98.0489576169166,105.7146046402568,-7.665647023340199,Normal,4938.9125,96.39763870912716,0.4858780840195513,NIFTY50,7.86188883286074,10.8823529411764,4.75
2009-10-08,5002.25,-0.2300051954426616,0.0033039677632711,60.82714627281496,92.2475012494806,103.02118396210156,-10.773682712620968,Normal,4949.8800048828125,89.97765080312188,0.5820333677279166,NIFTY50,7.86188883286074,10.8823529411764,4.75
2009-10-09,4945.2001953125,-0.283865104161645,-0.0114703625684617,54.89351030606488,82.09996553069868,98.836940275821,-16.73697474512231,Normal,4956.877514648438,83.33456182089611,-0.1401257663181184,NIFTY50,7.86188883286074,10.8823529411764,4.75
2009-10-12,5054.25,-0.2068172579077555,0.0218120248662955,62.436520349603626,81.91313460893798,95.4521791424444,-13.539044533506427,Normal,4968.877514648438,78.87602786134342,1.0823628885272856,NIFTY50,7.86188883286074,10.8823529411764,4.75
2009-10-14,5118.2001953125,-0.1636121922781235,0.0125733793869216,66.02467342188187,85.9347141725575,93.54868614846704,-7.6139719759095215,Normal,4983.817529296875,77.35657468025197,1.7371848038914088,NIFTY50,7.86188883286074,10.8823529411764,4.75
2009-10-15,5108.85009765625,-0.1800032923797825,-0.0018285038194818,65.04633983164695,87.36033465383935,92.31101584954148,-4.9506811957021455,Normal,4997.782543945313,73.13683386593489,1.518626769030393,NIFTY50,7.86188883286074,10.8823529411764,4.75
2009-10-16,5142.14990234375,-0.1615394488845027,0.0064969118757394,66.92599307719081,90.13810908400228,91.87643449643366,-1.7383254124313794,Bubble,5014.460034179688,65.34124814243351,1.9542000159794728,NIFTY50,7.86188883286074,10.8823529411764,4.75
2009-10-20,5114.4501953125,-0.1928882864345221,-0.005401356026671,63.85014324890536,89.07754992469563,91.31665758208604,-2.23910765739042,Normal,5025.5775390625,62.270291737489934,1.427207963384146,NIFTY50,7.86188883286074,10.8823529411764,4.75
2009-10-21,5063.60009765625,-0.2420728811285409,-0.0099921928623383,58.53194459477328,83.17508068571351,89.68834220281154,-6.51326151709803,Normal,5030.837548828125,60.72098460671944,0.5395589192158636,NIFTY50,7.86188883286074,10.8823529411764,4.75
2009-10-22,4988.60009765625,-0.3084902727559244,-0.0149223832140378,51.69300713308583,71.6198688239956,86.07464752704836,-14.454778703052751,Normal,5031.990063476563,59.62543982263352,-0.7277089435211522,NIFTY50,7.86188883286074,10.8823529411764,4.75
2009-10-23,4997.0498046875,-0.30918025995671,0.0016923703776181,52.36824583558142,62.42451001945574,81.34462002552984,-18.920110006074097,Normal,5033.040063476563,58.7672158595011,-0.6124206883495603,NIFTY50,7.86188883286074,10.8823529411764,4.75
2009-10-26,4970.89990234375,-0.3357896454227442,-0.0052468086421692,50.03718659970954,52.42274655235815,75.56024533089551,-23.137498778537363,Normal,5030.575048828125,60.3468653546303,-0.988869034600086,NIFTY50,7.86188883286074,10.8823529411764,4.75
2009-10-27,4846.7001953125,-0.4339446621246355,-0.0253027892971376,40.75759233869693,34.0815279297467,67.26450185066575,-33.18297392091905,Crash,5024.412548828125,72.02638397109071,-2.4673229963474737,NIFTY50,7.86188883286074,10.8823529411764,4.75
2009-10-28,4826.14990234375,-0.4538709701808376,-0.0042490731646306,39.4538039282779,17.68389420877338,57.34838032228728,-39.664486113513895,Crash,5016.392553710937,84.34149972288539,-2.25562329330464,NIFTY50,7.86188883286074,10.8823529411764,4.75
2009-10-29,4750.5498046875,-0.5105015569845384,-0.0157886684226227,35.016126596357935,-1.395557598855703,45.59959273805868,-46.99515033691439,Crash,5005.972534179688,102.6894883832694,-2.48733082142614,NIFTY50,7.86188883286074,10.8823529411764,4.75
2009-10-30,4711.7001953125,-0.5406257401994927,-0.0082115411609857,32.96421538016581,-19.427056400002584,32.59426291044643,-52.021319310449016,Crash,4991.2150390625,121.95712264777568,-2.2919107771775407,NIFTY50,7.86188883286074,10.8823529411764,4.75
2009-11-03,4563.89990234375,-0.6369359863707214,-0.0318713187849914,26.582237229104805,-45.12324485538829,17.05076135727949,-62.17400621266778,Crash,4965.212524414063,152.70767688788078,-2.627979354076348,NIFTY50,7.86188883286074,10.8823529411764,4.75
2009-11-04,4710.7998046875,-0.5583272049551657,0.0316802037671639,39.184721532689466,-53.02285049694001,3.0360389864355906,-56.0588894833756,Normal,4946.58251953125,160.08042239473735,-1.4729016285473104,NIFTY50,7.86188883286074,10.8823529411764,4.75
2009-11-05,4765.5498046875,-0.5294170153087673,0.0115552109100547,43.104658023799885,-54.24022984007115,-8.419214778865758,-45.821015061205394,Normal,4934.7,164.4180308130035,-1.0287812989615377,NIFTY50,7.86188883286074,10.8823529411764,4.75
2009-11-06,4796.14990234375,-0.515090091258051,0.0064005779434539,45.22954602515259,-52.134861366070254,-17.162344096306658,-34.9725172697636,Normal,4923.1375,165.68224467543203,-0.7664526630781457,NIFTY50,7.86188883286074,10.8823529411764,4.75
2009-11-09,4898.39990234375,-0.4546143495965122,0.0210951088670664,51.71837592896283,-41.73453152044476,-22.07678158113428,-19.657749939310484,Normal,4918.769995117187,165.0951303780927,-0.123383970967445,NIFTY50,7.86188883286074,10.8823529411764,4.75
2009-11-10,4881.7001953125,-0.4715565553693487,-0.0034150413788274,50.662680997589256,-34.44268811088932,-24.54996288708529,-9.892725223804035,Normal,4912.742504882813,164.0844271594167,-0.1891849830462792,NIFTY50,7.86188883286074,10.8823529411764,4.75
2009-11-11,5003.9501953125,-0.3959559489107948,0.0247340797135903,57.5016457991759,-18.58505936424808,-23.356982182517847,4.771922818269765,Normal,4915.680004882813,165.21804547944845,0.5342648266630614,NIFTY50,7.86188883286074,10.8823529411764,4.75
2009-11-12,4952.64990234375,-0.4381300324998646,-0.0103048724326203,54.11192838563405,-10.041526772628458,-20.69389110053997,10.652364327911512,Normal,4910.6,162.26879086195868,0.2591373370096859,NIFTY50,7.86188883286074,10.8823529411764,4.75
2009-11-13,4998.9501953125,-0.4125227599507634,0.0093051623043236,56.59869259738021,0.4600281359489599,-16.463107253242185,16.923135389191145,Normal,4904.6375,156.32101536686213,0.6033270388575863,NIFTY50,7.86188883286074,10.8823529411764,4.75
2009-11-16,5058.0498046875,-0.3778072590739076,0.0117530654631769,59.60767216321045,13.3969983633433,-10.491086129925089,23.888084493268387,Normal,4902.097485351563,153.20994432493424,1.0178994583092265,NIFTY50,7.86188883286074,10.8823529411764,4.75
2009-11-17,5062.25,-0.381248909187071,0.0008300535823478,59.8208718165575,23.715187217559105,-3.64983146042825,27.365018677987354,Normal,4898.102490234375,147.55853773041707,1.112422990159438,NIFTY50,7.86188883286074,10.8823529411764,4.75
2009-11-18,5054.7001953125,-0.3929306628035783,-0.0014925063271494,59.21584247302779,30.92671614858228,3.265478061373855,27.661238087208417,Normal,4895.114990234375,143.49673161577826,1.1121173512538576,NIFTY50,7.86188883286074,10.8823529411764,4.75
2009-11-19,4989.0,-0.4449903171974982,-0.0130830532911919,54.08901826424079,30.98329199669297,8.809040848437679,22.17425114825529,Normal,4891.384985351562,139.8088606127775,0.6982033486332309,NIFTY50,7.86188883286074,10.8823529411764,4.75
2009-11-20,5052.4501953125,-0.408193847650165,0.0126378239337154,57.88158730606637,35.73608589696141,14.194449858142429,21.541636038818982,Normal,4894.577490234375,142.8416890830416,1.105228495207344,NIFTY50,7.86188883286074,10.8823529411764,4.75
2009-11-23,5103.5498046875,-0.3791988610650916,0.0100630249288788,60.69742259948486,43.12885809492673,19.981331505499288,23.14752658942744,Normal,4899.902490234375,148.72669302419428,1.3692721213131265,NIFTY50,7.86188883286074,10.8823529411764,4.75
2009-11-24,5090.5498046875,-0.3946994174959901,-0.0025504963744246,59.60564766553786,47.39238208940151,25.46354162227973,21.928840467121773,Normal,4905.884985351562,154.04423769365428,1.198777845252338,NIFTY50,7.86188883286074,10.8823529411764,4.75
2009-11-25,5108.14990234375,-0.3887834913286159,0.0034514429551866,60.63792701635063,51.59666215919606,30.690165729663,20.906496429533057,Normal,4918.957470703125,159.74541851173765,1.184337137197606,NIFTY50,7.86188883286074,10.8823529411764,4.75
2009-11-26,5005.5498046875,-0.4662691349002783,-0.0202900265018481,52.25456521760797,46.11799445600991,33.775731474932385,12.342262981077525,Normal,4927.927465820312,159.29600835623228,0.4872836404889801,NIFTY50,7.86188883286074,10.8823529411764,4.75
2009-11-27,4941.75,-0.5111668411097308,-0.0128277383405068,47.82664265631994,36.21058668549631,34.26270251704517,1.94788416845114,Normal,4937.487475585937,153.73071112794537,0.0277272145740294,NIFTY50,7.86188883286074,10.8823529411764,4.75
2009-11-30,5032.7001953125,-0.4614633544537047,0.0182371387500043,53.83257457661694,35.29100259750976,34.46836253313809,0.8226400643716687,Normal,4953.5374755859375,145.4508445450728,0.5442575460744835,NIFTY50,7.86188883286074,10.8823529411764,4.75
2009-12-01,5122.0,-0.4084002167721373,0.0175883295474273,58.842303607792736,41.291985209088125,35.8330870683281,5.458898140760027,Normal,4981.44248046875,117.64160853119316,1.1947942678289796,NIFTY50,7.86188883286074,10.8823529411764,4.75
2009-12-02,5123.25,-0.4137045117740807,0.0002440155205978,58.90951826684867,45.62276092802677,37.79102184026783,7.831739087758933,Normal,5002.064990234375,102.93267333533748,1.1773230582559984,NIFTY50,7.86188883286074,10.8823529411764,4.75
2009-12-03,5131.7001953125,-0.4140825736124705,0.0016480230647846,59.39231309614544,49.1699909785857,40.06681566793141,9.103175310654294,Normal,5020.372509765625,90.45793367575476,1.2307122330024407,NIFTY50,7.86188883286074,10.8823529411764,4.75
2009-12-04,5108.89990234375,-0.4324706624538321,-0.0044529286225578,57.43152749804364,49.569991254551496,41.96745078525542,7.602540469296073,Normal,5036.010009765625,75.44283683532703,0.9661605479818518,NIFTY50,7.86188883286074,10.8823529411764,4.75
2009-12-07,5066.7001953125,-0.4612001001183881,-0.0082943410820445,53.885627333336295,45.952123203263,42.76438526885694,3.1877379344060586,Normal,5044.425024414062,68.33736257831686,0.32595889068604,NIFTY50,7.86188883286074,10.8823529411764,4.75
2009-12-08,5147.9501953125,-0.4173526397652903,0.015908858458746,59.11915599632341,49.07542175905292,44.02659256689613,5.048829192156781,Normal,5057.737524414062,60.447256364302994,1.492419612144924,NIFTY50,7.86188883286074,10.8823529411764,4.75
2009-12-09,5112.0,-0.4425724294242525,-0.0070078980416261,56.08612859797918,48.09536462815777,44.840346979148464,3.255017649009304,Normal,5063.1400146484375,60.2150299071444,0.8114250782056882,NIFTY50,7.86188883286074,10.8823529411764,4.75
2009-12-10,5134.64990234375,-0.4327610221428701,0.0044209452748311,57.56332821703696,48.58624809287721,45.58952720189421,2.996720890982999,Normal,5072.240014648438,56.26092681180429,1.109293629379346,NIFTY50,7.86188883286074,10.8823529411764,4.75
2009-12-11,5117.2998046875,-0.4465557347182718,-0.0033847443103669,56.00909464055153,47.03310058875104,45.87824187926558,1.1548587094854597,Normal,5078.157495117188,54.33773593623774,0.7203522358061334,NIFTY50,7.86188883286074,10.8823529411764,4.75
2009-12-14,5105.7001953125,-0.4567831162540151,-0.0022693170992805,54.94104019402358,44.35493241641507,45.57357998669548,-1.2186475702804105,Normal,5080.540014648437,54.45420795694526,0.4620429092267029,NIFTY50,7.86188883286074,10.8823529411764,4.75
2009-12-15,5033.0498046875,-0.5021616414338596,-0.0143314775687899,48.67976763818623,35.95571043761629,43.65000607687964,-7.694295639263352,Normal,5079.080004882812,55.35441662411512,-0.8315542463012661,NIFTY50,7.86188883286074,10.8823529411764,4.75
2009-12-16,5042.0498046875,-0.5002964232807154,0.0017865833079278,49.44834981263317,29.68332044924045,40.85666895135181,-11.173348502111352,Normal,5078.447485351562,55.71873744592857,-0.6532395085115439,NIFTY50,7.86188883286074,10.8823529411764,4.75
2009-12-17,5041.75,-0.5036102807190688,-5.94626417412698e-05,49.42179759346475,24.40686728727451,37.56670861853635,-13.159841331261845,Normal,5081.084985351563,52.41218270352605,-0.7504931739642392,NIFTY50,7.86188883286074,10.8823529411764,4.75
2009-12-18,4987.7001953125,-0.5366415193510907,-0.0107783232163692,44.75585615141566,15.683087743285796,33.18998444348624,-17.506896700200443,Normal,5077.847485351563,56.14119451238282,-1.6057244741947785,NIFTY50,7.86188883286074,10.8823529411764,4.75
2009-12-21,4952.60009765625,-0.5584164287126222,-0.0070622098942378,41.98380391083781,5.869485293299476,27.72588461344889,-21.85639932014941,Normal,5070.3,62.311547002427766,-1.8888939210442712,NIFTY50,7.86188883286074,10.8823529411764,4.75
2009-12-22,4985.85009765625,-0.5438190216238293,0.0066912090724391,45.43174334573914,0.7662983562076988,22.333967362000653,-21.56766900579296,Normal,5065.065014648438,64.86645345397821,-1.2212000621922314,NIFTY50,7.86188883286074,10.8823529411764,4.75
2009-12-23,5144.60009765625,-0.4624781661003371,0.031343719862452,58.20364476286556,9.42315989146482,19.751805867893488,-10.328645976428668,Normal,5066.887524414063,66.62881071739366,1.1663508984394977,NIFTY50,7.86188883286074,10.8823529411764,4.75
2009-12-24,5178.39990234375,-0.446633794743739,0.0065484695286819,60.332450309305486,18.794495543543235,19.56034380302344,-0.765848259480201,Normal,5075.530029296875,69.40628164046721,1.4821406739486949,NIFTY50,7.86188883286074,10.8823529411764,4.75
2009-12-29,5187.9501953125,-0.4446126533372324,0.0018425570390217,60.93784823892213,26.684374532922448,20.98514994900324,5.699224583919207,Normal,5087.8400390625,66.18867663202356,1.5124967191376704,NIFTY50,7.86188883286074,10.8823529411764,4.75
2009-12-30,5169.4501953125,-0.4587068604221526,-0.003572328765193,59.057575337674535,31.08602474360032,23.005324907922656,8.080699835677663,Normal,5094.6775390625,67.24764307395841,1.1119000284926837,NIFTY50,7.86188883286074,10.8823529411764,4.75
2009-12-31,5201.0498046875,-0.4441933013783631,0.0060941530634611,61.25658117634123,36.70112095859258,25.74448411805664,10.956636840535944,Normal,5098.630029296875,71.14801581081554,1.4395310146520677,NIFTY50,7.86188883286074,10.8823529411764,4.75
2010-01-04,5232.2001953125,-0.4298696952623017,0.0059713863248584,63.34652423800721,43.167097918103536,29.22900687806602,13.938091040037516,Normal,5104.0775390625,77.05777120603528,1.662683130393536,NIFTY50,8.49758470221235,11.9893899204244,4.75
2010-01-05,5277.89990234375,-0.4071256271771861,0.0086963957751834,66.22502379492448,51.38666221744279,33.66053794594138,17.726124271501412,Bubble,5111.387524414063,86.20739591032881,1.931532395467439,NIFTY50,8.49758470221235,11.9893899204244,4.75
2010-01-06,5281.7998046875,-0.4085529513171864,0.0007386389062683,66.46704190692405,57.551992129332575,38.43882878261962,19.113163346712952,Normal,5120.03251953125,94.23990250979756,1.7165476708704386,NIFTY50,8.49758470221235,11.9893899204244,4.75
2010-01-07,5263.10009765625,-0.4231346461314398,-0.0035466864183382,64.09541939420694,60.23480113325695,42.79802325274709,17.436777880509858,Normal,5129.852514648437,98.52527709279094,1.352420281775209,NIFTY50,8.49758470221235,11.9893899204244,4.75
2010-01-08,5244.75,-0.4372901380295079,-0.0034926490460929,61.76636558931816,60.186455085311536,46.27570961925999,13.910745466051551,Normal,5134.6925048828125,101.7848014410099,1.081276315904316,NIFTY50,8.49758470221235,11.9893899204244,4.75
2010-01-11,5249.39990234375,-0.4381579585973364,0.0008861894848711,62.14177307957376,59.83362398018016,48.98729249144402,10.84633148873614,Normal,5141.5625,104.76582178703212,1.029318536373072,NIFTY50,8.49758470221235,11.9893899204244,4.75
2010-01-12,5210.39990234375,-0.4637786653566336,-0.0074571562473284,57.0795278384314,55.7642135817996,50.34267670951514,5.421536872284456,Normal,5145.35,105.8662442373715,0.6144536704059874,NIFTY50,8.49758470221235,11.9893899204244,4.75
2010-01-13,5233.9501953125,-0.4540609167922727,0.0045096789481005,59.23887321691863,53.81909531753536,51.03796043111919,2.7811348864161687,Normal,5151.18251953125,107.44114354044808,0.7703536378509441,NIFTY50,8.49758470221235,11.9893899204244,4.75
2010-01-14,5259.89990234375,-0.4429901226555869,0.004945708140283,61.535241096267065,53.75188133728352,51.58074461235206,2.1711367249314577,Normal,5158.892504882812,109.51816412842152,0.9222889943854056,NIFTY50,8.49758470221235,11.9893899204244,4.75
2010-01-15,5252.2001953125,-0.4507867601565923,-0.0014649229624307,60.44707055101961,52.472442115650665,51.75908411301179,0.713358002638877,Normal,5169.850024414062,107.20342993885812,0.7681673146596605,NIFTY50,8.49758470221235,11.9893899204244,4.75
2010-01-18,5274.85009765625,-0.4415905971299122,0.0043031878189766,62.54531473530099,52.67888573734035,51.943044437877504,0.735841299462848,Normal,5181.4900390625,105.21688198064412,0.8873106371934196,NIFTY50,8.49758470221235,11.9893899204244,4.75
2010-01-19,5225.64990234375,-0.4726464964113837,-0.0093710881128138,55.64047817125184,48.31549822812576,51.21753519592716,-2.902036967801393,Normal,5190.685034179687,100.28199951940114,0.3486654467564576,NIFTY50,8.49758470221235,11.9893899204244,4.75
2010-01-20,5221.7001953125,-0.4781011464595199,-0.0007561165620956,55.11445259707829,44.03120946794934,49.7802700503316,-5.749060582382256,Normal,5202.385034179688,88.286139024952,0.218779089743104,NIFTY50,8.49758470221235,11.9893899204244,4.75
2010-01-21,5094.14990234375,-0.5506166091974157,-0.0247302534165188,41.47720443914314,29.99784066440316,45.82378417314591,-15.825943508742752,Normal,5209.462524414063,71.2353092607064,-1.618756530533086,NIFTY50,8.49758470221235,11.9893899204244,4.75
2010-01-22,5036.0,-0.5830765442263702,-0.0114806871788919,36.98426605817335,14.02244166366654,39.46351567125004,-25.44107400758349,Crash,5211.97001953125,63.4017664390428,-2.7754750287665093,NIFTY50,8.49758470221235,11.9893899204244,4.75
2010-01-25,5007.89990234375,-0.5996292644160393,-0.0055954701352252,35.010641345480764,-0.8952997216101721,31.391752592678,-32.28705231428817,Crash,5205.135009765625,76.964603945676,-2.5626729341852994,NIFTY50,8.49758470221235,11.9893899204244,4.75
2010-01-27,4853.10009765625,-0.6764494233139559,-0.0313989499028072,26.59194365943405,-24.921488363532266,20.129104401435946,-45.05059276496821,Crash,5188.87001953125,110.13634377402433,-3.048675036497732,NIFTY50,8.49758470221235,11.9893899204244,4.75
2010-01-28,4867.25,-0.6726413864489691,0.0029113997328143,28.289389724701707,-42.332652629769655,7.636752995194826,-49.96940562496448,Crash,5172.835009765625,131.5427547668351,-2.323085070761113,NIFTY50,8.49758470221235,11.9893899204244,4.75
2010-01-29,4882.0498046875,-0.6681325474772015,0.003036077739411,30.109744803444755,-54.31084360255136,-4.752766324354411,-49.55807727819695,Normal,5158.464990234375,146.75096334269702,-1.883566412449251,NIFTY50,8.49758470221235,11.9893899204244,4.75
2010-02-01,4899.7001953125,-0.662193671000246,0.0036088449983292,32.31642305230527,-61.66853079800603,-16.135919219084734,-45.5326115789213,Normal,5143.397509765625,157.24373184957048,-1.5498062249391371,NIFTY50,8.49758470221235,11.9893899204244,4.75
2010-02-02,4830.10009765625,-0.6943021921159518,-0.0143068270124513,28.495728157609665,-72.28246980066524,-27.36522933540084,-44.9172404652644,Normal,5123.292504882813,170.4439034065785,-1.720169518338118,NIFTY50,8.49758470221235,11.9893899204244,4.75
2010-02-03,4931.85009765625,-0.6533660863710546,0.0208469994132577,39.71658828186227,-71.65769301014643,-36.22372207034996,-35.433970939796474,Normal,5105.990014648438,171.48432251955043,-1.015485931504524,NIFTY50,8.49758470221235,11.9893899204244,4.75
2010-02-04,4845.35009765625,-0.6933468931183521,-0.0176946887051239,34.727370780099164,-77.2518685388286,-44.42935136404569,-32.82251717478292,Normal,5084.167529296875,175.65370405963515,-1.3595923463108146,NIFTY50,8.49758470221235,11.9893899204244,4.75
2010-02-05,4718.64990234375,-0.7473553722818806,-0.0264967812684455,28.984023959355923,-90.86154450743834,-53.71578999272422,-37.14575451471412,Normal,5056.94501953125,188.2041475691672,-1.7974902336473368,NIFTY50,8.49758470221235,11.9893899204244,4.75
2010-02-08,4760.39990234375,-0.7331395001969061,0.0088089567699925,32.92083581629912,-97.15845252264626,-62.40432249870864,-34.75413002393762,Normal,5032.727514648437,193.84390994959696,-1.4048809290707012,NIFTY50,8.49758470221235,11.9893899204244,4.75
2010-02-09,4792.64990234375,-0.722163816810667,0.0067517961642943,35.87785774689371,-98.41205905851892,-69.6058698106707,-28.80618924784824,Normal,5009.8900146484375,193.87910982195703,-1.1204926229761594,NIFTY50,8.49758470221235,11.9893899204244,4.75
2010-02-10,4757.2001953125,-0.7378421588849067,-0.007424173049006,34.098474615842846,-101.10062133203974,-75.90482011494451,-25.195801217095223,Normal,4987.230029296875,195.68657892977183,-1.175501330967251,NIFTY50,8.49758470221235,11.9893899204244,4.75
2010-02-11,4826.85009765625,-0.7124042167440436,0.0145348002982618,40.35729961605486,-96.49878336698384,-80.02361276535238,-16.47517060163146,Normal,4966.875024414063,189.7555025164596,-0.7379228791832635,NIFTY50,8.49758470221235,11.9893899204244,4.75
2010-02-15,4801.9501953125,-0.724129712547062,-0.0051719751351667,38.93370957279405,-93.77997052301362,-82.77488431688462,-11.005086206128992,Normal,4943.9775390625,179.9102974482124,-0.7894342111845094,NIFTY50,8.49758470221235,11.9893899204244,4.75
2010-02-16,4855.75,-0.7042884684435478,0.0111414436398691,43.565759836417314,-86.2894065759092,-83.47778876868955,-2.811617807219648,Normal,4924.155029296875,165.41985535778755,-0.4135236918743604,NIFTY50,8.49758470221235,11.9893899204244,4.75
2010-02-17,4914.0,-0.6818514832338292,0.0119247043688822,48.15148440052879,-74.79065241135777,-81.7403614972232,6.949709085865436,Normal,4906.112524414062,143.36488162519998,0.0550167900013209,NIFTY50,8.49758470221235,11.9893899204244,4.75
2010-02-18,4887.75,-0.6947637977953078,-0.0053561992005249,46.324664929299445,-67.0233589501131,-78.79696098780119,11.77360203768808,Normal,4889.217529296875,122.05273355424926,-0.0120237314981783,NIFTY50,8.49758470221235,11.9893899204244,4.75
2010-02-19,4844.89990234375,-0.7143335391361669,-0.0088054897601234,43.42822064258363,-63.592315066159244,-75.75603180347281,12.163716737313564,Normal,4870.377514648438,93.85344998623628,-0.2714616490754895,NIFTY50,8.49758470221235,11.9893899204244,4.75
2010-02-22,4856.39990234375,-0.7113083250377937,0.0023708174405699,44.43238626062579,-59.26209760646816,-72.45724496407189,13.19514735760373,Normal,4858.490014648438,77.68220362407068,-0.0269059347853028,NIFTY50,8.49758470221235,11.9893899204244,4.75
2010-02-23,4870.0498046875,-0.7073850749364351,0.0028067612985113,45.66520694691216,-54.1052444512934,-68.78684486151619,14.681600410222783,Normal,4850.1925048828125,65.6557332719066,0.3024457852363097,NIFTY50,8.49758470221235,11.9893899204244,4.75
2010-02-24,4858.60009765625,-0.7137285197504719,-0.0023538132079058,44.76799444133872,-50.361757845586,-65.10182745833015,14.74006961274415,Normal,4842.727514648437,54.28355073923323,0.2924013405840273,NIFTY50,8.49758470221235,11.9893899204244,4.75
2010-02-25,4859.75,-0.7148990571870998,0.0002366455905705,44.8851141729274,-46.76317347642271,-61.434096661948665,14.670923185525956,Normal,4843.060009765625,54.37072412978687,0.3069664879675797,NIFTY50,8.49758470221235,11.9893899204244,4.75
2010-02-26,4922.2998046875,-0.6910900847178659,0.0127888650052328,50.97496743192284,-38.421128101277645,-56.831502949814464,18.41037484853682,Normal,4845.8125,56.99012039378559,1.3421151623999807,NIFTY50,8.49758470221235,11.9893899204244,4.75
2010-03-02,5017.0,-0.6526372415697175,0.0190562842367978,58.45883637560546,-23.893058416604617,-50.2438140431725,26.35075562656788,Bubble,4852.560009765625,68.36090094104512,2.405468447178438,NIFTY50,8.49758470221235,11.9893899204244,4.75
2010-03-03,5088.10009765625,-0.6226178488775217,0.0140723536236842,63.02283869504153,-6.56657940997593,-41.50836711653319,34.94178770655726,Bubble,4861.980004882813,85.92323762703562,2.631652379708383,NIFTY50,8.49758470221235,11.9893899204244,4.75
2010-03-04,5080.25,-0.628117124709886,-0.0015440261478846,62.2101614993844,6.456911501953982,-31.91531139283575,38.37222289478973,Bubble,4874.4875,98.34685292465252,2.0922123472282608,NIFTY50,8.49758470221235,11.9893899204244,4.75
2010-03-05,5088.7001953125,-0.626081014175232,0.0016619605947973,62.76674141408607,17.261007865267857,-22.08004754121503,39.34105540648289,Bubble,4882.330004882812,108.85443677100348,1.895836279634863,NIFTY50,8.49758470221235,11.9893899204244,4.75
2010-03-08,5124.0,-0.6116722624274842,0.006912950461775,65.08046355520187,28.34498792139312,-11.995040448693404,40.34002837008652,Bubble,4896.2625,121.02436994423074,1.8817491064398344,NIFTY50,8.49758470221235,11.9893899204244,4.75
2010-03-09,5101.5,-0.6240873526125736,-0.004400769901265,62.41799275476155,34.91112627965231,-2.6138071030242607,37.524933382676565,Normal,4915.405004882812,121.72846204907763,1.528771430975275,NIFTY50,8.49758470221235,11.9893899204244,4.75
2010-03-10,5116.25,-0.6191525788050793,0.0028871346912529,63.47296922156414,40.83432725800685,6.075819769181962,34.75850748882489,Normal,4933.197509765625,123.86733493927674,1.477810839509161,NIFTY50,8.49758470221235,11.9893899204244,4.75
2010-03-11,5133.39990234375,-0.6130881210033714,0.0033464398319566,64.71327417331852,46.37774670427643,14.136205156200855,32.241541548075574,Normal,4950.235009765625,126.9150268053834,1.4432088712315922,NIFTY50,8.49758470221235,11.9893899204244,4.75
2010-03-12,5137.0,-0.6133058707309589,0.0007010628286984,64.98208189704614,50.47954754553575,21.40487363406784,29.07467391146791,Normal,4969.225,124.90994312861288,1.3431676918406006,NIFTY50,8.49758470221235,11.9893899204244,4.75
2010-03-15,5128.89990234375,-0.6189650374412701,-0.0015780592864252,63.80436361121776,52.47178203781186,27.618255314816643,24.85352672299522,Normal,4984.327490234375,125.04970408664212,1.1561195859304612,NIFTY50,8.49758470221235,11.9893899204244,4.75
2010-03-16,5198.10009765625,-0.5888635195381716,0.0134020007909805,68.97721833901977,58.95492399215618,33.88558905028455,25.06933494187163,Normal,5004.134985351562,126.01204079384354,1.5392585588072172,NIFTY50,8.49758470221235,11.9893899204244,4.75
2010-03-17,5231.89990234375,-0.5746909067855607,0.0064812891671634,71.14625925479234,66.05873844436701,40.320218929101046,25.738519515265963,Normal,5022.94248046875,130.68362160467632,1.5989564668410072,NIFTY50,8.49758470221235,11.9893899204244,4.75
2010-03-18,5245.89990234375,-0.5696984480228906,0.002672318347834,72.01892890330988,71.98840801867027,46.65385674701489,25.33455127165538,Normal,5039.5374755859375,137.04007113139215,1.5058546383849656,NIFTY50,8.49758470221235,11.9893899204244,4.75
2010-03-19,5262.7998046875,-0.5632957787410908,0.0032163668929633,73.07746234255606,77.16192017389494,52.7554694323909,24.40645074150404,Normal,5058.289965820312,140.78598032578225,1.452629291595277,NIFTY50,8.49758470221235,11.9893899204244,5.0
2010-03-22,5205.2001953125,-0.5930779336292302,-0.0110050039546087,64.1675085699271,75.74106290748841,57.35258812741041,18.38847478007801,Normal,5076.30498046875,134.97556000074627,0.9549522509337064,NIFTY50,8.49758470221235,11.9893899204244,5.0
2010-03-23,5225.2998046875,-0.5853138975224542,0.0038540116492909,65.73738428307158,75.36809727389209,60.95568995670674,14.412407317185348,Normal,5094.749975585937,128.38808181983123,1.0168376008979183,NIFTY50,8.49758470221235,11.9893899204244,5.0
2010-03-25,5260.39990234375,-0.5703921486178594,0.0066948758289282,68.34551252633925,77.01699982671562,64.16795193070853,12.849047896007091,Normal,5114.26748046875,121.9399254616378,1.19839684436229,NIFTY50,8.49758470221235,11.9893899204244,5.0
2010-03-26,5282.0,-0.5617818639583422,0.004097762953683,69.86571485514517,79.15427315177112,67.16521617492106,11.989056976850064,Normal,5135.437475585937,111.5259178324594,1.314156630696709,NIFTY50,8.49758470221235,11.9893899204244,5.0
2010-03-29,5302.85009765625,-0.5534916751183819,0.0039396164198846,71.29858388114663,81.58998769922982,70.0501704797828,11.539817219447016,Normal,5157.59248046875,96.93434935846705,1.4985154194446744,NIFTY50,8.49758470221235,11.9893899204244,5.0
2010-03-30,5262.4501953125,-0.5749944939341448,-0.0076476954047443,64.86284385170734,79.34572640045371,71.909281663917,7.436444736536714,Normal,5174.6,82.19888470855392,1.0687516700984827,NIFTY50,8.49758470221235,11.9893899204244,5.0
2010-03-31,5249.10009765625,-0.5831135933290498,-0.0025400829491546,62.84414641807257,75.61821216358658,72.65106776385092,2.967144399735659,Normal,5186.205004882812,74.83155051020333,0.8404889694870333,NIFTY50,8.49758470221235,11.9893899204244,5.0
2010-04-01,5290.5,-0.5653164218984676,0.0078561074211529,66.34244859366248,75.13860533119987,73.14857527732072,1.9900300538791529,Normal,5196.325,74.55130527452908,1.2632240261013332,NIFTY50,8.49758470221235,11.9893899204244,5.0
2010-04-05,5368.39990234375,-0.5297572378154745,0.0146171349884928,71.73507354714066,80.12080181380315,74.54302058461721,5.577781229185945,Bubble,5210.732495117188,78.66815490438951,2.004208785857323,NIFTY50,8.49758470221235,11.9893899204244,5.0
2010-04-06,5366.0,-0.532856727042357,-0.0004471423471397,71.35576892961772,82.91972933470242,76.21836233463425,6.701367000068174,Normal,5224.597485351563,80.44489781932978,1.7577561595766025,NIFTY50,8.49758470221235,11.9893899204244,5.0
2010-04-07,5374.64990234375,-0.5304977175005564,0.0016106854412794,71.93183581104302,84.8576877863652,77.94622742498045,6.911460361384755,Normal,5237.12998046875,83.41742063009264,1.648575571340435,NIFTY50,8.49758470221235,11.9893899204244,5.0
2010-04-08,5304.4501953125,-0.5669896933907284,-0.0131473097105394,61.17849717093787,79.80901549629834,78.31878503924403,1.4902304570543097,Normal,5247.277490234375,78.2330983471036,0.7307994478815285,NIFTY50,8.49758470221235,11.9893899204244,5.0
2010-04-09,5361.75,-0.541525954896659,0.0107442865987615,65.68746841179296,79.51492315868109,78.55801266313145,0.9569104955496356,Normal,5259.552490234375,75.81493244726566,1.3479865570903222,NIFTY50,8.49758470221235,11.9893899204244,5.0
2010-04-12,5339.7001953125,-0.5541235519661067,-0.0041209061368251,62.67093868082422,76.61939718509348,78.17028956752387,-1.5508923824303906,Normal,5269.867504882813,71.66859560046765,0.9743834080269272,NIFTY50,8.49758470221235,11.9893899204244,5.0
2010-04-13,5322.9501953125,-0.5639936672699664,-0.0031418105563994,60.40175631339624,72.14148484470297,76.96452862295969,-4.823043778256718,Normal,5279.165014648437,65.3035377151458,0.6704871159515727,NIFTY50,8.49758470221235,11.9893899204244,5.0
2010-04-15,5273.60009765625,-0.5892114928964474,-0.0093144378288005,54.17759536579597,63.87426385507024,74.3464756693818,-10.472211814311564,Normal,5286.400024414063,54.97891735793944,-0.2328151839454888,NIFTY50,8.49758470221235,11.9893899204244,5.0
2010-04-16,5262.60009765625,-0.5960161804441354,-0.0020880400510003,52.869833872981225,55.79169169675333,70.63551887485612,-14.843827178102783,Normal,5289.625024414063,51.29506628138074,-0.5268523606065105,NIFTY50,8.49758470221235,11.9893899204244,5.0
2010-04-19,5203.64990234375,-0.6246955242024734,-0.0112649360952642,46.40508526101866,44.1208097050885,65.3325770409026,-21.211767335814105,Normal,5288.212524414063,53.3173820987344,-1.5860235206919466,NIFTY50,8.49758470221235,11.9893899204244,5.0
2010-04-20,5230.10009765625,-0.6145971855748662,0.0050701333602508,49.39504315855592,36.5841421330706,59.58289005933621,-22.998747926265608,Normal,5287.422534179687,54.08878466743136,-1.059784147044314,NIFTY50,8.49758470221235,11.9893899204244,5.25
2010-04-21,5244.89990234375,-0.6096178763168012,0.0028257402454029,51.04088035282676,31.44304350176936,53.95492074782284,-22.511877246053487,Normal,5286.5275390625,54.662703052258735,-0.761536374792027,NIFTY50,8.49758470221235,11.9893899204244,5.25
2010-04-22,5269.35009765625,-0.6002741156959911,0.0046508765504513,53.71886945391766,29.00723487252435,48.965383572763145,-19.958148700238795,Normal,5289.735034179687,51.425663339327656,-0.3963961804231699,NIFTY50,8.49758470221235,11.9893899204244,5.25
2010-04-23,5304.10009765625,-0.5861683160028685,0.0065730909918724,57.29422299696129,29.54035079123514,45.08037701645755,-15.540026225222404,Normal,5293.675048828125,49.19957214634452,0.2118930790112485,NIFTY50,8.49758470221235,11.9893899204244,5.25
2010-04-26,5322.4501953125,-0.5794419856126249,0.0034536355429986,59.09142795510961,31.08521748313069,42.28134510979218,-11.196127626661486,Normal,5296.777563476562,48.94659916526042,0.5245028719821432,NIFTY50,8.49758470221235,11.9893899204244,5.25
2010-04-27,5308.35009765625,-0.5877283689513397,-0.0026526894562823,57.10287403546469,30.816541517216137,39.98838439127697,-9.171842874060836,Normal,5298.095068359375,48.882486697966286,0.2097894356365061,NIFTY50,8.49758470221235,11.9893899204244,5.25
2010-04-28,5215.4501953125,-0.6320049468510761,-0.0176556591711249,46.09620558483029,22.84403632541944,36.559514778105466,-13.715478452686028,Normal,5293.725073242187,52.22727670107162,-1.4987355817478625,NIFTY50,8.49758470221235,11.9893899204244,5.25
2010-04-29,5254.14990234375,-0.6167282738458909,0.0073928102175396,50.38638898297852,19.424596792168813,33.132531180918136,-13.707934388749322,Normal,5293.31005859375,52.52102918157793,-0.7456090800241908,NIFTY50,8.49758470221235,11.9893899204244,5.25
2010-04-30,5278.0,-0.6077886978701779,0.0045290161353799,52.875642505455176,18.426757691207968,30.191376482976104,-11.764618791768136,Normal,5294.755053710937,51.63068684101577,-0.3245173507478306,NIFTY50,8.49758470221235,11.9893899204244,5.25
2010-05-03,5222.75,-0.6341706343565967,-0.0105231549841106,46.993531934957794,13.027575971751505,26.758616380731183,-13.73104040897968,Normal,5291.3675537109375,54.08859584182142,-1.2686140699900044,NIFTY50,8.49758470221235,11.9893899204244,5.25
2010-05-04,5148.5,-0.6678786191152275,-0.0143186729823531,40.476765109428754,2.72590851665882,21.95207480791672,-19.226166291257893,Crash,5280.37255859375,59.66807513569512,-2.2101024424510074,NIFTY50,8.49758470221235,11.9893899204244,5.25
2010-05-05,5124.89990234375,-0.6791678937576233,-0.0045944165309339,38.64250310126072,-7.2588918212104545,16.10988148209128,-23.368773303301733,Crash,5268.317553710937,65.52561969133612,-2.188726364478018,NIFTY50,8.49758470221235,11.9893899204244,5.25
2010-05-06,5090.85009765625,-0.6945078512221615,-0.0066661636744762,36.10061907306473,-17.71524241060979,9.344856703551066,-27.060099114160856,Crash,5254.1275634765625,71.72298428436847,-2.276501284064636,NIFTY50,8.49758470221235,11.9893899204244,5.25
2010-05-07,5018.0498046875,-0.7247654465876385,-0.0144034568075265,31.352079906526,-31.51308755467653,1.173267851905547,-32.68635540658208,Crash,5239.807543945312,87.91102701653138,-2.522524725096335,NIFTY50,8.49758470221235,11.9893899204244,5.25
2010-05-10,5193.60009765625,-0.6593009971262654,0.0343857440395936,48.83072468493774,-27.960229609590897,-4.653431640393742,-23.30679796919716,Normal,5231.400048828125,83.56846256432107,-0.4523231612976182,NIFTY50,8.49758470221235,11.9893899204244,5.25
2010-05-11,5136.14990234375,-0.6849148730338941,-0.0111233645861763,44.809782378338845,-29.44093791560954,-9.610932895436902,-19.830005020172635,Normal,5221.222534179688,82.06611691361324,-1.0366352769619775,NIFTY50,8.49758470221235,11.9893899204244,5.25
2010-05-12,5156.64990234375,-0.6781038644250386,0.0039833723565122,46.50261591240816,-28.63020011644403,-13.41478633963833,-15.2154137768057,Normal,5212.90751953125,79.60442388225584,-0.706714708101039,NIFTY50,8.49758470221235,11.9893899204244,5.25
2010-05-13,5178.89990234375,-0.6705066677283509,0.0043055347402521,48.35421874343132,-25.89380782232365,-15.910590636175394,-9.983217186148256,Normal,5208.172509765625,78.61463114411939,-0.3723557179605878,NIFTY50,8.49758470221235,11.9893899204244,5.25
2010-05-14,5093.5,-0.7071522825977317,-0.0166274426039294,42.30232164659703,-30.267352419054987,-18.78194299275131,-11.485409426303676,Normal,5199.717504882812,81.49350131971518,-1.3033861984417603,NIFTY50,8.49758470221235,11.9893899204244,5.25
2010-05-17,5059.89990234375,-0.7216890222086085,-0.006618516089783,40.17198468966847,-36.02934127603476,-22.231422649408003,-13.797918626626752,Normal,5192.530004882812,87.26333995277662,-1.51988340820826,NIFTY50,8.49758470221235,11.9893899204244,5.25
2010-05-18,5066.2001953125,-0.7207141437405012,0.0012443672728817,40.7742660718334,-39.630541753072976,-25.711246470141,-13.919295282931976,Normal,5184.335009765625,91.15847089726326,-1.2959279953945722,NIFTY50,8.49758470221235,11.9893899204244,5.25
2010-05-19,4919.64990234375,-0.7772954817505864,-0.0293536983189342,32.56270169004904,-53.690986674150736,-31.30719451094295,-22.383792163207787,Crash,5168.072509765625,107.3577862896205,-2.313969168027572,NIFTY50,8.49758470221235,11.9893899204244,5.25
2010-05-20,4947.60009765625,-0.7691270857485955,0.0056652603446742,35.24137771043371,-61.86549646859294,-37.41885490247295,-24.446641566119983,Normal,5151.985009765625,115.20301824228986,-1.7741281020912327,NIFTY50,8.49758470221235,11.9893899204244,5.25
2010-05-21,4931.14990234375,-0.7761707958871735,-0.0033304234883113,34.37592116575057,-68.87727332428403,-43.71053858683517,-25.166734737448863,Normal,5133.3375,119.39265716807446,-1.693467608913511,NIFTY50,8.49758470221235,11.9893899204244,5.25
2010-05-24,4943.9501953125,-0.7731419918500333,0.0025924395724847,35.69917293029475,-72.56479850631513,-49.481390570731165,-23.083407935583963,Normal,5114.4125,117.82644513186922,-1.4467236493193192,NIFTY50,8.49758470221235,11.9893899204244,5.25
2010-05-25,4806.75,-0.820851071244922,-0.0281434662706871,28.95885790679587,-85.57168084188015,-56.699448624960965,-28.872232216919187,Crash,5089.332495117187,127.3707066832858,-2.218583082999169,NIFTY50,8.49758470221235,11.9893899204244,5.25
2010-05-26,4917.39990234375,-0.7882074800769749,0.0227587356083224,38.96728279541648,-85.96030948372572,-62.55162079671392,-23.408688687011804,Normal,5074.42998046875,129.2602606733081,-1.214836464873586,NIFTY50,8.49758470221235,11.9893899204244,5.25
2010-05-27,5003.10009765625,-0.7606201553902732,0.0172778241540229,45.385034664874816,-78.44870312994408,-65.73103726335995,-12.717665866584127,Normal,5061.877490234375,122.92348635140758,-0.4781624270734961,NIFTY50,8.49758470221235,11.9893899204244,5.25
2010-05-28,5066.5498046875,-0.7391684863251609,0.0126023342211595,49.609765897191984,-66.60802405107006,-65.90643462090198,-0.7015894301680845,Normal,5051.30498046875,111.96118182538052,0.136161694349803,NIFTY50,8.49758470221235,11.9893899204244,5.25
2010-05-31,5086.2998046875,-0.7331720429448887,0.003890538257075,50.883380567807386,-54.99657435621339,-63.72446256796427,8.72788821175088,Normal,5044.482470703125,104.8987302840655,0.3986448060060779,NIFTY50,8.49758470221235,11.9893899204244,5.25
2010-06-01,4970.2001953125,-0.7780397740910964,-0.0230904922666169,43.8647041093754,-54.53405042171107,-61.88638013871363,7.352329717002561,Normal,5035.56748046875,103.1554263459239,-0.6336776209624242,NIFTY50,8.49758470221235,11.9893899204244,5.25
2010-06-02,5019.85009765625,-0.7621474861567776,0.0099399521888653,47.217749938539406,-49.58952748923184,-59.42700960881728,9.837482119585438,Normal,5030.314990234375,101.01974250995012,-0.1035925485267798,NIFTY50,8.49758470221235,11.9893899204244,5.25
2010-06-03,5110.5,-0.7307761340946448,0.0178971745538566,52.76526604826668,-37.91915944930679,-55.125439576915184,17.206280127608395,Normal,5031.2974853515625,101.7325207503494,0.7785368342813375,NIFTY50,8.49758470221235,11.9893899204244,5.25
2010-06-04,5135.5,-0.7226375065553473,0.0048799628367281,54.19508198632698,-26.349279538263545,-49.37020756918486,23.02092803092132,Normal,5037.169995117188,104.28542447061685,0.9428930781263444,NIFTY50,8.49758470221235,11.9893899204244,5.25
2010-06-07,5034.0,-0.7630311467830938,-0.0199623129105978,47.8606462350177,-25.08114821720937,-44.51239569878977,19.431247481580392,Normal,5029.189990234375,97.5757756049885,0.0492951220300551,NIFTY50,8.49758470221235,11.9893899204244,5.25
2010-06-08,4987.10009765625,-0.7811560758492474,-0.0093602986328567,45.22998410680423,-27.543075737055915,-41.118531706443,13.575455969387086,Normal,5021.7375,94.62389587989954,-0.3660534373654766,NIFTY50,8.49758470221235,11.9893899204244,5.25
2010-06-09,5000.2998046875,-0.7779304188967143,0.0026432734937479,46.127476691567104,-28.10508704228141,-38.515842773610686,10.410755731329274,Normal,5013.919995117188,89.19402345466823,-0.1527029491680009,NIFTY50,8.49758470221235,11.9893899204244,5.25
2010-06-10,5078.60009765625,-0.7517965451544902,0.0155377807121102,51.23254834909281,-21.978946180865933,-35.20846345506173,13.2295172741958,Normal,5008.905004882812,81.95571522910468,0.850399420938581,NIFTY50,8.49758470221235,11.9893899204244,5.25
2010-06-11,5119.35009765625,-0.7381075132303025,0.0079918446569689,53.69200628828251,-13.678078597924468,-30.90238648363428,17.224307885709813,Normal,5010.197509765625,83.5484227250351,1.306458989056626,NIFTY50,8.49758470221235,11.9893899204244,5.25
2010-06-14,5197.7001953125,-0.7097121770252917,0.015188760681795,58.07050824665137,-0.7685240848877584,-24.875614003884976,24.10708991899721,Bubble,5017.087524414063,93.00931562827672,1.9418772160444493,NIFTY50,8.49758470221235,11.9893899204244,5.25
2010-06-15,5222.35009765625,-0.7013645126209623,0.0047312532343929,59.37204050859514,11.320931336905232,-17.636304935726937,28.95723627263217,Bubble,5024.89501953125,103.33019455031028,1.9109136393705464,NIFTY50,8.49758470221235,11.9893899204244,5.25
2010-06-16,5233.35009765625,-0.6984067270941354,0.0021041161955454,59.96920194408603,21.541206310253983,-9.800802686530757,31.34200899678473,Normal,5040.580029296875,110.10092195407914,1.7508488116001,NIFTY50,8.49758470221235,11.9893899204244,5.25
2010-06-17,5274.85009765625,-0.6830937325082788,0.0078986343975933,62.225054370074034,32.613601730282426,-1.3179218031681188,33.931523533450545,Bubble,5056.942529296875,119.47354175359996,1.8238981213830856,NIFTY50,8.49758470221235,11.9893899204244,5.25
2010-06-18,5262.60009765625,-0.6896484645316563,-0.0023250416925128,61.12998061517457,39.93968245275119,6.933599048015742,33.00608340473544,Normal,5073.5150390625,124.0082563535102,1.5247779797397123,NIFTY50,8.49758470221235,11.9893899204244,5.25
2010-06-21,5353.2998046875,-0.6539560153312141,0.0170879369366441,65.91318548060096,52.45964047481084,16.038807333374763,36.42083314143608,Bubble,5093.98251953125,134.80922513295707,1.9235870905755583,NIFTY50,8.49758470221235,11.9893899204244,5.25
2010-06-22,5316.5498046875,-0.6712403648299963,-0.0068885966849402,62.55428283157176,58.739269802922536,24.57889982728432,34.16036997563822,Normal,5119.472509765625,125.51701510585738,1.5701241362030969,NIFTY50,8.49758470221235,11.9893899204244,5.25
2010-06-23,5323.14990234375,-0.670006829308596,0.0012406550343662,62.91974758554826,63.51631743937196,32.36638334970185,31.14993408967011,Normal,5139.760009765625,123.91749993076708,1.4799353818515162,NIFTY50,8.49758470221235,11.9893899204244,5.25
2010-06-24,5320.60009765625,-0.6726086821599488,-0.0004791177425768,62.66529219678049,66.33178267873518,39.15946321550852,27.172319463226664,Normal,5155.635009765625,125.81153036926756,1.311208022082224,NIFTY50,8.49758470221235,11.9893899204244,5.25
2010-06-25,5269.0498046875,-0.6956135580260807,-0.0097360537224636,57.59408376749704,63.66943967869247,44.06145850814531,19.607981170547163,Normal,5165.760009765625,126.41175656240104,0.8170901008790881,NIFTY50,8.49758470221235,11.9893899204244,5.25
2010-06-28,5333.5,-0.6709558159596863,0.0121576395024626,61.76060143717634,65.99930687249162,48.449028181014576,17.55027869147704,Normal,5178.12001953125,130.26008296184028,1.192844169416568,NIFTY50,8.49758470221235,11.9893899204244,5.25
2010-06-29,5256.14990234375,-0.704731035720649,-0.014608882074956,54.80139524122394,60.902194383687856,50.93966142154923,9.962532962138624,Normal,5192.417504882813,121.64567671645824,0.5239183107961154,NIFTY50,8.49758470221235,11.9893899204244,5.25
2010-06-30,5312.5,-0.6836463382358432,0.0106637332420907,58.472544169193625,60.70985256721815,52.89369965068302,7.816152916535131,Normal,5207.05,117.31959048995286,0.8988268673596372,NIFTY50,8.49758470221235,11.9893899204244,5.25
2010-07-01,5251.39990234375,-0.7102038696896954,-0.0115678451258036,53.40720277660344,54.993225375841575,53.31360479571474,1.6796205801268371,Normal,5214.094995117188,115.4319604004088,0.3231765890240396,NIFTY50,8.49758470221235,11.9893899204244,5.25
2010-07-02,5237.10009765625,-0.71731057103601,-0.0027267604610162,52.2660358477568,48.74695782489562,52.400275401550914,-3.653317576655297,Normal,5219.175,114.01803750398038,0.1572128239413351,NIFTY50,8.49758470221235,11.9893899204244,5.5
2010-07-05,5235.89990234375,-0.7192181242268761,-0.0002291979982343,52.1652876107619,43.20189549851512,50.56059942094376,-7.358703922428646,Normal,5229.269995117187,105.37000168678976,0.0629202535866909,NIFTY50,8.49758470221235,11.9893899204244,5.5
2010-07-06,5289.0498046875,-0.6998105161668867,0.0100998780288753,56.19247500306187,42.60502240414553,48.96948401758412,-6.364461613438586,Normal,5244.36748046875,89.24319020790833,0.500680490182551,NIFTY50,8.49758470221235,11.9893899204244,5.5
2010-07-07,5241.10009765625,-0.7202952178471206,-0.0091071900953951,51.9437362614874,37.82681161370874,46.74094953680904,-8.914137923100299,Normal,5256.407495117188,68.38936488022901,-0.2238271621288758,NIFTY50,8.49758470221235,11.9893899204244,5.5
2010-07-08,5296.85009765625,-0.6997255369036665,0.0105809040833325,56.09988534278106,38.09941784212788,45.01264319787281,-6.913225355744935,Normal,5267.319995117187,54.53317663732671,0.5415071037481063,NIFTY50,8.49758470221235,11.9893899204244,5.5
2010-07-09,5352.4501953125,-0.6785793640104644,0.0104421138168353,59.83107001109156,42.3141522461774,44.47294500753373,-2.158792761356331,Normal,5278.975,45.3865023891718,1.618877671658373,NIFTY50,8.49758470221235,11.9893899204244,5.5
2010-07-12,5383.0,-0.6672192499789213,0.0056914030796913,61.7545110341581,47.571103480875536,45.092576702202095,2.478526778673441,Bubble,5288.239990234375,46.81293301421243,2.0242271454526426,NIFTY50,8.49758470221235,11.9893899204244,5.5
2010-07-13,5400.64990234375,-0.6611223409188705,0.0032734590355328,62.86097595648152,52.55564604852043,46.585190571465766,5.970455477054664,Bubble,5297.15498046875,50.44148909973183,2.051781652805132,NIFTY50,8.49758470221235,11.9893899204244,5.5
2010-07-14,5386.14990234375,-0.6685603748443706,-0.0026884727623095,61.29215739332702,54.70529454398729,48.20921136597007,6.496083178017223,Normal,5304.794970703125,51.82164588509388,1.5699025040813368,NIFTY50,8.49758470221235,11.9893899204244,5.5
2010-07-15,5378.75,-0.6729578159712412,-0.001374820681371,60.46283616052657,55.175764323053045,49.60252195738667,5.573242365666374,Normal,5309.989965820312,53.83066437484965,1.2773395048754663,NIFTY50,8.49758470221235,11.9893899204244,5.5
2010-07-16,5393.89990234375,-0.6679608761973259,0.0028126621525335,61.60815239778304,56.12412158110328,50.90684188213,5.217279698973286,Normal,5316.554956054688,55.72024295339706,1.388094203999638,NIFTY50,8.49758470221235,11.9893899204244,5.5
2010-07-19,5386.4501953125,-0.6723779927379163,-0.0013820902196343,60.67734353807391,55.63326677416535,51.85212686053707,3.78113991362828,Normal,5318.212475585938,57.34033997056292,1.1900473516828438,NIFTY50,8.49758470221235,11.9893899204244,5.5
2010-07-20,5368.0,-0.6813278323346109,-0.0034311774341907,58.32696319432829,53.142886125291625,52.11027871348799,1.0326074118036388,Normal,5320.784985351563,58.40604427703751,0.808392611293486,NIFTY50,8.49758470221235,11.9893899204244,5.5
2010-07-21,5399.35009765625,-0.6697475675097971,0.0058231943720508,61.08530351788229,53.08697875045891,52.30561872088217,0.7813600295767387,Normal,5324.594995117188,60.99638242272121,1.2255661658914347,NIFTY50,8.49758470221235,11.9893899204244,5.5
2010-07-22,5441.9501953125,-0.6533176915378028,0.0078588943689787,64.52176214603186,55.83649524987232,53.01179402668021,2.824701223192108,Normal,5330.6625,66.37636159833131,1.6766163831929195,NIFTY50,8.49758470221235,11.9893899204244,5.5
2010-07-23,5449.10009765625,-0.6516218331061646,0.0013129869348835,65.07914870702834,57.92472408737649,53.994380038819465,3.930344048557025,Normal,5339.665014648437,69.70654319382537,1.5699398936412423,NIFTY50,8.49758470221235,11.9893899204244,5.5
2010-07-26,5418.60009765625,-0.6658942944630236,-0.0056129778202094,60.698326928725024,56.46764156305835,54.48903234366725,1.9786092193911031,Normal,5343.92001953125,71.87404176364402,1.0390410263914742,NIFTY50,8.49758470221235,11.9893899204244,5.5
2010-07-27,5430.60009765625,-0.6622024720528382,0.0022121455365479,61.78820338191254,55.63981176123616,54.71918822718103,0.9206235340551316,Normal,5352.642529296875,71.24453022395805,1.094225312656484,NIFTY50,8.49758470221235,11.9893899204244,5.5
2010-07-28,5397.5498046875,-0.6773338538335885,-0.006104532335174,57.09226634622775,51.72066462257044,54.11948350625892,-2.3988188836884774,Normal,5356.89501953125,71.26062096668963,0.5705084323535975,NIFTY50,8.49758470221235,11.9893899204244,5.5
2010-07-29,5408.89990234375,-0.6739671613219328,0.0021006162315222,58.265332813243496,48.966119359755794,53.08881067695829,-4.122691317202495,Normal,5364.77001953125,67.59726773384516,0.6528353037323236,NIFTY50,8.49758470221235,11.9893899204244,5.5
2010-07-30,5367.60009765625,-0.6922130622641978,-0.0076648275196621,52.62725758110857,42.95541008350847,51.06213055826832,-8.106720474759854,Normal,5371.29501953125,60.55676301366275,-0.0610158418501661,NIFTY50,8.49758470221235,11.9893899204244,5.5
2010-08-02,5431.64990234375,-0.6676171093696694,0.0118620377733786,59.21812165632504,42.86603071013997,49.42291058864265,-6.556879878502684,Normal,5381.08251953125,52.850474470437625,0.9568009241011698,NIFTY50,8.49758470221235,11.9893899204244,5.5
2010-08-03,5439.5498046875,-0.6655817770551162,0.0014533637403788,59.95809680728744,42.93769400104611,48.12586727112335,-5.188173270077236,Normal,5388.60751953125,49.675881426920064,1.0254933318333437,NIFTY50,8.49758470221235,11.9893899204244,5.5
2010-08-04,5467.85009765625,-0.6550575738655546,0.005189203059859,62.57769305636177,44.76209523215766,47.45311286333022,-2.6910176311725564,Normal,5399.94501953125,38.957695861545055,1.7430465694463355,NIFTY50,8.49758470221235,11.9893899204244,5.5
2010-08-05,5447.10009765625,-0.6650469179330541,-0.003802129121223,59.50388447026016,44.02608941343078,46.767708173350336,-2.741618759919554,Normal,5407.45751953125,31.87361936868239,1.2437425968621263,NIFTY50,8.49758470221235,11.9893899204244,5.5
2010-08-06,5439.25,-0.6695535357353409,-0.0014421911745366,58.33643314094437,42.32150624483165,45.8784677876466,-3.556961542814946,Normal,5411.797509765625,29.833635568539545,0.9201858811778242,NIFTY50,8.49758470221235,11.9893899204244,5.5
2010-08-09,5486.14990234375,-0.6514212282078223,0.0085855329508556,63.00628377051971,44.24501299491931,45.55177682910114,-1.3067638341818366,Bubble,5416.955004882812,33.30706974834817,2.077483788989553,NIFTY50,8.49758470221235,11.9893899204244,5.5
2010-08-10,5460.7001953125,-0.6634132407201633,-0.0046496942326528,59.13306134914853,43.21764122118566,45.08494970751805,-1.8673084863323908,Normal,5419.95751953125,34.4470153331196,1.1827635975787238,NIFTY50,8.49758470221235,11.9893899204244,5.5
2010-08-11,5420.60009765625,-0.6812867581193688,-0.0073704939869633,53.547403660109794,38.72134339487093,43.81222844498863,-5.0908850501176985,Normal,5421.680029296875,33.51626280097764,-0.0322211234300602,NIFTY50,8.49758470221235,11.9893899204244,5.5
2010-08-12,5416.4501953125,-0.6841893243222772,-0.0007658730806648,52.98956140406288,34.42628772124954,41.935040300240814,-7.508752578991277,Normal,5423.5650390625,32.00062177231703,-0.2223345471416594,NIFTY50,8.49758470221235,11.9893899204244,5.5
2010-08-13,5452.10009765625,-0.6709998044859254,0.0065602181038856,57.12205426263972,33.512760098725266,40.25058425993771,-6.737824161212444,Normal,5426.475048828125,31.80667107961396,0.8056501343376622,NIFTY50,8.49758470221235,11.9893899204244,5.5
2010-08-16,5418.2998046875,-0.6860914148070126,-0.0062187964018681,52.41727699177602,29.718801865921705,38.14422778113451,-8.425425915212806,Normal,5428.067529296875,30.46633000466726,-0.3206071951521239,NIFTY50,8.49758470221235,11.9893899204244,5.5
2010-08-17,5414.14990234375,-0.6889723539218886,-0.0007661983501435,51.8525899779479,26.07660532144928,35.730703289197464,-9.654097967748186,Normal,5430.375024414063,27.255950200171625,-0.5952873391370775,NIFTY50,8.49758470221235,11.9893899204244,5.5
2010-08-18,5479.14990234375,-0.6641073455613201,0.0119340828982805,59.25636595801506,28.111048423968896,34.20677231615175,-6.095723892182853,Normal,5434.365014648438,28.29626328342171,1.5827138462325103,NIFTY50,8.49758470221235,11.9893899204244,5.5
2010-08-19,5540.2001953125,-0.6400960257519455,0.0110806748273832,64.74058203442476,34.25474034027138,34.21636592097568,0.0383744192957067,Bubble,5439.277514648437,36.902281469747386,2.734862903986016,NIFTY50,8.49758470221235,11.9893899204244,5.5
2010-08-20,5530.64990234375,-0.6454489493557347,-0.0017253047875308,63.30506975377651,37.91596003399445,34.95628474357943,2.9596752904150208,Bubble,5443.355004882813,42.17363902258848,2.0698924608849008,NIFTY50,8.49758470221235,11.9893899204244,5.5
2010-08-23,5543.5,-0.6413142974481513,0.0023207385735129,64.44736029726485,41.37742530468768,36.24051285580108,5.136912448886598,Bubble,5449.6,47.25625331758226,1.987038611989644,NIFTY50,8.49758470221235,11.9893899204244,5.5
2010-08-24,5505.10009765625,-0.6588526712347919,-0.0069511171771116,58.57894996907565,40.55462183630152,37.10333465190117,3.45128718440035,Normal,5453.325,48.59698286361039,1.0653973684242768,NIFTY50,8.49758470221235,11.9893899204244,5.5
2010-08-25,5462.35009765625,-0.6778087944801305,-0.0077958350846487,52.81328739062487,36.03755790139803,36.89017930180054,-0.8526214004025121,Normal,5456.565014648438,46.80997093658201,0.1235865541478316,NIFTY50,8.49758470221235,11.9893899204244,5.5
2010-08-26,5477.89990234375,-0.6727441832066587,0.0028426800409087,54.565034251282434,33.32830353543159,36.177804148526754,-2.8495006130951666,Normal,5460.0150146484375,45.64015931550074,0.3918673370896465,NIFTY50,8.49758470221235,11.9893899204244,5.5
2010-08-27,5408.7001953125,-0.7020590224529639,-0.0127129936644879,46.32335622913929,25.305654072019934,34.00337413322539,-8.697720061205459,Normal,5462.07001953125,42.043643742626,-1.2693910296038666,NIFTY50,8.49758470221235,11.9893899204244,5.5
2010-08-30,5415.4501953125,-0.700608801683035,0.0012472112140708,47.16172300568747,19.27018051439427,31.05673540945917,-11.7865548950649,Normal,5461.260034179688,42.80961190585682,-1.0700830217271973,NIFTY50,8.49758470221235,11.9893899204244,5.5
2010-08-31,5402.39990234375,-0.7069054644391235,-0.0024127343569622,45.67633097486388,13.280880931689351,27.501564513905205,-14.220683582215852,Normal,5459.4025390625,44.57091915493839,-1.2789199280498658,NIFTY50,8.49758470221235,11.9893899204244,5.5
2010-09-01,5471.85009765625,-0.6810805304172438,0.0127735043088119,53.982687553439874,13.97724719886719,24.796701050897603,-10.819453852030414,Normal,5459.6025390625,44.619768052875024,0.2744872761157449,NIFTY50,8.49758470221235,11.9893899204244,5.5
2010-09-02,5486.14990234375,-0.6765532894846488,0.0026099311561804,55.491736896171226,15.504273597523934,22.938215560222872,-7.433941962698938,Normal,5461.555029296875,44.89740199641011,0.5478016979432777,NIFTY50,8.49758470221235,11.9893899204244,5.5
2010-09-03,5479.39990234375,-0.680510138705079,-0.0012311285750001,54.5818471539101,15.985513384533988,21.547675125085096,-5.562161740551108,Normal,5463.562524414063,44.74493905150275,0.3539479160192362,NIFTY50,8.49758470221235,11.9893899204244,5.5
2010-09-06,5576.9501953125,-0.6424456830184716,0.0176464789029981,63.81582137440825,23.962171763492734,22.030574452766626,1.9315973107261115,Bubble,5468.1025390625,51.28579440824123,2.122374382729831,NIFTY50,8.49758470221235,11.9893899204244,5.5
2010-09-07,5604.0,-0.6323573112137303,0.0048385614797321,65.88691811842806,32.096436431326765,24.04374684847865,8.05268958284811,Bubble,5475.267529296875,59.54255662911408,2.1620245752124703,NIFTY50,8.49758470221235,11.9893899204244,5.5
2010-09-08,5607.85009765625,-0.6320362832174221,0.0006867908104461,66.18360698168645,38.41079475697916,26.91715643017876,11.4936383268004,Bubble,5484.630029296875,64.96861030499238,1.8966092668586143,NIFTY50,8.49758470221235,11.9893899204244,5.5
2010-09-09,5640.0498046875,-0.6196708315137501,0.0057254768041222,68.64012245677681,45.488849336470594,30.631495011437124,14.85735432503347,Bubble,5495.810009765625,71.52638958306417,2.016595493812364,NIFTY50,8.49758470221235,11.9893899204244,5.5
2010-09-13,5760.0,-0.5694242711881524,0.0210445786184708,75.71683096962823,60.08461879733659,36.52211976861702,23.56249902871957,Bubble,5511.205004882812,91.8666484236336,2.708218917162354,NIFTY50,8.49758470221235,11.9893899204244,5.5
2010-09-14,5795.5498046875,-0.5548677483801011,0.0061528732845358,77.34829950725246,73.67120756599525,43.95193732809267,29.719270237902577,Bubble,5530.0675048828125,108.93137665687334,2.4371517918197183,NIFTY50,8.49758470221235,11.9893899204244,5.5
2010-09-15,5860.9501953125,-0.3518533123771871,0.011221391822531,80.00921452917314,88.69353810336543,52.90025748314723,35.7932806202182,Bubble,5552.40751953125,128.04600134421278,2.4096236707292946,NIFTY50,8.49758470221235,11.9893899204244,5.5
2010-09-16,5828.7001953125,-0.4724254654291697,-0.0055177153710691,75.31110360430212,96.87976814713691,61.69615961594517,35.18360853119176,Bubble,5569.885034179688,140.7464096192046,1.8388757612577653,NIFTY50,8.49758470221235,11.9893899204244,5.75
2010-09-17,5884.9501953125,-0.2975397480845641,0.0096042532441008,77.76368570645552,106.67661768972448,70.69225123070103,35.98436645902345,Bubble,5587.122534179687,157.08256671828943,1.895994363696224,NIFTY50,8.49758470221235,11.9893899204244,5.75
2010-09-20,5980.4501953125,0.010795928075735,0.0160975709380551,81.18165949645658,120.75475772805204,80.70475253017123,40.05000519788079,Bubble,5609.612548828125,179.21248756086302,2.0692623127528065,NIFTY50,8.49758470221235,11.9893899204244,5.75
2010-09-21,6009.0498046875,0.0961183353488548,0.0047707850402158,82.0704837750476,132.68996724978297,91.1017954740936,41.588171775689375,Bubble,5632.8900390625,199.2839312032985,1.887556931227245,NIFTY50,8.49758470221235,11.9893899204244,5.75
2010-09-22,5991.0,0.010409716397824,-0.0030082905643817,79.5178056185684,139.0889080424531,100.6992179877655,38.38969005468762,Normal,5657.185034179687,212.09173272606336,1.5739178587006342,NIFTY50,8.49758470221235,11.9893899204244,5.75
2010-09-23,5959.5498046875,-0.1153684724955091,-0.0052634010037847,75.13276172532183,140.00841692297854,108.5610577748081,31.447359148170435,Normal,5682.04501953125,217.13185216223843,1.278047335721624,NIFTY50,8.49758470221235,11.9893899204244,5.75
2010-09-24,6018.2998046875,0.0618843780125523,0.00980985286291,77.615990062914,143.8199020353777,115.61282662692204,28.207075408455665,Normal,5709.065014648438,223.9089373396662,1.381073903137498,NIFTY50,8.49758470221235,11.9893899204244,5.75
2010-09-27,6035.64990234375,0.1023466394336407,0.0028787426627548,78.30500308286193,146.55118845174093,121.80049899188585,24.750689459855096,Normal,5740.4125,223.53080555507404,1.3207906695930032,NIFTY50,8.49758470221235,11.9893899204244,5.75
2010-09-28,6029.5,0.0628241606069667,-0.0010194490621581,77.39559923984282,146.53039570264718,126.7464783340381,19.78391736860908,Normal,5771.114990234375,218.66492326538767,1.1816481853014449,NIFTY50,8.49758470221235,11.9893899204244,5.75
2010-09-29,5991.2998046875,-0.0789010119049857,-0.0063557042001228,71.81638710636793,141.79693400019278,129.75656946726903,12.040364532923746,Normal,5800.559985351562,205.66490456118115,0.9274300821664808,NIFTY50,8.49758470221235,11.9893899204244,5.75
2010-09-30,6029.9501953125,0.025425495778204,0.006430366859766,73.86890610319006,139.55568395268347,131.71639236435192,7.839291588331548,Normal,5828.464990234375,196.3695359857734,1.0260512358328424,NIFTY50,8.49758470221235,11.9893899204244,5.75
2010-10-01,6143.39990234375,0.3561276172136472,0.0186395677094109,78.7588394218383,145.25945973045873,134.42500583757328,10.834453892885447,Bubble,5861.327490234375,190.98972140224788,1.4768983903342952,NIFTY50,8.49758470221235,11.9893899204244,5.75
2010-10-04,6159.4501953125,0.3837205562236554,0.0026092006237768,79.34765459797362,149.35321671932343,137.41064801392332,11.942568705400106,Bubble,5895.330004882812,179.61207390954252,1.4705035395488264,NIFTY50,8.49758470221235,11.9893899204244,5.75
2010-10-05,6145.7998046875,0.3118254770000577,-0.0022186296457684,77.38296953541396,149.76962517391075,139.8824434459208,9.88718172798994,Normal,5923.772485351563,171.39357114325347,1.295423847317839,NIFTY50,8.49758470221235,11.9893899204244,5.75
2010-10-06,6186.4501953125,0.420214175799382,0.0065925581873924,79.04681583924902,151.6318609625605,142.23232694924877,9.399534013311722,Bubble,5952.894995117187,163.5015039005248,1.4284590332417315,NIFTY50,8.49758470221235,11.9893899204244,5.75
2010-10-07,6120.2998046875,0.1763871037293138,-0.0107503650775526,70.01967741498811,146.08592495267112,143.00304654993326,3.0828784027378617,Normal,5978.51748046875,145.77564731798063,0.9726063771782104,NIFTY50,8.49758470221235,11.9893899204244,5.75
2010-10-08,6103.4501953125,0.1086831569664591,-0.0027568659448782,67.89285180865676,138.73189314346746,142.1488158686401,-3.41692272517264,Normal,6001.6875,124.40829792439196,0.8179735356105056,NIFTY50,8.49758470221235,11.9893899204244,5.75
2010-10-11,6135.85009765625,0.1861663413017857,0.0052944167152087,69.79287834708977,133.97380466916638,140.51381362874537,-6.540008959578984,Normal,6020.480004882813,113.9239491051741,1.0126939390674383,NIFTY50,8.49758470221235,11.9893899204244,5.75
2010-10-12,6090.89990234375,0.0376491806405204,-0.0073527957677148,64.12335273724264,125.13342000289958,137.4377349035762,-12.304314900676616,Normal,6035.247509765625,101.7216119467532,0.5471049024199145,NIFTY50,8.49758470221235,11.9893899204244,5.75
2010-10-13,6233.89990234375,0.4106782942774775,0.0232062864649766,71.9342567021884,128.18857822730115,135.5879035683212,-7.399325341020045,Bubble,6053.894995117187,102.27081835591248,1.760080833616957,NIFTY50,8.49758470221235,11.9893899204244,5.75
2010-10-14,6177.35009765625,0.2130775712166485,-0.0091127317587619,65.83051103241772,124.61028668186373,133.3923801910297,-8.782093509165975,Normal,6071.327490234375,90.95334611483364,1.165681219556408,NIFTY50,8.49758470221235,11.9893899204244,5.75
2010-10-15,6062.64990234375,-0.1297734090892537,-0.0187424106095344,55.53705434232165,111.23684853236772,128.9612738592973,-17.724425326929577,Normal,6080.212475585938,79.7818266456656,-0.2201325036112321,NIFTY50,8.49758470221235,11.9893899204244,5.75
2010-10-18,6075.9501953125,-0.1072102436673231,0.0021914056290457,56.38861507466388,100.55241923859012,123.27950293515588,-22.72708369656576,Normal,6084.987475585937,76.27764360449538,-0.1184787553256916,NIFTY50,8.49758470221235,11.9893899204244,5.75
2010-10-19,6027.2998046875,-0.2358076844765587,-0.0080392708813106,52.43284850929127,87.15458826923623,116.05452000197197,-28.899931732735723,Normal,6085.899975585938,75.42580312027829,-0.7769247190512576,NIFTY50,8.49758470221235,11.9893899204244,5.75
2010-10-20,5982.10009765625,-0.3463252767004607,-0.0075274236555505,48.99397741694035,72.05882283754363,107.2553805690863,-35.19655773154267,Normal,6085.45498046875,76.03892099976477,-1.35923657849932,NIFTY50,8.49758470221235,11.9893899204244,5.75
2010-10-21,6101.5,-0.1003906521490919,0.0197629493798636,57.01426336994469,68.9352515570863,99.59135476668632,-30.656103209600005,Normal,6092.552490234375,70.05797189514085,0.1277157976970439,NIFTY50,8.49758470221235,11.9893899204244,5.75
2010-10-22,6066.0498046875,-0.1949294897710353,-0.0058270228909508,54.284987233133634,62.87448638015212,92.24798108937948,-29.37349470922736,Normal,6094.939990234375,68.18287985473496,-0.4237161235844827,NIFTY50,8.49758470221235,11.9893899204244,5.75
2010-10-25,6105.7998046875,-0.113251205552484,0.0065314874218655,56.783147400795386,60.58044544232416,85.91447395996842,-25.334028517644256,Normal,6098.447485351562,66.76185785010485,0.1101275424726113,NIFTY50,8.49758470221235,11.9893899204244,5.75
2010-10-26,6082.0,-0.1789365075962548,-0.0039055178654989,54.8504555463382,56.19418455650612,79.97041607927596,-23.776231522769848,Normal,6101.072485351562,64.9148102258238,-0.2938079197214521,NIFTY50,8.49758470221235,11.9893899204244,5.75
2010-10-27,6012.64990234375,-0.3423802009075068,-0.0114680223513407,49.55736053251277,46.58506428242799,73.29334571990637,-26.708281437478377,Normal,6102.139990234375,63.16662992207781,-1.4167304477224665,NIFTY50,8.49758470221235,11.9893899204244,5.75
2010-10-28,5987.7001953125,-0.3994102382991738,-0.0041581691829563,47.771286545311234,36.53537730414882,65.94175203675486,-29.40637473260604,Normal,6100.027490234375,66.33498982415375,-1.693334019039451,NIFTY50,8.49758470221235,11.9893899204244,5.75
2010-10-29,6017.7001953125,-0.3464407829642839,0.0049977612520853,50.10008329538227,30.638495742203304,58.88110077784456,-28.24260503564125,Normal,6093.742504882813,67.94459165340992,-1.1191811992661578,NIFTY50,8.49758470221235,11.9893899204244,5.75
2010-11-01,6117.5498046875,-0.1509986076975476,0.0164564986751347,56.976167019979016,33.63448619803239,53.83177786188213,-20.19729166384974,Normal,6091.647485351563,66.44126332399668,0.3898529022488042,NIFTY50,8.49758470221235,11.9893899204244,5.75
2010-11-02,6119.0,-0.1564194800421409,0.0002370268323075,57.06869652103386,35.71415827584042,50.208253944673785,-14.494095668833369,Normal,6090.307495117188,65.55598766713287,0.4376793928954527,NIFTY50,8.49758470221235,11.9893899204244,6.0
2010-11-03,6160.5,-0.072855625154533,0.0067592586021823,59.737278399871926,40.24707334220511,48.21601782418006,-7.968944481974944,Normal,6089.009985351562,63.78585108342177,1.1207817005520593,NIFTY50,8.49758470221235,11.9893899204244,6.0
2010-11-04,6281.7998046875,0.1913405569720328,0.0194985894406679,66.32595808290824,53.016184114659154,49.17605108227588,3.840133032383271,Bubble,6097.084985351563,76.84187808185898,2.4038300982071528,NIFTY50,8.49758470221235,11.9893899204244,6.0
2010-11-08,6273.2001953125,0.154714361155437,-0.0013699101106928,65.50751273891859,61.73029141798179,51.686899149417066,10.043392268564723,Bubble,6105.572485351562,86.36644952652387,1.940889209639884,NIFTY50,8.49758470221235,11.9893899204244,6.0
2010-11-09,6301.5498046875,0.2098107227354258,0.0045089814757519,66.9551602834882,70.1156116608363,55.37264165170092,14.742970009135377,Bubble,6113.857470703125,96.74754579078122,1.9400216558491743,NIFTY50,8.49758470221235,11.9893899204244,6.0
2010-11-10,6275.7001953125,0.1306081720225363,-0.0041105401852399,64.30498525605375,73.82419159713754,59.06295164078825,14.761239956349293,Normal,6123.097485351563,103.05852319618369,1.4807383729964831,NIFTY50,8.49758470221235,11.9893899204244,6.0
2010-11-11,6194.25,-0.0774972359083578,-0.0130636213262741,56.6907616909524,69.39102136165002,61.12856558496061,8.262455776689414,Normal,6121.114990234375,101.1791074376942,0.7228271885147962,NIFTY50,8.49758470221235,11.9893899204244,6.0
2010-11-12,6071.64990234375,-0.3524036362401028,-0.0199910616625139,47.56177798403802,55.34689419760343,59.97223130748917,-4.625337109885741,Normal,6115.82998046875,100.84714981874004,-0.4380895067873356,NIFTY50,8.49758470221235,11.9893899204244,6.0
2010-11-15,6121.60009765625,-0.264874999879693,0.0081931355022444,51.022284876722175,47.69755779260868,57.51729660451308,-9.8197388119044,Normal,6118.777490234375,100.06950799353918,0.0282064684684656,NIFTY50,8.49758470221235,11.9893899204244,6.0
2010-11-16,5988.7001953125,-0.5277151281475552,-0.021949123410368,42.90875517228575,30.559224436002296,52.125682170810926,-21.56645773480863,Normal,6114.414990234375,103.86466891057891,-1.210371113107845,NIFTY50,8.49758470221235,11.9893899204244,6.0
2010-11-18,5998.7998046875,-0.5160283682687545,0.0016850238606307,43.64220184525453,17.589168856768993,45.21837950800254,-27.62921065123355,Normal,6112.989990234375,105.30824993581857,-1.0843422582415876,NIFTY50,8.49758470221235,11.9893899204244,6.0
2010-11-19,5890.2998046875,-0.5915440362244325,-0.0182525196726287,37.99497720990521,-1.4282726239043768,35.88904908162116,-37.317321705525536,Normal,6108.399975585938,113.030995436204,-1.9295607373601864,NIFTY50,8.49758470221235,11.9893899204244,6.0
2010-11-22,6010.0,-0.5313033555426889,0.0201178515529526,46.257226416307546,-6.762967347378435,27.358645795821243,-34.12161314319968,Normal,6103.824975585938,115.15674573766884,-0.8147588314077101,NIFTY50,8.49758470221235,11.9893899204244,6.0
2010-11-23,5934.75,-0.5775384498793923,-0.0125998443718408,42.42954226645383,-16.868349625344308,18.51324671158813,-35.38159633693244,Normal,6097.259985351562,121.01714702043468,-1.34286743120891,NIFTY50,8.49758470221235,11.9893899204244,6.0
2010-11-24,5865.75,-0.6072830634051345,-0.0116945530075819,39.22444931011011,-30.09771352260668,8.791054664749169,-38.88876818735585,Normal,6085.257495117187,131.56959274227887,-1.6683755763169608,NIFTY50,8.49758470221235,11.9893899204244,6.0
2010-11-25,5799.75,-0.6348976804968155,-0.0113155379925759,36.392631727147005,-45.38456314556152,-2.044068897312968,-43.34049424824855,Normal,6071.144995117187,146.25523154325833,-1.8556258962737744,NIFTY50,8.49758470221235,11.9893899204244,6.0
2010-11-26,5751.9501953125,-0.6546079866446574,-0.0082758514669287,34.45264880839237,-60.65732646459219,-13.766720410768812,-46.890606053823376,Normal,6058.110009765625,162.46241505477133,-1.8844962654895223,NIFTY50,8.49758470221235,11.9893899204244,6.0
2010-11-29,5830.0,-0.6262462073456571,0.0134780386542123,40.070325537031245,-65.7057198424427,-24.154520297103595,-41.55119954533911,Normal,6050.225,169.7242123357803,-1.2975461601454363,NIFTY50,8.49758470221235,11.9893899204244,6.0
2010-11-30,5862.7001953125,-0.6147008938883354,0.0055932812811094,42.30147922290608,-66.30366807830887,-32.584349853344655,-33.71931822496422,Normal,6042.475,174.7518987563658,-1.0287430692706656,NIFTY50,8.49758470221235,11.9893899204244,6.0
2010-12-01,5960.89990234375,-0.5771062972463274,0.0166111783619885,48.50192726804074,-58.182953820973125,-37.70407064687035,-20.478883174102776,Normal,6034.642504882812,174.72046952108434,-0.4220604645877708,NIFTY50,8.49758470221235,11.9893899204244,6.0
2010-12-02,6011.7001953125,-0.5576009852323899,0.0084861429293017,51.41088929594994,-47.10507222787783,-39.584270963071845,-7.520801264805982,Normal,6029.277514648437,173.6378728857352,-0.1012297550287564,NIFTY50,8.49758470221235,11.9893899204244,6.0
2010-12-03,5992.7998046875,-0.5668796541961417,-0.0031488868744578,50.27307400991442,-39.39673379621763,-39.546763529701,0.1500297334833717,Normal,6020.892504882812,170.99664847317848,-0.1642880164386308,NIFTY50,8.49758470221235,11.9893899204244,6.0
2010-12-06,5992.25,-0.5684739664026366,-9.17484193800369e-05,50.23824240975032,-32.95233074025873,-38.22787697181255,5.275546231553818,Normal,6006.415014648437,159.62341233056225,-0.0887402069760479,NIFTY50,8.49758470221235,11.9893899204244,6.0
2010-12-07,5976.5498046875,-0.5763134613653206,-0.0026235219193067,49.19015506568437,-28.78020910322266,-36.33834339809457,7.558134294871913,Normal,5991.582495117187,146.79569887363195,-0.1024055237655697,NIFTY50,8.49758470221235,11.9893899204244,6.0
2010-12-08,5903.7001953125,-0.6074486376222916,-0.0122641396395734,44.54627215223506,-30.994838094396982,-35.26964233735505,4.274804242958069,Normal,5971.690014648438,128.3826347047394,-0.5295873502853713,NIFTY50,8.49758470221235,11.9893899204244,6.0
2010-12-09,5766.5,-0.6629597776740203,-0.0235139953982263,37.38745654088959,-43.32147367543803,-36.88000860497165,-6.4414650704663785,Normal,5946.230004882813,114.67951388649296,-1.567237240477888,NIFTY50,8.49758470221235,11.9893899204244,6.0
2010-12-10,5857.35009765625,-0.6303044677476376,0.0156319888658681,43.825107321520925,-45.23810089968174,-38.55162706391367,-6.686473835768069,Normal,5929.385009765625,100.1543729292884,-0.7192388110725183,NIFTY50,8.49758470221235,11.9893899204244,6.0
2010-12-13,5907.64990234375,-0.6120856339438728,0.0085508051279151,47.06995218437048,-42.21167797038834,-39.2836372452086,-2.9280407251797342,Normal,5921.185009765625,94.44446576377652,-0.1433128697633702,NIFTY50,8.49758470221235,11.9893899204244,6.0
2010-12-14,5944.10009765625,-0.598989582906101,0.0061510427131599,49.3530435074213,-36.45179624335924,-38.71726904483873,2.26547280147949,Normal,5912.310009765625,82.16125558075885,0.3869231022081613,NIFTY50,8.49758470221235,11.9893899204244,6.0
2010-12-15,5892.2998046875,-0.6209455913766109,-0.0087527667367456,46.29679302302693,-35.6558804120732,-38.10499131828563,2.449110906212425,Normal,5907.489990234375,80.24936876199685,-0.1892872901209475,NIFTY50,8.49758470221235,11.9893899204244,6.0
2010-12-16,5948.75,-0.6001864571535812,0.009534732799129,49.93531036969344,-30.12281532944689,-36.50855612051788,6.385740791070987,Normal,5904.9875,78.00098501072158,0.5610506071684155,NIFTY50,8.49758470221235,11.9893899204244,6.0
2010-12-20,5947.0498046875,-0.6021575569645884,-0.0002858480055131,49.825814764892776,-25.58014099813681,-34.32287309604167,8.742732097904856,Normal,5907.825,78.46937067458532,0.4998740827190592,NIFTY50,8.49758470221235,11.9893899204244,6.0
2010-12-21,6000.64990234375,-0.5821681546107921,0.0089725149718078,53.30226635940903,-17.45376282298548,-30.94905104143043,13.495288218444948,Normal,5907.357495117188,77.85403386806342,1.1982989524301564,NIFTY50,8.49758470221235,11.9893899204244,6.0
2010-12-22,5984.39990234375,-0.5900748639075899,-0.0027117133800074,52.123143854842496,-12.1843353316508,-27.196107899474505,15.011772567823703,Normal,5909.839990234375,79.54663933105456,0.9373106486507076,NIFTY50,8.49758470221235,11.9893899204244,6.0
2010-12-23,5980.0,-0.5931559984949099,-0.0007354990769299,51.78908281523799,-8.268003035870606,-23.410486926753727,15.14248389088312,Normal,5915.552490234375,80.31239510904534,0.8024603136056451,NIFTY50,8.49758470221235,11.9893899204244,6.0
2010-12-24,6011.60009765625,-0.5818393527097271,0.005270384359897,54.06606157908972,-2.584623754223685,-19.24531429224772,16.660690538024035,Normal,5926.144995117187,78.17740900905437,1.093092027764256,NIFTY50,8.49758470221235,11.9893899204244,6.0
2010-12-27,5998.10009765625,-0.5886225917162827,-0.0022481836293281,52.91623446471741,0.8206976060891975,-15.232111912580338,16.052809518669534,Normal,5938.452490234375,68.02733896604708,0.8768181782275196,NIFTY50,8.49758470221235,11.9893899204244,6.0
2010-12-28,5996.0,-0.5907836817951456,-0.000350188452758,52.72837089536155,3.311802589812032,-11.523329012101865,14.835131601913895,Normal,5946.752490234375,64.11282461879776,0.7681382010298436,NIFTY50,8.49758470221235,11.9893899204244,6.0
2010-12-29,6060.35009765625,-0.5663924170260258,0.0106749900626106,57.68557177140782,10.35912280217508,-7.146838649246477,17.505961451421555,Normal,5956.634985351562,65.68865369738621,1.5788892977237976,NIFTY50,8.49758470221235,11.9893899204244,6.0
2010-12-30,6101.85009765625,-0.550817116159374,0.0068244495895103,60.55818039859873,19.0730161559959,-1.902867688198001,20.975883844193906,Bubble,5963.682495117188,73.29137118512051,1.8851823933007965,NIFTY50,8.49758470221235,11.9893899204244,6.0
2010-12-31,6134.5,-0.5279257618572639,0.0053365553566281,62.70341841803953,28.287334883350923,4.135172826111784,24.15216205723914,Bubble,5969.822485351562,82.13589751602107,2.004939613843223,NIFTY50,8.49758470221235,11.9893899204244,6.0
2011-01-03,6157.60009765625,-0.4956606268441654,0.0037585318483364,64.18753943924071,37.02691050974408,10.713520362838244,26.31339014690584,Bubble,5978.0625,92.21094957397143,1.9470312201071664,NIFTY50,5.24131619937695,8.91179336483371,6.0
2011-01-04,6146.35009765625,-0.5183087467851435,-0.0018286815139022,62.87532763804317,42.554761379315096,17.081768566133615,25.47299281318148,Normal,5985.767504882812,99.60089134274412,1.612260599363964,NIFTY50,5.24131619937695,8.91179336483371,6.0
2011-01-05,6079.7998046875,-0.565921887221512,-0.0108866570081684,55.63020111523208,41.091888845098765,21.883792621926645,19.20809622317212,Normal,5990.930004882813,101.75059623613748,0.8734081478838995,NIFTY50,5.24131619937695,8.91179336483371,6.0
2011-01-06,6048.25,-0.580117588125644,-0.0052027945736062,52.53932506748349,36.96068647034099,24.89917139160952,12.061515078731473,Normal,5998.157495117188,100.35261586672114,0.4991649141397596,NIFTY50,5.24131619937695,8.91179336483371,6.0
2011-01-07,5904.60009765625,-0.6389391991479029,-0.0240372493118901,41.29035178154088,21.843533579843097,24.288043829256235,-2.4445102494131383,Normal,6005.0625,87.50233453777082,-1.14811110897144,NIFTY50,5.24131619937695,8.91179336483371,6.0
2011-01-10,5762.85009765625,-0.6933343639247171,-0.0242995637386114,33.63705180838804,-1.5570110902608576,19.119032845352816,-20.67604393561368,Crash,6000.3375,97.83925968665164,-2.427322151704204,NIFTY50,5.24131619937695,8.91179336483371,6.0
2011-01-11,5754.10009765625,-0.6975306736994284,-0.0015194997868653,33.22763166187491,-20.571033141307453,11.181019648020762,-31.75205278932821,Crash,5992.660009765625,110.67755071480666,-2.15544986827631,NIFTY50,5.24131619937695,8.91179336483371,6.0
2011-01-12,5863.25,-0.660422447577271,0.0187913961951567,42.61139293787071,-26.526516519790675,3.6395124144584745,-30.166028934249148,Normal,5988.617504882813,113.97204945009936,-1.099984649637301,NIFTY50,5.24131619937695,8.91179336483371,6.0
2011-01-13,5751.89990234375,-0.7023295461236657,-0.0191738393273167,36.91232873659484,-39.77282591403218,-5.042955251239658,-34.72987066279252,Normal,5981.597509765625,124.09153039788274,-1.851033722328835,NIFTY50,5.24131619937695,8.91179336483371,6.0
2011-01-14,5654.5498046875,-0.7370294508702817,-0.0170697217680403,32.78403411456864,-57.463556723534566,-15.52707554569864,-41.93648117783593,Crash,5966.8875,144.02649704431363,-2.168612732533519,NIFTY50,5.24131619937695,8.91179336483371,6.0
2011-01-17,5654.75,-0.7380272020708314,3.5403661761228884e-05,32.800678444789966,-70.65299056105323,-26.55225854876956,-44.10073201228367,Normal,5952.272509765625,160.08111942423088,-1.85857339601156,NIFTY50,5.24131619937695,8.91179336483371,6.0
2011-01-18,5724.0498046875,-0.7163156406684795,0.012180662758961,38.47971911664727,-74.65324073718875,-36.1724549864534,-38.48078575073535,Normal,5938.4425048828125,167.45984301436698,-1.2802633535069,NIFTY50,5.24131619937695,8.91179336483371,6.0
2011-01-19,5691.0498046875,-0.7285996714141775,-0.0057818316196177,36.88132730698745,-79.56906932832408,-44.85177785482754,-34.71729147349654,Normal,5923.775,175.85902445519648,-1.3233622558380047,NIFTY50,5.24131619937695,8.91179336483371,6.0
2011-01-20,5711.60009765625,-0.7228231714201907,0.0036044806065857,38.59199288569224,-80.87439235431793,-52.05630075472561,-28.81809159959232,Normal,5910.355004882813,181.49330078183263,-1.0951087801608712,NIFTY50,5.24131619937695,8.91179336483371,6.0
2011-01-21,5696.5,-0.7289800157284229,-0.0026472605158493,37.78171251156587,-82.18000203268275,-58.08104101031704,-24.098961022365707,Normal,5894.6,185.86576042523856,-1.0658229872289082,NIFTY50,5.24131619937695,8.91179336483371,6.0
2011-01-24,5743.25,-0.7144516692790643,0.0081733010341099,41.8523009127553,-78.53704662931978,-62.1722421341176,-16.36480449520218,Normal,5881.857495117188,187.12825052437768,-0.7407085500386855,NIFTY50,5.24131619937695,8.91179336483371,6.0
2011-01-25,5687.39990234375,-0.7345351339701977,-0.0097720676558611,38.60301886201746,-79.2431486576179,-65.58642343881766,-13.656725218800233,Normal,5866.427490234375,189.923281421822,-0.9426310800359567,NIFTY50,5.24131619937695,8.91179336483371,6.25
2011-01-27,5604.2998046875,-0.7628784266166465,-0.0147190591522661,34.332017777281735,-85.52237429159777,-69.5736136093737,-15.948760682224076,Normal,5843.624975585937,192.77093798075788,-1.2415002666134571,NIFTY50,5.24131619937695,8.91179336483371,6.25
2011-01-28,5512.14990234375,-0.7925599126613639,-0.0165793964047946,30.3252772296006,-96.81837092351545,-75.02256507220204,-21.79580585131339,Normal,5814.139965820313,196.26247872693284,-1.5387050313204924,NIFTY50,5.24131619937695,8.91179336483371,6.25
2011-01-31,5505.89990234375,-0.7953941170273857,-0.0011345021634778,30.068958641909248,-105.06374297503407,-81.03080065276845,-24.032942322265622,Normal,5782.7099609375,192.5568585418364,-1.437549722663387,NIFTY50,5.24131619937695,8.91179336483371,6.25
2011-02-01,5417.2001953125,-0.822061049083156,-0.0162411139605226,26.62897327709772,-117.40224479595328,-88.30508948140542,-29.097155314547848,Normal,5745.689965820313,187.8030750613148,-1.7491181675303564,NIFTY50,5.24131619937695,8.91179336483371,6.25
2011-02-02,5432.0,-0.8189901870345635,0.002728277403174,28.10686998305285,-124.55063365726072,-95.55419831657647,-28.996435340684243,Normal,5709.9724609375,175.09214947680078,-1.5875780939814803,NIFTY50,5.24131619937695,8.91179336483371,6.25
2011-02-03,5526.75,-0.793590192293994,0.0172925490766863,36.873614063742494,-121.1734382220202,-100.67804629766523,-20.495391924354948,Normal,5682.319970703125,156.2711808032661,-0.9955128636224776,NIFTY50,5.24131619937695,8.91179336483371,6.25
2011-02-04,5395.75,-0.8327037134628431,-0.0239883326761385,31.20748494509984,-127.59673594971446,-106.0617842280751,-21.53495172163936,Normal,5649.694970703125,143.4394620720531,-1.7703982365435995,NIFTY50,5.24131619937695,8.91179336483371,6.25
2011-02-07,5396.0,-0.833598391489596,4.633168856676948e-05,31.2292033643606,-131.15519729249718,-111.08046684095952,-20.07473045153766,Normal,5624.264965820313,140.93177105423024,-1.6196842210439322,NIFTY50,5.24131619937695,8.91179336483371,6.25
2011-02-08,5312.5498046875,-0.8564760655358848,-0.0155860291389192,28.04622641841361,-139.10551509547622,-116.68547649186289,-22.42003860361335,Normal,5601.749951171875,153.07299651488017,-1.8892956502374485,NIFTY50,5.24131619937695,8.91179336483371,6.25
2011-02-09,5253.5498046875,-0.8717919414370643,-0.0111679078178833,26.026477785018344,-148.45570123632297,-123.0395214407549,-25.41617979556807,Normal,5576.722436523438,167.12755104807718,-1.933688549908636,NIFTY50,5.24131619937695,8.91179336483371,6.25
2011-02-10,5225.7998046875,-0.879113937580413,-0.0052961425847933,25.11052245299152,-156.30321799924968,-129.69226075245385,-26.610957246795834,Normal,5544.849926757813,170.36064831547029,-1.8727923685727137,NIFTY50,5.24131619937695,8.91179336483371,6.25
2011-02-11,5310.0,-0.8608308852501411,0.0159839764499339,32.83448311247304,-153.9534993925772,-134.54450848047853,-19.408990912098687,Normal,5522.754931640625,170.74962879181743,-1.2460052367084289,NIFTY50,5.24131619937695,8.91179336483371,6.25
2011-02-14,5456.0,-0.8252786383809394,0.0271240852873136,43.6811744603363,-138.71137228601037,-135.3778812415849,-3.333491044425472,Normal,5512.82744140625,168.43997994103006,-0.3373750188413986,NIFTY50,5.24131619937695,8.91179336483371,6.25
2011-02-15,5481.0,-0.8193033698700662,0.0045716455228184,45.309840158744855,-123.19447643572494,-132.94120028041291,9.746723844687978,Normal,5504.13994140625,165.18411263477634,-0.1400857566575573,NIFTY50,5.24131619937695,8.91179336483371,6.25
2011-02-16,5481.7001953125,-0.820079198231399,0.0001277413960022,45.35750221525472,-109.5775826085992,-128.26847674605017,18.690894137450982,Normal,5492.0224609375,156.88355686035968,-0.065795713914032,NIFTY50,5.24131619937695,8.91179336483371,6.25
2011-02-17,5546.4501953125,-0.8026858123641991,0.0117428112159769,49.72119149764372,-92.49508650348798,-121.11379869753776,28.618712194049763,Normal,5484.79248046875,150.42774103893177,0.4098826082071693,NIFTY50,5.24131619937695,8.91179336483371,6.25
2011-02-18,5458.9501953125,-0.8292420923708148,-0.0159016193265479,44.54430731426726,-85.03734640400216,-113.89850823883064,28.86116183482848,Normal,5472.159985351563,140.6705988129631,-0.0939058349828064,NIFTY50,5.24131619937695,8.91179336483371,6.25
2011-02-21,5518.60009765625,-0.8136438302420648,0.0108677232792251,48.48225661601669,-73.46690429973023,-105.81218745101056,32.34528315128034,Normal,5463.264990234375,131.03273057026058,0.4222998878299672,NIFTY50,5.24131619937695,8.91179336483371,6.25
2011-02-22,5469.2001953125,-0.8287124084120352,-0.0089918334644996,45.594644490500364,-67.50524637879244,-98.15079923656695,30.64555285777452,Normal,5449.5625,113.34864922155556,0.1732503690812884,NIFTY50,5.24131619937695,8.91179336483371,6.25
2011-02-23,5437.35009765625,-0.8383239448022373,-0.0058405613764712,43.7839694132202,-64.60588974233087,-91.44181733771975,26.83592759538888,Normal,5437.060009765625,98.55980735809908,0.0029432676300881,NIFTY50,5.24131619937695,8.91179336483371,6.25
2011-02-24,5262.7001953125,-0.8851381097698843,-0.0326475876381304,35.46656093343033,-75.53025051620352,-88.25950397341651,12.729253457212993,Normal,5419.980029296875,97.6471516110322,-1.610695564483883,NIFTY50,5.24131619937695,8.91179336483371,6.25
2011-02-25,5303.5498046875,-0.8765214350836252,0.0077321306790641,38.413445026363846,-79.9698207391366,-86.60156732656054,6.631746587423947,Normal,5409.550024414062,98.42158775957952,-1.077001724311697,NIFTY50,5.24131619937695,8.91179336483371,6.25
2011-02-28,5333.25,-0.870208545742857,0.0055844376210012,40.53944513782953,-80.1675331596507,-85.31476049317857,5.147227333527866,Normal,5400.917529296875,97.08850143711082,-0.6969674914666031,NIFTY50,5.24131619937695,8.91179336483371,6.25
2011-03-01,5522.2998046875,-0.8234622057023754,0.0348335963566569,51.91745762021184,-64.32794983131225,-81.11739836080531,16.789448529493058,Normal,5406.172509765625,100.78993273836076,1.152171568794752,NIFTY50,5.24131619937695,8.91179336483371,6.25
2011-03-03,5536.2001953125,-0.8203000004810846,0.0025139753033331,52.635134917413886,-50.07607475404984,-74.90913363945421,24.83305888540437,Normal,5411.38251953125,104.80831023911,1.190913921772905,NIFTY50,5.24131619937695,8.91179336483371,6.25
2011-03-04,5538.75,-0.8203805799868162,0.000460463421972,52.77438133624386,-38.136005020393895,-67.55450791564215,29.418502895248253,Normal,5411.98251953125,105.53534592224317,1.2011850566363873,NIFTY50,5.24131619937695,8.91179336483371,6.25
2011-03-07,5463.14990234375,-0.842822520694879,-0.0137433149294111,48.24555982228883,-34.3774282042632,-60.91909197336636,26.54166376910316,Normal,5415.352514648437,106.06451476922038,0.4506444761408886,NIFTY50,5.24131619937695,8.91179336483371,6.25
2011-03-08,5520.7998046875,-0.8278514673879113,0.0104972133445312,51.652737967811966,-26.442056116291496,-54.02368480195139,27.581628685659894,Normal,5421.592504882812,108.50898729749576,0.91427726196259,NIFTY50,5.24131619937695,8.91179336483371,6.25
2011-03-09,5531.0,-0.8257659321506924,0.0018458890658586,52.25170060135368,-19.109859485501147,-47.040919738661344,27.9310602531602,Normal,5432.5150146484375,107.94820183104385,0.9123355802230704,NIFTY50,5.24131619937695,8.91179336483371,6.25
2011-03-10,5494.39990234375,-0.8369863926939561,-0.0066392570653005,49.864558548043895,-16.06715071902181,-40.84616593473344,24.779015215711624,Normal,5444.55751953125,100.08002738971712,0.4980252715000832,NIFTY50,5.24131619937695,8.91179336483371,6.25
2011-03-11,5445.4501953125,-0.8512956109589989,-0.0089489404819972,46.78600752201016,-17.404980585737576,-36.15792886493426,18.752948279196687,Normal,5455.5400390625,85.8510859219266,-0.1175272699424647,NIFTY50,5.24131619937695,8.91179336483371,6.25
2011-03-14,5531.5,-0.8289373631487734,0.0156785930275853,52.3547652517718,-11.390418647713886,-31.20442682149019,19.814008173776305,Normal,5466.6150390625,80.18815712560578,0.8091588990611811,NIFTY50,5.24131619937695,8.91179336483371,6.25
2011-03-15,5449.64990234375,-0.8528109654794523,-0.0149076579830952,47.28582209979783,-13.077702199929265,-27.579081897178007,14.501379697248744,Normal,5466.297534179687,80.24495096213428,-0.207460178320664,NIFTY50,5.24131619937695,8.91179336483371,6.25
2011-03-16,5511.14990234375,-0.8371074548814648,0.0112219265918863,51.11558774666034,-9.34463145366044,-23.932191808474496,14.587560354814055,Normal,5467.805029296875,80.81685355157289,0.5363345780248057,NIFTY50,5.24131619937695,8.91179336483371,6.25
2011-03-17,5446.64990234375,-0.85578851210723,-0.0117725722476733,47.23928772018397,-11.45866854471933,-21.437487155723463,9.978818611004131,Normal,5466.052514648438,80.87968652247186,-0.2398947515615924,NIFTY50,5.24131619937695,8.91179336483371,6.5
2011-03-18,5373.7001953125,-0.875725399533371,-0.0134840022122957,43.24492336114577,-18.803732142260746,-20.91073615303092,2.107004010770176,Normal,5457.415014648437,81.06592049653554,-1.0326758621030498,NIFTY50,5.24131619937695,8.91179336483371,6.5
2011-03-21,5364.75,-0.8787396048213912,-0.0016669439671844,42.7671213209204,-25.058099747687265,-21.74020887196219,-3.3178908757250767,Normal,5452.705004882812,83.66686767153011,-1.0512525128598946,NIFTY50,5.24131619937695,8.91179336483371,6.5
2011-03-22,5413.85009765625,-0.867372307992229,0.0091107262245092,46.27408460079666,-25.75586601015766,-22.543340299601283,-3.2125257105563776,Normal,5447.467504882812,82.59656632735299,-0.4070073215068902,NIFTY50,5.24131619937695,8.91179336483371,6.5
2011-03-23,5480.25,-0.8509754860747218,0.0121902174583247,50.675739399639966,-20.71217653013809,-22.177107545708644,1.4649310155705493,Normal,5448.019995117187,82.78632605624321,0.3893155599261224,NIFTY50,5.24131619937695,8.91179336483371,6.5
2011-03-24,5522.39990234375,-0.8403047525703538,0.0076618103661675,53.29175038827177,-13.162146391247006,-20.374115314816315,7.211968923569309,Normal,5452.272485351563,84.37846765716591,0.8311056000343413,NIFTY50,5.24131619937695,8.91179336483371,6.5
2011-03-25,5654.25,-0.8038058326427902,0.0235949440543164,60.37201565950145,3.421071865547674,-15.615077878743518,19.0361497442912,Bubble,5471.8499755859375,83.49802741906248,2.1844830357324208,NIFTY50,5.24131619937695,8.91179336483371,6.5
2011-03-28,5687.25,-0.7945266141694947,0.0058193524892336,61.92756832846506,19.00711384035185,-8.690639534924445,27.69775337527629,Bubble,5491.034985351563,86.80814358887984,2.260329578958679,NIFTY50,5.24131619937695,8.91179336483371,6.5
2011-03-29,5736.35009765625,-0.7800235245712901,0.0085963093239822,64.18053580417632,34.91861190896907,0.0312107538542578,34.88740115511481,Bubble,5511.189990234375,94.68405644695248,2.378015009823993,NIFTY50,5.24131619937695,8.91179336483371,6.5
2011-03-30,5787.64990234375,-0.7643998981106442,0.0089031835388419,66.41661322652035,51.07924453712985,10.24081751050938,40.83842702662047,Bubble,5524.457495117187,113.11904806552768,2.326685131527102,NIFTY50,5.24131619937695,8.91179336483371,6.5
2011-03-31,5833.75,-0.7500584393133504,0.0079336981520465,68.32993296193217,66.83610986183157,21.559875980773818,45.27623388105776,Bubble,5539.334985351563,132.62920808842614,2.219835426086128,NIFTY50,5.24131619937695,8.91179336483371,6.5
2011-04-01,5826.0498046875,-0.7535061342505325,-0.0013208110878279,67.636777662609,77.80530660284421,32.8089621051879,44.99634449765631,Bubble,5553.699975585938,147.308772821866,1.848836453419531,NIFTY50,5.24131619937695,8.91179336483371,6.5
2011-04-04,5908.4501953125,-0.7267084752516126,0.0140443555388361,71.02418501630216,92.08598698708192,44.66436708156671,47.421619905515215,Bubble,5575.964990234375,165.4390333788711,2.009714384130267,NIFTY50,5.24131619937695,8.91179336483371,6.5
2011-04-05,5910.0498046875,-0.7270334384528022,0.000270695838688,71.0874511656319,102.35274544923868,56.202042755101104,46.15070269413758,Normal,5595.427490234375,180.7914018926847,1.7402504276164663,NIFTY50,5.24131619937695,8.91179336483371,6.5
2011-04-06,5891.75,-0.7342726687668142,-0.0031011912855171,69.22528808902648,107.770275546236,66.5156893133281,41.25458623290791,Normal,5613.464990234375,191.69248799753487,1.4517262135447029,NIFTY50,5.24131619937695,8.91179336483371,6.5
2011-04-07,5885.7001953125,-0.7372271693127593,-0.0010273539890691,68.58564519502004,110.30402239307114,75.2733559292767,35.03066646379443,Normal,5633.030004882812,198.7399656394024,1.2713607432545175,NIFTY50,5.24131619937695,8.91179336483371,6.5
2011-04-08,5842.0,-0.7530346012787026,-0.0074525093314491,63.98639379198792,107.54607032628336,81.72789880867803,25.818171517605336,Normal,5652.857495117188,198.82200336582707,0.9513157582201568,NIFTY50,5.24131619937695,8.91179336483371,6.5
2011-04-11,5785.7001953125,-0.7726591114572972,-0.0096838142894209,58.53993352660121,99.66853291625102,85.31602563019263,14.352507286058398,Normal,5665.5675048828125,198.78078984740847,0.6043475857093928,NIFTY50,5.24131619937695,8.91179336483371,6.5
2011-04-13,5911.5,-0.7325317120864625,0.0215102166449027,65.58832853649447,102.39616143997046,88.7320527921482,13.66410864782226,Normal,5688.660009765625,199.20359213469064,1.1186544772932765,NIFTY50,5.24131619937695,8.91179336483371,6.5
2011-04-15,5824.5498046875,-0.7632816427200382,-0.0148178966049684,58.22092255607906,96.43008659527914,90.2716595527744,6.158427042504741,Normal,5704.330004882812,196.81738456263471,0.61081900906182,NIFTY50,5.24131619937695,8.91179336483371,6.5
2011-04-18,5729.10009765625,-0.795378874618801,-0.0165232423430688,51.395884122082734,83.0426714227824,88.825861926776,-5.783190503993595,Normal,5718.4525146484375,187.2558327480714,0.0568611554126458,NIFTY50,5.24131619937695,8.91179336483371,6.5
2011-04-19,5740.75,-0.7925736461593105,0.0020313964438487,52.13343276798192,72.53693754100732,85.56807704962226,-13.031139508614942,Normal,5736.805004882813,168.76282474069825,0.0233759723046159,NIFTY50,5.24131619937695,8.91179336483371,6.5
2011-04-20,5851.64990234375,-0.7584724721818089,0.0191337922513196,58.57733857688807,72.32603354662842,82.9196683490235,-10.593634802395073,Normal,5761.15,145.8275436664598,0.6205953969213379,NIFTY50,5.24131619937695,8.91179336483371,6.5
2011-04-21,5884.7001953125,-0.7483111048310079,0.0056321394742621,60.29292889808068,73.97305767906346,81.1303462150315,-7.157288535968036,Normal,5784.6925048828125,123.03405930124389,0.8128455729874176,NIFTY50,5.24131619937695,8.91179336483371,6.5
2011-04-25,5874.5,-0.752602951357709,-0.0017348455169341,59.47423359255468,73.60677259915701,79.62563149185661,-6.018858892699598,Normal,5804.405004882812,101.3640415556965,0.6915173669222016,NIFTY50,5.24131619937695,8.91179336483371,6.5
2011-04-26,5868.39990234375,-0.7554936435026011,-0.0010389423831735,58.95862958719896,71.99435601298592,78.09937639608248,-6.105020383096559,Normal,5821.705004882812,77.39215876660671,0.6033543734289225,NIFTY50,5.24131619937695,8.91179336483371,6.5
2011-04-27,5833.89990234375,-0.7678334651157357,-0.0058962939813224,56.00160527608031,67.15848141113747,75.91119739909348,-8.752715987956009,Normal,5830.6875,66.60773268912345,0.0482286697663642,NIFTY50,5.24131619937695,8.91179336483371,6.5
2011-04-28,5785.4501953125,-0.7844791633604566,-0.00833953490022,52.05328477602595,58.739418054932685,72.47684153026132,-13.73742347532864,Normal,5835.597509765625,58.617917342062434,-0.8554946461248709,NIFTY50,5.24131619937695,8.91179336483371,6.5
2011-04-29,5749.5,-0.7967079991729554,-0.0062332842541917,49.277078953758505,48.60606886995902,67.70268699820086,-19.096618128241843,Normal,5836.2550048828125,57.50937260809046,-1.508536799280049,NIFTY50,5.24131619937695,8.91179336483371,6.5
2011-05-02,5701.2998046875,-0.8124593123718955,-0.0084187097522263,45.75368032530155,36.267890037771394,61.41572760611497,-25.147837568343576,Crash,5831.9375,64.20233801137525,-2.0347809652874926,NIFTY50,5.24131619937695,8.91179336483371,6.5
2011-05-03,5565.25,-0.8537891622102572,-0.0241522774060545,37.5847947000108,15.334940549872044,52.19957019486639,-36.864629644994345,Crash,5818.5125,87.60893637319695,-2.890829525896206,NIFTY50,5.24131619937695,8.91179336483371,6.75
2011-05-04,5537.14990234375,-0.8622436260365413,-0.0050619970287562,36.14920567147001,-3.4818788397187745,41.06328038794936,-44.54515922766813,Crash,5804.0675048828125,107.79271814963052,-2.476211817653078,NIFTY50,5.24131619937695,8.91179336483371,6.75
2011-05-05,5459.85009765625,-0.8835025134413752,-0.0140585755813294,32.474552353234856,-24.35108780846167,27.98040674866715,-52.33149455712882,Crash,5781.6375,129.43071843780726,-2.4861748913058213,NIFTY50,5.24131619937695,8.91179336483371,6.75
2011-05-06,5551.4501953125,-0.8610490150908622,0.0166378553408576,40.22835977931872,-33.11697208423266,15.76093098208719,-48.877903066319845,Normal,5763.70751953125,135.40595840951028,-1.567562659073074,NIFTY50,5.24131619937695,8.91179336483371,6.75
2011-05-09,5551.10009765625,-0.8619241314972694,-6.306616896621993e-05,40.20935544769432,-39.635356761938965,4.68167343328196,-44.31703019522092,Normal,5746.675024414062,139.80543230100955,-1.398907921808986,NIFTY50,5.24131619937695,8.91179336483371,6.75
2011-05-10,5541.25,-0.8653545730658907,-0.0017760168329809,39.64192707311585,-45.07643110295521,-5.269947473965474,-39.80648362898974,Normal,5729.4525146484375,142.958360661273,-1.316484840605905,NIFTY50,5.24131619937695,8.91179336483371,6.75
2011-05-11,5565.0498046875,-0.859760990739341,0.0042858272397143,41.77976810748656,-46.92712964460043,-13.601383908092464,-33.32574573650796,Normal,5715.605004882813,144.88307605673575,-1.0391496667033486,NIFTY50,5.24131619937695,8.91179336483371,6.75
2011-05-12,5486.14990234375,-0.881770609961485,-0.01427921764981,37.08968110915699,-54.13633433405721,-21.708373993285413,-32.4279603407718,Normal,5700.627490234375,152.53658720460515,-1.4060730728355355,NIFTY50,5.24131619937695,8.91179336483371,6.75
2011-05-13,5544.75,-0.8675163983961174,0.0106248174561516,42.27291776208612,-54.49298167847155,-28.265295530322643,-26.22768614814891,Normal,5682.289990234375,147.82388111790564,-0.9304314647554957,NIFTY50,5.24131619937695,8.91179336483371,6.75
2011-05-16,5499.0,-0.8804232681068179,-0.0082852765975044,39.534304562352204,-57.800976245422135,-34.172431673342544,-23.62854457207959,Normal,5666.0125,149.2515236088561,-1.1190003020517898,NIFTY50,5.24131619937695,8.91179336483371,6.75
2011-05-17,5438.9501953125,-0.8964758829001765,-0.0109801940834807,36.21769419529224,-64.52430710633325,-40.24280675994069,-24.28150034639256,Normal,5651.5050048828125,156.71164025422027,-1.35634346769329,NIFTY50,5.24131619937695,8.91179336483371,6.75
2011-05-18,5420.60009765625,-0.9016942189737888,-0.0033795349947825,35.244666460817754,-70.5203797351096,-46.29832135497448,-24.222058380135124,Normal,5635.497509765625,163.3272199348843,-1.3157476885668598,NIFTY50,5.24131619937695,8.91179336483371,6.75
2011-05-19,5428.10009765625,-0.90067150139783,0.0013826543382725,36.001467990222274,-73.81621578631439,-51.80190024124246,-22.01431554507193,Normal,5614.32001953125,161.27158240574147,-1.1546976788910737,NIFTY50,5.24131619937695,8.91179336483371,6.75
2011-05-20,5486.35009765625,-0.8873289183213038,0.0106740242550093,41.70037496132901,-70.91048943570513,-55.623618080135,-15.286871355570137,Normal,5594.402514648437,150.35023392337297,-0.718671425860614,NIFTY50,5.24131619937695,8.91179336483371,6.75
2011-05-23,5386.5498046875,-0.9129425117642314,-0.0183581375255394,35.8157804270777,-75.78710339286954,-59.65631514268191,-16.130788250187635,Normal,5570.0050048828125,141.8564956971459,-1.293244974745302,NIFTY50,5.24131619937695,8.91179336483371,6.75
2011-05-24,5394.85009765625,-0.9117989149360488,0.0015397433883911,36.61689819017244,-78.08201000689678,-63.34145411552488,-14.740555891371898,Normal,5546.3275146484375,128.30254086930262,-1.180626790131088,NIFTY50,5.24131619937695,8.91179336483371,6.75
2011-05-25,5348.9501953125,-0.9231074660037696,-0.0085444964255447,34.08343565912482,-82.65172095975959,-67.20350748437183,-15.44821347538776,Normal,5522.080029296875,116.36386104367446,-1.4878316380323178,NIFTY50,5.24131619937695,8.91179336483371,6.75
2011-05-26,5412.35009765625,-0.9097207759618684,0.0117830808839346,40.23443234025678,-80.23253680754715,-69.8093133490069,-10.42322345854025,Normal,5503.425024414062,100.78299887696356,-0.9036735141112134,NIFTY50,5.24131619937695,8.91179336483371,6.75
2011-05-27,5476.10009765625,-0.895350947712381,0.0117097892354484,45.71937455022664,-72.33736361926003,-70.31492340305753,-2.0224402162024973,Normal,5489.755029296875,82.53975982030241,-0.1654345938291262,NIFTY50,5.24131619937695,8.91179336483371,6.75
2011-05-30,5473.10009765625,-0.8968643439877404,-0.0005479852448685,45.5077179509101,-65.5666454390439,-69.3652678102548,3.798622371210911,Normal,5478.345043945313,65.84106321929616,-0.0796607167717415,NIFTY50,5.24131619937695,8.91179336483371,6.75
2011-06-01,5592.0,-0.8676723601863442,0.0214918035789915,54.49858131715912,-50.02986097482426,-65.4981864431687,15.468325468344446,Normal,5479.682543945312,67.9376905062066,1.6532421873308554,NIFTY50,5.24131619937695,8.91179336483371,6.75
2011-06-02,5550.35009765625,-0.8797486359946172,-0.0074759985038833,51.3052402893364,-40.609525060481246,-60.52045416663122,19.91092910614997,Normal,5480.342553710938,68.58638795570707,1.0207206711413763,NIFTY50,5.24131619937695,8.91179336483371,6.75
2011-06-03,5516.75,-0.8893407432169678,-0.0060720876465728,48.81999603124986,-35.44648305959345,-55.50565994522367,20.059176885630222,Normal,5483.187548828125,68.87113866880024,0.4873224375347743,NIFTY50,5.24131619937695,8.91179336483371,6.75
2011-06-06,5532.0498046875,-0.8861781935341425,0.002769497997472,50.007519148108464,-29.776918917906187,-50.35991173976018,20.582992821853992,Normal,5482.217529296875,67.99007414940935,0.7329345645530216,NIFTY50,5.24131619937695,8.91179336483371,6.75
2011-06-07,5556.14990234375,-0.8806777172947885,0.0043469880130654,51.90072520299998,-23.0730996899556,-44.90254932979927,21.82944963984368,Normal,5482.47001953125,68.26815008640968,1.0792717060479984,NIFTY50,5.24131619937695,8.91179336483371,6.75
2011-06-08,5526.85009765625,-0.8891524089304207,-0.0052873541363392,49.44894877328949,-19.895184717885968,-39.90107640741661,20.00589168953064,Normal,5481.750024414063,67.68907374291028,0.6662829131549595,NIFTY50,5.24131619937695,8.91179336483371,6.75
2011-06-09,5521.0498046875,-0.8914098190786143,-0.0010500264399477,48.95590844787933,-17.641340976959327,-35.44912932132515,17.807788344365825,Normal,5479.550024414062,65.51947188079514,0.6333961352579545,NIFTY50,5.24131619937695,8.91179336483371,6.75
2011-06-10,5485.7998046875,-0.9011536322404858,-0.00640512440229,45.95694998346415,-18.48643387535504,-32.05659023213113,13.570156356776096,Normal,5479.53251953125,65.51766252481235,0.0956579480209124,NIFTY50,5.24131619937695,8.91179336483371,6.75
2011-06-13,5482.7998046875,-0.9026595689453428,-0.0005470160606905,45.70036465543405,-19.17718832423816,-29.480709850552536,10.303521526314375,Normal,5476.435009765625,63.71159607341888,0.0999001016163566,NIFTY50,5.24131619937695,8.91179336483371,6.75
2011-06-14,5500.5,-0.8990358274186342,0.0032231134450305,47.56064935166551,-18.087852858128823,-27.2021384520678,9.11428559393897,Normal,5476.510009765625,63.74043353647185,0.3763700512116549,NIFTY50,5.24131619937695,8.91179336483371,6.75
2011-06-15,5447.5,-0.9129813295913992,-0.0096822093607154,42.82909442054154,-21.256175750971124,-26.012945911848465,4.756770160877341,Normal,5476.9375,63.50350198705122,-0.463557112267643,NIFTY50,5.24131619937695,8.91179336483371,6.75
2011-06-16,5396.75,-0.9257518001837318,-0.0093598673037883,38.84411400489772,-27.54467743908389,-26.319292217295555,-1.2253852217883434,Normal,5475.744995117188,64.82725686625595,-1.218546008820962,NIFTY50,5.24131619937695,8.91179336483371,7.0
2011-06-17,5366.39990234375,-0.9333557373916338,-0.005639646083818,36.648040902539705,-34.578757179395325,-27.97118520971551,-6.607571969679814,Normal,5472.659985351563,68.5737631190163,-1.549573454549784,NIFTY50,5.24131619937695,8.91179336483371,7.0
2011-06-20,5257.89990234375,-0.9573908046970588,-0.0204255855337064,30.097138760867622,-48.35099905936113,-32.047147979644635,-16.303851079716495,Crash,5461.237475585937,83.56209738538634,-2.4333708655540254,NIFTY50,5.24131619937695,8.91179336483371,7.0
2011-06-21,5275.85009765625,-0.9546747623501284,0.0034081334163708,32.254654314478344,-57.15828410780341,-37.06937520527639,-20.088908902527024,Normal,5455.702490234375,92.00897230963372,-1.9547266757080528,NIFTY50,5.24131619937695,8.91179336483371,7.0
2011-06-22,5278.2998046875,-0.9549496358532472,0.0004642168432151,32.560570548225826,-63.21178397964286,-42.29785696014968,-20.91392701949318,Normal,5449.874975585937,99.45558896238217,-1.725143581054387,NIFTY50,5.24131619937695,8.91179336483371,7.0
2011-06-23,5320.0,-0.9473914662285904,0.007869264178642,37.71647508603394,-63.90768101692811,-46.61982177150536,-17.287859245422744,Normal,5448.427465820312,101.19721799301938,-1.269080992218295,NIFTY50,5.24131619937695,8.91179336483371,7.0
2011-06-24,5471.25,-0.9157983954593364,0.0280338061694149,52.03904066302904,-51.65907976674407,-47.62767337055311,-4.03140639619096,Normal,5451.3724609375,100.9487867315686,0.1969071616022063,NIFTY50,5.24131619937695,8.91179336483371,7.0
2011-06-27,5526.60009765625,-0.9030462260913608,0.0100657063873618,56.02439676784852,-37.05849743841827,-45.51383818412614,8.455340745707872,Normal,5453.8974609375,102.22336794272772,0.7112134747847753,NIFTY50,5.24131619937695,8.91179336483371,7.0
2011-06-28,5545.2998046875,-0.8990445262511613,0.003377871002539,57.31489299883191,-23.70526117939244,-41.1521227831794,17.446861603786964,Normal,5457.507446289063,104.19307215549448,0.8425930494440065,NIFTY50,5.24131619937695,8.91179336483371,7.0
2011-06-29,5600.4501953125,-0.8854995917091688,0.0098962996170586,60.95419264992535,-8.573717152469726,-34.636441657037466,26.06272450456774,Normal,5457.929956054688,104.78261748758672,1.360151546841212,NIFTY50,5.24131619937695,8.91179336483371,7.0
2011-06-30,5647.39990234375,-0.8735754235429841,0.0083482584310963,63.78493104130496,7.124463112169906,-26.284260703196,33.4087238153659,Normal,5462.782446289062,111.33046737837958,1.658283310957703,NIFTY50,5.24131619937695,8.91179336483371,7.0
2011-07-01,5627.2001953125,-0.8799392088910134,-0.0035832275147961,61.71196785028575,17.73104409066582,-17.481199744423634,35.21224383508945,Normal,5468.304956054688,116.7556430339702,1.360921280794808,NIFTY50,5.24131619937695,8.91179336483371,7.0
2011-07-04,5650.5,-0.8743097429689244,0.0041320193718407,63.19769945257765,27.69765413047662,-8.445428969443583,36.14308309992021,Normal,5474.227465820312,122.99675419289804,1.4331478528550132,NIFTY50,5.24131619937695,8.91179336483371,7.0
2011-07-05,5632.10009765625,-0.8801737333406422,-0.0032616450989141,61.17874824735815,33.72281048033801,-0.0117810794872639,33.73459155982528,Normal,5478.024975585938,126.77370845770054,1.2153554861236957,NIFTY50,5.24131619937695,8.91179336483371,7.0
2011-07-06,5625.4501953125,-0.8827521709938676,-0.0011814121090557,60.42739723647316,37.52859249932772,7.496293636275732,30.032298863051984,Normal,5482.95498046875,130.63087687501982,1.0908233815201358,NIFTY50,5.24131619937695,8.91179336483371,7.0
2011-07-07,5728.9501953125,-0.855041748397383,0.018231322343836,67.1828300617689,48.33906453700547,15.66484781642168,32.674216720583786,Normal,5493.35,141.63061580676327,1.663483519932906,NIFTY50,5.24131619937695,8.91179336483371,7.0
2011-07-08,5660.64990234375,-0.8756366335577777,-0.0119935925949386,59.91416024844151,50.809478636972926,22.69377398053193,28.115704656441,Normal,5502.092504882812,146.45441528711174,1.0826399269021645,NIFTY50,5.24131619937695,8.91179336483371,7.0
2011-07-11,5616.10009765625,-0.8887369236159974,-0.0079012191375856,55.68238678839919,48.61213228852012,27.87744564212957,20.734686646390543,Normal,5508.75751953125,148.5484315686469,0.7226099729999161,NIFTY50,5.24131619937695,8.91179336483371,7.0
2011-07-12,5526.14990234375,-0.9134198206712538,-0.0161461373519975,48.26921359150819,39.16106606707126,30.13416972711791,9.02689633995335,Normal,5510.040014648437,148.58410809426027,0.1084226832999725,NIFTY50,5.24131619937695,8.91179336483371,7.0
2011-07-13,5585.4501953125,-0.8992483416765222,0.0106736843373052,52.73657328606666,36.0406123005705,31.315458241808432,4.725154058762069,Normal,5516.937524414063,148.72996291077857,0.4606514353771279,NIFTY50,5.24131619937695,8.91179336483371,7.0
2011-07-15,5581.10009765625,-0.9011393102759268,-0.0007791301274212,52.37922822245339,32.83807677531331,31.61998194850941,1.218094826803899,Normal,5526.155029296875,146.58641825798114,0.3748305539649368,NIFTY50,5.24131619937695,8.91179336483371,7.0
2011-07-18,5567.0498046875,-0.9055470593574814,-0.0025206515038078,51.17311306682126,28.83392355687556,31.062770270182643,-2.2288467133070817,Normal,5536.187524414063,141.86755224824867,0.2175429108654274,NIFTY50,5.24131619937695,8.91179336483371,7.0
2011-07-19,5613.5498046875,-0.8942563614093867,0.0083180276074523,54.87638671259715,29.077576464857884,30.66573150911769,-1.588155044259807,Normal,5553.97001953125,126.61965931938327,0.4705413478168279,NIFTY50,5.24131619937695,8.91179336483371,7.0
2011-07-20,5567.0498046875,-0.9073452897354018,-0.0083180276074523,50.73258960220444,25.22770251567272,29.578125710428697,-4.35042319475598,Normal,5568.530004882812,108.38497438205988,-0.0136568763682537,NIFTY50,5.24131619937695,8.91179336483371,7.0
2011-07-21,5541.60009765625,-0.9146074949076493,-0.0045819702268381,48.5708508668332,19.893748262215013,27.641250220785963,-7.74750195857095,Normal,5581.69501953125,84.67400314026057,-0.4735210381937872,NIFTY50,5.24131619937695,8.91179336483371,7.0
2011-07-22,5633.9501953125,-0.8918877801084988,0.0165275440438265,55.91217070200613,22.85497424975074,26.68399502657892,-3.82902077682818,Normal,5597.392529296875,58.73317597395592,0.6224363898154528,NIFTY50,5.24131619937695,8.91179336483371,7.0
2011-07-25,5680.2998046875,-0.8800627479738454,0.0081931844630397,59.07007630373704,28.611972289845653,27.069590479232268,1.542381810613385,Normal,5607.84501953125,53.468495796985295,1.3550930146109588,NIFTY50,5.24131619937695,8.91179336483371,7.0
2011-07-26,5574.85009765625,-0.9098897291275188,-0.0187385851836119,50.25124153261902,24.38443603626183,26.532559590638183,-2.148123554376351,Normal,5610.25751953125,50.62256893558038,-0.6994394519973454,NIFTY50,5.24131619937695,8.91179336483371,7.25
2011-07-27,5546.7998046875,-0.917815896345936,-0.0050442789860771,48.19023473975184,18.55674823852405,24.93739732021536,-6.380649081691306,Normal,5610.33251953125,50.5222773076043,-1.2575188259415109,NIFTY50,5.24131619937695,8.91179336483371,7.25
2011-07-28,5487.75,-0.9332344676289857,-0.0107028142357157,44.09060674867506,9.068897330883374,21.763697322348964,-12.69479999146559,Crash,5604.697509765625,57.48741585135947,-2.034314954563389,NIFTY50,5.24131619937695,8.91179336483371,7.25
2011-07-29,5482.0,-0.9353428967569732,-0.0010483375695179,43.70074705991762,1.0733571914970526,17.625629296178584,-16.55227210468153,Normal,5596.427514648438,62.68324078466659,-1.8254881722137888,NIFTY50,5.24131619937695,8.91179336483371,7.25
2011-08-01,5516.7998046875,-0.9278310543584464,0.0063279487633646,46.76852821686758,-2.427134078722702,13.615076621198329,-16.04221069992103,Normal,5590.907495117188,64.66056588710252,-1.1461033384563946,NIFTY50,5.24131619937695,8.91179336483371,7.25
2011-08-02,5456.5498046875,-0.9430968474514408,-0.0109812605259517,42.4551544128656,-9.948292377855978,8.902402821387467,-18.850695199243447,Normal,5581.209985351563,69.60742370506519,-1.7909035276504797,NIFTY50,5.24131619937695,8.91179336483371,7.25
2011-08-03,5404.7998046875,-0.9556120978558768,-0.0095292746235235,39.117987824464784,-19.855772043810248,3.150767848347924,-23.006539892158173,Crash,5569.844970703125,78.80894699896767,-2.0942440205144086,NIFTY50,5.24131619937695,8.91179336483371,7.25
2011-08-04,5331.7998046875,-0.9719905442229632,-0.0135985558904857,34.94514953653963,-33.21512765623902,-4.122411252569465,-29.09271640366956,Crash,5555.162451171875,93.82744096379564,-2.380568458331519,NIFTY50,5.24131619937695,8.91179336483371,7.25
2011-08-05,5211.25,-0.9960853942253688,-0.022869105391128,29.372903756017465,-52.91984792416679,-13.88189858688893,-39.03794933727786,Crash,5529.27744140625,112.8438847828258,-2.8182957545135103,NIFTY50,5.24131619937695,8.91179336483371,7.25
2011-08-08,5118.5,-1.01200844343965,-0.0179583228351812,25.944996468701262,-75.15380428309436,-26.136279726130017,-49.01752455696435,Crash,5502.169946289063,141.18374764257507,-2.7175220426955446,NIFTY50,5.24131619937695,8.91179336483371,7.25
2011-08-09,5072.85009765625,-0.9437214954349776,-0.0089586182822995,24.433593905530145,-95.35870470246118,-39.980764721396255,-55.37793998106493,Crash,5475.007446289063,167.85074608808392,-2.395922317925059,NIFTY50,5.24131619937695,8.91179336483371,7.25
2011-08-10,5161.0,-1.0079381602428463,0.0172275500712012,32.59869405395172,-103.07014496141072,-52.598640769399154,-50.47150419201158,Normal,5456.749951171875,181.3142066658982,-1.631146045366671,NIFTY50,5.24131619937695,8.91179336483371,7.25
2011-08-11,5138.2998046875,-1.0121718695948294,-0.0044081117165453,31.65026989612133,-109.7481249047596,-64.02853759647125,-45.719587308288354,Normal,5434.392431640625,191.8705098704609,-1.5431898687975976,NIFTY50,5.24131619937695,8.91179336483371,7.25
2011-08-12,5072.9501953125,-0.961041796765649,-0.0127997065142169,29.031651398304348,-118.94254384294165,-75.01133884576534,-43.931204997176295,Normal,5408.984936523438,204.6406469595697,-1.6420723165389866,NIFTY50,5.24131619937695,8.91179336483371,7.25
2011-08-16,5035.7998046875,-0.8563441359380393,-0.0073501783859295,27.632023547075192,-127.75424176353408,-85.5599194293191,-42.19432233421499,Normal,5382.422436523438,217.14043543574635,-1.596306239049181,NIFTY50,5.24131619937695,8.91179336483371,7.25
2011-08-17,5056.60009765625,-0.914029988652862,0.0041219774525322,29.676271057948,-131.5428222706114,-94.75649999757756,-36.786322273033846,Normal,5354.574951171875,221.60658510850644,-1.3446119092973972,NIFTY50,5.24131619937695,8.91179336483371,7.25
2011-08-18,4944.14990234375,-0.598656871076391,-0.0224893002533369,25.48498853391186,-141.98240580084985,-104.201681158232,-37.78072464261784,Normal,5323.429956054688,233.61946516974075,-1.6234950860595652,NIFTY50,5.24131619937695,8.91179336483371,7.25
2011-08-19,4845.64990234375,-0.2797581955307084,-0.0201236646315247,22.48882769013961,-156.40108342937492,-114.6415616124606,-41.75952181691432,Normal,5288.632446289063,250.6246166488768,-1.7675141008432051,NIFTY50,5.24131619937695,8.91179336483371,7.25
2011-08-22,4898.7998046875,-0.4780833071785245,0.0109088621779677,27.445561435541293,-161.6755414023146,-124.0483575704314,-37.62718383188319,Normal,5251.874926757812,251.2227054316104,-1.4054267963706366,NIFTY50,5.24131619937695,8.91179336483371,7.25
2011-08-23,4948.89990234375,-0.6438719581873701,0.0101750726349027,31.868395896208497,-159.96890619597252,-131.23246729553964,-28.736438900432887,Normal,5215.304931640625,238.48676508521467,-1.1170642077420303,NIFTY50,5.24131619937695,8.91179336483371,7.25
2011-08-24,4888.89990234375,-0.4654091637925423,-0.0121980005988044,29.545521533444216,-161.5951161488856,-137.30499706620884,-24.290119082676767,Normal,5181.007421875,233.32650925688185,-1.2519259832994485,NIFTY50,5.24131619937695,8.91179336483371,7.25
2011-08-25,4839.60009765625,-0.3108575131225857,-0.0101352164678707,27.755364675339976,-164.9604204329462,-142.8360817395563,-22.124338693389888,Normal,5145.647436523437,228.51146014603057,-1.3393084910122546,NIFTY50,5.24131619937695,8.91179336483371,7.25
2011-08-26,4747.7998046875,-0.0057181136734553,-0.0191507811401737,24.74838901980904,-173.04026430619433,-148.8769182528839,-24.16334605331042,Normal,5108.649926757813,230.1034687844892,-1.5682080934133096,NIFTY50,5.24131619937695,8.91179336483371,7.25
2011-08-29,4919.60009765625,-0.6375770249430391,0.0355459345129728,38.23467134653597,-163.6937908155778,-151.8402927654227,-11.85349805015511,Normal,5080.529931640625,216.00918581491297,-0.7450138445606094,NIFTY50,5.24131619937695,8.91179336483371,7.25
2011-08-30,5001.0,-0.8613138644148234,0.0164106462002032,43.40959464684689,-148.0121593659842,-151.074666085535,3.062506719550811,Normal,5054.73994140625,190.4607342796685,-0.2821575880692531,NIFTY50,5.24131619937695,8.91179336483371,7.25
2011-09-02,5040.0,-0.953545765817499,0.0077681896465105,45.75461886463095,-130.9281215138417,-147.04535717119634,16.117235657354655,Normal,5033.912451171875,165.32598538039403,0.0368214882501301,NIFTY50,5.24131619937695,8.91179336483371,7.25
2011-09-05,5017.2001953125,-0.9028903476599984,-0.0045340339863097,44.59128148211778,-117.86992104619458,-141.21026994619598,23.3403489000014,Normal,5014.532470703125,140.40001968748425,0.0190008848667762,NIFTY50,5.24131619937695,8.91179336483371,7.25
2011-09-06,5064.2998046875,-1.0082179460127745,0.009343838129813,47.55764124156972,-102.53865644423422,-133.47594724580364,30.93729080156941,Normal,5001.157470703125,119.81818657647746,0.5269845570903592,NIFTY50,5.24131619937695,8.91179336483371,7.25
2011-09-07,5124.64990234375,-1.03404981897827,0.0118463247265334,51.16525469123148,-84.54419739668083,-123.68959727597908,39.14539987929825,Normal,4996.827465820313,113.20872428150936,1.1290864492527,NIFTY50,5.24131619937695,8.91179336483371,7.25
2011-09-08,5153.25,-1.0306443803056384,0.0055653726438439,52.82161594887575,-67.2010185874542,-112.39188153827412,45.19086295081992,Normal,4998.564965820313,115.41949012554554,1.3401985575523787,NIFTY50,5.24131619937695,8.91179336483371,7.25
2011-09-09,5059.4501953125,-1.016721166295118,-0.0183697632542546,47.17071497152475,-60.32983991042511,-101.97947321270432,41.64963330227923,Normal,4997.894970703125,115.00372254965212,0.5352454967951037,NIFTY50,5.24131619937695,8.91179336483371,7.25
2011-09-12,4946.7998046875,-0.7820994032285276,-0.0225169569397339,41.43730535124845,-63.24527421719267,-94.232633413602,30.98735919640933,Normal,4987.1849609375,108.82256128064289,-0.371110142738241,NIFTY50,5.24131619937695,8.91179336483371,7.25
2011-09-13,4940.9501953125,-0.7687110514745658,-0.0011832034704437,41.1575560968067,-65.27533803483402,-88.44117433784841,23.165836303014387,Normal,4977.31748046875,103.20119878044478,-0.3523920805766913,NIFTY50,5.24131619937695,8.91179336483371,7.25
2011-09-14,5012.5498046875,-0.9372338178433932,0.014387068747856,45.96608608842885,-60.41031562803073,-82.83500259588487,22.424686967854143,Normal,4974.2974609375,101.11810482036488,0.3782937172127107,NIFTY50,5.24131619937695,8.91179336483371,7.25
2011-09-15,5075.7001953125,-1.0477257047726805,0.0125197562500548,49.858084210723845,-50.87261374232367,-76.44252482517264,25.56991108284897,Normal,4976.29248046875,102.77541317695068,0.9672324515261014,NIFTY50,5.24131619937695,8.91179336483371,7.25
2011-09-16,5084.25,-1.0473611307631985,0.001683041066411,50.37920066636785,-42.13827469734224,-69.58167479960656,27.44340010226432,Normal,4977.674975585937,104.0900956687322,1.023872864458102,NIFTY50,5.24131619937695,8.91179336483371,7.25
2011-09-19,5031.9501953125,-0.9851352121360106,-0.0103399042407951,47.15105004844626,-38.98698750386848,-63.46273734045895,24.47574983659048,Normal,4982.064990234375,104.45261748210407,0.4775869315737544,NIFTY50,5.24131619937695,8.91179336483371,7.25
2011-09-20,5140.2001953125,-1.042234040982767,0.0212844054567253,53.75601197566404,-27.43840651178561,-56.257871174724286,28.81946466293867,Normal,4996.792504882813,104.9702488690271,1.36617462542762,NIFTY50,5.24131619937695,8.91179336483371,7.25
2011-09-21,5133.25,-1.0439857773639685,-0.0013530403595068,53.29546072686563,-18.6321161125843,-48.73272016229629,30.10060404971199,Normal,5008.5150146484375,106.53046112012612,1.1708856231356075,NIFTY50,5.24131619937695,8.91179336483371,7.25
2011-09-22,4923.64990234375,-0.824070578884721,-0.0416888813141348,41.69418881678254,-28.24050474547312,-44.63427707893166,16.393772333458543,Normal,5007.252514648438,107.42005382933672,-0.7782775126654756,NIFTY50,5.24131619937695,8.91179336483371,7.25
2011-09-23,4867.75,-0.6954301240007058,-0.0114182875257427,39.24084727446522,-39.90586691267436,-43.6885950456802,3.782728133005847,Normal,5006.19501953125,108.7424616055585,-1.273145903514965,NIFTY50,5.24131619937695,8.91179336483371,7.25
2011-09-26,4835.39990234375,-0.6163840241972373,-0.0066679826333158,37.85272148319186,-51.171262532915534,-45.18512854312728,-5.986133989788257,Normal,5005.985009765625,109.08465040923912,-1.5637865344199458,NIFTY50,5.24131619937695,8.91179336483371,7.25
2011-09-27,4971.25,-0.9495434957452872,0.0277074821594858,46.42373064201796,-48.57723407439698,-45.86354964938122,-2.713684425015764,Normal,5017.15751953125,91.23139447988258,-0.5031987047109411,NIFTY50,5.24131619937695,8.91179336483371,7.25
2011-09-28,4945.89990234375,-0.8984717684117498,-0.0051123867480918,45.17179625149049,-48.01351889486614,-46.29354349847821,-1.7199753963879305,Normal,5018.472509765625,89.93149231619772,-0.8069765724192642,NIFTY50,5.24131619937695,8.91179336483371,7.25
2011-09-29,5015.4501953125,-1.037934997738948,0.0139642563464044,49.21806554209002,-41.47652757556261,-45.33014031389509,3.85361273833248,Normal,5019.19501953125,89.84173168002992,-0.041682458126334,NIFTY50,5.24131619937695,8.91179336483371,7.25
2011-09-30,4943.25,-0.9051623541468988,-0.014500177519274,45.46686831501428,-41.641845939208,-44.59248143895768,2.95063549974968,Normal,5014.35751953125,91.2561371918454,-0.7792080808961063,NIFTY50,5.24131619937695,8.91179336483371,7.25
2011-10-03,4849.5,-0.7105480337772971,-0.0191474027673415,41.08785363791092,-48.775450401446506,-45.42907523145544,-3.346375169991063,Normal,5005.972509765625,98.40563796786016,-1.5900766764677594,NIFTY50,5.24131619937695,8.91179336483371,7.25
2011-10-04,4772.14990234375,-0.5281486233196862,-0.0160786902123192,37.84887140020544,-59.97898931849704,-48.33905804886376,-11.63993126963328,Normal,4991.365014648438,110.26119282724716,-1.9881438490162653,NIFTY50,5.24131619937695,8.91179336483371,7.25
2011-10-05,4751.2998046875,-0.4767360632230544,-0.0043786929339281,37.00212437333749,-69.73642515692973,-52.61853147047696,-17.117893686452767,Normal,4972.697509765625,117.85138080710942,-1.878617828334932,NIFTY50,5.24131619937695,8.91179336483371,7.25
2011-10-07,4888.0498046875,-0.826351756003999,0.0283751872871923,45.59850276557306,-65.67759084052341,-55.23034334448625,-10.447247496037155,Normal,4959.4375,111.1990832672777,-0.6419809697613496,NIFTY50,5.24131619937695,8.91179336483371,7.25
2011-10-10,4979.60009765625,-1.0110581353165211,0.0185561751443522,50.47114978945855,-54.44597259693637,-55.07346919497628,0.6274965980399045,Normal,4955.444995117187,108.8274045125845,0.2219579034090577,NIFTY50,5.24131619937695,8.91179336483371,7.25
2011-10-11,4974.35009765625,-1.0019772529848003,-0.0010548576964528,50.19350732450028,-45.44460818846255,-53.147696993673534,7.703088805210982,Normal,4956.822509765625,108.8865629277798,0.1609710823754292,NIFTY50,5.24131619937695,8.91179336483371,7.25
2011-10-12,5099.39990234375,-1.0704522717821567,0.0248281381596563,56.35250965254316,-27.898886888367088,-48.09793497261224,20.19904808424516,Normal,4964.744995117188,113.34401643335384,1.1880195484844094,NIFTY50,5.24131619937695,8.91179336483371,7.25
2011-10-13,5077.85009765625,-1.0740308886876413,-0.0042349037106111,55.08827245235869,-15.553375851814051,-41.58902314845261,26.03564729663856,Normal,4968.010009765625,115.70941670110072,0.9492752709519112,NIFTY50,5.24131619937695,8.91179336483371,7.25
2011-10-14,5132.2998046875,-1.067662976188141,0.0106659008419714,57.67218631811088,-1.3601540987247065,-33.54324933850703,32.183095239782325,Normal,4970.839990234375,119.12366374489976,1.3553966472932415,NIFTY50,5.24131619937695,8.91179336483371,7.25
2011-10-17,5118.25,-1.0703835111544848,-0.0027412799807702,56.76466718367092,8.654609625617923,-25.103677545682043,33.75828717129997,Normal,4972.539990234375,121.05426766542028,1.2036751167530095,NIFTY50,5.24131619937695,8.91179336483371,7.25
2011-10-18,5037.5,-1.0818673616459722,-0.0159026564777495,51.726639314064606,9.9607110093566,-18.09079983467432,28.051510844030915,Normal,4972.81748046875,121.20388847873237,0.5336670328246128,NIFTY50,5.24131619937695,8.91179336483371,7.25
2011-10-19,5139.14990234375,-1.0702564940268298,0.0199777498669856,56.911029775740346,18.97932155669332,-10.676775556400788,29.65609711309411,Normal,4972.764965820313,121.12775231732724,1.3736318336655542,NIFTY50,5.24131619937695,8.91179336483371,7.25
2011-10-20,5091.89990234375,-1.077643770991464,-0.0092366544650735,54.00751593032267,22.05966518715195,-4.129487407690241,26.18915259484219,Normal,4970.6974609375,118.57019032124016,1.0221999397814758,NIFTY50,5.24131619937695,8.91179336483371,7.25
2011-10-21,5049.9501953125,-1.083732105171079,-0.0082726417504344,51.49557638259452,20.87523225482346,0.8714565248124995,20.00377573001096,Normal,4977.012475585938,119.29372100641434,0.6114128984428302,NIFTY50,5.24131619937695,8.91179336483371,7.25
2011-10-24,5098.35009765625,-1.0785978257885378,0.0095385962017864,54.145522058583786,23.570324221248484,5.411230064099697,18.159094157148783,Normal,4988.54248046875,119.32144891804325,0.9202672125019375,NIFTY50,5.24131619937695,8.91179336483371,7.25
2011-10-25,5191.60009765625,-1.0664919341587182,0.0181249765158351,58.81418311608908,32.85200226649613,10.899384504578984,21.952617761917143,Normal,5006.352490234375,121.81745898813216,1.5206983379937538,NIFTY50,5.24131619937695,8.91179336483371,7.5
2011-10-28,5360.7001953125,-1.0390400425082025,0.0320526463628278,65.64509975328285,53.23905693245615,19.367318990154416,33.871737942301735,Bubble,5025.825,144.85871728837043,2.3117365774119323,NIFTY50,5.24131619937695,8.91179336483371,7.5
2011-10-31,5326.60009765625,-1.046531607181423,-0.0063814457238937,63.36285363606843,65.88487194964819,28.670829582053173,37.21404236759501,Normal,5044.860009765625,158.20172294514273,1.7808914002050371,NIFTY50,5.24131619937695,8.91179336483371,7.5
2011-11-01,5257.9501953125,-1.0601764694168974,-0.0129719001913616,58.92161802901994,69.56539154025813,36.849741973694165,32.71564956656397,Normal,5056.985009765625,164.97688756844488,1.218141453077778,NIFTY50,5.24131619937695,8.91179336483371,7.5
2011-11-02,5258.4501953125,-1.0608117191023652,9.508957091864604e-05,58.94418942811549,71.69610755523445,43.81901509000223,27.877092465232224,Normal,5072.74501953125,168.55658203333545,1.1017379062926342,NIFTY50,5.24131619937695,8.91179336483371,7.5
2011-11-03,5265.75,-1.0602590657625264,0.0013872419229389,59.29583882715414,73.13074289753513,49.6813606515088,23.449382246026325,Normal,5093.55751953125,165.2055316717046,1.0422924627664978,NIFTY50,5.24131619937695,8.91179336483371,7.5
2011-11-04,5284.2001953125,-1.0577156519998347,0.0034976874356026,60.22318036989616,74.8931566191659,54.72371984504022,20.16943677412567,Normal,5119.160034179688,151.9169587082461,1.0863840517619183,NIFTY50,5.24131619937695,8.91179336483371,7.5
2011-11-08,5289.35009765625,-1.057503534255515,0.0009741104185977,60.493731669641214,75.8313002447976,58.9452359249917,16.886064319805904,Normal,5146.062548828125,129.30280411662346,1.1081549994761777,NIFTY50,5.24131619937695,8.91179336483371,7.5
2011-11-09,5221.0498046875,-1.0703825170211605,-0.0129968897541936,55.13732527978375,70.25368227597846,61.20692519518906,9.046757080789405,Normal,5162.712548828125,114.97669106991748,0.5073833254072312,NIFTY50,5.24131619937695,8.91179336483371,7.5
2011-11-11,5168.85009765625,-1.0794983436093262,-0.0100482481499145,51.392005598352064,60.91906271072549,61.14935269829635,-0.2302899875708632,Normal,5172.175048828125,106.59561359218696,-0.0311921950615677,NIFTY50,5.24131619937695,8.91179336483371,7.5
2011-11-14,5148.35009765625,-1.083265203949413,-0.0039739515741497,49.95681873130033,51.27605236517684,59.17469263167245,-7.898640266495612,Normal,5180.875048828125,96.1930594106917,-0.3381216001563177,NIFTY50,5.24131619937695,8.91179336483371,7.5
2011-11-15,5068.5,-1.0950767329651776,-0.0156313781189563,44.71834380453172,36.76683644249442,54.69312139383685,-17.926284951342424,Normal,5179.330053710937,97.80517713216224,-1.1331716475619142,NIFTY50,5.24131619937695,8.91179336483371,7.5
2011-11-16,5030.4501953125,-1.100313347320255,-0.0075354336835401,42.434876981106406,21.94490978791509,48.1434790726525,-26.19856928473741,Normal,5176.96005859375,100.91838652098689,-1.4517658112853558,NIFTY50,5.24131619937695,8.91179336483371,7.5
2011-11-17,4934.75,-1.0549701434081409,-0.0192074691158173,37.278835436285625,2.448001132896934,39.00438348470139,-36.55638235180446,Crash,5167.082568359375,114.30010635911646,-2.0326539997208344,NIFTY50,5.24131619937695,8.91179336483371,7.5
2011-11-18,4905.7998046875,-1.004170305999162,-0.0058838742566838,35.85938681660372,-15.164669389642768,28.17057290983256,-43.335242299475325,Normal,5156.46005859375,128.1144801679601,-1.9565333565544667,NIFTY50,5.24131619937695,8.91179336483371,7.5
2011-11-21,4778.35009765625,-0.7520940347186473,-0.0263228197193875,30.375881630312705,-38.95788167743376,14.744881992379298,-53.70276366981306,Crash,5143.5025634765625,151.7114286314851,-2.40688832156005,NIFTY50,5.24131619937695,8.91179336483371,7.5
2011-11-22,4812.35009765625,-0.8364453171912786,0.0070902315249274,33.305882109252764,-54.44307214020591,0.9072911658622562,-55.35036330606817,Normal,5127.162573242187,168.83718384312482,-1.8645920787120287,NIFTY50,5.24131619937695,8.91179336483371,7.5
2011-11-23,4706.4501953125,-0.5917735777676397,-0.0222516007478609,29.18600750060429,-74.4027654573747,-14.154720158785135,-60.24804529858956,Crash,5107.890087890625,193.30107052625164,-2.076759800063326,NIFTY50,5.24131619937695,8.91179336483371,7.5
2011-11-25,4710.0498046875,-0.6053234794629407,0.0007645323740951,29.50520875143277,-88.90565872772277,-29.10490787257266,-59.800750855150106,Normal,5090.895068359375,212.6380690126486,-1.7910492953602797,NIFTY50,5.24131619937695,8.91179336483371,7.5
2011-11-28,4851.2998046875,-0.9638200374317584,0.0295481877939927,40.7848678068,-87.98734822753613,-40.88139594356536,-47.10595228397077,Normal,5078.542553710938,219.2550353529101,-1.036431152687876,NIFTY50,5.24131619937695,8.91179336483371,7.5
2011-11-29,4805.10009765625,-0.8746788986051792,-0.0095687958263616,38.60885562895859,-89.95061608056676,-50.695239970965645,-39.25537610960112,Normal,5059.217553710938,225.70384601983773,-1.125888905022703,NIFTY50,5.24131619937695,8.91179336483371,7.5
2011-11-30,4832.0498046875,-0.9323611611952676,0.0055928936571991,40.59975810296205,-88.31387647483007,-58.218967271738535,-30.09490920309153,Normal,5032.785034179688,219.40615273346447,-0.9149024628130707,NIFTY50,5.24131619937695,8.91179336483371,7.5
2011-12-01,4936.85009765625,-1.117920098096788,0.021456727931786,47.70238890134488,-77.66496735630608,-62.10816728865205,-15.55680006765403,Normal,5013.297534179687,208.9979985655526,-0.365780711050491,NIFTY50,5.24131619937695,8.91179336483371,7.5
2011-12-02,5050.14990234375,-1.1135021089109465,0.0226904307064776,54.0932441050789,-59.39857303075132,-61.56624843707191,2.1676754063205834,Normal,5002.90751953125,201.215677561713,0.2347848009905237,NIFTY50,5.24131619937695,8.91179336483371,7.5
2011-12-05,5039.14990234375,-1.1154861481491456,-0.0021805287921703,53.41081965743986,-45.28788148758758,-58.31057504717505,13.022693559587466,Normal,4991.9425048828125,192.3366086178144,0.245441561022539,NIFTY50,5.24131619937695,8.91179336483371,7.5
2011-12-07,5062.60009765625,-1.1135626224707735,0.0046428069267562,54.722219540979424,-31.845724310748665,-53.017604899889776,21.17188058914111,Normal,4981.785009765625,182.2133662799739,0.4435189884283879,NIFTY50,5.24131619937695,8.91179336483371,7.5
2011-12-08,4943.64990234375,-1.1273907966441803,-0.0237762995984096,47.42931830495623,-30.440109917234626,-48.50210590335875,18.06199598612413,Normal,4964.757495117187,167.80833726185662,-0.1257839337297047,NIFTY50,5.24131619937695,8.91179336483371,7.5
2011-12-09,4866.7001953125,-1.0401346127715618,-0.0156877755450972,43.39981937578644,-35.130387407232774,-45.82776220413356,10.697374796900789,Normal,4943.625,150.50028019934354,-0.5111273187372812,NIFTY50,5.24131619937695,8.91179336483371,7.5
2011-12-12,4764.60009765625,-0.8667984845873831,-0.0212025208269282,38.701564686350274,-46.54949707816104,-45.97210917893906,-0.577387899221975,Normal,4920.802514648438,140.49244765474128,-1.1118207391193986,NIFTY50,5.24131619937695,8.91179336483371,7.5
2011-12-13,4800.60009765625,-0.9356144816026232,0.0075273218012105,41.12183528328771,-52.09381950321131,-47.19645124379351,-4.897368259417796,Normal,4902.3900146484375,130.0131660543677,-0.7829200694152925,NIFTY50,5.24131619937695,8.91179336483371,7.5
2011-12-14,4763.25,-0.8675449432904995,-0.0078107220754484,39.38438445582923,-58.82349506802893,-49.521860008640594,-9.30163505938834,Normal,4883.135009765625,119.7834714422888,-1.000847682256271,NIFTY50,5.24131619937695,8.91179336483371,7.5
2011-12-15,4746.35009765625,-0.8355231777015516,-0.0035542861869057,38.58989028767484,-64.77382004146966,-52.572252015206416,-12.201568026263246,Normal,4867.027514648437,115.11422820781166,-1.048327551432935,NIFTY50,5.24131619937695,8.91179336483371,7.5
2011-12-16,4651.60009765625,-0.6480633943922282,-0.02016465475128,34.39998151051489,-76.25599692902051,-57.30900099796924,-18.94699593105128,Normal,4848.085009765625,117.9429065253974,-1.6659324235583803,NIFTY50,5.24131619937695,8.91179336483371,7.5
2011-12-19,4613.10009765625,-0.5616070927156738,-0.0083111640539186,32.8397225093435,-87.45421532320961,-63.33804386301731,-24.11617146019229,Normal,4832.002514648438,127.07938053713852,-1.7225644008251535,NIFTY50,5.24131619937695,8.91179336483371,7.5
2011-12-20,4544.2001953125,-0.3817508692016253,-0.0150483658615749,30.199833899944323,-100.72740752473146,-70.81591659536015,-29.91149092937131,Normal,4813.922534179687,140.98910583508953,-1.913072199937724,NIFTY50,5.24131619937695,8.91179336483371,7.5
2011-12-21,4693.14990234375,-0.7679560501370355,0.0322522404751971,41.2036264488565,-98.0967135886758,-76.27207599402328,-21.82463759465253,Normal,4809.662524414062,143.3872761028464,-0.8125729509412127,NIFTY50,5.24131619937695,8.91179336483371,7.5
2011-12-22,4733.85009765625,-0.8485043972348675,0.0086348675504924,43.81028582906048,-91.67097810286396,-79.35185641579142,-12.319121687072538,Normal,4805.737524414062,144.38080068395536,-0.4979015659787845,NIFTY50,5.24131619937695,8.91179336483371,7.5
2011-12-23,4714.0,-0.8122611440255485,-0.0042020410271277,42.8133576531486,-87.17537002128392,-80.91655913688993,-6.258810884393995,Normal,4806.115014648438,144.1171756820084,-0.6391674983395994,NIFTY50,5.24131619937695,8.91179336483371,7.5
2011-12-27,4750.5,-0.8810968809996014,0.0077130711507276,45.279144667798704,-79.74803753547258,-80.68285481660646,0.9348172811338884,Normal,4808.137524414063,142.97738882315852,-0.4031233531992363,NIFTY50,5.24131619937695,8.91179336483371,7.5
2011-12-28,4705.7998046875,-0.8016903886425655,-0.0094541267047618,42.84279298518434,-76.5859203987493,-79.86346793303504,3.2775475342857447,Normal,4800.862524414062,144.3605964826155,-0.6585087762366649,NIFTY50,5.24131619937695,8.91179336483371,7.5
2011-12-29,4646.25,-0.6888098831656005,-0.0127353063305805,39.7724971260511,-77.98611594591785,-79.4879975356116,1.5018815896937523,Normal,4792.92001953125,148.42773583233424,-0.9881577638355264,NIFTY50,5.24131619937695,8.91179336483371,7.5
2011-12-30,4624.2998046875,-0.6452487328002449,-0.0047354767071823,38.67236237107771,-79.94541731468598,-79.57948149142648,-0.3659358232595053,Normal,4782.53251953125,152.75172428426896,-1.0358816935465869,NIFTY50,5.24131619937695,8.91179336483371,7.5
2012-01-03,4765.2998046875,-0.9288902601460072,0.0300354872923812,48.5225681852591,-69.32156035500611,-77.52789726414241,8.206336909136297,Normal,4773.955004882812,148.38432896334947,-0.0583296110565026,NIFTY50,5.45638755166587,9.47899691419801,7.5
2012-01-04,4749.64990234375,-0.9032739482446276,-0.0032895426540406,47.60855745508723,-61.45646166638289,-74.31361014459051,12.85714847820762,Normal,4758.930004882813,133.40330160085082,-0.0695642643600321,NIFTY50,5.45638755166587,9.47899691419801,7.5
2012-01-05,4749.9501953125,-0.9039578171432208,6.322223372845206e-05,47.62894275341867,-54.57003377703222,-70.36489487107886,15.794861094046638,Normal,4744.47001953125,115.96460421899552,0.047257314575929,NIFTY50,5.45638755166587,9.47899691419801,7.5
2012-01-06,4754.10009765625,-0.9110725385248258,0.0008732913820035,47.93046393070818,-48.22175722345855,-65.9362673415548,17.714510118096243,Normal,4729.04501953125,88.74427438864443,0.282328953587189,NIFTY50,5.45638755166587,9.47899691419801,7.5
2012-01-09,4742.7998046875,-0.8926940487086616,-0.00237978675528,47.134664888677726,-43.59994845422261,-61.46900356408836,17.869055109865748,Normal,4719.002514648438,73.18048301788035,0.3251862936358027,NIFTY50,5.45638755166587,9.47899691419801,7.5
2012-01-10,4849.5498046875,-1.0636319952285067,0.0222582394442902,54.7738082912114,-30.966338182551223,-55.36847048778094,24.40213230522972,Bubble,4718.144995117187,71.43843947872199,1.8394132140785624,NIFTY50,5.45638755166587,9.47899691419801,7.5
2012-01-11,4860.9501953125,-1.0793594448886883,0.0023480553757015,55.513144396627006,-19.805884863633764,-48.25595336295151,28.450068499317744,Normal,4722.9625,77.70952784939269,1.7756856737044089,NIFTY50,5.45638755166587,9.47899691419801,7.5
2012-01-12,4831.25,-1.039810385179773,-0.0061286988873317,53.07871838109462,-13.2054782157511,-41.24585833351144,28.040380117760336,Normal,4724.494995117188,79.60040297228971,1.3411364879644614,NIFTY50,5.45638755166587,9.47899691419801,7.5
2012-01-13,4866.0,-1.0878970976666162,0.0071670110077358,55.53564902718332,-5.11164989372628,-34.0190166455544,28.90736675182812,Normal,4729.632495117187,85.3420661351422,1.5978931734189548,NIFTY50,5.45638755166587,9.47899691419801,7.5
2012-01-16,4873.89990234375,-1.0984946486019316,0.0016221735654996,56.098449543152526,1.918112652589116,-26.8315907859257,28.749703438514818,Normal,4736.009985351562,91.22045468664128,1.5116118141031485,NIFTY50,5.45638755166587,9.47899691419801,7.5
2012-01-17,4967.2998046875,-1.1538606998486902,0.018981975685772,62.19157956867108,14.854606998033889,-18.494351229133787,33.34895822716767,Bubble,4751.794970703125,102.46665487090932,2.1031703850962526,NIFTY50,5.45638755166587,9.47899691419801,7.5
2012-01-18,4955.7998046875,-1.1556037618782404,-0.0023178251959906,61.06772928166636,23.90337485275085,-10.014806012756855,33.918180865507715,Normal,4768.929956054688,106.62241343016402,1.752631952522899,NIFTY50,5.45638755166587,9.47899691419801,7.5
2012-01-19,5018.39990234375,-1.1506647635703604,0.0125525699241455,64.79695723112651,35.71420218896401,-0.8690043724126841,36.58320656137669,Bubble,4792.63994140625,106.74291853711014,2.1149877109553894,NIFTY50,5.45638755166587,9.47899691419801,7.5
2012-01-20,5048.60009765625,-1.1481460839094173,0.0059998581322633,66.46580420620151,46.969832324156414,8.698762966901135,38.27106935725528,Bubble,4810.412451171875,118.27422510199337,2.01385928573174,NIFTY50,5.45638755166587,9.47899691419801,7.5
2012-01-23,5046.25,-1.1491322626830325,-0.0004656032880075,66.20279347486837,55.06560504069876,17.97213138166066,37.0934736590381,Normal,4826.032446289062,127.87019006918266,1.7221961865528763,NIFTY50,5.45638755166587,9.47899691419801,7.5
2012-01-24,5127.35009765625,-1.1402172322657351,0.0159435823751942,70.53580580086354,67.25044210981923,27.82779352729238,39.42264858252685,Bubble,4846.699951171875,141.48889997387968,1.9835488616858703,NIFTY50,5.45638755166587,9.47899691419801,7.5
2012-01-25,5158.2998046875,-1.136632767967338,0.0060180544221871,72.01057140449277,78.49950257262208,37.96213533635832,40.53736723626376,Bubble,4867.08994140625,155.5783897134682,1.8717886450526795,NIFTY50,5.45638755166587,9.47899691419801,7.5
2012-01-27,5204.7001953125,-1.1304606634557155,0.0089550710620374,74.10334336455338,90.11974346857824,48.393656962802304,41.72608650577593,Bubble,4892.0349609375,167.8672982984631,1.862573816009659,NIFTY50,5.45638755166587,9.47899691419801,7.5
2012-01-30,5087.2998046875,-1.1488926358372462,-0.0228149014799429,61.56130124119891,88.8316418589302,56.48125394202789,32.35038791690231,Normal,4914.087451171875,162.77220643932475,1.0641396175961535,NIFTY50,5.45638755166587,9.47899691419801,7.5
2012-01-31,5199.25,-1.1348347709054778,0.0217671848514038,67.25300070091518,95.74061894913211,64.33312694344875,31.40749200568337,Normal,4942.8349609375,159.63996423500183,1.6062083219026415,NIFTY50,5.45638755166587,9.47899691419801,7.5
2012-02-01,5235.7001953125,-1.129767623084296,0.0069862036487603,68.86930025369185,102.97028189146567,72.06055793305214,30.909723958413537,Normal,4966.35498046875,166.6071542129637,1.6166485533956274,NIFTY50,5.45638755166587,9.47899691419801,7.5
2012-02-02,5269.89990234375,-1.1247276577305931,0.0065107804455657,70.34810230602298,110.18927898106904,79.68630214265552,30.50297683841352,Normal,4992.36748046875,171.53277398209218,1.6179556561242008,NIFTY50,5.45638755166587,9.47899691419801,7.5
2012-02-03,5325.85009765625,-1.115475304556303,0.0105609730960688,72.63808186462437,119.05273354650215,87.55958842342486,31.493145123077312,Normal,5021.1624755859375,176.94897263239753,1.721895400338297,NIFTY50,5.45638755166587,9.47899691419801,7.5
2012-02-06,5361.64990234375,-1.109331103995616,0.0066994037117504,74.02060340378014,127.49613412359122,95.54689756345812,31.949236560133087,Normal,5051.539965820312,180.7966835998621,1.7152412884396198,NIFTY50,5.45638755166587,9.47899691419801,7.5
2012-02-07,5335.14990234375,-1.1152219384750164,-0.0049547630502039,71.15459018786824,130.5444264945454,102.5464033496756,27.998023144869805,Normal,5081.157470703125,176.01309046747326,1.4430314868402478,NIFTY50,5.45638755166587,9.47899691419801,7.5
2012-02-08,5368.14990234375,-1.109548633713238,0.0061663421874561,72.57845961242379,134.07748260860353,108.8526192014612,25.224863407142337,Normal,5107.087475585938,178.28227088106016,1.464320739620702,NIFTY50,5.45638755166587,9.47899691419801,7.5
2012-02-09,5412.35009765625,-1.1013348653725463,0.0082000729066469,74.40113407408258,138.8435395022825,114.85080326162549,23.99273624065704,Normal,5134.657470703125,180.8323459039292,1.5356358154013816,NIFTY50,5.45638755166587,9.47899691419801,7.5
2012-02-10,5381.60009765625,-1.10841456308368,-0.0056976514863561,70.871772362137,138.54237564972573,119.58911773924552,18.953257910480204,Normal,5162.174975585937,173.9762106250791,1.2612363568670697,NIFTY50,5.45638755166587,9.47899691419801,7.5
2012-02-13,5390.2001953125,-1.107352070946261,0.0015967803430544,71.28208273899608,137.41363824893597,123.15402184118362,14.259616407752349,Normal,5188.384985351562,166.32613932548725,1.2133703744905742,NIFTY50,5.45638755166587,9.47899691419801,7.5
2012-02-14,5416.0498046875,-1.1027241725699646,0.0047842051923908,72.53442330390797,137.02540954320102,125.9282993815871,11.097110161613926,Normal,5215.49248046875,156.24834896538596,1.2835804381086937,NIFTY50,5.45638755166587,9.47899691419801,7.5
2012-02-15,5531.9501953125,-1.078456740423034,0.0211736793344172,77.31176057909904,144.40531383166217,129.6237022716021,14.781611560060073,Bubble,5243.725,160.01015795465383,1.8012931116172095,NIFTY50,5.45638755166587,9.47899691419801,7.5
2012-02-16,5521.9501953125,-1.0814776988682706,-0.0018093165986013,76.08211614593058,147.74392472625095,133.24774676253188,14.496177963719076,Normal,5272.03251953125,156.4312174887913,1.5976202179667711,NIFTY50,5.45638755166587,9.47899691419801,7.5
2012-02-17,5564.2998046875,-1.0721436216125324,0.0076400614043985,77.69974160042418,152.05427048011643,137.0090515060488,15.045218974067636,Normal,5299.3275146484375,157.46914762109336,1.682693365919819,NIFTY50,5.45638755166587,9.47899691419801,7.5
2012-02-21,5607.14990234375,-1.062292692943109,0.0076713960900223,79.23037427714992,157.1167512059501,141.03059144602906,16.08615975992103,Normal,5327.2550048828125,160.16859655355992,1.7475017168383655,NIFTY50,5.45638755166587,9.47899691419801,7.5
2012-02-22,5505.35009765625,-1.088254829588499,-0.0183221871842838,67.3953111196004,151.17179583139296,143.05883232310185,8.112963508291102,Normal,5350.210009765625,150.3751469237051,1.0316870245143477,NIFTY50,5.45638755166587,9.47899691419801,7.5
2012-02-23,5483.2998046875,-1.093957784845046,-0.0040132905790598,65.12604373323734,143.03231402383244,143.053528663248,-0.0212146394155468,Normal,5368.007495117187,143.51826489745702,0.8033284798467176,NIFTY50,5.45638755166587,9.47899691419801,7.5
2012-02-24,5429.2998046875,-1.106606473795856,-0.0098968976597498,59.81443503708219,130.71753694926247,140.58633032045088,-9.868793371188415,Normal,5381.557495117188,135.23074561096712,0.35304330649524,NIFTY50,5.45638755166587,9.47899691419801,7.5
2012-02-27,5281.2001953125,-1.1375037164949795,-0.0276567946126633,48.20290552549949,107.76533493842544,134.0221312440458,-26.256796305620355,Normal,5385.382495117187,130.98015262292026,-0.7954052405528838,NIFTY50,5.45638755166587,9.47899691419801,7.5
2012-02-28,5375.5,-1.1213230170241886,0.0176982113376386,54.28785021424401,96.07723704245836,126.43315240372831,-30.35591536126995,Normal,5399.792504882813,110.75140797213056,-0.2193426280316528,NIFTY50,5.45638755166587,9.47899691419801,7.5
2012-02-29,5385.2001953125,-1.1200779020233065,0.00180289344818,54.87509865237674,86.5988028521142,118.4662824934055,-31.867479641291297,Normal,5409.090014648437,100.34634193774784,-0.2380736444857941,NIFTY50,5.45638755166587,9.47899691419801,7.5
2012-03-01,5339.75,-1.129736028252044,-0.0084756509945485,51.53447148147224,74.56014164840144,109.68505432440467,-35.12491267600325,Normal,5414.292504882813,93.33614084101478,-0.7986456715602344,NIFTY50,5.45638755166587,9.47899691419801,7.5
2012-03-02,5359.35009765625,-1.126704797985056,0.0036638818972382,52.867025156562285,65.84199445968534,100.91644235146084,-35.07444789177549,Normal,5418.7650146484375,88.04617392881336,-0.6748154330956544,NIFTY50,5.45638755166587,9.47899691419801,7.5
2012-03-05,5280.35009765625,-1.1423195441537357,-0.0148503153997259,47.23030994282748,51.95920683935674,91.12499524904004,-39.16578840968329,Normal,5416.490014648438,91.1079293657119,-1.494270783454152,NIFTY50,5.45638755166587,9.47899691419801,7.5
2012-03-06,5222.39990234375,-1.1528310053136794,-0.0110353542461898,43.561255901578704,35.86744361514593,80.0734849222612,-44.20604130711527,Normal,5409.527514648437,100.36943514749046,-1.8643884169489229,NIFTY50,5.45638755166587,9.47899691419801,7.5
2012-03-07,5220.4501953125,-1.1538317702358392,-0.0003734051596396,43.43898808692649,22.69565883453652,68.59791970471626,-45.90226087017975,Normal,5403.792529296875,107.84170881927513,-1.7001059793259234,NIFTY50,5.45638755166587,9.47899691419801,7.5
2012-03-09,5333.5498046875,-1.1361051815694956,0.0214333786384319,51.87701235561599,21.13943550830936,59.10622286543488,-37.96678735712552,Normal,5402.062524414063,108.71755637689488,-0.6301900264300226,NIFTY50,5.45638755166587,9.47899691419801,7.5
2012-03-12,5359.5498046875,-1.131915431408146,0.0048629587655416,53.59105727981506,21.75334104464673,51.63564650127726,-29.88230545663053,Normal,5399.422509765625,109.09501842434612,-0.3654860290965147,NIFTY50,5.45638755166587,9.47899691419801,7.5
2012-03-13,5429.5,-1.1188961748206665,0.0129670687823846,57.932341547417394,27.56649240380375,46.82181568178256,-19.25532327797881,Normal,5401.8175048828125,109.20888600541603,0.2534820757700489,NIFTY50,5.45638755166587,9.47899691419801,7.5
2012-03-14,5463.89990234375,-1.1123082412114291,0.0063157539426588,59.91806249843188,34.550959411718395,44.36764442776973,-9.816685016051338,Normal,5405.502490234375,110.03652855693343,0.5307093278497974,NIFTY50,5.45638755166587,9.47899691419801,7.5
2012-03-15,5380.5,-1.1307686007613205,-0.0153814959591669,53.34380264470711,32.9763933829563,42.08939421880705,-9.113000835850748,Normal,5403.725,110.14426041988769,-0.2108598297493025,NIFTY50,5.45638755166587,9.47899691419801,7.5
2012-03-16,5317.89990234375,-1.1435700137194746,-0.0117028364396446,48.9980771167955,26.37321969117147,38.946159313279935,-12.572939622108464,Normal,5393.022485351563,107.39420111861696,-0.6995031596244189,NIFTY50,5.45638755166587,9.47899691419801,7.5
2012-03-19,5257.0498046875,-1.1550615854549338,-0.011508474451056,45.14785000732006,16.045104653050657,34.365948381234084,-18.320843728183423,Normal,5379.7774658203125,106.9909929528623,-1.1470840464756076,NIFTY50,5.45638755166587,9.47899691419801,7.5
2012-03-20,5274.85009765625,-1.1527969223229462,0.003380265684812,46.47289796191001,9.190392826923926,29.33083727037205,-20.140444443448125,Normal,5365.30498046875,100.07012838150985,-0.9039149272163156,NIFTY50,5.45638755166587,9.47899691419801,7.5
2012-03-21,5364.9501953125,-1.137776863774486,0.0169368313275983,52.70121512082355,10.902630464765934,25.64519590925083,-14.742565444484896,Normal,5353.194995117187,82.3486509725655,0.1427491532220599,NIFTY50,5.45638755166587,9.47899691419801,7.5
2012-03-22,5228.4501953125,-1.1637175968691795,-0.0257721883856936,44.29266897235885,1.230991799659023,20.76235508733247,-19.531363287673447,Normal,5339.35,78.6133503048028,-1.4106993819435916,NIFTY50,5.45638755166587,9.47899691419801,7.5
2012-03-23,5278.2001953125,-1.1564787108950962,0.0094702631138389,47.57572172152437,-2.391870308896614,16.131510008086654,-18.523380316983268,Normal,5329.09501953125,71.9413423093785,-0.7074489102508031,NIFTY50,5.45638755166587,9.47899691419801,7.5
2012-03-26,5184.25,-1.1725978880415435,-0.017959984312352,42.4838373596435,-12.6976397315957,10.365680060150185,-23.063319791745883,Normal,5316.842529296875,74.7881880302656,-1.7729073639705897,NIFTY50,5.45638755166587,9.47899691419801,7.5
2012-03-27,5243.14990234375,-1.1645996372290977,0.0112972609345154,46.3598459770673,-15.928690348948294,5.106805978330488,-21.035496327278786,Normal,5314.940014648438,76.21300633708861,-0.9419666767528032,NIFTY50,5.45638755166587,9.47899691419801,7.5
2012-03-28,5194.75,-1.1728967951928302,-0.0092739439324757,43.75072237764211,-22.13957759681489,-0.3424707366985871,-21.7971068601163,Normal,5305.902514648437,79.3077364097119,-1.4015343228838617,NIFTY50,5.45638755166587,9.47899691419801,7.5
2012-03-29,5178.85009765625,-1.1759080263060953,-0.0030654574390867,42.89661910080314,-28.021722748954744,-5.8783211391498185,-22.14340160980493,Normal,5295.585009765625,81.83095553734171,-1.4265373212720884,NIFTY50,5.45638755166587,9.47899691419801,7.5
2012-03-30,5295.5498046875,-1.159203814998396,0.0222837655949015,50.53015423003701,-23.001526820087747,-9.302962275337403,-13.698564544750342,Normal,5293.375,81.16959905772516,0.0267933402745201,NIFTY50,5.45638755166587,9.47899691419801,7.5
2012-04-02,5317.89990234375,-1.155981277814366,0.0042116618649978,51.8575083222691,-17.02328544660213,-10.847026909590353,-6.17625853701178,Normal,5291.302490234375,79.91588466114382,0.3328175896713438,NIFTY50,5.45638755166587,9.47899691419801,7.5
2012-04-03,5358.5,-1.1493007340818262,0.0076056149522496,54.25849117954599,-8.906726318767141,-10.45896679142571,1.5522404726585677,Normal,5295.209985351563,81.25159232641828,0.7789387609067068,NIFTY50,5.45638755166587,9.47899691419801,7.5
2012-04-04,5322.89990234375,-1.156645389651184,-0.0066658359018455,51.81814653816071,-5.285991472455862,-9.42437172763174,4.138380255175878,Normal,5300.2349853515625,79.60263638566555,0.2847257078569434,NIFTY50,5.45638755166587,9.47899691419801,7.5
2012-04-09,5234.39990234375,-1.1728283137883608,-0.0167660433523046,46.249298507525005,-9.44882324275477,-9.429262030656346,-0.0195612120984236,Normal,5300.932470703125,78.92499116855615,-0.8429848058808694,NIFTY50,5.45638755166587,9.47899691419801,7.5
2012-04-10,5243.60009765625,-1.1720708285568142,0.0017560980486462,46.88831494812452,-11.868703513727269,-9.917150327270532,-1.9515531864567368,Normal,5296.434985351562,79.5290391920373,-0.6643471143632566,NIFTY50,5.45638755166587,9.47899691419801,7.5
2012-04-11,5226.85009765625,-1.1754027241560037,-0.0031994831122376,45.820273708890056,-14.965547560629602,-10.926829773942346,-4.038717786687256,Normal,5289.8,79.521797403974,-0.7916056276238588,NIFTY50,5.45638755166587,9.47899691419801,7.5
2012-04-12,5276.85009765625,-1.1682317766295032,0.0095205264312807,49.51692966598665,-13.232698337425065,-11.38800348663889,-1.844694850786173,Normal,5282.167504882813,72.4158747212563,-0.0734287509062158,NIFTY50,5.45638755166587,9.47899691419801,7.5
2012-04-13,5207.4501953125,-1.18026453314306,-0.0132390172074444,44.93421398197622,-17.26042749951648,-12.562488289214407,-4.6979392103020725,Normal,5269.34501953125,60.22100034651,-1.0277946872786683,NIFTY50,5.45638755166587,9.47899691419801,7.5
2012-04-16,5226.2001953125,-1.1781454636901412,0.0035941438484491,46.37811809624551,-18.72362923620221,-13.79471647861197,-4.928912757590243,Normal,5261.630029296875,54.87806265736148,-0.6456101449059211,NIFTY50,5.45638755166587,9.47899691419801,7.5
2012-04-17,5289.7001953125,-1.1688391736473578,0.0120770964847559,51.05859474426005,-14.591110605559152,-13.953995304001408,-0.6371153015577438,Normal,5260.220043945313,53.70597726857507,0.5489175109832144,NIFTY50,5.45638755166587,9.47899691419801,8.0
2012-04-18,5300.0,-1.1677553937805234,0.0019452501478614,51.79360372391737,-10.365465029777624,-13.236289249156652,2.870824219379028,Normal,5262.3675537109375,54.42641890226585,0.691437119106431,NIFTY50,5.45638755166587,9.47899691419801,8.0
2012-04-19,5332.39990234375,-1.162766261162408,0.0060945793855567,54.12743077686336,-4.352041499623738,-11.459439699250067,7.107398199626331,Normal,5265.245043945312,56.59904377408565,1.186501642439145,NIFTY50,5.45638755166587,9.47899691419801,8.0
2012-04-20,5290.85009765625,-1.170881327141012,-0.007822467994285,50.73521494538022,-2.90558820748538,-9.748669400897132,6.843081193411752,Normal,5261.5400390625,51.96433174958065,0.5640418650045765,NIFTY50,5.45638755166587,9.47899691419801,8.0
2012-04-23,5200.60009765625,-1.186473229488385,-0.017204909624993,44.24846469675715,-8.938645164272202,-9.586664553572144,0.6480193892999431,Normal,5260.147534179688,53.25484955018975,-1.1181598864027869,NIFTY50,5.45638755166587,9.47899691419801,8.0
2012-04-24,5222.64990234375,-1.1839156933541,0.0042308948896583,46.06292424051067,-11.80457550959727,-10.030246744777171,-1.7743287648200994,Normal,5257.37001953125,53.71042390181231,-0.6464316358957061,NIFTY50,5.45638755166587,9.47899691419801,8.0
2012-04-25,5202.0,-1.1877113164286912,-0.0039617501875532,44.59901659492078,-15.56272311230623,-11.136742018282984,-4.425981094023246,Normal,5258.25751953125,52.57322300231701,-1.0700793354208245,NIFTY50,5.45638755166587,9.47899691419801,8.0
2012-04-26,5189.0,-1.1902871883395547,-0.0025021666408571,43.65834193431397,-19.366824816852382,-12.782758577996864,-6.584066238855522,Normal,5255.550024414062,54.74182711338413,-1.2157070365265714,NIFTY50,5.45638755166587,9.47899691419801,8.0
2012-04-27,5190.60009765625,-1.1907478291858198,0.0003083158607018,43.81542129014869,-21.99889870604875,-14.625986603607242,-7.372912102441507,Normal,5255.342529296875,54.991709428327546,-1.1773125860909248,NIFTY50,5.45638755166587,9.47899691419801,8.0
2012-04-30,5248.14990234375,-1.1830234290157893,0.0110262986963423,49.29130219886408,-19.21949754779962,-15.544688792445717,-3.674808755353903,Normal,5258.80751953125,52.02134817292631,-0.2048700689584771,NIFTY50,5.45638755166587,9.47899691419801,8.0
2012-05-02,5239.14990234375,-1.1851251831122482,-0.0017163621479385,48.495289924617104,-17.540827152616657,-15.943916464479903,-1.5969106881367523,Normal,5255.987524414062,51.45031921266397,-0.3272598173923035,NIFTY50,5.45638755166587,9.47899691419801,8.0
2012-05-03,5188.39990234375,-1.193561250240082,-0.0097339071323631,44.16419218635428,-20.074167131859213,-16.76996659795577,-3.304200533903444,Normal,5249.512524414063,51.397318796968,-1.1890235424871578,NIFTY50,5.45638755166587,9.47899691419801,8.0
2012-05-04,5086.85009765625,-1.207974976531181,-0.019766547986143,37.03640150975792,-29.93105133987592,-19.4021835463398,-10.528867793536122,Crash,5235.930029296875,56.70009513720897,-2.6292712786436256,NIFTY50,5.45638755166587,9.47899691419801,8.0
2012-05-07,5114.14990234375,-1.205558493138142,0.0053523909148913,39.84705107024013,-35.134824617925005,-22.548711760656843,-12.586112857268162,Normal,5225.492529296875,59.01423885306765,-1.8867078372448904,NIFTY50,5.45638755166587,9.47899691419801,8.0
2012-05-08,4999.9501953125,-1.2190702133401583,-0.0225832371441036,33.1755261621951,-47.9214062414776,-27.623250656821,-20.298155584656605,Crash,5213.770043945313,77.53186008240063,-2.7578320500187377,NIFTY50,5.45638755166587,9.47899691419801,8.0
2012-05-09,4974.7998046875,-1.2218687461705262,-0.005042821909914,31.908460266452167,-59.39956937256375,-33.97851439996955,-25.4210549725942,Crash,5200.330029296875,93.70077247910412,-2.4069195871322178,NIFTY50,5.45638755166587,9.47899691419801,8.0
2012-05-10,4965.7001953125,-1.2232663294552582,-0.0018308157369825,31.440580105298352,-68.44140882002375,-40.87109328398039,-27.57031553604336,Crash,5187.272534179688,107.0550133774017,-2.069705396103939,NIFTY50,5.45638755166587,9.47899691419801,8.0
2012-05-11,4928.89990234375,-1.2265966172661302,-0.0074384941865402,29.553252561085102,-77.68114789665105,-48.233104206514525,-29.44804369013653,Crash,5169.875024414063,119.30358268278366,-2.01984816089758,NIFTY50,5.45638755166587,9.47899691419801,8.0
2012-05-14,4907.7998046875,-1.2285759140422996,-0.0042900831877799,28.49698600477244,-85.71820313557055,-55.73012399232573,-29.988079143244818,Normal,5154.892504882812,132.42983474369427,-1.865838620681944,NIFTY50,5.45638755166587,9.47899691419801,8.0
2012-05-15,4942.7998046875,-1.2272417941723814,0.0071061963075779,32.7882172779957,-88.24617287392084,-62.23333376864476,-26.01283910527609,Normal,5140.722485351563,139.3779978041546,-1.4200425015587572,NIFTY50,5.45638755166587,9.47899691419801,8.0
2012-05-16,4858.25,-1.2330133565132813,-0.0172536419706753,28.36031638441869,-95.96583531779652,-68.97983407847511,-26.98600123932141,Normal,5119.149975585938,148.21520316395674,-1.7602780957451998,NIFTY50,5.45638755166587,9.47899691419801,8.0
2012-05-17,4870.2001953125,-1.2332400157182233,0.0024567533539605,29.8032429022673,-99.9670842125106,-75.17728410528221,-24.789800107228388,Normal,5097.659985351563,151.73037906481227,-1.4991051326768403,NIFTY50,5.45638755166587,9.47899691419801,8.0
2012-05-18,4891.4501953125,-1.2329974450202503,0.0043537788624831,32.41023726433865,-100.2675830991102,-80.1953439040478,-20.072239195062394,Normal,5075.6125,147.8117343400734,-1.2459247941966116,NIFTY50,5.45638755166587,9.47899691419801,8.0
2012-05-22,4860.5,-1.2351527115300418,-0.0063475097001328,30.626194649515867,-101.8293276295044,-84.52214064913913,-17.307186980365273,Normal,5054.094995117188,146.14411979231986,-1.3246854912281023,NIFTY50,5.45638755166587,9.47899691419801,8.0
2012-05-23,4835.64990234375,-1.2367677207397965,-0.0051257772033131,29.23473210248271,-103.87481244350874,-88.39267500801306,-15.482137435495687,Normal,5035.847485351563,149.63095874454964,-1.3379422593260966,NIFTY50,5.45638755166587,9.47899691419801,8.0
2012-05-24,4921.39990234375,-1.2342274057193303,0.017577486953404,39.456715536811664,-97.4531858739283,-90.2047771811961,-7.248408692732198,Normal,5020.784985351563,144.9254945823172,-0.6857667334118517,NIFTY50,5.45638755166587,9.47899691419801,8.0
2012-05-25,4920.39990234375,-1.2349846715360542,-0.0002032148638026,39.38526601025291,-91.39119142911204,-90.4420600307793,-0.9491313983327389,Normal,5006.70498046875,139.9883328268367,-0.6165162223323164,NIFTY50,5.45638755166587,9.47899691419801,8.0
2012-05-28,4985.64990234375,-1.2314795431701755,0.0131739583343908,46.22758288300662,-80.39514231788507,-88.43267648820046,8.037534170315382,Normal,4996.5374755859375,133.2749852714931,-0.0816925488305891,NIFTY50,5.45638755166587,9.47899691419801,8.0
2012-05-29,4990.10009765625,-1.2318167471117971,0.0008922027131203,46.6697453512989,-70.50881883181955,-84.84790495692428,14.339086125104728,Normal,4986.512475585938,125.20579655595694,0.0286538017328036,NIFTY50,5.45638755166587,9.47899691419801,8.0
2012-05-30,4950.75,-1.2356124655213947,-0.0079168889579334,43.28076774555728,-65.0986436192261,-80.89805268938464,15.799409070158546,Normal,4971.64248046875,109.1247028854466,-0.1914550960169137,NIFTY50,5.45638755166587,9.47899691419801,8.0
2012-05-31,4924.25,-1.238083143313759,-0.0053671014911858,41.11544325811616,-62.23199758520786,-77.16484166854929,14.932844083341422,Normal,4955.897485351563,89.43787724592006,-0.3538487979152764,NIFTY50,5.45638755166587,9.47899691419801,8.0
2012-06-01,4841.60009765625,-1.2432002244602,-0.0169267139815241,35.200413303953084,-65.87000788700061,-74.90587491223955,9.035867025238945,Normal,4938.557495117188,74.33089516305049,-1.3044023921446668,NIFTY50,5.45638755166587,9.47899691419801,8.0
2012-06-04,4848.14990234375,-1.2436797696789716,0.0013519039572866,35.98636373720822,-67.44715395593266,-73.41413072097818,5.966976765045516,Normal,4926.622485351562,68.17566522178883,-1.1510350907838682,NIFTY50,5.45638755166587,9.47899691419801,8.0
2012-06-05,4863.2998046875,-1.2438329575267366,0.0031200109335819,37.86366814770227,-66.70564195452971,-72.07243296768848,5.366791013158775,Normal,4914.07998046875,53.315074607789015,-0.95245436970338,NIFTY50,5.45638755166587,9.47899691419801,8.0
2012-06-06,4997.10009765625,-1.2377570028884026,0.0271405840386076,51.41534995505744,-54.6909793581508,-68.59614224578095,13.905162887630157,Normal,4913.937475585937,53.07674995797669,1.5668371205124003,NIFTY50,5.45638755166587,9.47899691419801,8.0
2012-06-07,5049.64990234375,-1.2338437951225214,0.010461150903908,55.51857209738829,-40.462515931692906,-62.96941698296335,22.50690105127044,Bubble,4917.67998046875,59.806353804679866,2.206620425414958,NIFTY50,5.45638755166587,9.47899691419801,8.0
2012-06-08,5068.35009765625,-1.232638102313938,0.0036964255001187,56.91311154221655,-27.361994636100462,-55.84793251359077,28.485937877490308,Bubble,4922.812475585937,67.98912150209127,2.1406015970633816,NIFTY50,5.45638755166587,9.47899691419801,8.0
2012-06-11,5054.10009765625,-1.2348214814108298,-0.0028155257153311,55.485580304200816,-17.922987984156862,-48.26294360770399,30.339955623547127,Normal,4929.072485351562,74.07091932697718,1.6879446541330003,NIFTY50,5.45638755166587,9.47899691419801,8.0
2012-06-12,5115.89990234375,-1.2289787461044854,0.0121535035157539,60.1534712934248,-5.393605327544719,-39.68907595167214,34.29547062412742,Bubble,4939.477490234375,84.76909658286858,2.0812114228079306,NIFTY50,5.45638755166587,9.47899691419801,8.0
2012-06-13,5121.4501953125,-1.2289969377691126,0.0010843223020839,60.55354632017119,4.927086567053266,-30.765843447927057,35.69293001498032,Bubble,4948.410009765625,94.04294217638868,1.8400124617785565,NIFTY50,5.45638755166587,9.47899691419801,8.0
2012-06-14,5054.75,-1.2374789037228129,-0.0131092449528796,53.58999830592911,7.636136299236568,-23.08544749849433,30.7215837977309,Normal,4958.235009765625,94.39173083562304,1.0224941250674713,NIFTY50,5.45638755166587,9.47899691419801,8.0
2012-06-15,5139.0498046875,-1.2291330632368245,0.0165398042112836,59.871057083766814,16.396360408648434,-15.189085917065778,31.58544632571421,Normal,4971.677490234375,100.1619830276355,1.6710163816040426,NIFTY50,5.45638755166587,9.47899691419801,8.0
2012-06-18,5064.25,-1.238893815921697,-0.0146621477647781,53.01494138727288,17.105994759655914,-8.73006978172144,25.83606454137736,Normal,4980.31748046875,100.33005954699348,0.8365640358454817,NIFTY50,5.45638755166587,9.47899691419801,8.0
2012-06-19,5103.85009765625,-1.235355389123762,0.0077891243179598,55.89455299758063,20.62601812678713,-2.858852200019726,23.484870326806856,Normal,4992.4849853515625,99.7890964160785,1.116004817203093,NIFTY50,5.45638755166587,9.47899691419801,8.0
2012-06-20,5120.5498046875,-1.2340871953929318,0.0032666409844854,57.08892821549205,24.480987216044014,2.6091156831930222,21.871871532850992,Normal,5006.72998046875,96.50316833602048,1.1794413197132922,NIFTY50,5.45638755166587,9.47899691419801,8.0
2012-06-21,5165.0,-1.229272146248672,0.0086432855573779,60.17993544059729,30.768161060577768,8.240924758669971,22.5272363019078,Normal,5018.909985351563,100.45829062473032,1.45423552142817,NIFTY50,5.45638755166587,9.47899691419801,8.0
2012-06-22,5146.0498046875,-1.2324600118354758,-0.0036757104286276,58.25340157131736,33.83167870802572,13.35907554854112,20.4726031594846,Normal,5030.19248046875,101.47851684360906,1.141693117148143,NIFTY50,5.45638755166587,9.47899691419801,8.0
2012-06-25,5114.64990234375,-1.2370958236982894,-0.0061204403714595,55.10551354686912,33.34148888634809,17.355558216102516,15.985930670245573,Normal,5036.64248046875,102.59190054173622,0.76036628099374,NIFTY50,5.45638755166587,9.47899691419801,8.0
2012-06-26,5120.7998046875,-1.237046382811861,0.0012016869331281,55.61144720982245,33.06806754480476,20.498060081842965,12.570007462961795,Normal,5043.177465820312,103.62863966801852,0.7490433061348328,NIFTY50,5.45638755166587,9.47899691419801,8.0
2012-06-27,5141.89990234375,-1.2351566105405876,0.0041120032719708,57.385862223631946,34.160203143867875,23.23048869424795,10.929714449619926,Normal,5052.7349609375,103.47015155825942,0.8617455378524846,NIFTY50,5.45638755166587,9.47899691419801,8.0
2012-06-28,5149.14990234375,-1.2349150705969054,0.001408991567823,58.007016068842375,35.204922452036044,25.625375445805567,9.579547006230476,Normal,5063.979956054687,100.96216864221518,0.843582773968376,NIFTY50,5.45638755166587,9.47899691419801,8.0
2012-06-29,5278.89990234375,-1.217837863883037,0.0248860906366406,67.216823466927,45.97266638348356,29.69483363334117,16.277832750142387,Bubble,5085.844946289062,97.56241089532094,1.9787841883266408,NIFTY50,5.45638755166587,9.47899691419801,8.0
2012-07-02,5278.60009765625,-1.2185493476590572,-5.679463652956444e-05,67.18016024873691,53.86111192298267,34.52808929126947,19.33302263171321,Bubble,5107.367456054688,89.51368678194773,1.9129213392660165,NIFTY50,5.45638755166587,9.47899691419801,8.0
2012-07-03,5287.9501953125,-1.2176667659773175,0.0017697545248749,67.77058884147242,60.17359286328247,39.65719000567207,20.516402857610395,Bubble,5128.5999755859375,78.22572327824864,2.0370565211618983,NIFTY50,5.45638755166587,9.47899691419801,8.0
2012-07-04,5302.5498046875,-1.215875904370937,0.0027571160235064,68.71693493821942,65.5981710673559,44.84538621800884,20.752784849347066,Bubble,5143.8724609375,80.97022221921857,1.9596999909472523,NIFTY50,5.45638755166587,9.47899691419801,8.0
2012-07-05,5327.2998046875,-1.2122709046396862,0.0046567064699189,70.3085835379645,71.07499819513487,50.09130861343405,20.983689581700816,Bubble,5157.754956054688,87.50356002141793,1.9375765807849807,NIFTY50,5.45638755166587,9.47899691419801,8.0
2012-07-06,5316.9501953125,-1.2147526042923216,-0.0019446391500623,68.73372619127805,73.73037826595737,54.81912254393872,18.91125572201865,Normal,5170.1849609375,91.69181286455644,1.6006361941146858,NIFTY50,5.45638755166587,9.47899691419801,8.0
2012-07-09,5275.14990234375,-1.222598332881448,-0.007892770948501,62.63178891532849,71.63607571121975,58.18251317739493,13.453562533824815,Normal,5181.237451171875,90.2741948950848,1.0403022844016294,NIFTY50,5.45638755166587,9.47899691419801,8.0
2012-07-10,5345.35009765625,-1.211530492436327,0.0132199458969235,67.8016117609321,74.77889042162587,61.50178862624112,13.277101795384752,Normal,5192.7099609375,95.93604526973866,1.591061381460735,NIFTY50,5.45638755166587,9.47899691419801,8.0
2012-07-11,5306.2998046875,-1.2191862124451347,-0.0073322852853336,62.6123672218928,73.27390546592869,63.85621199417864,9.417693471750049,Normal,5201.95244140625,97.59934220007626,1.0691400262446509,NIFTY50,5.45638755166587,9.47899691419801,8.0
2012-07-12,5235.25,-1.231708648747595,-0.01348015840175,54.44723496186818,65.59196524960225,64.20336264526337,1.3886026043388853,Normal,5210.97744140625,91.42099163304248,0.2655031208934814,NIFTY50,5.45638755166587,9.47899691419801,8.0
2012-07-13,5227.25,-1.2335837402778098,-0.001529271504729,53.59966230896066,58.18768769835424,63.000227655881545,-4.8125399575273065,Normal,5215.387451171875,89.88308313077782,0.1319775469969723,NIFTY50,5.45638755166587,9.47899691419801,8.0
2012-07-16,5197.25,-1.2386743683706665,-0.0057556876243089,50.42936112085102,49.33034559753651,60.26625124421254,-10.935905646676034,Normal,5222.037451171875,82.74958801521652,-0.2995477290752984,NIFTY50,5.45638755166587,9.47899691419801,8.0
2012-07-17,5192.85009765625,-1.2399625661062668,-0.0008469413317297,49.96260501266881,41.477674014231525,56.50853579821634,-15.030861783984818,Normal,5226.487451171875,78.33463745915645,-0.4294058746766246,NIFTY50,5.45638755166587,9.47899691419801,8.0
2012-07-18,5216.2998046875,-1.2373283005810134,0.0045056026517466,52.48667302302973,36.72324784730608,52.5514782080343,-15.828230360728211,Normal,5231.274951171875,74.34365196576687,-0.2014314079064941,NIFTY50,5.45638755166587,9.47899691419801,8.0
2012-07-19,5242.7001953125,-1.234097877636813,0.0050483691930537,55.22508476489909,34.685785597182075,48.97833968586385,-14.292554088681776,Normal,5235.1599609375,72.71027372488017,0.1037024616841739,NIFTY50,5.45638755166587,9.47899691419801,8.0
2012-07-20,5205.10009765625,-1.2404370703024128,-0.0071977371182622,50.73974932764724,29.69476566684716,45.12162488206052,-15.426859215213357,Normal,5238.112475585937,70.05168121367943,-0.4712574681682412,NIFTY50,5.45638755166587,9.47899691419801,8.0
2012-07-23,5117.9501953125,-1.253040336919499,-0.0168849265289552,42.18709740712469,18.49389156674806,39.796078218998026,-21.302186652249965,Normal,5238.277490234375,69.74877655544331,-1.7251527677510898,NIFTY50,5.45638755166587,9.47899691419801,8.0
2012-07-24,5128.2001953125,-1.2525102667568944,0.0020007520929255,43.395591087285695,10.325185174171564,33.901899610032736,-23.57671443586117,Normal,5238.647509765625,69.10945199861897,-1.5981506329312511,NIFTY50,5.45638755166587,9.47899691419801,8.0
2012-07-25,5109.60009765625,-1.2553956296880002,-0.0036336161263147,41.69244079917497,2.323767131349996,27.58627311429619,-25.262505982946195,Normal,5237.03251953125,71.81378767946929,-1.7744840648675495,NIFTY50,5.45638755166587,9.47899691419801,8.0
2012-07-26,5043.0,-1.2633796470327705,-0.0131199992829621,36.21212374188856,-9.2844601184388,20.2121264677492,-29.496586586187995,Crash,5231.725024414062,81.86929765119736,-2.3051990163409224,NIFTY50,5.45638755166587,9.47899691419801,8.0
2012-07-27,5099.85009765625,-1.2584894444316972,0.0112100035872987,43.088920936251554,-13.738368719131358,13.422027430373085,-27.160396149504443,Normal,5222.772534179688,86.11853570022635,-1.427363290886919,NIFTY50,5.45638755166587,9.47899691419801,8.0
2012-07-30,5199.7998046875,-1.2473621721673622,0.0194089790658275,52.73632658862972,-9.098139640609588,8.91799401617655,-18.01613365678614,Normal,5218.83251953125,85.22792870015807,-0.2233154686969965,NIFTY50,5.45638755166587,9.47899691419801,8.0
2012-07-31,5229.0,-1.2438711869764625,0.0055999294582788,55.12944441124308,-3.0295897149526354,6.528477269950713,-9.558066984903348,Normal,5215.885009765625,83.71774793195742,0.1566572269124387,NIFTY50,5.45638755166587,9.47899691419801,8.0
2012-08-01,5240.5,-1.242815502108758,0.0021968584221014,56.07278186244642,2.6768763489099,5.758157085742551,-3.0812807368326505,Normal,5212.78251953125,81.45620948495355,0.3402746168034017,NIFTY50,5.45638755166587,9.47899691419801,8.0
2012-08-02,5227.75,-1.2454022343773734,-0.0024359384433229,54.69972722905947,6.100154588699297,5.826556586333901,0.2735980023653965,Normal,5207.805029296875,77.01041484618005,0.2589905630681678,NIFTY50,5.45638755166587,9.47899691419801,8.0
2012-08-03,5215.7001953125,-1.2478409069202696,-0.0023076301048797,53.36962693786632,7.751454777695471,6.211536224606215,1.5399185530892563,Normal,5202.742529296875,72.66308849306529,0.1783252857035109,NIFTY50,5.45638755166587,9.47899691419801,8.0
2012-08-06,5282.5498046875,-1.2385581063729945,0.0127355536255731,59.28470360736454,14.289605191834198,7.827150018051812,6.462455173782386,Normal,5203.112524414062,73.06889314513955,1.0871559271556028,NIFTY50,5.45638755166587,9.47899691419801,8.0
2012-08-07,5336.7001953125,-1.2302105350519792,0.0101986223097219,63.34125081223556,23.568932487051825,10.975506511851815,12.59342597520001,Bubble,5202.680029296875,72.20314809340867,1.856154053591188,NIFTY50,5.45638755166587,9.47899691419801,8.0
2012-08-08,5338.0,-1.230624140553692,0.000243529967145,63.43542257080453,30.67415700980564,14.91523661144258,15.75892039836306,Normal,5204.2650390625,74.8952913976798,1.7856257508551818,NIFTY50,5.45638755166587,9.47899691419801,8.0
2012-08-09,5322.9501953125,-1.2339298101595468,-0.0028233533426232,61.46654246495481,34.69081109660965,18.870351508475995,15.820459588133655,Normal,5208.650048828125,79.24589349952412,1.4423478799574774,NIFTY50,5.45638755166587,9.47899691419801,8.0
2012-08-10,5320.39990234375,-1.2350182899047146,-0.000479227497763,61.120350358173525,37.23898325147911,22.54407785707662,14.694905394402491,Normal,5213.307543945312,83.04296524471243,1.2896018113377343,NIFTY50,5.45638755166587,9.47899691419801,8.0
2012-08-13,5347.89990234375,-1.2308699140508208,0.0051554720833495,63.50713709834813,41.0047707431695,26.2362164342952,14.768554308874304,Normal,5220.8400390625,88.18313361347423,1.4408635537741346,NIFTY50,5.45638755166587,9.47899691419801,8.0
2012-08-14,5380.35009765625,-1.2256141016934694,0.0060495037449832,66.14799466871567,46.07650278303299,30.204273704042755,15.872229078990236,Normal,5230.2150390625,94.77153844810772,1.5841787635003568,NIFTY50,5.45638755166587,9.47899691419801,8.0
2012-08-16,5362.9501953125,-1.229508873404922,-0.0032392127341304,63.49468115331202,48.13696726794933,33.790812416824075,14.346154851125256,Normal,5237.54755859375,99.20762826147678,1.2640422809850076,NIFTY50,5.45638755166587,9.47899691419801,8.0
2012-08-17,5366.2998046875,-1.2295311314584478,0.0006243883745507,63.79574839031056,49.46992717330522,36.92663536812031,12.543291805184914,Normal,5243.7275390625,103.31038176730708,1.1864467397001568,NIFTY50,5.45638755166587,9.47899691419801,8.0
2012-08-21,5421.0,-1.2199242553655445,0.010141678667502,68.38166122978873,54.314057469686304,40.40411978843351,13.9099376812528,Normal,5254.522534179688,110.11727538422774,1.5118196962232244,NIFTY50,5.45638755166587,9.47899691419801,8.0
2012-08-22,5412.85009765625,-1.2221630143446227,-0.0015045258717129,67.01953965031979,56.840217971114726,43.69133942496976,13.14887854614497,Normal,5269.267529296875,110.61021852849954,1.298094970514679,NIFTY50,5.45638755166587,9.47899691419801,8.0
2012-08-23,5415.35009765625,-1.222300549878971,0.0004617572633175,67.23514363442814,58.37108197683574,46.62728793534295,11.74379404149279,Normal,5283.625024414063,109.97012971370631,1.1978259331430918,NIFTY50,5.45638755166587,9.47899691419801,8.0
2012-08-24,5386.7001953125,-1.2285154251432706,-0.0053045428870169,62.21556845953468,56.61981704248046,48.62579375677045,7.994023285710014,Normal,5297.480029296875,104.19509829676169,0.8562798775957208,NIFTY50,5.45638755166587,9.47899691419801,8.0
2012-08-27,5350.25,-1.235967721210416,-0.0067896999946754,56.44211942685115,51.69479540752855,49.23959408692207,2.455201320606477,Normal,5312.842529296875,85.71071542800735,0.4364386706647593,NIFTY50,5.45638755166587,9.47899691419801,8.0
2012-08-29,5287.7998046875,-1.2475917706717632,-0.0117410453730199,48.19087099864048,42.26526378361996,47.84472802626165,-5.579464242641691,Normal,5322.240014648438,69.99071951467451,-0.4920682370427268,NIFTY50,5.45638755166587,9.47899691419801,8.0
2012-08-30,5315.0498046875,-1.2437675510031605,0.0051401389252244,51.52118895367024,36.56958785282404,45.58969999157413,-9.020112138750086,Normal,5328.002514648438,63.85480302771577,-0.2028462910662435,NIFTY50,5.45638755166587,9.47899691419801,8.0
2012-08-31,5258.5,-1.25382746846537,-0.0106965673623718,45.04948653856759,27.17932071997529,41.907624137254366,-14.728303417279072,Normal,5329.477514648437,61.753700362258925,-1.1493645600517794,NIFTY50,5.45638755166587,9.47899691419801,8.0
2012-09-03,5253.75,-1.2552113257121895,-0.0009037076407566,44.543355725087416,19.133620593440355,37.35282342849156,-18.21920283505121,Normal,5330.1400146484375,60.81280634564172,-1.2561501308500649,NIFTY50,5.45638755166587,9.47899691419801,8.0
2012-09-04,5274.0,-1.2527450000460685,0.0038469805939055,47.26355002012979,14.227347040246968,32.727728150842644,-18.50038111059568,Normal,5332.4525146484375,57.50367673235182,-1.0165004738827743,NIFTY50,5.45638755166587,9.47899691419801,8.0
2012-09-05,5225.7001953125,-1.2608993462613838,-0.0092002903863314,41.974940975276105,6.368289642699892,27.455840449214097,-21.087550806514205,Normal,5332.9525146484375,56.46924525341619,-1.8993049907896389,NIFTY50,5.45638755166587,9.47899691419801,8.0
2012-09-06,5238.39990234375,-1.259707989184636,0.0024272920075337,43.756978240558354,1.1514174318144796,22.19495584573417,-21.04353841391969,Normal,5330.74501953125,59.3335975466393,-1.5563714489908065,NIFTY50,5.45638755166587,9.47899691419801,8.0
2012-09-07,5342.10009765625,-1.2443478178324952,0.0196027628214421,55.7164972094152,5.323383075772654,18.82064129174187,-13.497258215969218,Normal,5331.0150146484375,59.3743945751196,0.1866980385591606,NIFTY50,5.45638755166587,9.47899691419801,8.0
2012-09-10,5363.4501953125,-1.2411950600101982,0.0039886087827091,57.71031072259085,10.234493486484098,17.10341173069032,-6.86891824420622,Normal,5332.287524414062,59.803151296282266,0.5210874380858078,NIFTY50,5.45638755166587,9.47899691419801,8.0
2012-09-11,5390.0,-1.2369621126618715,0.0049379237644572,60.115205483463576,16.083530296313256,16.899435443814905,-0.815905147501649,Normal,5335.6400146484375,61.11709275189444,0.8894399734005265,NIFTY50,5.45638755166587,9.47899691419801,8.0
2012-09-12,5431.0,-1.2297684156985496,0.0075778941318024,63.56133248712192,23.753476169583337,18.27024358896859,5.483232580614747,Normal,5341.17001953125,64.57159559888878,1.3911686653488282,NIFTY50,5.45638755166587,9.47899691419801,8.0
2012-09-13,5435.35009765625,-1.229522451691872,0.0008006548380166,63.91755365872749,29.839014473987845,20.58399776597244,9.255016708015404,Normal,5345.542529296875,67.92509309429109,1.322155984898065,NIFTY50,5.45638755166587,9.47899691419801,8.0
2012-09-14,5577.64990234375,-1.2007293699163832,0.025843589333311,73.16067746959948,45.61839198699545,25.590876610177045,20.027515376818403,Bubble,5355.40751953125,85.3409423327636,2.6041707149884394,NIFTY50,5.45638755166587,9.47899691419801,8.0
2012-09-17,5610.0,-1.1937093852533236,0.0057831963105691,74.74459686417062,60.04191900267506,32.48108508867665,27.560833913998408,Bubble,5367.760009765625,102.62020196620836,2.360548757389328,NIFTY50,5.45638755166587,9.47899691419801,8.0
2012-09-18,5600.0498046875,-1.1966866806831835,-0.0017752281388536,73.31150394826456,69.8644169643594,39.9577514638132,29.906665500546204,Bubble,5379.447509765625,115.00839206933432,1.918140850007554,NIFTY50,5.45638755166587,9.47899691419801,8.0
2012-09-20,5554.25,-1.2081101390621285,-0.0082120909206513,66.94863503579919,73.11038488560098,46.58827814817076,26.52210673743022,Normal,5386.110009765625,121.23339771383192,1.3869114732828358,NIFTY50,5.45638755166587,9.47899691419801,8.0
2012-09-21,5691.14990234375,-1.052657840226227,0.0243489190456501,74.16623421893752,85.74114529706549,54.4188515779497,31.322293719115784,Bubble,5400.025,139.1165664967003,2.0926688292774647,NIFTY50,5.45638755166587,9.47899691419801,8.0
2012-09-24,5669.60009765625,-1.1037781412049137,-0.0037937337823013,71.51866311846973,92.94086039881586,62.123253342122936,30.81760705669292,Normal,5412.7375,151.64339816542437,1.693859414677876,NIFTY50,5.45638755166587,9.47899691419801,8.0
2012-09-25,5673.89990234375,-1.0921686824173928,0.0007581090304466,71.7354700905571,97.86551208723904,69.27170509114616,28.59380699609288,Normal,5427.097485351563,162.27370632305826,1.5209020770182409,NIFTY50,5.45638755166587,9.47899691419801,8.0
2012-09-26,5663.4501953125,-1.1151751413494468,-0.0018434131257124,70.33420745822517,99.77498607325742,75.37236128756842,24.402624785689,Normal,5442.757495117187,169.42234813383337,1.302618589732795,NIFTY50,5.45638755166587,9.47899691419801,8.0
2012-09-27,5649.5,-1.1455258907612156,-0.0024662359760189,68.41295344120056,99.02113972884672,80.10211697582409,18.91902275302263,Normal,5460.842504882812,171.30519622713388,1.1012946441335414,NIFTY50,5.45638755166587,9.47899691419801,8.0
2012-09-28,5703.2998046875,-1.0261441989545703,0.0094778747708645,71.63136596514431,101.59379564799656,84.40045271025859,17.193342937737967,Normal,5480.2550048828125,175.85236967819037,1.2683639135080136,NIFTY50,5.45638755166587,9.47899691419801,8.0
2012-10-01,5718.7998046875,-0.9890038544051049,0.0027140385821359,72.50070645689466,103.68811244336392,88.25798465687966,15.430127786484276,Normal,5503.269995117187,175.42303850388618,1.228628870007506,NIFTY50,5.45638755166587,9.47899691419801,8.0
2012-10-03,5731.25,-0.9590685904048092,0.0021746980024732,73.21083952605306,105.14050599807253,91.63448892511823,13.50601707295428,Normal,5527.144995117187,172.13916470538314,1.185697660565156,NIFTY50,5.45638755166587,9.47899691419801,8.0
2012-10-04,5787.60009765625,-0.8059909971601441,0.00978405773151,76.20580860377011,109.5754032571258,95.22267179151974,14.352731465606055,Normal,5552.825,170.69072791917915,1.3754414227316116,NIFTY50,5.45638755166587,9.47899691419801,8.0
2012-10-05,5746.9501953125,-0.9274764650094142,-0.0070484014723766,70.11604844777747,108.5585880650633,97.88985504622846,10.668733018834844,Normal,5578.8875,157.38990184324368,1.0678111705024529,NIFTY50,5.45638755166587,9.47899691419801,8.0
2012-10-08,5676.0,-1.093366943864855,-0.0124225539839749,60.95949113931097,100.864958438774,98.48487572473758,2.3800827140364333,Normal,5600.767504882812,136.6101606892639,0.5507093669870792,NIFTY50,5.45638755166587,9.47899691419801,8.0
2012-10-09,5704.60009765625,-1.0336377096164846,0.0050261247418614,63.05399367186914,95.96921699544237,97.98174397887854,-2.0125269834361745,Normal,5618.892504882812,123.94532991098792,0.6914951360812797,NIFTY50,5.45638755166587,9.47899691419801,8.0
2012-10-10,5652.14990234375,-1.1456781314156452,-0.0092368975691228,57.01306023973146,86.85579467735624,95.75655411857409,-8.900759441217843,Normal,5633.327490234375,108.47613277471508,0.1735166218403641,NIFTY50,5.45638755166587,9.47899691419801,8.0
2012-10-11,5708.0498046875,-1.0358459596466545,0.0098414385242615,61.27167882682856,83.18509082961282,93.24226146078183,-10.05717063116903,Normal,5649.22998046875,93.15853186166092,0.6313949247943988,NIFTY50,5.45638755166587,9.47899691419801,8.0
2012-10-12,5676.0498046875,-1.1035846051647875,-0.0056218911252959,57.74496705931373,76.80849846081492,89.95550886078847,-13.147010399973553,Normal,5661.482470703125,77.79332854992283,0.1872568542304599,NIFTY50,5.45638755166587,9.47899691419801,8.0
2012-10-15,5687.25,-1.0818182677530852,0.0019712933975172,58.64224591668935,71.83074510892857,86.3305561104165,-14.499811001487927,Normal,5674.077465820313,56.81904552675874,0.2318330774050711,NIFTY50,5.45638755166587,9.47899691419801,8.0
2012-10-16,5648.0,-1.1602309572637244,-0.0069253270760766,54.29135292069902,63.98115778071042,81.86067644447529,-17.87951866376487,Normal,5677.594970703125,52.552718979404695,-0.5631482305363346,NIFTY50,5.45638755166587,9.47899691419801,8.0
2012-10-17,5660.25,-1.0024008536609197,0.0021665606600093,55.40346869178815,58.07927417278188,77.10439599013661,-19.02512181735473,Normal,5680.107470703125,50.30407119119833,-0.3947487794307842,NIFTY50,5.45638755166587,9.47899691419801,8.0
2012-10-18,5718.7001953125,-0.8523460578985887,0.0102734801364267,60.35941151494342,57.456112861894326,73.17473936448815,-15.71862650259382,Normal,5686.039990234375,47.270645578584784,0.6909193787892968,NIFTY50,5.45638755166587,9.47899691419801,8.0
2012-10-19,5684.25,-0.9475317387357244,-0.0060423486092661,56.38238014259261,53.56494682003722,69.25278085559796,-15.68783403556074,Normal,5692.539990234375,35.72214945643596,-0.2320686285825277,NIFTY50,5.45638755166587,9.47899691419801,8.0
2012-10-22,5717.14990234375,-0.8417776257142726,0.0057712200154127,59.15052076181265,52.53037934663007,65.90830055380438,-13.37792120717431,Normal,5693.839990234375,36.13955603931626,0.6449971904473801,NIFTY50,5.45638755166587,9.47899691419801,8.0
2012-10-23,5691.39990234375,-0.9107505478734838,-0.0045141659839257,56.14706951338353,49.0670529290428,62.54005102885207,-13.472998099809269,Normal,5694.92998046875,35.6960139055456,-0.0988927821000035,NIFTY50,5.45638755166587,9.47899691419801,8.0
2012-10-25,5705.2998046875,-0.8366363124487217,0.0024392867397124,57.4043901787264,46.90327597483156,59.41269601804797,-12.509420043216409,Normal,5696.499975585937,35.41176888904959,0.2485001279979561,NIFTY50,5.45638755166587,9.47899691419801,8.0
2012-10-29,5665.60009765625,-0.9379337048440816,-0.0069827135371081,52.752290705735895,41.506570666620064,55.83147094776239,-14.324900281142328,Normal,5696.607470703125,35.30927827752962,-0.8781650194931205,NIFTY50,5.45638755166587,9.47899691419801,8.0
2012-10-30,5597.89990234375,-1.0931844457000248,-0.0120213096463401,45.91826431636926,31.40478801370045,50.94613436095001,-19.54134634724956,Crash,5694.0274658203125,40.44430821225403,-2.3767884215519173,NIFTY50,5.45638755166587,9.47899691419801,8.0
2012-10-31,5619.7001953125,-1.0210780462457936,0.003886806486983,48.24345050816685,24.87145132286605,45.73119775333323,-20.859746430467176,Normal,5689.847485351563,43.63015700617033,-1.6077707451096774,NIFTY50,5.45638755166587,9.47899691419801,8.0
2012-11-01,5645.0498046875,-0.9687181058129212,0.0045007039065821,50.887634035295214,21.491495958847736,40.88325739443613,-19.3917614355884,Normal,5686.159985351563,44.16766123488217,-0.9307755836434284,NIFTY50,5.45638755166587,9.47899691419801,8.0
2012-11-02,5697.7001953125,-0.8524986729976273,0.0092835985567585,55.92427251385304,22.7984966100139,37.26630523755168,-14.467808627537783,Normal,5684.482495117188,42.98632048959199,0.3074861966497607,NIFTY50,5.45638755166587,9.47899691419801,8.0
2012-11-05,5704.2001953125,-0.8374633316392591,0.0011401609348372,56.51714920185096,24.0812065605287,34.62928550214709,-10.548078941618392,Normal,5680.3125,35.92127488468759,0.6650013227309695,NIFTY50,5.45638755166587,9.47899691419801,8.0
2012-11-06,5724.39990234375,-0.7659507239117138,0.0035349435439119,58.39031289875318,26.42312168025637,32.988052737768946,-6.564931057512574,Normal,5679.184985351562,34.02329899897047,1.3289398242526649,NIFTY50,5.45638755166587,9.47899691419801,8.0
2012-11-07,5760.10009765625,-0.6386646504476107,0.0062171292271889,61.543419089690325,30.804716096079574,32.55138540943107,-1.7466693133514966,Bubble,5683.389990234375,38.51013712544798,1.9919458394030063,NIFTY50,5.45638755166587,9.47899691419801,8.0
2012-11-08,5738.75,-0.688419646600011,-0.0037134360408294,58.67960207834936,32.18339662483322,32.4777876525115,-0.2943910276782802,Normal,5685.097485351563,40.21922412812189,1.334001732045414,NIFTY50,5.45638755166587,9.47899691419801,8.0
2012-11-09,5686.25,-0.8178336563417777,-0.0091904366792179,52.24195471302412,28.70876288952695,31.7239826999146,-3.015219810387641,Normal,5686.802490234375,39.46469310185216,-0.0139996080280951,NIFTY50,5.45638755166587,9.47899691419801,8.0
2012-11-12,5683.7001953125,-0.8199058148829039,-0.0004485164290861,51.94389257632993,25.45590288947824,30.470366737827327,-5.014463848349088,Normal,5685.585009765625,39.14904631447178,-0.0481445815559517,NIFTY50,5.45638755166587,9.47899691419801,8.0
2012-11-15,5631.0,-0.8964173256100839,-0.0093154172005091,46.09072540171621,18.41326590850531,28.058946571962927,-9.645680663457618,Normal,5683.33251953125,40.979736731727634,-1.277034058901914,NIFTY50,5.45638755166587,9.47899691419801,8.0
2012-11-16,5574.0498046875,-0.986014289558272,-0.0101651820736875,40.74726520140717,8.142657070467067,24.075688671663755,-15.933031601196689,Crash,5677.672509765625,47.67990226990679,-2.1732994436846176,NIFTY50,5.45638755166587,9.47899691419801,8.0
2012-11-19,5571.39990234375,-0.9931560800103998,-0.0004755128708731,40.511916848601416,-0.2082982696110775,19.218891283408787,-19.427189553019865,Normal,5673.842504882812,52.97174968707583,-1.9339101151883664,NIFTY50,5.45638755166587,9.47899691419801,8.0
2012-11-20,5571.5498046875,-0.9779422848151604,2.6905325376147813e-05,40.53284125389459,-6.736737756272305,14.027765475472568,-20.764503231744875,Normal,5669.407495117188,57.67411766720807,-1.696734937400301,NIFTY50,5.45638755166587,9.47899691419801,8.0
2012-11-21,5614.7998046875,-0.9098322514987844,0.0077326772394368,46.39175506824786,-8.324697607573398,9.557272858863374,-17.881970466436773,Normal,5664.212475585938,57.67980497085681,-0.8566719482391426,NIFTY50,5.45638755166587,9.47899691419801,8.0
2012-11-22,5627.75,-0.8893280268036892,0.0023037836194019,48.04243768436347,-8.440893333862732,5.957639620318154,-14.398532954180888,Normal,5661.387475585938,58.02931898221605,-0.5796634559203868,NIFTY50,5.45638755166587,9.47899691419801,8.0
2012-11-23,5626.60009765625,-0.843771130180104,-0.0002043480676846,47.90139535333424,-8.527467456425256,3.0606182049694715,-11.588085661394729,Normal,5656.8599853515625,56.97247047021467,-0.5311317456583252,NIFTY50,5.45638755166587,9.47899691419801,8.0
2012-11-26,5635.89990234375,-0.8246115166083106,0.0016514640268392,49.20031712014935,-7.756252307219256,0.8972441025317262,-8.653496409750982,Normal,5654.084985351563,56.55164949522123,-0.3215659166466851,NIFTY50,5.45638755166587,9.47899691419801,8.0
2012-11-27,5727.4501953125,-0.646910068623011,0.0161136061249355,59.82050057182036,0.2395236995771483,0.7657000219408107,-0.5261763223636623,Normal,5655.1925048828125,57.810332565224215,1.249909613444329,NIFTY50,5.45638755166587,9.47899691419801,8.0
2012-11-29,5825.0,-0.4083647331705853,0.0168885598555384,67.59445075795782,14.283041757470528,3.4691683690467543,10.813873388423774,Bubble,5663.1625,69.18872262914869,2.339073390145502,NIFTY50,5.45638755166587,9.47899691419801,8.0
2012-11-30,5879.85009765625,-0.2631853759922651,0.0093722685379281,70.99287506536128,29.498534729737003,8.675041641184805,20.8234930885522,Bubble,5677.260009765625,82.61324608183291,2.452271245823564,NIFTY50,5.45638755166587,9.47899691419801,8.0
2012-12-03,5870.9501953125,-0.2975751717356246,-0.0015147741130177,69.71532193224397,40.373375649480295,15.014708442843904,25.35866720663639,Bubble,5689.822509765625,91.97266405888423,1.9693643475512512,NIFTY50,5.45638755166587,9.47899691419801,8.0
2012-12-04,5889.25,-0.2532351349563042,0.003112161213904,70.87586982412449,49.89326818959853,21.990420392194828,27.9028477974037,Bubble,5702.03251953125,101.43846714538896,1.84562607990139,NIFTY50,5.45638755166587,9.47899691419801,8.0
2012-12-05,5900.5,-0.2125140793643616,0.0019084379930875,71.59648425763898,57.68072510063576,29.128481333883013,28.552243766752746,Bubble,5712.172509765625,110.69628279089916,1.7012991356730356,NIFTY50,5.45638755166587,9.47899691419801,8.0
2012-12-06,5930.89990234375,-0.134331825691897,0.005138862601968,73.50427259447557,65.5497422395465,36.41273351501572,29.137008724530787,Bubble,5723.507495117187,120.9671878213297,1.714451753089311,NIFTY50,5.45638755166587,9.47899691419801,8.0
2012-12-07,5907.39990234375,-0.2166440155281562,-0.0039701699155185,69.61183609866183,69.09327712342656,42.948842236697885,26.144434886728675,Normal,5732.657495117188,127.76815374228671,1.3676522835183509,NIFTY50,5.45638755166587,9.47899691419801,8.0
2012-12-10,5908.89990234375,-0.1980778654665063,0.0002538865859619,69.7220518012678,71.20182123902032,48.59943803716238,22.60238320185794,Bubble,5740.097485351563,133.6473249147853,1.2630437391830869,NIFTY50,5.45638755166587,9.47899691419801,8.0
2012-12-11,5898.7998046875,-0.2337288143414136,-0.0017107650719774,67.93534297444438,71.23669192978195,53.12688881568629,18.109803114095666,Normal,5748.0999755859375,138.27401383284968,1.0898637055819729,NIFTY50,5.45638755166587,9.47899691419801,8.0
2012-12-12,5888.0,-0.2631043298099002,-0.0018325258575251,65.98808208314216,69.5906752374467,56.41964610003838,13.171029137408324,Normal,5758.187475585937,140.85935489243963,0.9215754573999566,NIFTY50,5.45638755166587,9.47899691419801,8.0
2012-12-13,5851.5,-0.367426747975611,-0.0062183427938912,59.754201703706215,64.59632398006306,58.05498167604332,6.541342304019743,Normal,5766.577465820313,141.18610952268963,0.6014935496614109,NIFTY50,5.45638755166587,9.47899691419801,8.0
2012-12-14,5879.60009765625,-0.3050156684925487,0.0047907103623472,62.67743882596357,62.18883350335091,58.88175204150484,3.307081461846068,Bubble,5779.007470703125,139.5556102253518,0.7208067578988012,NIFTY50,5.45638755166587,9.47899691419801,8.0
2012-12-17,5857.89990234375,-0.3675345312270263,-0.0036975880786428,59.10698979407963,57.86284864905065,58.67797136301401,-0.8151227139633619,Normal,5793.199975585938,131.83471022391777,0.4907654945190157,NIFTY50,5.45638755166587,9.47899691419801,8.0
2012-12-18,5896.7998046875,-0.2798055554941869,0.0066186368547752,63.15851273168834,56.917264706305104,58.32583003167223,-1.4085653253671282,Bubble,5809.469970703125,122.79011250568831,0.7112122645895401,NIFTY50,5.45638755166587,9.47899691419801,8.0
2012-12-19,5929.60009765625,-0.2039354979064532,0.0055469758070211,66.19944628822128,58.14434037594856,58.2895321005275,-0.1451917245789431,Bubble,5827.372485351562,111.89423207093849,0.9136093113349903,NIFTY50,5.45638755166587,9.47899691419801,8.0
2012-12-20,5916.39990234375,-0.2478759637994516,-0.0022286342691326,63.91307474631268,57.39010384859285,58.10964645014057,-0.7195426015477295,Normal,5842.452490234375,101.58653809241704,0.727925308785527,NIFTY50,5.45638755166587,9.47899691419801,8.0
2012-12-21,5847.7001953125,-0.4309184719322999,-0.0116796843671638,53.54755055034123,50.66484100730395,56.62068536157325,-5.955844354269303,Normal,5853.45,88.13510692629687,-0.0652385285276626,NIFTY50,5.45638755166587,9.47899691419801,8.0
2012-12-24,5855.75,-0.4186694000565232,0.0013756295489937,54.479145458968254,45.46053298982952,54.3886548872245,-8.928121897394988,Bubble,5864.907495117188,70.15286778274053,-0.1305362903416594,NIFTY50,5.45638755166587,9.47899691419801,8.0
2012-12-26,5905.60009765625,-0.311775437566237,0.008476985338926,59.84919287693253,44.84166090324925,52.47925609042946,-7.63759518718021,Bubble,5878.392504882812,45.35333382433509,0.5999028181438559,NIFTY50,5.45638755166587,9.47899691419801,8.0
2012-12-27,5870.10009765625,-0.4049055053487196,-0.006029383723567,54.883744499205534,41.01386469976569,50.18617781229671,-9.172313112531016,Normal,5885.525,28.422846960914576,-0.5426937831020605,NIFTY50,5.45638755166587,9.47899691419801,8.0
2012-12-28,5908.35009765625,-0.3244244408622461,0.0064949350428471,58.845646482376566,40.598766652025006,48.26869558024237,-7.669928928217367,Bubble,5889.6925048828125,24.983840963985177,0.7467864048739695,NIFTY50,5.45638755166587,9.47899691419801,8.0
2012-12-31,5905.10009765625,-0.3392773859707321,-0.0005502203045275,58.37656764440612,39.551624117162646,46.525281287626434,-6.973657170463788,Normal,5890.955004882812,25.09801490055288,0.5635940862050443,NIFTY50,5.45638755166587,9.47899691419801,8.0
2013-01-02,5993.25,-0.1396952553097195,0.0148174350959837,66.23772314283434,45.31238358174687,46.28270174645052,-0.9703181647036488,Bubble,5897.069995117187,33.46994582400183,2.8736229627787586,NIFTY50,6.38610640094825,10.0178784746102,8.0
2013-01-03,6009.5,-0.1068565561847512,0.0027077144701615,67.45786615478501,50.60571497329602,47.14730439181962,3.4584105814764,Bubble,5903.082495117187,41.76428765615031,2.548050280635915,NIFTY50,6.38610640094825,10.0178784746102,8.0
2013-01-04,6016.14990234375,-0.0996219913374483,0.001105953204286,67.96802949982668,54.70668516819023,48.65918054709375,6.047504621096486,Bubble,5908.864990234375,48.80125270468791,2.19840488027204,NIFTY50,6.38610640094825,10.0178784746102,8.0
2013-01-07,5988.39990234375,-0.1836845506208571,-0.0046232553290176,63.494678691564175,55.08258278335597,49.9438609943462,5.138721789009779,Normal,5911.739990234375,51.77107271845311,1.4807479946624824,NIFTY50,6.38610640094825,10.0178784746102,8.0
2013-01-08,6001.7001953125,-0.159287456165935,0.0022185466869673,64.69406449839923,55.8103597524796,51.11716074597288,4.693199006506717,Bubble,5916.455004882812,55.51387228719863,1.535565560778671,NIFTY50,6.38610640094825,10.0178784746102,8.0
2013-01-09,5971.5,-0.2452080416701655,-0.0050446428465974,59.88301714767694,53.33540749820349,51.56081009641901,1.774597401784483,Normal,5919.585009765625,56.81500154555906,0.9137549735477056,NIFTY50,6.38610640094825,10.0178784746102,8.0
2013-01-10,5968.64990234375,-0.2601182068155228,-0.0004773973080222,59.43381330520637,50.56117321246529,51.36088271962827,-0.7997095071629801,Normal,5923.0775146484375,57.61137074272102,0.7910311299279474,NIFTY50,6.38610640094825,10.0178784746102,8.0
2013-01-11,5951.2998046875,-0.3088923232165417,-0.0029111045491811,56.64800472067726,46.42737875148941,50.3741819260005,-3.946803174511089,Normal,5926.242504882813,57.32091245817333,0.4371406303584482,NIFTY50,6.38610640094825,10.0178784746102,8.0
2013-01-14,6024.0498046875,-0.1507092819619466,0.0121501079046823,64.22091287649309,48.462982763529,49.9919420935062,-1.528959329977205,Bubble,5934.869995117188,58.453403484609424,1.525656407565613,NIFTY50,6.38610640094825,10.0178784746102,8.0
2013-01-15,6056.60009765625,-0.0790322816020118,0.0053888444748558,66.99865442207232,52.102149075157286,50.413983489836426,1.68816558532086,Bubble,5943.719995117188,62.87674388021508,1.795259989195802,NIFTY50,6.38610640094825,10.0178784746102,8.0
2013-01-16,6001.85009765625,-0.2306057335555431,-0.0090808313412199,58.7383137541487,49.99206970021987,50.32960073191312,-0.3375310316932456,Normal,5950.917504882813,60.73850381136496,0.8385552751121108,NIFTY50,6.38610640094825,10.0178784746102,8.0
2013-01-17,6039.2001953125,-0.1509611719658642,0.0062038138766081,62.16531528767954,50.74865838246024,50.41341226202254,0.3352461204376951,Bubble,5958.037524414062,62.38478451985572,1.301001061766998,NIFTY50,6.38610640094825,10.0178784746102,8.0
2013-01-18,6064.39990234375,-0.09857666898843,0.0041640079380211,64.31858217956861,52.77332804331854,50.88539541828175,1.8879326250367967,Bubble,5964.777514648437,66.30911832321897,1.5023934899829403,NIFTY50,6.38610640094825,10.0178784746102,8.0
2013-01-21,6082.2998046875,-0.0638874403355481,0.0029472886846284,65.80719687690625,55.186114682030166,51.74553927103143,3.4405754109987328,Bubble,5973.072509765625,70.20122981644693,1.5559171143791692,NIFTY50,6.38610640094825,10.0178784746102,8.0
2013-01-22,6048.5,-0.1604741791929985,-0.0055725743889511,60.66087350543504,53.75129227652451,52.14668987213005,1.6046024043944556,Normal,5983.1125,65.53066845727443,0.9978152449739168,NIFTY50,6.38610640094825,10.0178784746102,8.0
2013-01-23,6054.2998046875,-0.1557063140467533,0.0009584237077469,61.22127726686881,52.47725581108261,52.212803059920574,0.2644527511620396,Bubble,5993.039990234375,60.02912729668748,1.020501500052713,NIFTY50,6.38610640094825,10.0178784746102,8.0
2013-01-24,6019.35009765625,-0.2484086410867177,-0.0057894348325395,56.04051896105218,48.09303687058127,51.38884982205272,-3.295812951471447,Normal,5998.727490234375,56.59921896871994,0.3643620494705428,NIFTY50,6.38610640094825,10.0178784746102,8.0
2013-01-25,6074.64990234375,-0.1319248199252845,0.0091450620291831,61.580490158921606,48.52141913590913,50.81536368482401,-2.2939445489148795,Bubble,6008.95498046875,50.25887487938259,1.30713077108595,NIFTY50,6.38610640094825,10.0178784746102,8.0
2013-01-28,6074.7998046875,-0.1410715286539377,2.467640055672133e-05,61.59461932511197,48.31605364316511,50.31550167649223,-1.999448033327127,Bubble,6017.2774658203125,46.352231968532976,1.2409831506331248,NIFTY50,6.38610640094825,10.0178784746102,8.0
2013-01-29,6049.89990234375,-0.2096074650044836,-0.0041073078839829,57.79262849626213,45.61822745882728,49.37604683295925,-3.7578193741319694,Normal,6024.517456054688,38.56243810911166,0.658216843479745,NIFTY50,6.38610640094825,10.0178784746102,7.75
2013-01-30,6055.75,-0.2046267093880674,0.0009665070704739,58.44167597873847,43.45135459229277,48.19110838482595,-4.739753792533179,Bubble,6027.642456054688,38.42742751201099,0.7314448498153336,NIFTY50,6.38610640094825,10.0178784746102,7.75
2013-01-31,6034.75,-0.2606556527487962,-0.0034738052384617,55.162441263036754,39.58327636817376,46.46954198149552,-6.886265613321761,Normal,6028.904956054687,38.21419332826111,0.1529547907790064,NIFTY50,6.38610640094825,10.0178784746102,7.75
2013-02-01,5998.89990234375,-0.3462759628096661,-0.0059583258626568,50.00408797293412,33.2418024323315,43.82399407166272,-10.58219163933122,Normal,6028.042456054687,38.70869655509357,-0.752868381126162,NIFTY50,6.38610640094825,10.0178784746102,7.75
2013-02-04,5987.25,-0.3766555259349242,-0.0019438945962046,48.41954177572518,26.965250273610764,40.45224531205233,-13.486995038441565,Normal,6027.9849609375,38.77148089387012,-1.0506423793562123,NIFTY50,6.38610640094825,10.0178784746102,7.75
2013-02-05,5956.89990234375,-0.4430551903765869,-0.005082013073346,44.466304147440326,19.31933694279178,36.22566363820022,-16.90632669540844,Normal,6025.744946289063,41.56362923099595,-1.656377107078313,NIFTY50,6.38610640094825,10.0178784746102,7.75
2013-02-06,5959.2001953125,-0.4443225482195222,0.0003860815163471,44.83393503636159,13.29228477577908,31.638987865716,-18.34670308993692,Normal,6025.129956054688,42.489190976581696,-1.55168312756356,NIFTY50,6.38610640094825,10.0178784746102,7.75
2013-02-07,5938.7998046875,-0.4878729970345102,-0.003429216778715,42.16783329809281,6.791374740077117,26.66946524058822,-19.878090500511103,Normal,6023.637451171875,45.02609933105517,-1.8841882318209435,NIFTY50,6.38610640094825,10.0178784746102,7.75
2013-02-08,5903.5,-0.5556173752850074,-0.0059616645111395,37.961255460774574,-1.1952642628530157,21.096519339899977,-22.291783602753,Crash,6021.2474609375,50.05558689423449,-2.352334039880427,NIFTY50,6.38610640094825,10.0178784746102,7.75
2013-02-11,5897.85009765625,-0.5695784092446161,-0.0009575010873592,37.319547634314304,-7.889685728320728,15.299278326255836,-23.18896405457657,Crash,6014.937475585937,57.13714417210374,-2.049233990011932,NIFTY50,6.38610640094825,10.0178784746102,7.75
2013-02-12,5922.5,-0.5337466870910278,0.0041707627731352,41.9316132256533,-11.07831790628461,10.023759079747746,-21.10207698603236,Normal,6008.232470703125,59.797105476544864,-1.4337227532987025,NIFTY50,6.38610640094825,10.0178784746102,7.75
2013-02-13,5932.9501953125,-0.5207361669886541,0.0017629356704111,43.81894028878399,-12.616651548921254,5.4956769540139465,-18.1123285029352,Normal,6004.7874755859375,62.12360731012046,-1.1563604140826285,NIFTY50,6.38610640094825,10.0178784746102,7.75
2013-02-14,5896.9501953125,-0.5871161955493173,-0.0060862915054287,39.10385302071734,-16.549914071795683,1.086558748852021,-17.636472820647704,Normal,5997.674975585937,65.99856447083633,-1.5261662292358789,NIFTY50,6.38610640094825,10.0178784746102,7.75
2013-02-15,5887.39990234375,-0.6066628597290368,-0.0016208437428339,37.93759006515443,-20.204773731705245,-3.1717077472594326,-17.033065984445813,Normal,5988.824975585938,68.40372629883225,-1.4827419313254475,NIFTY50,6.38610640094825,10.0178784746102,7.75
2013-02-18,5898.2001953125,-0.594136847778869,0.0018327952590558,40.11286420722468,-21.9764521032821,-6.932656618463966,-15.043795484818132,Normal,5979.619995117188,67.54452701938894,-1.2054240868592596,NIFTY50,6.38610640094825,10.0178784746102,7.75
2013-02-19,5939.7001953125,-0.5322779297088017,0.0070114071991698,47.698572653752784,-19.803533994366266,-9.506832093644425,-10.296701900721835,Normal,5974.180004882813,66.07024369801002,-0.5218659360166881,NIFTY50,6.38610640094825,10.0178784746102,7.75
2013-02-20,5943.0498046875,-0.5313810125985462,0.0005637768132327,48.26814825649492,-17.608218671205577,-11.127109409156656,-6.481109262048921,Normal,5968.617504882813,63.60707667615175,-0.4019631388734895,NIFTY50,6.38610640094825,10.0178784746102,7.75
2013-02-21,5852.25,-0.6865203024743249,-0.0153962340615675,36.624583436546125,-22.93086808059616,-13.487861143444558,-9.443006937151598,Normal,5960.2625,67.45088737808473,-1.6013503187075022,NIFTY50,6.38610640094825,10.0178784746102,7.75
2013-02-22,5850.2998046875,-0.6930032709018207,-0.0003332940877161,36.42136671383651,-26.995285698858424,-16.189346054527334,-10.80593964433109,Normal,5949.044995117188,66.06754525453876,-1.494609646071329,NIFTY50,6.38610640094825,10.0178784746102,7.75
2013-02-25,5854.75,-0.6906830663807186,0.0007603889946953,37.276633790585166,-29.51701855776537,-18.854880555174944,-10.662138002590424,Normal,5938.042504882813,62.23455983961588,-1.3383641677142928,NIFTY50,6.38610640094825,10.0178784746102,7.75
2013-02-26,5761.35009765625,-0.8162766665693381,-0.0160814583933148,28.58531649551088,-38.60706336572457,-22.805317117284872,-15.8017462484397,Crash,5923.615014648438,68.1077892777349,-2.382472235745198,NIFTY50,6.38610640094825,10.0178784746102,7.75
2013-02-27,5796.89990234375,-0.7820260346813943,0.0061514358641312,34.81507967046211,-42.45304495397522,-26.73486268462294,-15.718182269352283,Normal,5910.672509765625,66.24581215181003,-1.717430939802687,NIFTY50,6.38610640094825,10.0178784746102,7.75
2013-02-28,5693.0498046875,-0.8955628478306132,-0.0180771767218281,27.31806542872394,-53.2668212825447,-32.041254404207294,-21.225566878337403,Crash,5893.5875,75.91827736878554,-2.641494278622192,NIFTY50,6.38610640094825,10.0178784746102,7.75
2013-03-01,5719.7001953125,-0.8776720711565212,0.0046702922723598,31.40053560284061,-59.006166774643134,-37.43423687829446,-21.57192989634867,Normal,5879.627514648438,81.03169644878324,-1.9736390368801064,NIFTY50,6.38610640094825,10.0178784746102,7.75
2013-03-04,5698.5,-0.8983364904024499,-0.0037134082975174,29.95893840782351,-64.5215537033564,-42.85170024330685,-21.669853460049552,Normal,5865.190014648438,86.39332632682708,-1.9294316093102744,NIFTY50,6.38610640094825,10.0178784746102,7.75
2013-03-05,5784.25,-0.8292661973817974,0.0149357242920014,41.6314592608553,-61.266981596753794,-46.53475651399624,-14.732225082757552,Normal,5856.55751953125,85.36685936335554,-0.8470209642301657,NIFTY50,6.38610640094825,10.0178784746102,7.75
2013-03-06,5818.60009765625,-0.794802106440093,0.0059209931562243,45.54633165884347,-55.27872521476638,-48.28355025415027,-6.995174960616112,Normal,5849.527514648437,82.19980166595029,-0.37624685662713,NIFTY50,6.38610640094825,10.0178784746102,7.75
2013-03-07,5863.2998046875,-0.7438131367706671,0.0076528519439755,50.22489333260928,-46.39132577664532,-47.90510535864929,1.51377958200397,Normal,5845.752514648438,79.57600213123332,0.2205098216686493,NIFTY50,6.38610640094825,10.0178784746102,7.75
2013-03-08,5945.7001953125,-0.6322866664030895,0.0139557503597899,57.47777333588801,-32.326336927386365,-44.78935167239671,12.46301474501034,Normal,5847.862524414062,81.71844672574076,1.197253188460564,NIFTY50,6.38610640094825,10.0178784746102,7.75
2013-03-11,5942.35009765625,-0.6413970267124055,-0.0005636075996267,57.11339783336202,-21.205611722598405,-40.07260368243705,18.866991959838643,Normal,5850.087524414063,83.73212855310544,1.1018777957337105,NIFTY50,6.38610640094825,10.0178784746102,7.75
2013-03-12,5914.10009765625,-0.6894926060366118,-0.0047653476368216,54.00437542755843,-14.504694690668655,-34.95902188408338,20.45432719341472,Normal,5849.667529296875,83.3700794123707,0.7728500298131477,NIFTY50,6.38610640094825,10.0178784746102,7.75
2013-03-13,5851.2001953125,-0.78415695970392,-0.0106925450363117,47.76918289165482,-14.107048830502208,-30.788627273367144,16.681578442864936,Normal,5845.580029296875,81.04353156587803,0.0693474964261193,NIFTY50,6.38610640094825,10.0178784746102,7.75
2013-03-14,5908.9501953125,-0.7120160036328124,0.0098213819198845,53.12083074594008,-9.027901232588192,-26.436482065211354,17.408580832623162,Normal,5846.180029296875,81.48707038190814,0.7703082921184717,NIFTY50,6.38610640094825,10.0178784746102,7.75
2013-03-15,5872.60009765625,-0.7672792106955781,-0.0061707011549123,49.67096954436579,-7.845352913552233,-22.71825623487953,14.872903321327296,Normal,5845.4400390625,81.15958954147362,0.3346500240722782,NIFTY50,6.38610640094825,10.0178784746102,7.75
2013-03-18,5835.25,-0.8189622065991322,-0.0063803728356968,46.34076573638755,-9.80894418131902,-20.136393824167428,10.327449642848409,Normal,5842.292529296875,80.22099966911983,-0.0877890991875255,NIFTY50,6.38610640094825,10.0178784746102,7.75
2013-03-19,5745.9501953125,-0.9226435908921576,-0.0154218169171235,39.51872174985042,-18.35921869174672,-19.780958797683287,1.4217401059365675,Normal,5832.605029296875,79.53463521083458,-1.0895232467548968,NIFTY50,6.38610640094825,10.0178784746102,7.5
2013-03-20,5694.39990234375,-0.9671307708809834,-0.0090120741807689,36.20521574912978,-28.96120393028196,-21.61700782420302,-7.344196106078932,Normal,5820.172534179687,80.78583636040575,-1.556864885013188,NIFTY50,6.38610640094825,10.0178784746102,7.5
2013-03-21,5658.75,-0.9923638984450992,-0.0062801988562355,34.07726535848494,-39.78142726504393,-25.2498917123712,-14.531535552672729,Normal,5810.497534179687,88.0062300426549,-1.724281725352149,NIFTY50,6.38610640094825,10.0178784746102,7.5
2013-03-22,5651.35009765625,-0.9989194317129912,-0.0013085478175716,33.63535045987402,-48.39576622123786,-29.87906661414453,-18.51669960709333,Normal,5800.550048828125,94.28999793975636,-1.5823518340429028,NIFTY50,6.38610640094825,10.0178784746102,7.5
2013-03-25,5633.85009765625,-1.0100539448058194,-0.0031014095850241,32.5599879623432,-55.9893848767033,-35.10113026665629,-20.888254610047007,Normal,5789.505053710937,100.35014257693258,-1.5511184344890767,NIFTY50,6.38610640094825,10.0178784746102,7.5
2013-03-26,5641.60009765625,-1.0092424669830202,0.0013746681660056,33.57285595571054,-60.68251191586569,-40.21740659649817,-20.46510531936752,Normal,5783.517553710937,105.55593242674226,-1.3444763623605944,NIFTY50,6.38610640094825,10.0178784746102,7.5
2013-03-28,5682.5498046875,-0.9913652739184914,0.0072323107479625,38.80283880855973,-60.40128140655361,-44.25418155850927,-16.14709984804434,Normal,5777.800048828125,107.864594548548,-0.8830538374457477,NIFTY50,6.38610640094825,10.0178784746102,7.5
2013-04-01,5704.39990234375,-0.98027844555634,0.0038377484816104,41.45168272645247,-57.749582688428745,-46.953261784493165,-10.79632090393558,Normal,5778.3675537109375,107.42419132910284,-0.6885567436163565,NIFTY50,6.38610640094825,10.0178784746102,7.5
2013-04-02,5748.10009765625,-0.9498116823759484,0.0076315926493432,46.44448082981221,-51.527870588747646,-47.86818354534406,-3.6596870434035855,Normal,5779.787548828125,106.7937296117681,-0.2967164016751728,NIFTY50,6.38610640094825,10.0178784746102,7.5
2013-04-03,5672.89990234375,-1.012461779582502,-0.0131689487934703,40.1063273043578,-52.06497360579124,-48.7075415574335,-3.3574320483577367,Normal,5778.507543945312,107.96628326763594,-0.97815390513882,NIFTY50,6.38610640094825,10.0178784746102,7.5
2013-04-04,5574.75,-1.061159062618182,-0.0174529603255117,33.65144975831241,-59.72206961972097,-50.910447169891,-8.811622449829969,Normal,5768.032543945313,117.1520147282798,-1.6498439603758297,NIFTY50,6.38610640094825,10.0178784746102,7.5
2013-04-05,5553.25,-1.0672379477530425,-0.0038641313357806,32.42053340538091,-66.7557252475026,-54.079502785413325,-12.676222462089273,Normal,5754.7650390625,125.8280419172822,-1.6015113641756729,NIFTY50,6.38610640094825,10.0178784746102,7.5
2013-04-08,5542.9501953125,-1.0706101668548362,-0.0018564567084833,31.820050240323923,-72.32731193667678,-57.72906461566602,-14.59824732101076,Normal,5738.74755859375,131.54462232586548,-1.4884482529146352,NIFTY50,6.38610640094825,10.0178784746102,7.5
2013-04-09,5495.10009765625,-1.0737014142828225,-0.0086700814234531,29.121486148440965,-79.68537411944453,-62.12032651642173,-17.565047603022805,Normal,5716.217553710938,132.81535155607145,-1.6648486298011822,NIFTY50,6.38610640094825,10.0178784746102,7.5
2013-04-10,5558.7001953125,-1.0794029791109576,0.0115074992870453,36.79419124628433,-79.46863015764393,-65.58998724466616,-13.878642912977767,Normal,5697.03505859375,125.9646698499057,-1.0982036744595487,NIFTY50,6.38610640094825,10.0178784746102,7.5
2013-04-11,5594.0,-1.075977964776495,0.0063302916690643,40.63533971285199,-75.57725226198727,-67.58744024813038,-7.989812013856891,Normal,5681.030053710938,116.9459280017806,-0.7441905434245882,NIFTY50,6.38610640094825,10.0178784746102,7.5
2013-04-12,5528.5498046875,-1.0913198052538264,-0.0117690551038289,36.23798526913293,-76.88827088989638,-69.44760637648358,-7.440664513412798,Normal,5664.897534179688,114.46393064808574,-1.1911851071354758,NIFTY50,6.38610640094825,10.0178784746102,7.5
2013-04-15,5568.39990234375,-1.0916066555920765,0.0071822023187578,40.46254060227178,-73.86027745610772,-70.33014059240841,-3.530136863699312,Normal,5647.87001953125,100.757448049281,-0.7887269747903014,NIFTY50,6.38610640094825,10.0178784746102,7.5
2013-04-16,5688.9501953125,-1.060079267746687,0.0214179891762549,51.03204257178954,-61.02965777735881,-68.4700440293985,7.440386252039687,Normal,5638.687524414063,86.5681392428057,0.5806139688120217,NIFTY50,6.38610640094825,10.0178784746102,7.5
2013-04-17,5688.7001953125,-1.062906514903868,-4.394580453027964e-05,51.01181743608453,-50.30162631648818,-64.83636048681643,14.53473417032825,Normal,5631.360034179687,74.40197722560171,0.7706806091852346,NIFTY50,6.38610640094825,10.0178784746102,7.5
2013-04-18,5783.10009765625,-0.9983202276909096,0.0164581026095847,57.81109763690508,-33.792759015547745,-58.62764019256269,24.83488117701495,Bubble,5633.217529296875,77.79952853318107,1.926522836130696,NIFTY50,6.38610640094825,10.0178784746102,7.5
2013-04-22,5834.39990234375,-0.9501608467831676,0.0088315279738689,60.98053228949903,-16.381066493977414,-50.17832545284564,33.79725895886823,Bubble,5640.217529296875,89.07525813155047,2.1799810308727645,NIFTY50,6.38610640094825,10.0178784746102,7.5
2013-04-23,5836.89990234375,-0.949947895025932,0.0004284013057793,61.13376976018758,-2.353318034127369,-40.61332396910199,38.26000593497462,Bubble,5649.125024414063,99.34185120730125,1.8901890356144928,NIFTY50,6.38610640094825,10.0178784746102,7.5
2013-04-25,5916.2998046875,-0.859940390147838,0.0135114032337315,65.73616813467385,14.997796963650217,-29.49109978255155,44.48889674620177,Bubble,5662.372509765625,115.934364263171,2.19026771342326,NIFTY50,6.38610640094825,10.0178784746102,7.5
2013-04-26,5871.4501953125,-0.9225148473829712,-0.0076095651493532,61.31912996057865,24.843313698791462,-18.624217086282947,43.46753078507441,Normal,5674.252514648438,124.70006537916537,1.5813759204091782,NIFTY50,6.38610640094825,10.0178784746102,7.5
2013-04-29,5904.10009765625,-0.8849020312347381,0.0055453860244868,63.25481676903688,34.87847356486964,-7.923678956052431,42.802152520922064,Normal,5687.377514648438,134.51089534913544,1.6111898032147425,NIFTY50,6.38610640094825,10.0178784746102,7.5
2013-04-30,5930.2001953125,-0.8530492413516242,0.0044109308244235,64.77244798277343,44.4253618933235,2.546129213822756,41.879232679500745,Normal,5699.760034179688,145.03056847427814,1.588907521752435,NIFTY50,6.38610640094825,10.0178784746102,7.5
2013-05-02,5999.35009765625,-0.7580164046397262,0.0115931741151038,68.48610689513966,56.91507730180456,13.419918831419118,43.49515847038544,Normal,5714.507543945312,159.77391047797232,1.782785142197596,NIFTY50,6.38610640094825,10.0178784746102,7.5
2013-05-03,5944.0,-0.8469255752263779,-0.0092688388885892,62.78105425617889,61.63646959168909,23.06322898347312,38.57324060821598,Normal,5724.3025390625,167.7475917237616,1.3096907006527228,NIFTY50,6.38610640094825,10.0178784746102,7.25
2013-05-06,5971.0498046875,-0.8114019728945473,0.0045404512111605,64.3442631522787,66.79097538257611,31.80877826329372,34.98219711928239,Normal,5739.210034179688,175.9849200883728,1.3173842985603048,NIFTY50,6.38610640094825,10.0178784746102,7.25
2013-05-07,6043.5498046875,-0.7052121617718223,0.0120687966905542,68.19945559441382,75.85173091238903,40.61736879311278,35.23436211927625,Normal,5762.650024414063,183.96654159446305,1.5269068920839677,NIFTY50,6.38610640094825,10.0178784746102,7.25
2013-05-08,6069.2998046875,-0.6652492408909234,0.0042516896717678,69.46237549536684,84.1403373142366,49.32196249733755,34.81837481689905,Normal,5788.4525146484375,189.1672091827136,1.4846510198699214,NIFTY50,6.38610640094825,10.0178784746102,7.25
2013-05-09,6050.14990234375,-0.7018577633089174,-0.0031601960062404,67.32112904278216,88.14776792855719,57.08712358358149,31.0606443449757,Normal,5813.8125,188.5194369926025,1.2536500538828994,NIFTY50,6.38610640094825,10.0178784746102,7.25
2013-05-10,6094.75,-0.6300908632153251,0.0073446958820698,69.66640944684713,93.8408023490656,64.43785933667832,29.402943012387283,Normal,5843.794995117188,182.75973119539228,1.373141683024862,NIFTY50,6.38610640094825,10.0178784746102,7.25
2013-05-13,5980.4501953125,-0.831750597376257,-0.0189318962388162,58.14878888044231,88.11381296158379,69.17305006165941,18.94076289992438,Normal,5864.882495117187,172.15709064464974,0.6712921307078574,NIFTY50,6.38610640094825,10.0178784746102,7.25
2013-05-14,5995.39990234375,-0.8129851804520457,0.0024966436077198,59.10119426652577,83.81527866947908,72.10149578322336,11.713782886255728,Normal,5884.952490234375,162.01438965876224,0.6817135955763052,NIFTY50,6.38610640094825,10.0178784746102,7.25
2013-05-15,6146.75,-0.5864898749075849,0.0249309946184938,67.23147305953297,91.56583334004426,75.99436329458754,15.57147004545672,Normal,5915.8625,148.87845173934022,1.5508456549792908,NIFTY50,6.38610640094825,10.0178784746102,7.25
2013-05-16,6169.89990234375,-0.5475750480336218,0.0037591276505075,68.27045916591452,98.4414358091899,80.48377779750801,17.957658011681886,Normal,5945.9375,135.11120312217034,1.657615335874395,NIFTY50,6.38610640094825,10.0178784746102,7.25
2013-05-17,6187.2998046875,-0.5188208313059876,0.0028161580707262,69.06440990402479,104.09449051404226,85.20592034081486,18.888570173227407,Normal,5970.85498046875,131.11693809817857,1.6507769885282029,NIFTY50,6.38610640094825,10.0178784746102,7.25
2013-05-20,6156.89990234375,-0.5816724460604965,-0.004925384313636,65.95903442173525,104.91219654296856,89.1471755812456,15.765020961722954,Normal,5994.264965820313,119.35842076753669,1.362576142325025,NIFTY50,6.38610640094825,10.0178784746102,7.25
2013-05-21,6114.10009765625,-0.6637427775355973,-0.0069757930480954,61.74937770883312,100.94303939349084,91.50634834369464,9.43669104979618,Normal,6010.814965820313,111.20725715378084,0.9287625149598938,NIFTY50,6.38610640094825,10.0178784746102,7.25
2013-05-22,6094.5,-0.700715207144,-0.0032108700979154,59.86509021784156,95.1194123050136,92.22896113595846,2.8904511690551544,Normal,6023.819970703125,104.49687331354912,0.6763841544310611,NIFTY50,6.38610640094825,10.0178784746102,7.25
2013-05-23,5967.0498046875,-0.906818477441824,-0.0211340899206084,49.32491403559774,79.30579245515219,89.6443273997972,-10.33853494464502,Normal,6030.327465820313,95.94656518736548,-0.6595093947265689,NIFTY50,6.38610640094825,10.0178784746102,7.25
2013-05-24,5983.5498046875,-0.8881334885999055,0.0027613694749929,50.539043126857,67.32867385534519,85.1811966909068,-17.852522835561615,Normal,6033.689965820313,92.86913203293128,-0.5399012571263531,NIFTY50,6.38610640094825,10.0178784746102,7.25
2013-05-27,6083.14990234375,-0.7551430954084033,0.0165086331982565,57.20448747095324,65.12292007758515,81.16954136824248,-16.046621290657328,Normal,6044.274951171875,85.14771743241845,0.4565589348032746,NIFTY50,6.38610640094825,10.0178784746102,7.25
2013-05-28,6111.25,-0.713773365378341,0.0046086970443231,58.88781974327105,64.89422710089275,77.91447851477253,-13.020251413879777,Normal,6054.632446289063,79.61871487230128,0.7111086106042425,NIFTY50,6.38610640094825,10.0178784746102,7.25
2013-05-29,6104.2998046875,-0.7284161716033654,-0.0011379260325724,58.27723712748042,63.421084805326245,75.01579977288327,-11.594714967557024,Normal,6063.337426757813,74.66119372076311,0.5486434905245239,NIFTY50,6.38610640094825,10.0178784746102,7.25
2013-05-30,6124.0498046875,-0.6997280478790445,0.0032302015895608,59.5603965636339,63.1196646614444,72.63657275059549,-9.516908089151087,Normal,6069.572412109375,74.24202839008808,0.7337810369604316,NIFTY50,6.38610640094825,10.0178784746102,7.25
2013-05-31,5985.9501953125,-0.9223672753535092,-0.0228085212668509,48.36061795896847,51.147703804711455,68.33879896141869,-17.191095156707235,Normal,6071.669921875,71.03073846276072,-1.2067976261775777,NIFTY50,6.38610640094825,10.0178784746102,7.25
2013-06-03,5939.2998046875,-0.98288698613528,-0.0078238407731969,45.2642357267981,37.46368389496729,62.16377594812842,-24.70009205316113,Normal,6070.082421875,73.70245555473055,-1.774467569677957,NIFTY50,6.38610640094825,10.0178784746102,7.25
2013-06-04,5919.4501953125,-1.0076561037091505,-0.0033476762580832,43.97408370562589,24.732204483971145,54.677461655296966,-29.94525717132582,Normal,6063.87744140625,80.92395370871373,-1.7847280004832289,NIFTY50,6.38610640094825,10.0178784746102,7.25
2013-06-05,5923.85009765625,-1.0053670555296847,0.0007430196714316,44.35270541027737,14.826539554242116,46.707277235086,-31.88073768084388,Normal,6056.604956054687,86.73781228006513,-1.5305303985508527,NIFTY50,6.38610640094825,10.0178784746102,7.25
2013-06-06,5921.39990234375,-1.010471003553537,-0.000413700909216,44.17367680085879,6.701270372925137,38.70607586265383,-32.00480548972869,Normal,6050.167456054687,91.86816188919045,-1.4016559280488707,NIFTY50,6.38610640094825,10.0178784746102,7.25
2013-06-07,5881.0,-1.0552925763817709,-0.0068460754539723,41.21929146704054,-2.963833250946664,30.372094039933728,-33.33592729088039,Normal,6039.479956054687,98.59566448444386,-1.607372462910797,NIFTY50,6.38610640094825,10.0178784746102,7.25
2013-06-10,5878.0,-1.0605598532357958,-0.0005102474810933,41.00000435148744,-10.741748246846328,22.14932558257772,-32.891073829424045,Normal,6034.357446289063,104.3192108955709,-1.4988365512617328,NIFTY50,6.38610640094825,10.0178784746102,7.25
2013-06-11,5788.7998046875,-1.1417349281781406,-0.0152915855176087,35.0322626803849,-23.82882830278686,12.9536948055048,-36.78252310829166,Normal,6024.02744140625,117.74507310660375,-1.9977705267190229,NIFTY50,6.38610640094825,10.0178784746102,7.25
2013-06-12,5760.2001953125,-1.1629060905606818,-0.0049527522446549,33.35586408774249,-36.092135324644914,3.144528779474859,-39.236664104119775,Normal,6004.699951171875,127.83358721711716,-1.9126409669166824,NIFTY50,6.38610640094825,10.0178784746102,7.25
2013-06-13,5699.10009765625,-1.198464877751221,-0.0106639454621049,30.04770152992185,-50.16291488045045,-7.516959952510202,-42.64595492794024,Crash,5981.1599609375,138.69783859584518,-2.033628397794652,NIFTY50,6.38610640094825,10.0178784746102,7.25
2013-06-14,5808.39990234375,-1.148019837118414,0.0189968440891534,41.26902370351546,-51.89630002881131,-16.392827967770423,-35.50347206104089,Normal,5962.2149658203125,134.88374410585484,-1.1403528608744034,NIFTY50,6.38610640094825,10.0178784746102,7.25
2013-06-17,5850.0498046875,-1.1189910901828952,0.0071450459678088,44.89646809671628,-49.3404551571839,-22.98235340565312,-26.35810175153078,Normal,5946.8724609375,128.89200167041,-0.7511921220494797,NIFTY50,6.38610640094825,10.0178784746102,7.25
2013-06-18,5813.60009765625,-1.151170116988498,-0.006250157711134,42.4268001799822,-49.683397141654495,-28.3225621528534,-21.360834988801106,Normal,5931.8474609375,125.85104847220803,-0.939581868540115,NIFTY50,6.38610640094825,10.0178784746102,7.25
2013-06-19,5822.25,-1.147104481953354,0.0014867678535771,43.22495241688788,-48.69587062181836,-32.39722384664638,-16.298646775171974,Normal,5918.2349609375,121.99676300386376,-0.7867828504143155,NIFTY50,6.38610640094825,10.0178784746102,7.25
2013-06-20,5655.89990234375,-1.2543145689590318,-0.0289875541395142,33.58271689871866,-60.63732207176963,-38.04524349167103,-22.5920785800986,Normal,5902.677465820312,134.6295256573272,-1.8330122034648293,NIFTY50,6.38610640094825,10.0178784746102,7.25
2013-06-21,5667.64990234375,-1.2535912115642531,0.0020753216826701,34.690912236550616,-68.3648145516836,-44.109157703673546,-24.255656848010048,Normal,5886.882470703125,142.91791117915872,-1.5339754587131509,NIFTY50,6.38610640094825,10.0178784746102,7.25
2013-06-24,5590.25,-1.2727986908855635,-0.0137505436288001,31.01931794188245,-79.81438275508572,-51.25020271395599,-28.56418004112973,Normal,5862.237475585937,149.63243731620557,-1.8177039715738184,NIFTY50,6.38610640094825,10.0178784746102,7.25
2013-06-25,5609.10009765625,-1.2739840026021934,0.0033662873814071,32.88240532706996,-86.37156506431711,-58.27447518402821,-28.09708988028889,Normal,5837.12998046875,147.76778158481235,-1.5431637422371418,NIFTY50,6.38610640094825,10.0178784746102,7.25
2013-06-26,5588.7001953125,-1.2778165805118085,-0.0036435593381386,31.878925641437306,-92.1520099087802,-65.04998212897861,-27.10202777980159,Normal,5811.35,143.62167471955834,-1.550252112867056,NIFTY50,6.38610640094825,10.0178784746102,7.25
2013-06-27,5682.35009765625,-1.2696842967634523,0.0166181598202831,40.80917031620823,-88.16003562663627,-69.67199282851016,-18.48804279812612,Normal,5789.2650146484375,125.86989919195918,-0.8494081402983871,NIFTY50,6.38610640094825,10.0178784746102,7.25
2013-06-28,5842.2001953125,-1.2013788303824608,0.0277425749122853,52.3029666537906,-71.27617293583444,-69.99282884997501,-1.2833440858594258,Normal,5782.0775146484375,117.89943727006634,0.5099488348391561,NIFTY50,6.38610640094825,10.0178784746102,7.25
2013-07-01,5898.85009765625,-1.15729375244631,0.0096499615521678,55.59392510954134,-52.71673077817377,-66.53760923561477,13.820878457440998,Normal,5780.055029296875,115.38047987342428,1.029594160898767,NIFTY50,6.38610640094825,10.0178784746102,7.25
2013-07-02,5857.5498046875,-1.1970637816692693,-0.0070260391295866,52.73708581976057,-40.86970709343132,-61.40402880717808,20.534321713746763,Normal,5776.960009765625,112.2317368959505,0.7180660047753658,NIFTY50,6.38610640094825,10.0178784746102,7.25
2013-07-03,5770.89990234375,-1.2651872892980387,-0.0149033634474336,47.25092634144772,-38.03434220439249,-56.73009148662096,18.69574928222848,Normal,5769.3125,106.77414220683389,0.0148669173166946,NIFTY50,6.38610640094825,10.0178784746102,7.25
2013-07-04,5836.9501953125,-1.2261113796853222,0.0113804029650577,51.40113367109354,-30.11049343963896,-51.406171877224565,21.295678437585607,Normal,5765.090014648437,102.0065332429697,0.704466453074125,NIFTY50,6.38610640094825,10.0178784746102,7.25
2013-07-05,5867.89990234375,-1.203844336411377,0.0052883683094532,53.25696433748109,-21.090287795933364,-45.34299506096633,24.252707265032967,Normal,5764.435009765625,101.26242388663276,1.0217501083517202,NIFTY50,6.38610640094825,10.0178784746102,7.25
2013-07-08,5811.5498046875,-1.2509485593168783,-0.0096495188239112,49.547137876249565,-18.277994437449703,-39.92999493626301,21.6520004988133,Normal,5761.1125,98.38953378422588,0.5126287598649654,NIFTY50,6.38610640094825,10.0178784746102,7.25
2013-07-09,5859.0,-1.2189011450206182,0.0081316574749487,52.54484108974497,-12.081133696473444,-34.36022268830509,22.27908899183165,Normal,5764.622509765625,100.6553471405126,0.9376301698371372,NIFTY50,6.38610640094825,10.0178784746102,7.25
2013-07-10,5816.7001953125,-1.25382738675046,-0.0072458163618322,49.70936443000176,-10.462710028939,-29.58072015643188,19.11801012749288,Normal,5767.447509765625,101.31539998761592,0.4861322716279588,NIFTY50,6.38610640094825,10.0178784746102,7.25
2013-07-11,5935.10009765625,-1.1657492531035742,0.020150769372548,56.74537119933743,0.3695253394726023,-23.59067105725098,23.960196396723585,Normal,5779.247509765625,106.5444351834718,1.4627942568961327,NIFTY50,6.38610640094825,10.0178784746102,7.25
2013-07-12,6009.0,-1.0914990590669544,0.0123744517784235,60.46342267237309,14.747257221467407,-15.923085401507302,30.670342622974708,Bubble,5789.277514648437,118.23414359464364,1.8583674619817407,NIFTY50,6.38610640094825,10.0178784746102,7.25
2013-07-15,6030.7998046875,-1.0672719373724062,0.003621294184999,61.51435558416085,27.582817819509728,-7.221904757303897,34.804722576813624,Normal,5798.315014648438,129.49561235073358,1.795310171663475,NIFTY50,6.38610640094825,10.0178784746102,7.25
2013-07-16,5955.25,-1.1575710829537589,-0.0126064560825985,55.96249655138024,31.29806956291032,0.4820901067389451,30.81597945617137,Normal,5805.397509765625,134.16503581445326,1.1169265474025385,NIFTY50,6.38610640094825,10.0178784746102,7.25
2013-07-17,5973.2998046875,-1.1404144669010146,0.0030263223541821,56.96189559776668,35.292076635370904,7.444087412465337,27.847989222905568,Normal,5812.95,139.31623472572304,1.1509771635960928,NIFTY50,6.38610640094825,10.0178784746102,7.25
2013-07-18,6038.0498046875,-1.0711589811881446,0.0107815739827481,60.43104328945119,43.18433771339096,14.592137472650464,28.592200240740496,Normal,5832.057495117188,142.80544612354458,1.4424681632387002,NIFTY50,6.38610640094825,10.0178784746102,7.25
2013-07-19,6029.2001953125,-1.0831763993847177,-0.0014667154424545,59.722483462897976,48.16965219516351,21.30764041715308,26.86201177801044,Normal,5850.135009765625,143.77869880475836,1.2454222150809229,NIFTY50,6.38610640094825,10.0178784746102,7.25
2013-07-22,6031.7998046875,-1.0814333387372776,0.0004310769281579,59.87133038950699,51.73395970572437,27.39290427486733,24.34105543085704,Normal,5872.2125,135.43060726165393,1.1783695570320771,NIFTY50,6.38610640094825,10.0178784746102,7.25
2013-07-23,6077.7998046875,-1.0273185441289812,0.0075973149799416,62.511374170611,57.60646320025808,33.43561605994549,24.17084714031259,Normal,5895.647485351563,127.84480128469852,1.4247925414683136,NIFTY50,6.38610640094825,10.0178784746102,7.25
2013-07-24,5990.5,-1.137802379607742,-0.01446787515895,55.10226578051829,54.58685658186914,37.66586416433022,16.92099241753892,Normal,5915.737475585937,106.93081324793178,0.6991672666017876,NIFTY50,6.38610640094825,10.0178784746102,7.25
2013-07-25,5907.5,-1.225144870542585,-0.0139521510188908,49.13901770648854,44.97791285997664,39.12827390345951,5.849638956517133,Normal,5926.994970703125,91.85610644007578,-0.2122338019611421,NIFTY50,6.38610640094825,10.0178784746102,7.25
2013-07-26,5886.2001953125,-1.2450354641481187,-0.0036120687304303,47.71201948891838,35.23783962290963,38.350187047349536,-3.1123474244399034,Normal,5929.194970703125,90.23087383919356,-0.4764973845565234,NIFTY50,6.38610640094825,10.0178784746102,7.25
2013-07-29,5831.64990234375,-1.2771782876294056,-0.0093106989063587,44.17392747371307,22.85356696818053,35.250863031515735,-12.397296063335205,Normal,5925.8349609375,92.6393792050396,-1.0166849065912815,NIFTY50,6.38610640094825,10.0178784746102,7.25
2013-07-30,5755.0498046875,-1.2956564083447857,-0.0132222661463112,39.71977551991053,6.77980063684663,29.55665055258192,-22.776849915735284,Normal,5920.7099609375,99.21757896601147,-1.6696653755958857,NIFTY50,6.38610640094825,10.0178784746102,7.25
2013-07-31,5742.0,-1.299026095497778,-0.0022701145969533,38.99832860376278,-6.931878778863393,22.258944686292853,-29.19082346515625,Normal,5919.264965820313,101.69377867590724,-1.743124979014172,NIFTY50,6.38610640094825,10.0178784746102,7.25
2013-08-01,5727.85009765625,-1.3025992365523045,-0.0024673224848824,38.18836998393587,-18.72441892082952,14.06227196486838,-32.7866908856979,Normal,5913.8099609375,109.00498698185795,-1.7059757395521753,NIFTY50,6.38610640094825,10.0178784746102,7.25
2013-08-02,5677.89990234375,-1.3137438744270309,-0.0087588303528144,35.3938150809562,-31.73483582141944,4.902850407610816,-36.63768622903025,Normal,5904.3099609375,120.85234113905302,-1.8734437120522336,NIFTY50,6.38610640094825,10.0178784746102,7.25
2013-08-05,5685.39990234375,-1.3127122102986288,0.0013200392875264,36.14935182665321,-40.96824124699378,-4.271367923310104,-36.69687332368368,Normal,5898.002465820313,128.96795931955123,-1.6484913353539652,NIFTY50,6.38610640094825,10.0178784746102,7.25
2013-08-06,5542.25,-1.3416977593007606,-0.0255009126567762,29.14380261770228,-59.15488168195134,-15.24807067503835,-43.90681100691299,Crash,5882.164965820312,151.49154094190555,-2.24378842347814,NIFTY50,6.38610640094825,10.0178784746102,7.25
2013-08-07,5519.10009765625,-1.3461795218386623,-0.0041857342799807,28.192289435304872,-74.57626019622603,-27.113708579275887,-47.462551616950144,Crash,5867.2849609375,171.5480942189937,-2.029663254881552,NIFTY50,6.38610640094825,10.0178784746102,7.25
2013-08-08,5565.64990234375,-1.338873215558181,0.0083989405861191,32.93389129180605,-82.09529016600027,-38.11002489662077,-43.9852652693795,Normal,5848.812451171875,183.3470059803279,-1.5444078146468718,NIFTY50,6.38610640094825,10.0178784746102,7.25
2013-08-12,5612.39990234375,-1.3310017294393583,0.0083646563395525,37.40429720778676,-83.32136447091216,-47.15229281147905,-36.16907165943311,Normal,5828.982446289063,186.5296121556574,-1.16111614366397,NIFTY50,6.38610640094825,10.0178784746102,7.25
2013-08-13,5699.2998046875,-1.3148012837004754,0.015364907874385,44.77339849557223,-76.40024683655884,-53.00188361649501,-23.39836322006383,Normal,5812.407446289062,182.33360935235643,-0.6203334755633759,NIFTY50,6.38610640094825,10.0178784746102,7.25
2013-08-14,5742.2998046875,-1.3062707868925123,0.0075164669130956,48.03347317314029,-66.67686126164881,-55.73687914552577,-10.93998211612304,Normal,5801.759936523437,179.75261565563218,-0.3307886876586558,NIFTY50,6.38610640094825,10.0178784746102,7.25
2013-08-16,5507.85009765625,-1.3551969634053358,-0.0416854278146094,35.66983572938905,-77.0015145913585,-59.98980623469232,-17.011708356666183,Normal,5778.487451171875,186.3830167029014,-1.4520494318805195,NIFTY50,6.38610640094825,10.0178784746102,7.25
2013-08-19,5414.75,-1.3703504861812656,-0.0170476537750192,32.13282552978025,-91.63990872719752,-66.31982673319337,-25.32008199400414,Normal,5747.3224609375,192.70117786853257,-1.7258455013927971,NIFTY50,6.38610640094825,10.0178784746102,7.25
2013-08-20,5401.4501953125,-1.3391704256195829,-0.0024592391320948,31.65000164076325,-103.12535967790154,-73.680933322135,-29.44442635576653,Normal,5715.9349609375,195.4765026872145,-1.6088110913679128,NIFTY50,6.38610640094825,10.0178784746102,7.25
2013-08-21,5302.5498046875,-0.9168020170245595,-0.0184796721104445,28.25058283184464,-118.83820443639796,-82.7123875449876,-36.125816891410366,Normal,5679.4724609375,201.38162367417524,-1.8716834702844616,NIFTY50,6.38610640094825,10.0178784746102,7.25
2013-08-22,5408.4501953125,-1.3744748894425516,0.0197747813576122,36.15778950801584,-121.34666185332298,-90.43924240665469,-30.9074194466683,Normal,5646.00498046875,186.79056093394712,-1.2717708216543864,NIFTY50,6.38610640094825,10.0178784746102,7.25
2013-08-23,5471.75,-1.3661761301729616,0.0116359106915163,40.38678069318568,-116.87955248292748,-95.72730442190924,-21.152248061018227,Normal,5620.06748046875,171.85619156996003,-0.8630325105765646,NIFTY50,6.38610640094825,10.0178784746102,7.25
2013-08-26,5476.5,-1.3659951392460945,0.0008677186396066,40.70419664209101,-111.66880237811164,-98.91560401314972,-12.753198364961932,Normal,5598.51748046875,160.56849320653927,-0.7599092327023289,NIFTY50,6.38610640094825,10.0178784746102,7.25
2013-08-27,5287.4501953125,-0.9968777197762112,-0.0351300857798711,33.14080585636815,-121.39462301319143,-103.41140781315806,-17.983215200033385,Normal,5568.57998046875,159.92416172268452,-1.7578943802359377,NIFTY50,6.38610640094825,10.0178784746102,7.25
2013-08-28,5285.0,-0.9741204597531864,-0.0004635056795921,33.0550774626104,-127.82661062385888,-108.29444837529824,-19.53216224856064,Normal,5541.247485351562,159.30928678981047,-1.608490568975117,NIFTY50,6.38610640094825,10.0178784746102,7.25
2013-08-29,5409.0498046875,-1.3812402973816928,0.0232008212687357,41.32989708531985,-121.5134927298068,-110.93825724619995,-10.575235483606832,Normal,5523.947485351562,153.55241232944005,-0.7482635988652144,NIFTY50,6.38610640094825,10.0178784746102,7.25
2013-08-30,5471.7998046875,-1.373053517329799,0.0115341536593745,45.031238710542056,-110.17685058797451,-110.78597591455488,0.6091253265803687,Normal,5510.437475585937,145.00646038029282,-0.2664548241306372,NIFTY50,6.38610640094825,10.0178784746102,7.25
2013-09-02,5550.75,-1.3612757334432664,0.0143254595132372,49.3599682569382,-93.74126808055098,-107.37703434775412,13.635766267203138,Normal,5501.582470703125,136.16924968738093,0.3610765970272602,NIFTY50,6.38610640094825,10.0178784746102,7.25
2013-09-03,5341.4501953125,-1.3513869534214422,-0.038435865504589,40.29960535664897,-96.49239135515565,-105.20010574923442,8.707714394078792,Normal,5484.759985351562,134.00585519443095,-1.0694293158394608,NIFTY50,6.38610640094825,10.0178784746102,7.25
2013-09-04,5448.10009765625,-1.3826334958151552,0.0197697537043862,45.76277292450308,-89.04051690920278,-101.9681879812281,12.92767107202532,Normal,5472.894995117187,125.54425231795044,-0.1974992642286973,NIFTY50,6.38610640094825,10.0178784746102,7.25
2013-09-05,5592.9501953125,-1.3610337031600546,0.026239969011229,52.16532553591598,-70.63245344866573,-95.70104107471565,25.068587626049904,Normal,5475.430004882813,127.51479489244748,0.921620040473028,NIFTY50,6.38610640094825,10.0178784746102,7.25
2013-09-06,5680.39990234375,-1.3454029272661605,0.0155147246223548,55.574959514064325,-48.429208256877246,-86.24667451114796,37.81746625427071,Normal,5483.494995117188,135.286272677703,1.4554684915863978,NIFTY50,6.38610640094825,10.0178784746102,7.25
2013-09-10,5896.75,-1.3006040520015882,0.037379716084918,62.66521675258651,-13.222906276409958,-71.64192086420036,58.4190145877904,Bubble,5500.05,163.23925651299268,2.430175243835574,NIFTY50,6.38610640094825,10.0178784746102,7.25
2013-09-11,5913.14990234375,-1.297005561160039,0.0027773161535761,63.14538658311552,15.819321459657658,-54.14967239942876,69.96899385908642,Bubble,5515.0875,186.3500586906468,2.1361002252462926,NIFTY50,6.38610640094825,10.0178784746102,7.25
2013-09-12,5850.7001953125,-1.3128451575692797,-0.0106173222477054,59.981835764525,33.41118341038327,-36.63750123746635,70.04868464784963,Normal,5522.65751953125,196.9980159195721,1.665208018720246,NIFTY50,6.38610640094825,10.0178784746102,7.25
2013-09-13,5850.60009765625,-1.3133228799703442,-1.7108809063270718e-05,59.97664903533406,46.80524200990658,-19.94895258799177,66.75419459789835,Normal,5528.072534179688,204.69146238520315,1.575676678051215,NIFTY50,6.38610640094825,10.0178784746102,7.25
2013-09-16,5840.5498046875,-1.3161442120511575,-0.0017192997315773,59.42105994320186,55.964036721316006,-4.766354726130215,60.73039144744622,Normal,5544.70751953125,216.15929111684483,1.368630900053852,NIFTY50,6.38610640094825,10.0178784746102,7.25
2013-09-17,5850.2001953125,-1.3143422764185142,0.0016509450320878,59.806079453511096,63.27179551405607,8.841275321907041,54.43052019214903,Normal,5566.480029296875,224.1625253940809,1.265689550547493,NIFTY50,6.38610640094825,10.0178784746102,7.25
2013-09-18,5899.4501953125,-1.3031089379223282,0.0083832772551382,61.79818376273809,72.20497638570214,21.51401553466606,50.69096085103608,Normal,5591.380029296875,232.37469780072053,1.3257474627457886,NIFTY50,6.38610640094825,10.0178784746102,7.25
2013-09-19,6115.5498046875,-1.2490838161760842,0.0359755165868896,69.04726768369841,95.61977381208362,36.335167190149576,59.284606621934046,Bubble,5632.030029296875,249.65709200365424,1.936735590045036,NIFTY50,6.38610640094825,10.0178784746102,7.25
2013-09-20,6012.10009765625,-1.2786688191566566,-0.017060554525648,62.8944840680873,104.62261825690256,49.992657403500175,54.6299608534024,Normal,5662.212524414063,257.5686175958939,1.358424704484516,NIFTY50,6.38610640094825,10.0178784746102,7.25
2013-09-23,5889.75,-1.3111411393235566,-0.0205605694545891,56.48374147068082,100.72372656152584,60.13887123510531,40.58485532642053,Normal,5683.112524414062,258.2584784591611,0.8001188453474678,NIFTY50,6.38610640094825,10.0178784746102,7.25
2013-09-24,5892.4501953125,-1.3109305785193175,0.0004583516346713,56.58890666934922,96.73659079592744,67.45841514726975,29.27817564865769,Normal,5703.910034179688,257.4913579733443,0.732219374726861,NIFTY50,6.38610640094825,10.0178784746102,7.25
2013-09-25,5873.85009765625,-1.315869242436647,-0.0031615907611521,55.59226374861777,91.02658671302652,72.1720494604211,18.85453725260541,Normal,5733.230029296875,240.39241763809488,0.5849604980930613,NIFTY50,6.38610640094825,10.0178784746102,7.25
2013-09-26,5882.25,-1.314310954348001,0.0014290289642726,55.96940714876171,86.18567445084773,74.97477445850643,11.210899992341297,Normal,5763.092529296875,217.81730503479008,0.5470523597015995,NIFTY50,6.38610640094825,10.0178784746102,7.25
2013-09-27,5833.2001953125,-1.3264411136507566,-0.0083735734385677,53.131813239135845,77.49795906294821,75.47941137939479,2.0185476835534217,Normal,5784.300048828125,201.5749625967467,0.2425903785590692,NIFTY50,6.38610640094825,10.0178784746102,7.25
2013-09-30,5735.2998046875,-1.3490215109893178,-0.0169257428065483,47.91069169780534,61.998459047496,72.78322091301503,-10.78476186551903,Normal,5797.475048828125,188.24534022465227,-0.3302883570261296,NIFTY50,6.38610640094825,10.0178784746102,7.25
2013-10-01,5780.0498046875,-1.3400764662651208,0.0077722738414712,50.31414258920514,52.71824155336617,68.77022504108527,-16.0519834877191,Normal,5808.9400390625,179.1928281580369,-0.1612242781810455,NIFTY50,6.38610640094825,10.0178784746102,7.25
2013-10-03,5909.7001953125,-1.3115989837405873,0.0221828023826563,56.56691741775788,55.18911950322581,66.05400393351339,-10.864884430287574,Normal,5837.3525390625,142.4506887081987,0.5078785992969093,NIFTY50,6.38610640094825,10.0178784746102,7.25
2013-10-04,5907.2998046875,-1.3126233247691923,-0.0004062605835685,56.42533578103401,56.30457255364945,64.1041176575406,-7.799545103891148,Normal,5860.312524414063,109.63665201501529,0.4285727392241237,NIFTY50,6.38610640094825,10.0178784746102,7.25
2013-10-07,5906.14990234375,-1.313341851363337,-0.000194676809213,56.3525708921511,56.44512535429476,62.57231919689144,-6.127193842596675,Normal,5875.972509765625,90.05771868634899,0.3350894628280171,NIFTY50,6.38610640094825,10.0178784746102,7.25
2013-10-08,5928.39990234375,-1.308342922020127,0.0037601812630294,57.49477515244131,57.686924553042445,61.59524026812164,-3.908315715079192,Normal,5888.372509765625,77.9751134129719,0.5133354839271819,NIFTY50,6.38610640094825,10.0178784746102,7.25
2013-10-09,6007.4501953125,-1.2889803515668905,0.0132460525478861,61.363282951310815,64.3084495803032,62.13788213055796,2.170567449745249,Normal,5893.90751953125,82.4042775186402,1.3778735667643751,NIFTY50,6.38610640094825,10.0178784746102,7.25
2013-10-10,6020.9501953125,-1.2858376954407096,0.0022446884423595,61.999356128638574,69.84031734148721,63.67836917274381,6.161948168743393,Normal,5899.297534179687,87.11980895330937,1.3963834700097966,NIFTY50,6.38610640094825,10.0178784746102,7.25
2013-10-11,6096.2001953125,-1.26613216204676,0.0124205716652584,65.41700102088878,79.38134972029002,66.81896528225306,12.562384438036958,Bubble,5911.572534179688,96.6825530566185,1.909627490129392,NIFTY50,6.38610640094825,10.0178784746102,7.25
2013-10-14,6112.7001953125,-1.261914039590761,0.0027029477705162,66.13617524225678,87.26812608863565,70.90879744352958,16.359328645106075,Normal,5924.6775390625,105.35720699324948,1.7846207356469432,NIFTY50,6.38610640094825,10.0178784746102,7.25
2013-10-15,6089.0498046875,-1.2689327836760351,-0.0038765620083412,64.07920672789466,90.56607497593176,74.84025295001001,15.725822025921758,Normal,5937.1025390625,109.485839930048,1.387825729081324,NIFTY50,6.38610640094825,10.0178784746102,7.25
2013-10-17,6045.85009765625,-1.2812268334497647,-0.0071199416351777,60.38481073247673,88.67171556632275,77.60654547327256,11.065170093050185,Normal,5946.885034179688,110.05163948061993,0.8992602376813283,NIFTY50,6.38610640094825,10.0178784746102,7.25
2013-10-18,6189.35009765625,-1.242504458284684,0.0234579864728275,67.15823901765741,97.62432040989006,81.61010046059606,16.014219949294002,Bubble,5961.380029296875,121.92600195339892,1.8697411930763268,NIFTY50,6.38610640094825,10.0178784746102,7.25
2013-10-21,6204.9501953125,-1.2382777230919366,0.002517303199925,67.8027432475588,104.77039387062176,86.24215914260121,18.528234728020564,Bubble,5965.850048828125,129.29190427929316,1.849304856457808,NIFTY50,6.38610640094825,10.0178784746102,7.25
2013-10-22,6202.7998046875,-1.2392717896773595,-0.0003466205632012,67.60579234860411,109.0036636390514,90.79446004189126,18.209203597160155,Normal,5975.385034179688,139.5102966589081,1.6300930895719024,NIFTY50,6.38610640094825,10.0178784746102,7.25
2013-10-23,6178.35009765625,-1.2468407244787014,-0.0039495101837741,65.28381895716208,109.12771701479689,94.46111143647238,14.666605578324493,Normal,5989.8150390625,145.00386414052656,1.3002071338666998,NIFTY50,6.38610640094825,10.0178784746102,7.25
2013-10-24,6164.35009765625,-1.2512759361918055,-0.0022685483374774,63.92982750194764,106.86448000702148,96.9417851505822,9.92269485643928,Normal,6003.410034179688,148.1077821853031,1.0866415059487182,NIFTY50,6.38610640094825,10.0178784746102,7.25
2013-10-25,6144.89990234375,-1.2572452339479665,-0.0031602593984703,62.005748325172185,102.32187725512269,98.0178035714903,4.304073683632367,Normal,6016.962524414063,148.02961893222997,0.8642687784547971,NIFTY50,6.38610640094825,10.0178784746102,7.25
2013-10-28,6101.10009765625,-1.27004351507073,-0.0071533548030015,57.78791582469584,94.10279521226676,97.2348018996456,-3.132006687378848,Normal,6027.905029296875,145.6165643191355,0.5026561964403964,NIFTY50,6.38610640094825,10.0178784746102,7.25
2013-10-29,6220.89990234375,-1.2368974099849468,0.0194454763221783,64.83401540635586,96.14762651886304,97.0173668234891,-0.8697403046260632,Normal,6047.290014648437,144.13096891039902,1.20452869364418,NIFTY50,6.38610640094825,10.0178784746102,7.25
2013-10-30,6251.7001953125,-1.2280766628602808,0.004938882885003,66.38746330313253,99.11100630907276,97.43609472060584,1.6749115884669266,Normal,6073.110034179687,130.9506034747688,1.3637979237508664,NIFTY50,6.38610640094825,10.0178784746102,7.25
2013-10-31,6299.14990234375,-1.1942305272480764,0.0075612301523564,68.68267102099092,104.08843426903512,98.7665626302917,5.321871638743431,Normal,6099.0650390625,120.86304314736398,1.6554676936050174,NIFTY50,6.38610640094825,10.0178784746102,7.25
2013-11-01,6307.2001953125,-1.1843794468642024,0.0012771807859823,69.06857869625648,107.4441241694285,100.50207493811908,6.94204923130944,Normal,6118.9400390625,120.7673961527385,1.5588657389938387,NIFTY50,6.38610640094825,10.0178784746102,7.25
2013-11-05,6253.14990234375,-1.2289422426903824,-0.0086065477770176,63.41812704082766,104.53708719736368,101.309077389968,3.228009807395693,Normal,6136.2325439453125,113.40439970810556,1.030977269835862,NIFTY50,6.38610640094825,10.0178784746102,7.25
2013-11-06,6215.14990234375,-1.2407107448829042,-0.0060954770501485,59.71911106844087,98.0368492597372,100.65463176392184,-2.617782504184632,Normal,6151.682543945312,100.7515122206458,0.6299395115722349,NIFTY50,6.38610640094825,10.0178784746102,7.25
2013-11-07,6187.25,-1.2492747211146067,-0.0044991210775516,57.08636510456872,89.60120796198407,98.4439470035343,-8.842739041550232,Normal,6164.625048828125,86.12298865331083,0.262705132806668,NIFTY50,6.38610640094825,10.0178784746102,7.25
2013-11-08,6140.75,-1.263061923019532,-0.0075438385016386,52.90045424656151,78.26158919067348,94.40747544096214,-16.14588625028867,Normal,6171.2900390625,78.10379591805948,-0.3910186272449584,NIFTY50,6.38610640094825,10.0178784746102,7.25
2013-11-11,6078.7998046875,-1.2807752810022457,-0.0101396085892961,47.86488035884913,63.54350660485306,88.23468167374034,-24.69117506888728,Normal,6174.18251953125,73.15768901205752,-1.3037961714185615,NIFTY50,6.38610640094825,10.0178784746102,7.25
2013-11-12,6018.0498046875,-1.2974770393362858,-0.0100440218202068,43.49273514932179,46.44194894810062,79.8761351286124,-33.43418618051179,Normal,6170.275,79.36581172556326,-1.918019761945795,NIFTY50,6.38610640094825,10.0178784746102,7.25
2013-11-13,5989.60009765625,-1.3052256615124536,-0.004738605888357,41.57737323514436,30.244547386066188,69.94981758010317,-39.70527019403698,Normal,6164.119995117188,88.33268151419179,-1.9757115313305484,NIFTY50,6.38610640094825,10.0178784746102,7.25
2013-11-14,6056.14990234375,-1.2886499782400611,0.0110496202889337,47.411532884899216,22.518424628646244,60.46353898981179,-37.94511436116554,Normal,6162.475,90.09307383563464,-1.180169497271559,NIFTY50,6.38610640094825,10.0178784746102,7.25
2013-11-18,6189.0,-1.2532972275990724,0.0216992542296499,56.70600393703994,26.80630291232228,53.732091774313886,-26.92578886199161,Normal,6169.632495117187,85.93023184726441,0.2253863915698168,NIFTY50,6.38610640094825,10.0178784746102,7.25
2013-11-19,6203.35009765625,-1.2495157386141085,0.0023159616952837,57.57817402355924,31.005003911572203,49.18667420176556,-18.181670290193352,Normal,6170.332495117187,86.15603440767141,0.3832302956613674,NIFTY50,6.38610640094825,10.0178784746102,7.25
2013-11-20,6122.89990234375,-1.273105111807116,-0.0130536599028687,51.33450565248205,27.52357169048173,44.8540536995088,-17.330482009027065,Normal,6166.22998046875,86.37410558417172,-0.5016558820719106,NIFTY50,6.38610640094825,10.0178784746102,7.25
2013-11-21,5999.0498046875,-1.3072905053302246,-0.0204347337482019,43.51201475075516,14.60251504678763,38.80374596896456,-24.201230922176933,Normal,6156.04248046875,93.55139094290936,-1.6781436833692436,NIFTY50,6.38610640094825,10.0178784746102,7.25
2013-11-22,5995.4501953125,-1.3086187874090376,-0.0006002100100985,43.30546622224873,4.025621315439821,31.848121038259617,-27.8224997228198,Normal,6146.897485351563,99.97500365300895,-1.514851557942451,NIFTY50,6.38610640094825,10.0178784746102,7.25
2013-11-25,6115.35009765625,-1.2783025203352998,0.0198011389830689,51.55468521437248,5.257669760575482,26.5300307827228,-21.27236102214731,Normal,6144.447485351562,100.12508486023208,-0.2906103673812625,NIFTY50,6.38610640094825,10.0178784746102,7.25
2013-11-26,6059.10009765625,-1.2940285156375306,-0.0092407294568061,48.024307774936936,1.6758539297215975,21.55919541212256,-19.88334148240096,Normal,6140.157495117188,101.92657608302471,-0.7952528239044566,NIFTY50,6.38610640094825,10.0178784746102,7.25
2013-11-27,6057.10009765625,-1.2949559923283975,-0.0003301365091241,47.89871374291533,-1.3090542446489053,16.985545480768266,-18.29459972541717,Normal,6137.957495117187,103.27983506874766,-0.782896268251347,NIFTY50,6.38610640094825,10.0178784746102,7.25
2013-11-28,6091.85009765625,-1.2861672016363166,0.0057206744962599,50.32933536713735,-0.8606597459975092,13.416304435415112,-14.27696418141262,Normal,6131.5050048828125,101.84650961239277,-0.3893595114597551,NIFTY50,6.38610640094825,10.0178784746102,7.25
2013-11-29,6176.10009765625,-1.263658778776603,0.0137351918084584,55.72258977784846,6.2212522942118085,11.977294007174454,-5.756041712962645,Normal,6127.725,98.49862105448835,0.4911246181760155,NIFTY50,6.38610640094825,10.0178784746102,7.25
2013-12-02,6217.85009765625,-1.2521255492163217,0.0067371834257967,58.147752978745295,15.029345746863328,12.58770435511223,2.441641391751098,Normal,6123.660009765625,92.54960030479008,1.0177254961710556,NIFTY50,6.38610640094825,10.0178784746102,7.25
2013-12-03,6201.85009765625,-1.2571314497738892,-0.0025765531534391,56.86237186077575,20.48264579384795,14.166692642859374,6.315953150988577,Normal,6118.392504882812,84.17241071780963,0.9915076930994836,NIFTY50,6.38610640094825,10.0178784746102,7.25
2013-12-04,6160.9501953125,-1.269228625378198,-0.0066166322500209,53.600585697099085,21.25908358336528,15.585170830960555,5.673912752404725,Normal,6113.78251953125,78.75393435128937,0.5989246908078815,NIFTY50,6.38610640094825,10.0178784746102,7.25
2013-12-05,6241.10009765625,-1.246945424826185,0.0129254464085124,58.61107430150945,28.01885943353318,18.071908551475083,9.946950882058095,Normal,6115.080029296875,80.701597880828,1.5615560493048548,NIFTY50,6.38610640094825,10.0178784746102,7.25
2013-12-06,6259.89990234375,-1.2417628744751903,0.0030077303991856,59.71007769471148,34.49537639168648,21.35660211951736,13.138774272169115,Normal,6118.712524414063,85.6069969632812,1.6492504460849853,NIFTY50,6.38610640094825,10.0178784746102,7.25
2013-12-09,6363.89990234375,-1.1844219437510388,0.0164771866757003,65.21303458011427,47.47275718349647,26.579833132313183,20.89292405118329,Bubble,6129.87001953125,101.66612194422598,2.301945607218975,NIFTY50,6.38610640094825,10.0178784746102,7.25
2013-12-10,6332.85009765625,-1.2197302744272127,-0.0048909944016872,62.46969673533606,54.62231318852173,32.188329143554895,22.433984044966834,Normal,6142.572534179688,110.44161934227957,1.722879151987584,NIFTY50,6.38610640094825,10.0178784746102,7.25
2013-12-11,6307.89990234375,-1.229041100426235,-0.0039475866089139,60.27545172710364,57.6110117066919,37.2728656561823,20.3381460505096,Normal,6157.0650390625,112.2441532703686,1.3438104247436944,NIFTY50,6.38610640094825,10.0178784746102,7.25
2013-12-12,6237.0498046875,-1.2507844301315365,-0.0112955177366791,54.42894048983233,53.644189231748896,40.54713037129562,13.097058860453274,Normal,6169.437524414063,106.29347090426782,0.6360906243651736,NIFTY50,6.38610640094825,10.0178784746102,7.25
2013-12-13,6168.39990234375,-1.2710563746860777,-0.011067813701985,49.4263075742224,44.4486046073589,41.32742521850828,3.1211793888506207,Normal,6175.050024414062,102.90637681659628,-0.0646230318861992,NIFTY50,6.38610640094825,10.0178784746102,7.25
2013-12-16,6154.7001953125,-1.2752585422826312,-0.0022234198483338,48.4689192401847,35.64469581245248,40.190879337297126,-4.546183524844643,Normal,6173.335034179688,102.94746112674255,-0.1810130979747583,NIFTY50,6.38610640094825,10.0178784746102,7.25
2013-12-17,6139.0498046875,-1.2799682814150086,-0.0025460740749505,47.34077682166687,27.092374902626943,37.57117845036309,-10.478803547736147,Normal,6170.12001953125,102.96480283609384,-0.3017556872634426,NIFTY50,6.38610640094825,10.0178784746102,7.25
2013-12-18,6217.14990234375,-1.2587638765628562,0.0126416114348326,53.19541512134204,26.31330078457177,35.31960291720483,-9.006302132633067,Normal,6174.83251953125,102.8466357261586,0.4114610314057824,NIFTY50,6.38610640094825,10.0178784746102,7.25
2013-12-19,6166.64990234375,-1.2735787795935514,-0.0081558618075907,49.37298552439757,21.3745583754444,32.530594008852745,-11.15603563340835,Normal,6183.212524414063,94.23768434768736,-0.1757537038920137,NIFTY50,6.38610640094825,10.0178784746102,7.25
2013-12-20,6274.25,-1.243688885647056,0.0172982310885611,56.53890505750953,25.845072159954725,31.193489639073142,-5.348417479118417,Normal,6197.152514648437,85.18733073885184,0.9050346416876331,NIFTY50,6.38610640094825,10.0178784746102,7.25
2013-12-23,6284.5,-1.240995237814446,0.0016323284205711,57.16095502738964,29.870744530612683,30.92894061738105,-1.058196086768369,Normal,6205.610009765625,85.035010854085,0.9277354050056528,NIFTY50,6.38610640094825,10.0178784746102,7.25
2013-12-24,6268.39990234375,-1.2461277669882316,-0.0025651612949664,55.80974160753737,31.40001572557867,31.02315563902058,0.3768600865580893,Normal,6216.075,78.69835957619483,0.6648791998401165,NIFTY50,6.38610640094825,10.0178784746102,7.25
2013-12-26,6278.89990234375,-1.243377201726538,0.0016736672613967,56.53142277320462,33.07793457376556,31.43411142596958,1.643823147795981,Normal,6227.164990234375,70.29613873914279,0.7359566689908021,NIFTY50,6.38610640094825,10.0178784746102,7.25
2013-12-27,6313.7998046875,-1.233353629038951,0.0055428927092751,58.93213733815253,36.79962463240099,32.507214067255866,4.292410565145126,Normal,6238.262475585938,65.1402465173005,1.1596107343790951,NIFTY50,6.38610640094825,10.0178784746102,7.25
2013-12-30,6291.10009765625,-1.2405298089444696,-0.0036017313499322,56.737240879088894,37.48530688516621,33.502832630837936,3.982474254328274,Normal,6244.012475585938,64.43609060903155,0.7307647255637851,NIFTY50,6.38610640094825,10.0178784746102,7.25
2013-12-31,6304.0,-1.2370279654420109,0.0020484008470497,57.70137824826397,38.62439137973797,34.52714438061795,4.097246999120024,Normal,6248.319970703125,65.46639494276171,0.8505131425910432,NIFTY50,6.38610640094825,10.0178784746102,7.25
2014-01-02,6221.14990234375,-1.262038508575613,-0.0132295911317224,49.99511931744455,32.46754789288116,34.11522508307059,-1.6476771901894338,Normal,6249.2849609375,64.8850270051992,-0.4336140384359456,NIFTY50,7.41022760508854,6.66565671867899,7.25
2014-01-03,6211.14990234375,-1.2652546134292155,-0.0016087131606754,49.14201521344864,26.47608877476977,32.587397821410434,-6.111309046640656,Normal,6251.794946289063,62.20362115303986,-0.6534192574627395,NIFTY50,7.41022760508854,6.66565671867899,7.25
2014-01-06,6191.4501953125,-1.2711998861502778,-0.0031767086647526,47.42518286738836,19.90871723786131,30.051661704700614,-10.142944466839303,Normal,6249.312451171875,63.6273578818496,-0.9093927169947916,NIFTY50,7.41022760508854,6.66565671867899,7.25
2014-01-07,6162.25,-1.2797299815156362,-0.0047273690038389,44.920076972116455,12.20710039925416,26.48274944361133,-14.275649044357166,Normal,6244.429956054688,66.45591093262901,-1.2366086763598714,NIFTY50,7.41022760508854,6.66565671867899,7.25
2014-01-08,6174.60009765625,-1.2767069197352534,0.0020021483091771,46.21413732694679,7.019150832760715,22.590029721441205,-15.57087888868049,Normal,6234.9649658203125,61.86691749006242,-0.9757212838955296,NIFTY50,7.41022760508854,6.66565671867899,7.25
2014-01-09,6168.35009765625,-1.2788106680520794,-0.0010127239331396,45.629879102341015,2.3759521600641165,18.547214209165787,-16.17126204910167,Normal,6226.739965820312,59.03871309782433,-0.9890098394813064,NIFTY50,7.41022760508854,6.66565671867899,7.25
2014-01-10,6171.4501953125,-1.2783317988734122,0.0005024550880677,45.99458879225446,-1.0416566982185032,14.62944002768893,-15.671096725907432,Normal,6219.91748046875,57.01565830152488,-0.8500697282127802,NIFTY50,7.41022760508854,6.66565671867899,7.25
2014-01-13,6272.75,-1.2504984352475563,0.016281004922037,56.30808667028944,4.373496355957286,12.5782512933426,-8.204754937385314,Normal,6221.702490234375,58.128240228501326,0.8781877718120881,NIFTY50,7.41022760508854,6.66565671867899,7.25
2014-01-14,6241.85009765625,-1.2598688796126498,-0.004938226534857,52.98418514930974,6.101347748690387,11.28287058441216,-5.181522835721772,Normal,6225.375,56.89046149751349,0.2895933206126316,NIFTY50,7.41022760508854,6.66565671867899,7.25
2014-01-15,6320.89990234375,-1.2373727500805105,0.0125849591878064,59.56087687599564,13.691513769364974,11.764599221402722,1.926914547962252,Normal,6233.684985351562,58.14814537382996,1.4998744402162731,NIFTY50,7.41022760508854,6.66565671867899,7.25
2014-01-16,6318.89990234375,-1.2383109563441534,-0.0003164607110232,59.33473219249422,19.322652232635846,13.276209823649348,6.046442408986499,Normal,6242.677490234375,56.629632923159335,1.3459810381042214,NIFTY50,7.41022760508854,6.66565671867899,7.25
2014-01-17,6261.64990234375,-1.2557131685553216,-0.0091014138624697,53.11755103845347,18.94736012001158,14.410439882921796,4.536920237089786,Normal,6244.902490234375,56.44777435030605,0.2966886170824525,NIFTY50,7.41022760508854,6.66565671867899,7.25
2014-01-20,6303.9501953125,-1.243769438818535,0.0067327389744132,56.72556729993132,21.81178585127509,15.890709076592454,5.921076774682636,Normal,6251.767504882812,54.75364385562662,0.953045071617188,NIFTY50,7.41022760508854,6.66565671867899,7.25
2014-01-21,6313.7998046875,-1.241191393761125,0.0015612310238598,57.54487796027526,24.59315050994246,17.63119736326246,6.961953146680003,Normal,6253.744995117188,56.30069788935064,1.066679665114275,NIFTY50,7.41022760508854,6.66565671867899,7.25
2014-01-22,6338.9501953125,-1.23403158417191,0.0039754873445066,59.64582960463926,28.498317508784567,19.80462139236688,8.693696116417687,Normal,6256.467504882812,59.11247873433815,1.395351577124342,NIFTY50,7.41022760508854,6.66565671867899,7.25
2014-01-23,6345.64990234375,-1.2323466118287598,0.0010563529953923,60.21069898496146,31.767603695455364,22.19721785298458,9.570385842470785,Normal,6260.330004882812,62.36739932931789,1.3680207669142008,NIFTY50,7.41022760508854,6.66565671867899,7.25
2014-01-24,6266.75,-1.2563937677197694,-0.012511644446641,51.1331696343702,27.672976974452467,23.29236967727816,4.380607297174308,Normal,6259.722509765625,62.23603276922808,0.1129167448772542,NIFTY50,7.41022760508854,6.66565671867899,7.25
2014-01-27,6135.85009765625,-1.2941753700464829,-0.0211092451629749,40.28247228748851,13.70741708328842,21.37537915848021,-7.667962075191792,Normal,6250.825024414063,66.6609123480038,-1.7247727747496944,NIFTY50,7.41022760508854,6.66565671867899,7.25
2014-01-28,6126.25,-1.297118507474347,-0.001565816547123,39.61846387752024,1.843709468535053,17.46904522049118,-15.625335751956126,Normal,6242.58251953125,71.43931724291092,-1.628410293112004,NIFTY50,7.41022760508854,6.66565671867899,8.0
2014-01-29,6120.25,-1.2990947272959712,-0.000979871878508,39.1837299641023,-7.950861562609134,12.385063863871116,-20.33592542648025,Normal,6233.39501953125,74.85877237110338,-1.511446366904698,NIFTY50,7.41022760508854,6.66565671867899,8.0
2014-01-30,6073.7001953125,-1.3116855464009636,-0.0076349386484663,35.89303680505256,-19.2474373989744,6.058563611302015,-25.30600101027641,Normal,6226.022534179688,82.95157223832952,-1.8362803109933568,NIFTY50,7.41022760508854,6.66565671867899,8.0
2014-01-31,6089.5,-1.308053622521297,0.0025979698303823,37.802337009221496,-26.61830370710686,-0.4768098523797608,-26.141493854727106,Normal,6219.9400390625,88.38181988083194,-1.4758695763266263,NIFTY50,7.41022760508854,6.66565671867899,8.0
2014-02-03,6001.7998046875,-1.3308004938586202,-0.0145065848502963,32.08934750159766,-39.0858834468736,-8.198624571278527,-30.887258875595062,Crash,6210.45751953125,100.88834441744756,-2.068204370371895,NIFTY50,7.41022760508854,6.66565671867899,8.0
2014-02-04,6000.89990234375,-1.33143910702742,-0.0001499499891527,32.03584667536072,-48.48029415990186,-16.254958489003194,-32.225335670898666,Normal,6202.3900146484375,110.90048645611088,-1.8168550810138029,NIFTY50,7.41022760508854,6.66565671867899,8.0
2014-02-05,6022.39990234375,-1.3266685851917384,0.0035763930477856,34.8313874927654,-53.57300575375666,-23.71856794195389,-29.85443781180277,Normal,6194.780004882812,117.90838461686228,-1.4619834127929334,NIFTY50,7.41022760508854,6.66565671867899,8.0
2014-02-06,6036.2998046875,-1.3236775650590993,0.0023053743500808,36.64573209100882,-55.84367925709103,-30.14359020498132,-25.700089052109707,Normal,6188.177490234375,123.05132133435534,-1.2342629392348627,NIFTY50,7.41022760508854,6.66565671867899,8.0
2014-02-07,6063.2001953125,-1.3174199011111982,0.0044465366250114,40.12023673857316,-54.840401647085855,-35.082952493402225,-19.75744915368363,Normal,6182.764990234375,126.16708735183587,-0.947670247696614,NIFTY50,7.41022760508854,6.66565671867899,8.0
2014-02-10,6053.4501953125,-1.3202787443391182,-0.0016093560167322,39.2793982960393,-54.20717387119021,-38.90779676895983,-15.29937710223038,Normal,6171.8,127.4579267367196,-0.9285401678623456,NIFTY50,7.41022760508854,6.66565671867899,8.0
2014-02-11,6062.7001953125,-1.3183723914235077,0.0015268879138819,40.55233174107408,-52.355417934278194,-41.59732100202351,-10.758096932254688,Normal,6162.842504882812,128.56617290598626,-0.7789164700697825,NIFTY50,7.41022760508854,6.66565671867899,8.0
2014-02-12,6084.0,-1.3134079363983375,0.0035070967714394,43.49006918100364,-48.608839342718056,-42.99962467016242,-5.6092146725556375,Normal,6150.997509765625,124.0721091258274,-0.5399884811958813,NIFTY50,7.41022760508854,6.66565671867899,8.0
2014-02-13,6001.10009765625,-1.334745274440614,-0.0137195723661018,36.027685174481064,-51.732636481108784,-44.7462270323517,-6.986409448757087,Normal,6135.10751953125,121.76596662328356,-1.100532649566922,NIFTY50,7.41022760508854,6.66565671867899,8.0
2014-02-14,6048.35009765625,-1.3237736006353926,0.0078427216881646,42.1233789376716,-49.82127940741248,-45.76123750736385,-4.060041900048624,Normal,6124.442529296875,119.41768739549896,-0.6371956558546905,NIFTY50,7.41022760508854,6.66565671867899,8.0
2014-02-18,6127.10009765625,-1.304444198343467,0.0129360470308722,50.57618281177688,-41.473962276654674,-44.903782461222015,3.4298201845673404,Normal,6115.600024414062,111.72601823305556,0.102931022013145,NIFTY50,7.41022760508854,6.66565671867899,8.0
2014-02-19,6152.75,-1.298087476268987,0.0041775655962216,52.98473652093816,-32.41525764505968,-42.40607749798955,9.990819852929867,Normal,6107.547534179687,102.07620364479764,0.4428305932850633,NIFTY50,7.41022760508854,6.66565671867899,8.0
2014-02-20,6091.4501953125,-1.31470403739034,-0.0100129556630914,47.07983038615394,-29.838590200562063,-39.89258003850406,10.053989837941993,Normal,6095.172534179687,86.33490356543483,-0.043115110036187,NIFTY50,7.41022760508854,6.66565671867899,8.0
2014-02-21,6155.4501953125,-1.2986325212187324,0.0104517193024489,52.972591468763504,-22.37437963634784,-36.38893995807281,14.014560321724971,Normal,6085.662548828125,65.1743749857631,1.0707835172891105,NIFTY50,7.41022760508854,6.66565671867899,8.0
2014-02-24,6186.10009765625,-1.290816865359823,0.0049669554681356,55.52665227443778,-13.826366276434785,-31.876425221745208,18.050058945310425,Bubble,6081.630053710937,55.09613600272499,1.8961410277509427,NIFTY50,7.41022760508854,6.66565671867899,8.0
2014-02-25,6200.0498046875,-1.2873954903689524,0.002252469579198,56.6798164659053,-5.858842242369974,-26.67290862587016,20.814066383500187,Bubble,6084.8400390625,60.06726229072818,1.918012595070165,NIFTY50,7.41022760508854,6.66565671867899,8.0
2014-02-26,6238.7998046875,-1.2771134608362562,0.006230499856538,59.7981906674437,3.54145541671096,-20.63003581735394,24.1714912340649,Bubble,6090.467529296875,68.78987671187342,2.156309656025626,NIFTY50,7.41022760508854,6.66565671867899,8.0
2014-02-28,6276.9501953125,-1.266747933376711,0.006096399941408,62.64890222877084,13.909338528050284,-13.722160948273093,27.631499476323377,Bubble,6098.3025390625,80.31842458392354,2.224242534330761,NIFTY50,7.41022760508854,6.66565671867899,8.0
2014-03-03,6221.4501953125,-1.2829160841737934,-0.0088811948832916,56.38493549153249,17.446462463965872,-7.488436265825301,24.93489872979117,Normal,6105.6900390625,84.61631795535119,1.3680594836457265,NIFTY50,7.41022760508854,6.66565671867899,8.0
2014-03-04,6297.9501953125,-1.2619602739087583,0.012221184683582,62.02164057898652,26.12145742841404,-0.766457526977435,26.887914955391462,Bubble,6116.112548828125,94.74835928095904,1.919164066421124,NIFTY50,7.41022760508854,6.66565671867899,8.0
2014-03-05,6328.64990234375,-1.2534071430482776,0.0048627132066446,64.03063637290725,35.069404956574544,6.400714969732961,28.668689986841585,Bubble,6132.455053710937,101.91093996122132,1.9251598376726584,NIFTY50,7.41022760508854,6.66565671867899,8.0
2014-03-06,6401.14990234375,-1.2323283722909124,0.0113907186299378,68.29590723826001,47.4637296016399,14.61331789611435,32.850411705525545,Bubble,6152.467553710938,113.37202725108229,2.1935071169016087,NIFTY50,7.41022760508854,6.66565671867899,8.0
2014-03-07,6526.64990234375,-1.1172957012134197,0.0194161333744402,74.03553408316355,66.64488162154339,25.01963064120016,41.62525098034323,Bubble,6177.6800537109375,136.61173326902505,2.554464688224089,NIFTY50,7.41022760508854,6.66565671867899,8.0
2014-03-10,6537.25,-1.1052240490554364,0.0016228078999031,74.45616887012805,81.75895573368689,36.36749565969751,45.39146007398938,Bubble,6202.727563476563,154.12694088414494,2.1704345431399497,NIFTY50,7.41022760508854,6.66565671867899,8.0
2014-03-11,6511.89990234375,-1.1339854797695443,-0.0038853304216658,71.47402569485911,90.64651078647783,47.22329868505358,43.42321210142427,Normal,6225.162548828125,165.0199735150284,1.7375918042400582,NIFTY50,7.41022760508854,6.66565671867899,8.0
2014-03-12,6516.89990234375,-1.1284229505305547,0.0007675304433891,71.71466369096774,96.975546673576,57.17374828275806,39.80179839081793,Normal,6248.335034179688,172.02914548935772,1.5611591128939055,NIFTY50,7.41022760508854,6.66565671867899,8.0
2014-03-13,6493.10009765625,-1.1547820142351248,-0.0036586981147299,68.74207759895619,98.93049867074842,65.52509836035614,33.40540031039228,Normal,6269.855029296875,174.48781440769935,1.279430710489342,NIFTY50,7.41022760508854,6.66565671867899,8.0
2014-03-14,6504.2001953125,-1.142776201606833,0.0017080624598547,69.37957120528677,100.22022100383856,72.46412288905263,27.756098114785928,Normal,6290.8650390625,176.22072057980614,1.2106133464219142,NIFTY50,7.41022760508854,6.66565671867899,8.0
2014-03-18,6516.64990234375,-1.129233932732861,0.0019122731206803,70.11573643003044,101.08171546098856,78.18764140343983,22.89407405754873,Normal,6316.642529296875,169.16927182010662,1.1822913871708405,NIFTY50,7.41022760508854,6.66565671867899,8.0
2014-03-19,6524.0498046875,-1.1211595927757547,0.0011348935723144,70.56866070286546,101.19505272451352,82.78912366765456,18.40592905685895,Normal,6340.427514648438,162.7832020430857,1.128017435057339,NIFTY50,7.41022760508854,6.66565671867899,8.0
2014-03-20,6483.10009765625,-1.1660776140277418,-0.0062965127072204,64.72278313344958,96.86398645584175,85.60409622529201,11.259890230549756,Normal,6358.227514648437,157.6102998207529,0.7922869453952438,NIFTY50,7.41022760508854,6.66565671867899,8.0
2014-03-21,6493.2001953125,-1.1554884462564357,0.0015566994394178,65.48230295179451,93.172543620135,87.11778570426061,6.05475791587439,Normal,6375.250024414063,152.5537738337215,0.7731711116304397,NIFTY50,7.41022760508854,6.66565671867899,8.0
2014-03-24,6583.5,-1.0459346637650468,0.0138110132801641,71.40908290441111,96.42199540631827,88.97862764467214,7.44336776164613,Normal,6399.852514648437,143.80185254756373,1.277087061801376,NIFTY50,7.41022760508854,6.66565671867899,8.0
2014-03-25,6589.75,-1.0348995728559531,0.0009488927134847,71.77037625604396,98.36761153046336,90.8564244218304,7.511187108632967,Normal,6421.5675048828125,137.61086025735128,1.222160044655364,NIFTY50,7.41022760508854,6.66565671867899,8.0
2014-03-26,6601.39990234375,-1.0145104197544914,0.0017663214289679,72.46874507785765,99.70029316477394,92.62519817041913,7.075094994354828,Normal,6442.332495117187,131.40322099642557,1.2105289811038182,NIFTY50,7.41022760508854,6.66565671867899,8.0
2014-03-27,6641.75,-0.9428721710974476,0.0060937500241843,74.79458878956447,102.82704248429307,94.66556703319392,8.161475451099179,Normal,6464.417504882813,125.52643028909952,1.4127104125304388,NIFTY50,7.41022760508854,6.66565671867899,8.0
2014-03-28,6695.89990234375,-0.8423335552915084,0.0081199012211458,77.53715461125076,108.42460703858252,97.41737503427164,11.00723200431088,Normal,6487.272509765625,123.88758445298927,1.6840056531838468,NIFTY50,7.41022760508854,6.66565671867899,8.0
2014-03-31,6704.2001953125,-0.8272361487721863,0.001238840601162,77.9335029982772,112.23668688872658,100.38123740516262,11.85544948356396,Normal,6508.635009765625,122.54098234449889,1.5959165807654745,NIFTY50,7.41022760508854,6.66565671867899,8.0
2014-04-01,6721.0498046875,-0.7956940295020037,0.0025101384662722,78.75307935616983,115.28843695634625,103.36267731539934,11.925759640946891,Normal,6533.614990234375,111.3256233071979,1.6836628341698776,NIFTY50,7.41022760508854,6.66565671867899,8.0
2014-04-02,6752.5498046875,-0.7353428340841554,0.0046758191284211,80.23130086860212,118.87840140298432,106.46582213291632,12.41257927006798,Bubble,6556.344970703125,107.00123237407568,1.833668917928385,NIFTY50,7.41022760508854,6.66565671867899,8.0
2014-04-03,6736.10009765625,-0.7709282093985319,-0.0024390454649215,77.21029859865531,119.0240846518118,108.97747463669543,10.046610015116356,Normal,6576.71748046875,99.92157168963053,1.5950771639437686,NIFTY50,7.41022760508854,6.66565671867899,8.0
2014-04-04,6694.35009765625,-0.8540005672288364,-0.0062172352939061,70.00549202843881,114.45133979375078,110.07224766810651,4.379092125644263,Normal,6591.377490234375,94.14916208385095,1.0937177256040356,NIFTY50,7.41022760508854,6.66565671867899,8.0
2014-04-07,6695.0498046875,-0.8538769952509155,0.0001045165633993,70.05592359484092,109.62023324598158,109.98184478368152,-0.3616115376999431,Normal,6599.7974853515625,95.57515408668954,0.9966221895864356,NIFTY50,7.41022760508854,6.66565671867899,8.0
2014-04-09,6796.2001953125,-0.6718022748972019,0.0149952429886004,76.26793510940335,112.65492186102256,110.51646019914972,2.1384616618728245,Normal,6612.744995117188,103.83860651809452,1.766734034160448,NIFTY50,7.41022760508854,6.66565671867899,8.0
2014-04-10,6796.39990234375,-0.6736542964862027,2.9384669574600685e-05,76.2783985812236,113.76464117318028,111.16609639395584,2.598544779224426,Normal,6626.969995117188,108.67117169184472,1.5591062890810543,NIFTY50,7.41022760508854,6.66565671867899,8.0
2014-04-11,6776.2998046875,-0.7154233472936861,-0.0029618444059262,72.7993745769834,111.73418963977748,111.27971504312018,0.4544745966572918,Normal,6639.939990234375,110.31023210092684,1.2361483776805458,NIFTY50,7.41022760508854,6.66565671867899,8.0
2014-04-15,6733.10009765625,-0.7988015668570791,-0.0063955252775563,65.84807132473576,105.4239254599488,110.1085571264859,-4.684631666537101,Normal,6651.939990234375,106.4833691930955,0.7621857576153562,NIFTY50,7.41022760508854,6.66565671867899,8.0
2014-04-16,6675.2998046875,-0.9016233807384132,-0.0086215583395539,57.88406605362656,94.66772445021252,107.02039059123123,-12.352666141018716,Normal,6660.494970703125,100.70549310551212,0.1470111860617563,NIFTY50,7.41022760508854,6.66565671867899,8.0
2014-04-17,6779.39990234375,-0.7329041539386036,0.0154744702186573,65.8864767458441,93.4659482647321,104.3095021259314,-10.843553861199297,Normal,6673.632470703125,98.05622217649936,1.0786406950315224,NIFTY50,7.41022760508854,6.66565671867899,8.0
2014-04-21,6817.64990234375,-0.6651585996509298,0.0056262353154806,68.27199197190069,94.51052876596896,102.34970745393892,-7.839178687969962,Normal,6688.312475585937,96.44781169104851,1.3410094484270905,NIFTY50,7.41022760508854,6.66565671867899,8.0
2014-04-22,6815.35009765625,-0.6722273052049237,-0.0003373879130515,67.96425450591911,94.06842902672632,100.69345176849642,-6.625022741770081,Normal,6704.924975585937,87.43369260867338,1.2629584634443147,NIFTY50,7.41022760508854,6.66565671867899,8.0
2014-04-23,6840.7998046875,-0.62786437776248,0.0037272198497921,69.5974005827963,94.68022575742908,99.49080656628296,-4.810580808853885,Normal,6722.304956054688,77.06513773911777,1.5375934191403502,NIFTY50,7.41022760508854,6.66565671867899,8.0
2014-04-25,6782.75,-0.7394310349552502,-0.0085220308717785,61.851956896113954,89.44982309835086,97.48260987269654,-8.03278677434568,Normal,6732.267456054688,70.80121654747373,0.713018030014539,NIFTY50,7.41022760508854,6.66565671867899,8.0
2014-04-28,6761.25,-0.7788595533779428,-0.0031748402332101,59.22310085297596,82.61745835863621,94.50957956988448,-11.892121211248266,Normal,6740.842456054687,62.53486736915847,0.3263386460043483,NIFTY50,7.41022760508854,6.66565671867899,8.0
2014-04-29,6715.25,-0.8569693878441675,-0.0068267248394148,53.94067076492892,72.65344087471476,90.13835183085054,-17.484910956135778,Normal,6746.5349609375,53.73631472553539,-0.582194017161234,NIFTY50,7.41022760508854,6.66565671867899,8.0
2014-04-30,6696.39990234375,-0.8878900527704231,-0.0028110053879877,51.89784016096618,62.51520353582055,84.61372217184456,-22.09851863602401,Normal,6749.267456054688,49.3369426844742,-1.0715612041273557,NIFTY50,7.41022760508854,6.66565671867899,8.0
2014-05-02,6694.7998046875,-0.8921597027919701,-0.0002389774925132,51.71878703333898,53.73207300387094,78.43739233824984,-24.7053193343789,Normal,6749.212451171875,49.40014548305647,-1.1014673327842237,NIFTY50,7.41022760508854,6.66565671867899,8.0
2014-05-05,6699.35009765625,-0.8873854811745255,0.0006794448586849,52.22359206526122,46.60135794638791,72.07018545987745,-25.468827513489543,Normal,6748.969946289062,49.6440424418518,-0.9995126543317258,NIFTY50,7.41022760508854,6.66565671867899,8.0
2014-05-06,6715.2998046875,-0.8658770526777779,0.0023779546485698,54.03762834042683,41.75588707539464,66.00732578298089,-24.25143870758625,Normal,6748.682446289063,49.83054392682274,-0.6699232834099871,NIFTY50,7.41022760508854,6.66565671867899,8.0
2014-05-07,6652.5498046875,-0.9601182652205664,-0.00938826553698,46.54920416261446,32.47802941777536,59.301466509939786,-26.823437092164426,Normal,6743.682446289063,54.24365467287348,-1.6800608688915808,NIFTY50,7.41022760508854,6.66565671867899,8.0
2014-05-08,6659.85009765625,-0.952297171874458,0.0010967659857117,47.46139134753415,25.42129218019272,52.52543164399038,-27.10413946379765,Normal,6739.869946289063,57.392817684992245,-1.394248476734698,NIFTY50,7.41022760508854,6.66565671867899,8.0
2014-05-09,6858.7998046875,-0.6792771746586016,0.0294354944067975,64.99436147314253,35.47344000873545,49.1150333169394,-13.641593308203952,Normal,6748.092431640625,62.1140056274363,1.7823254502519834,NIFTY50,7.41022760508854,6.66565671867899,8.0
2014-05-12,7014.25,-0.4141893674908264,0.022411323236137,72.66909891945272,55.3453840587772,50.36110346530697,4.984280593470231,Bubble,6764.05244140625,84.67794620397142,2.9546956416618366,NIFTY50,7.41022760508854,6.66565671867899,8.0
2014-05-13,7108.75,-0.1772593643317623,0.0133826255563677,76.09958861666695,77.82231590358151,55.85334595296188,21.96896995061963,Bubble,6779.679931640625,114.50931855711876,2.87374051741676,NIFTY50,7.41022760508854,6.66565671867899,8.0
2014-05-14,7108.75,-0.2003129617409817,0.0,76.09958861666695,94.54558369192092,63.591793500753695,30.95379019116721,Bubble,6795.297436523438,136.1625808375177,2.302046285760433,NIFTY50,7.41022760508854,6.66565671867899,8.0
2014-05-15,7123.14990234375,-0.1640972590026994,0.0020236099686651,76.61824108882914,107.71912663394504,72.41726012739197,35.30186650655308,Bubble,6812.63994140625,154.47292384158902,2.0101254848773764,NIFTY50,7.41022760508854,6.66565671867899,8.0
2014-05-16,7203.0,0.3984383199400668,0.0111475762996884,79.30066853068065,123.18251847695228,82.57031179730404,40.61220667964824,Bubble,6836.134936523437,175.97695610111026,2.0847335446907875,NIFTY50,7.41022760508854,6.66565671867899,8.0
2014-05-19,7263.5498046875,0.572403241481202,0.0083710572442195,81.07378234642191,138.72410598170882,93.801070634185,44.92303534752382,Bubble,6865.547436523438,195.7312227014185,2.0334127722238864,NIFTY50,7.41022760508854,6.66565671867899,8.0
2014-05-20,7275.5,0.572369510240724,0.0016438760667509,81.41220169569567,150.27295386954663,105.09544728125732,45.17750658828933,Bubble,6890.35244140625,214.7504623577762,1.7934655616810284,NIFTY50,7.41022760508854,6.66565671867899,8.0
2014-05-21,7252.89990234375,0.4516268500666967,-0.0031111637947278,78.5515428310195,155.80582742881234,115.23752331076832,40.56830411804401,Normal,6912.11494140625,228.6021981171419,1.4907335263804964,NIFTY50,7.41022760508854,6.66565671867899,8.0
2014-05-22,7276.39990234375,0.4943186945449671,0.0032348455614986,79.36353907526578,160.23977876522986,124.23797440166064,36.00180436356922,Bubble,6935.167431640625,241.2284445079688,1.4145615016468445,NIFTY50,7.41022760508854,6.66565671867899,8.0
2014-05-23,7367.10009765625,0.7525530471759123,0.0123879339257308,82.1693041106547,169.12292113333388,133.21496374799528,35.90795738533859,Bubble,6961.482446289063,258.4817071192756,1.5692315556397038,NIFTY50,7.41022760508854,6.66565671867899,8.0
2014-05-26,7359.0498046875,0.6778971258589054,-0.0010933331283551,81.11514497972644,173.51313271045728,141.2745975404877,32.238535169969595,Normal,6990.297436523438,269.40006537469463,1.3687909379353107,NIFTY50,7.41022760508854,6.66565671867899,8.0
2014-05-27,7318.0,0.4981473155049575,-0.0055937551853276,75.77668190270421,171.7007712335826,147.35983227910668,24.34093895447592,Normal,7018.134936523437,273.2243364998672,1.0975049562494168,NIFTY50,7.41022760508854,6.66565671867899,8.0
2014-05-28,7329.64990234375,0.5002786348872055,0.0015906858612653,76.2543154923661,169.25346289896697,151.73855840307874,17.51490449588823,Bubble,7048.854931640625,271.91399087301266,1.0326609888722484,NIFTY50,7.41022760508854,6.66565671867899,8.0
2014-05-29,7235.64990234375,0.1743188330572302,-0.0129075688563909,65.10022923548553,157.90866619351164,152.9725799611653,4.936086232346327,Normal,7075.817431640625,261.6682748800785,0.6108209746725152,NIFTY50,7.41022760508854,6.66565671867899,8.0
2014-05-30,7229.9501953125,0.1359983890361377,-0.0007880360700878,64.48429704166924,146.76608626288635,151.73128122150953,-4.9651949586231865,Normal,7102.574951171875,247.64135944572908,0.5143536783424073,NIFTY50,7.41022760508854,6.66565671867899,8.0
2014-06-02,7362.5,0.4637893399429204,0.0181674014459035,71.28774328208914,146.93737032350327,150.7724990419083,-3.835128718405031,Bubble,7135.732446289063,234.87745675263463,0.9654717691777522,NIFTY50,7.41022760508854,6.66565671867899,8.0
2014-06-03,7415.85009765625,0.5871786259224948,0.0072200657126577,73.4890223128292,149.65291553646875,150.5485823408204,-0.8956668043516345,Bubble,7170.7599609375,220.68609892972705,1.1105825781840195,NIFTY50,7.41022760508854,6.66565671867899,8.0
2014-06-04,7402.25,0.5112129266690669,-0.0018356066412509,71.97415076456858,148.99012504371785,150.2368908813999,-1.246765837682034,Normal,7208.244970703125,189.4990742870788,1.0237782428581703,NIFTY50,7.41022760508854,6.66565671867899,8.0
2014-06-05,7474.10009765625,0.6834472528791039,0.0096597157069769,74.91599841466103,152.50458330210404,150.69042936554072,1.814153936563315,Bubble,7248.957470703125,148.51545065390255,1.5159542388474632,NIFTY50,7.41022760508854,6.66565671867899,8.0
2014-06-06,7583.39990234375,0.9664321793758792,0.0145179112652755,78.59661491323128,162.23920500893473,153.00018449421952,9.239020514715207,Bubble,7285.187475585937,136.19962385574246,2.1895245986410967,NIFTY50,7.41022760508854,6.66565671867899,8.0
2014-06-09,7654.60009765625,1.1536948481709717,0.0093451520517447,80.59418538517527,173.69695320862957,157.13953823710153,16.557414971528033,Bubble,7317.20498046875,144.1878472359173,2.33996916976963,NIFTY50,7.41022760508854,6.66565671867899,8.0
2014-06-10,7656.39990234375,1.0963290640569112,0.000235099561856,80.64336423860163,180.83794316114108,161.87921922190947,18.95872393923161,Bubble,7344.587475585938,154.1728807278824,2.0224855712994443,NIFTY50,7.41022760508854,6.66565671867899,8.0
2014-06-11,7626.85009765625,0.938832344773146,-0.0038669578145882,77.18482761408907,182.01465522110263,165.90630642174813,16.10834879935453,Normal,7370.49248046875,155.9770147125996,1.6435602236641087,NIFTY50,7.41022760508854,6.66565671867899,8.0
2014-06-12,7649.89990234375,1.0815425669838916,0.0030176342715146,77.97819434698475,182.70107039732736,169.26525921686397,13.435811180463418,Bubble,7396.82998046875,156.48518200821695,1.617213327340547,NIFTY50,7.41022760508854,6.66565671867899,8.0
2014-06-13,7542.10009765625,0.686396825610265,-0.0141918923130048,66.35650772751973,172.55738196605216,169.92368376670163,2.6336981993505333,Normal,7413.784985351563,152.70345072142496,0.840289539617353,NIFTY50,7.41022760508854,6.66565671867899,8.0
2014-06-16,7533.5498046875,0.6260700440349634,-0.0011343184460937,65.5223784880967,161.96150718089575,168.33124844954045,-6.369741268644702,Normal,7427.284985351563,150.6436254391889,0.7054053500513621,NIFTY50,7.41022760508854,6.66565671867899,8.0
2014-06-17,7631.7001953125,0.8557456608013679,0.012944298456771,70.15952923111884,159.64384149103353,166.59376705783907,-6.949925566805547,Bubble,7445.094995117188,152.79492674685503,1.2212787699716805,NIFTY50,7.41022760508854,6.66565671867899,8.0
2014-06-18,7558.2001953125,0.5993521343227334,-0.00967755834425,63.29425059205264,150.14545564865148,163.30410477600157,-13.158649127350088,Normal,7460.360009765625,147.7503089911546,0.6621995325419728,NIFTY50,7.41022760508854,6.66565671867899,8.0
2014-06-19,7540.7001953125,0.5204608589652456,-0.0023180506372521,61.74504517139368,139.59662963939354,158.56260974867996,-18.96598010928642,Normal,7473.575024414063,142.14399933287132,0.4722335885684791,NIFTY50,7.41022760508854,6.66565671867899,8.0
2014-06-20,7511.4501953125,0.4153207851107726,-0.0038864927679996,59.13952130435699,127.40770180149138,152.33162815924226,-24.923926357750872,Normal,7480.792529296875,140.10319230525832,0.218822037608022,NIFTY50,7.41022760508854,6.66565671867899,8.0
2014-06-23,7493.35009765625,0.3443697178087589,-0.0024125754534784,57.52193971018707,114.96214995817444,144.8577325190287,-29.89558256085425,Normal,7487.507543945312,137.14835580140985,0.0426002461115746,NIFTY50,7.41022760508854,6.66565671867899,8.0
2014-06-24,7580.2001953125,0.5462766222559353,0.0115236367100271,62.78226294551644,110.82946442435788,138.05207890009453,-27.222614475736663,Bubble,7500.6175537109375,132.54699891847403,0.6004107392164463,NIFTY50,7.41022760508854,6.66565671867899,8.0
2014-06-25,7569.25,0.5258879425282459,-0.0014456230527611,61.74406724402163,105.45507169430856,131.53267745893734,-26.07760576462877,Normal,7512.59755859375,126.9926429807216,0.4461080585183968,NIFTY50,7.41022760508854,6.66565671867899,8.0
2014-06-26,7493.2001953125,0.3118015843354255,-0.0100980185737845,54.94803615211895,93.97594685444984,124.02133133803986,-30.045384483590027,Normal,7525.475073242187,109.2498685493212,-0.2954225790680612,NIFTY50,7.41022760508854,6.66565671867899,8.0
2014-06-27,7508.7998046875,0.3258860398613855,0.0020796713768032,56.01743804822096,85.15579284909563,116.248223640251,-31.09243079115538,Normal,7539.417553710938,84.55157182280178,-0.3621192174594289,NIFTY50,7.41022760508854,6.66565671867899,8.0
2014-06-30,7611.35009765625,0.5296593361483808,0.0135649270841934,62.34526612016517,85.45562954498382,110.0897048211976,-24.634075276213764,Bubble,7551.86005859375,74.90645013637399,0.7941911404717859,NIFTY50,7.41022760508854,6.66565671867899,8.0
2014-07-01,7634.7001953125,0.5587359647671701,0.0030631036189189,63.62840302772519,86.57937685998058,105.3876392289542,-18.8082623689736,Bubble,7562.802563476563,69.8033175519025,1.0300030766084662,NIFTY50,7.41022760508854,6.66565671867899,8.0
2014-07-02,7725.14990234375,0.743028771458424,0.0117775566796989,68.15523714258842,93.6885073473286,103.04781285262908,-9.359305505300483,Bubble,7578.94755859375,68.03399890591326,2.1489600214767446,NIFTY50,7.41022760508854,6.66565671867899,8.0
2014-07-03,7714.7998046875,0.6846836833597878,-0.0013406907927755,67.1256977007439,97.36501481244704,101.91125324459269,-4.546238432145628,Normal,7590.982543945312,69.7778053956752,1.7744504866566302,NIFTY50,7.41022760508854,6.66565671867899,8.0
2014-07-04,7751.60009765625,0.7433771778078841,0.0047587496312579,68.92320824058022,102.07153246709822,101.9433090890938,0.128223378004435,Bubble,7599.392553710937,78.41718300292455,1.9409973441616275,NIFTY50,7.41022760508854,6.66565671867899,8.0
2014-07-07,7787.14990234375,0.798261134389177,0.0045756404744881,70.59581801136554,107.43164858222916,103.04097698772088,4.390671594508305,Bubble,7606.020043945313,88.30637866130004,2.0511526023863174,NIFTY50,7.41022760508854,6.66565671867899,8.0
2014-07-08,7623.2001953125,0.3495459146194164,-0.0212786720700075,55.70521146929504,97.32826835561082,101.89843526129889,-4.570166905688055,Normal,7604.36005859375,87.61886067526238,0.2150237582816343,NIFTY50,7.41022760508854,6.66565671867899,8.0
2014-07-09,7585.0,0.247425548996869,-0.0050236418721478,52.90512905886774,85.25605153369452,98.569958515778,-13.313906982083497,Normal,7602.267553710937,87.5531924491194,-0.1972235760674517,NIFTY50,7.41022760508854,6.66565671867899,8.0
2014-07-10,7567.75,0.1939890456273119,-0.0022768154231857,51.64274215582984,73.45011468992925,93.54598975060829,-20.09587506067902,Normal,7598.16005859375,87.12690659630168,-0.3490317719490938,NIFTY50,7.41022760508854,6.66565671867899,8.0
2014-07-11,7459.60009765625,-0.0369866025261368,-0.0143939908108035,44.47713177367579,54.73606809044122,85.78400541857486,-31.04793732813364,Normal,7594.03505859375,91.75100465890787,-1.4652151378317184,NIFTY50,7.41022760508854,6.66565671867899,8.0
2014-07-14,7454.14990234375,-0.0593944902548166,-0.0007308953891714,44.14470717447177,39.01551949793247,76.43030823444639,-37.41478873651391,Normal,7590.065063476562,96.11967979578289,-1.41402011972553,NIFTY50,7.41022760508854,6.66565671867899,8.0
2014-07-15,7526.64990234375,0.0521945479055522,0.0096791315499086,49.54672898093755,32.03770485140285,67.55178755783768,-35.514082706434834,Normal,7584.812548828125,96.59385517469678,-0.6021360921891312,NIFTY50,7.41022760508854,6.66565671867899,8.0
2014-07-16,7624.39990234375,0.2134028511385396,0.0129035753371523,55.75937609513383,34.00337480239705,60.84210500674956,-26.838730204352515,Normal,7588.122534179687,96.76800945693056,0.3748900940264682,NIFTY50,7.41022760508854,6.66565671867899,8.0
2014-07-17,7640.4501953125,0.226943545601313,0.0021029094659831,56.70214366394069,36.436292011622754,55.96094240772421,-19.52465039610145,Normal,7593.110034179687,96.7657802177566,0.4892241970899308,NIFTY50,7.41022760508854,6.66565671867899,8.0
2014-07-18,7663.89990234375,0.2546621957663786,0.0030644522939827,58.1067874338624,39.79782722918935,52.72831937201724,-12.930492142827887,Normal,7600.73251953125,95.9960357443687,0.6580207434889401,NIFTY50,7.41022760508854,6.66565671867899,8.0
2014-07-21,7684.2001953125,0.2760155063801979,0.0026453182709969,59.33663884463905,43.59736876491388,50.90212925059657,-7.304760485682692,Normal,7610.2750244140625,94.22934481970404,0.7845238767167912,NIFTY50,7.41022760508854,6.66565671867899,8.0
2014-07-22,7767.85009765625,0.4199604168937232,0.0108271352893742,64.0234390524825,52.75030811787565,51.27176502405239,1.478543093823255,Normal,7619.65751953125,100.22842415076724,1.478548419578896,NIFTY50,7.41022760508854,6.66565671867899,8.0
2014-07-23,7795.75,0.4554493773912568,0.0035852800193615,65.45364103713038,61.54590457148788,53.32659293353949,8.219311637948387,Normal,7630.98251953125,106.81305220349914,1.542578150045156,NIFTY50,7.41022760508854,6.66565671867899,8.0
2014-07-24,7830.60009765625,0.5049096545912372,0.0044604344864124,67.20728377345648,70.51572833454338,56.76442001374028,13.751308320803105,Bubble,7647.852514648437,110.48762927272,1.6540094507479328,NIFTY50,7.41022760508854,6.66565671867899,8.0
2014-07-25,7790.4501953125,0.3956718184244827,-0.0051404982383654,63.22533942431788,73.53692877863705,60.11892176671963,13.418007011917418,Normal,7661.935034179687,109.77846195625668,1.1706773700657436,NIFTY50,7.41022760508854,6.66565671867899,8.0
2014-07-28,7748.7001953125,0.2897000644631797,-0.0053735370867808,59.291403827604825,71.73545415473745,62.4422282443232,9.29322591041425,Normal,7668.8025390625,110.73938309504678,0.7214926976920634,NIFTY50,7.41022760508854,6.66565671867899,8.0
2014-07-30,7791.39990234375,0.352742971699038,0.0054954362228235,61.902290610336536,72.91278879486163,64.53634035443089,8.376448440430735,Normal,7676.637524414063,113.70331016850912,1.0093143089643446,NIFTY50,7.41022760508854,6.66565671867899,8.0
2014-07-31,7721.2998046875,0.1936589771062402,-0.0090378304410446,55.59795737716888,67.41225642015979,65.11152356757668,2.30073285258311,Normal,7676.44501953125,113.62008241375932,0.3947786711939396,NIFTY50,7.41022760508854,6.66565671867899,8.0
2014-08-01,7602.60009765625,-0.0277635402550508,-0.0154924114512466,46.88979560753732,52.86556916774225,62.662332687609805,-9.796763519867554,Normal,7670.835034179688,114.39393700715154,-0.596490848279589,NIFTY50,7.41022760508854,6.66565671867899,8.0
2014-08-04,7683.64990234375,0.0763756859441554,0.0106043750702756,52.37496414858981,47.33164683202813,59.596195516493474,-12.264548684465346,Normal,7667.437524414063,112.86784250698862,0.1436403635400693,NIFTY50,7.41022760508854,6.66565671867899,8.0
2014-08-05,7746.5498046875,0.169741467964599,0.0081528757822249,56.15915957604457,47.47421673509143,57.17179976021307,-9.697583025121638,Normal,7665.40751953125,110.9502327113764,0.7313394769286516,NIFTY50,7.41022760508854,6.66565671867899,8.0
2014-08-06,7672.0498046875,0.0384629712278643,-0.0096637284407389,50.99114218906969,41.10188014364394,53.95781583689924,-12.855935693255304,Normal,7667.85,110.50898419134332,0.0380041923127968,NIFTY50,7.41022760508854,6.66565671867899,8.0
2014-08-07,7649.25,0.004998810091038,-0.0029762254910542,49.490139127152666,33.82212340725528,49.93067735097045,-16.108553943715172,Normal,7671.0625,108.8958726510038,-0.2003060306050904,NIFTY50,7.41022760508854,6.66565671867899,8.0
2014-08-08,7568.5498046875,-0.0990636303318491,-0.0106061260948779,44.49728896831744,21.29555057282323,44.20365199534101,-22.90810142251778,Normal,7671.102490234375,108.856075571481,-0.9420942745591938,NIFTY50,7.41022760508854,6.66565671867899,8.0
2014-08-11,7625.9501953125,-0.0357674313328482,0.0075554527865405,48.47873915088767,15.817548309973972,38.52643125826761,-22.708882948293635,Normal,7679.419995117188,97.62040029155486,-0.5477318229078534,NIFTY50,7.41022760508854,6.66565671867899,8.0
2014-08-12,7727.0498046875,0.0800582989211718,0.0131702039624014,54.64937201174028,19.41033533839709,34.7032120742935,-15.292876735896414,Normal,7693.064990234375,82.3546166331839,0.4126643513441039,NIFTY50,7.41022760508854,6.66565671867899,8.0
2014-08-13,7739.5498046875,0.0901360589368232,0.001616386670279,55.36124177794813,23.00114756478524,32.36279917239185,-9.36165160760661,Normal,7703.709985351563,72.93252570603718,0.4914106427685446,NIFTY50,7.41022760508854,6.66565671867899,8.0
2014-08-14,7791.7001953125,0.1489088851840736,0.0067155684981506,58.30203405766549,29.71248576848393,31.83273649161027,-2.12025072312634,Normal,7712.075,72.95154527141771,1.091480585041112,NIFTY50,7.41022760508854,6.66565671867899,8.0
2014-08-18,7874.25,0.2475884878910183,0.0105388524419296,62.51207931871659,41.21722250407765,33.70963369410374,7.50758880997391,Bubble,7723.764990234375,79.32416228998468,1.8970891771349383,NIFTY50,7.41022760508854,6.66565671867899,8.0
2014-08-19,7897.5,0.2717872173583204,0.0029483116130798,63.62600069766555,51.61589404901133,37.290885765085264,14.325008283926069,Bubble,7735.444995117187,86.88337807417136,1.8652014743771608,NIFTY50,7.41022760508854,6.66565671867899,8.0
2014-08-20,7875.2998046875,0.2332358088846084,-0.0028149992705591,61.73955122811377,57.40383031656347,41.31347467538091,16.090355641182562,Normal,7744.999975585937,91.34466007028756,1.4264635612120098,NIFTY50,7.41022760508854,6.66565671867899,8.0
2014-08-21,7891.10009765625,0.2466455394669586,0.0020043000756105,62.58969968931637,62.54478574515451,45.55973688933563,16.98504885581888,Normal,7751.1624755859375,96.95269628158168,1.4433597768533308,NIFTY50,7.41022760508854,6.66565671867899,8.0
2014-08-22,7913.2001953125,0.267878402735702,0.0027967213545059,63.801278533466,67.62280948947591,49.97235140936369,17.650458080112223,Normal,7757.034985351563,103.15423528080004,1.5139001276664412,NIFTY50,7.41022760508854,6.66565671867899,8.0
2014-08-25,7906.2998046875,0.2523781372651101,-0.0008723905385931,63.11397247835612,70.28022930209863,54.03392698791068,16.24630231418795,Normal,7760.819970703125,107.3010440749038,1.3558100504858024,NIFTY50,7.41022760508854,6.66565671867899,8.0
2014-08-26,7904.75,0.2438258019839541,-0.0001960407071773,62.949949704280655,71.43770793461317,57.51468317725119,13.923024757361986,Normal,7766.5349609375,111.90725671102136,1.2350855800121483,NIFTY50,7.41022760508854,6.66565671867899,8.0
2014-08-27,7936.0498046875,0.2762105117516691,0.0039518011472649,64.93210499060697,74.02730999573305,60.81720854094756,13.210101454785487,Normal,7775.90244140625,118.0106278816007,1.3570588188203283,NIFTY50,7.41022760508854,6.66565671867899,8.0
2014-08-28,7954.35009765625,0.2923102567008883,0.0023033153566769,66.07490705842697,76.67243686168877,63.98825420509581,12.68418265659296,Normal,7784.049951171875,124.57916823094614,1.3670033995464674,NIFTY50,7.41022760508854,6.66565671867899,8.0
2014-09-01,8027.7001953125,0.3765487733349851,0.0091791242460611,70.25851776745765,83.72235958267447,67.93507528061154,15.787284302062927,Normal,7799.369970703125,134.8709353033469,1.692953519569084,NIFTY50,7.41022760508854,6.66565671867899,8.0
2014-09-02,8083.0498046875,0.4402707969710719,0.0068711670335596,72.96755001758865,92.70705580045252,72.88947138457974,19.817584415872773,Bubble,7823.392456054687,140.64278824544184,1.8462187210031216,NIFTY50,7.41022760508854,6.66565671867899,8.0
2014-09-03,8114.60009765625,0.477900730840679,0.0038956679592612,74.39901822344463,101.20668953211134,78.55291501408607,22.65377451802528,Normal,7844.939965820313,150.75520231768698,1.7887285326822844,NIFTY50,7.41022760508854,6.66565671867899,8.0
2014-09-04,8095.9501953125,0.438614272576951,-0.0023009595892866,71.97283952954473,105.2248526445128,83.88730254017142,21.33755010434137,Normal,7862.409985351563,158.78435713498243,1.4708011177852047,NIFTY50,7.41022760508854,6.66565671867899,8.0
2014-09-05,8086.85009765625,0.4189434271894631,-0.0011246630312066,70.76029035452608,106.44790880108576,88.3994237923543,18.04848500873146,Normal,7883.15,159.69879062607075,1.2755268644031696,NIFTY50,7.41022760508854,6.66565671867899,8.0
2014-09-08,8173.89990234375,0.5198172442997815,0.0107068414772985,75.0845001746736,113.1372060634876,93.34698024658096,19.790225816906656,Bubble,7909.382495117187,162.32420297089635,1.6295623350387798,NIFTY50,7.41022760508854,6.66565671867899,8.0
2014-09-09,8152.9501953125,0.4840718784038915,-0.0025662903013833,72.31281556169697,115.41759388694028,97.7611029746528,17.656490912287452,Normal,7938.602514648437,149.86237571033405,1.4302968283271524,NIFTY50,7.41022760508854,6.66565671867899,8.0
2014-09-10,8094.10009765625,0.4006219494829182,-0.0072444356329281,65.04865018234284,111.19432762348332,100.44774790441892,10.746579719064414,Normal,7962.010009765625,134.20050011658108,0.9842741850878144,NIFTY50,7.41022760508854,6.66565671867899,8.0
2014-09-11,8085.7001953125,0.3826139918630279,-0.0010383197500981,64.05949216479698,105.94825127428248,101.54784857839164,4.400402695890847,Normal,7979.942529296875,124.78342697286664,0.847529744784305,NIFTY50,7.41022760508854,6.66565671867899,8.0
2014-09-12,8105.5,0.3994949695335526,0.0024457500763813,65.39526991488634,102.21016161651278,101.68031118601589,0.5298504304969072,Normal,7998.2400390625,114.04689903870502,0.940489937399337,NIFTY50,7.41022760508854,6.66565671867899,8.0
2014-09-15,8042.0,0.3135050693898849,-0.0078650351244085,57.95576339061482,93.05114366109136,99.95447768103098,-6.903334019939607,Normal,8010.755029296875,103.4283214649781,0.3020929882701858,NIFTY50,7.41022760508854,6.66565671867899,8.0
2014-09-16,7932.89990234375,0.1748731627287666,-0.0136591521166137,47.87789010774068,76.11172130564864,95.18592640595452,-19.074205100305875,Normal,8013.687524414063,100.13326466514356,-0.8068010399987994,NIFTY50,7.41022760508854,6.66565671867899,8.0
2014-09-17,7975.5,0.2180709960945619,0.0053556862718972,51.42942165025291,65.37102244925518,89.22294561461466,-23.85192316535948,Normal,8017.5875244140625,96.83444617351618,-0.4346338113882171,NIFTY50,7.41022760508854,6.66565671867899,8.0
2014-09-18,8114.75,0.3714452204622693,0.0173090507143806,60.82584575229492,67.31923818912583,84.8422041295169,-17.522965940391074,Normal,8029.560034179687,93.0447603163305,0.9155804747165432,NIFTY50,7.41022760508854,6.66565671867899,8.0
2014-09-19,8121.4501953125,0.3722991495436801,0.0008253403644006,61.21465265155923,68.61293575168293,81.59635045395012,-12.983414702267195,Normal,8041.0775390625,89.18012828586178,0.9012395226924288,NIFTY50,7.41022760508854,6.66565671867899,8.0
2014-09-22,8146.2998046875,0.3947951910478756,0.0030550787543243,62.693540222285634,70.82690768671637,79.44246190050337,-8.615554213787007,Normal,8052.73251953125,86.78805068269428,1.0781125330068957,NIFTY50,7.41022760508854,6.66565671867899,8.0
2014-09-23,8017.5498046875,0.2315067672175554,-0.0159309479003991,51.69513947360205,61.48370156531291,75.85070983346529,-14.367008268152375,Normal,8058.29501953125,80.2258668113451,-0.5078812665192378,NIFTY50,7.41022760508854,6.66565671867899,8.0
2014-09-24,8002.39990234375,0.2081590489270875,-0.0018913800776086,50.570910440016696,52.25431764715813,71.13143139620387,-18.877113749045733,Normal,8063.177514648438,73.03892990013048,-0.8321262700287629,NIFTY50,7.41022760508854,6.66565671867899,8.0
2014-09-25,7911.85009765625,0.0990255399914123,-0.0113798365457159,44.361207656467045,37.20448180860876,64.34604147868485,-27.14155967007609,Normal,8061.967529296875,75.41752956245179,-1.9904846063184245,NIFTY50,7.41022760508854,6.66565671867899,8.0
2014-09-26,7968.85009765625,0.1561483567575494,0.0071785556145695,48.63678041503643,29.53632573215328,57.38409832937854,-27.847772597225266,Normal,8062.692529296875,74.39125002423067,-1.2614713640389033,NIFTY50,7.41022760508854,6.66565671867899,8.0
2014-09-29,7958.89990234375,0.1397210338485589,-0.001249416472118,47.94416241244189,22.3981670634812,50.386912076199074,-27.98874501271788,Normal,8059.252514648438,77.6154065958393,-1.2929470669044625,NIFTY50,7.41022760508854,6.66565671867899,8.0
2014-09-30,7964.7998046875,0.1409707385606634,0.0007410215869771,48.4132618649747,17.020990321277168,43.713727725214696,-26.692737403937528,Normal,8053.340014648437,80.16913888460196,-1.104417624946489,NIFTY50,7.41022760508854,6.66565671867899,8.0
2014-10-01,7945.5498046875,0.1145612154654916,-0.0024198097296141,46.927353114048216,11.078518625005929,37.18668590517294,-26.108167280167017,Normal,8044.8875,82.25498138047107,-1.2076799926926314,NIFTY50,7.41022760508854,6.66565671867899,8.0
2014-10-07,7852.39990234375,0.0077359064473876,-0.0117927938243055,40.4566166857437,-1.1342764080409324,29.52249344253017,-30.656769850571106,Normal,8032.709985351563,91.77489520697394,-1.964699415904222,NIFTY50,7.41022760508854,6.66565671867899,8.0
2014-10-08,7842.7001953125,-0.0067629582848374,-0.0012360173819577,39.8405693498185,-11.463545141177748,21.32528572578859,-32.788830866966336,Normal,8020.502490234375,100.05843193495826,-1.7769846227197823,NIFTY50,7.41022760508854,6.66565671867899,8.0
2014-10-09,7960.5498046875,0.1102827587541455,0.0149148806783457,49.835412482725054,-10.024529923364751,15.055322595957923,-25.07985251932268,Normal,8009.834985351563,94.03519819119886,-0.524114178648859,NIFTY50,7.41022760508854,6.66565671867899,8.0
2014-10-10,7859.9501953125,-0.0035256744808737,-0.0127177984648417,43.23250126050675,-16.807896755011825,8.682678725763974,-25.4905754807758,Normal,7995.184985351562,93.38679847003988,-1.448114639912921,NIFTY50,7.41022760508854,6.66565671867899,8.0
2014-10-13,7884.25,0.0172776611358833,0.0030868286329098,45.12385249651961,-19.99251145709877,2.947640689191425,-22.940152146290195,Normal,7984.69248046875,93.47707481392035,-1.0745145873327222,NIFTY50,7.41022760508854,6.66565671867899,8.0
2014-10-14,7864.0,-0.0081299291987883,-0.0025717157348472,43.81379537524438,-23.875129682870465,-2.416913385220953,-21.45821629764952,Normal,7973.607470703125,94.01228205126368,-1.1658845877537287,NIFTY50,7.41022760508854,6.66565671867899,8.0
2014-10-16,7748.2001953125,-0.1317745763715765,-0.01483479931274,37.1683404773908,-35.88257704642001,-9.110046117460763,-26.772530928959245,Crash,7955.74248046875,101.29620903865418,-2.04886527468222,NIFTY50,7.41022760508854,6.66565671867899,8.0
2014-10-17,7779.7001953125,-0.1045671105472387,0.0040572186087942,39.84134307797867,-42.36838250736128,-15.761713395440868,-26.606669111920407,Normal,7942.627490234375,106.39251666819396,-1.5313792738825391,NIFTY50,7.41022760508854,6.66565671867899,8.0
2014-10-20,7879.39990234375,-0.0106052638191027,0.0127339443040601,47.46000787097778,-39.01377046990911,-20.41212481033452,-18.601645659574583,Normal,7939.952490234375,107.31850624270469,-0.5642324889770901,NIFTY50,7.41022760508854,6.66565671867899,8.0
2014-10-21,7927.75,0.0342223275832959,0.006117516281268,50.71945818304612,-32.08392395551073,-22.74648463936976,-9.337439316140966,Normal,7937.564990234375,107.01678325175918,-0.0917144950178968,NIFTY50,7.41022760508854,6.66565671867899,8.0
2014-10-22,7995.89990234375,0.0996050042663192,0.0085596353672847,54.96074930855466,-20.85246881902367,-22.367681475300547,1.5152126562768764,Normal,7931.622485351562,99.71047905998032,0.6446405392709219,NIFTY50,7.41022760508854,6.66565671867899,8.0
2014-10-27,7991.7001953125,0.0903515821385548,-0.0005253705499506,54.64861592672795,-12.150280098410803,-20.3242011999226,8.173921101511798,Normal,7925.134985351562,90.5057229051759,0.7354806726496086,NIFTY50,7.41022760508854,6.66565671867899,8.0
2014-10-28,8027.60009765625,0.1229048314701382,0.0044820887038708,56.901844311647054,-2.330051368533532,-16.72537123364479,14.395319865111258,Normal,7919.2,78.30949817985379,1.38425223217862,NIFTY50,7.41022760508854,6.66565671867899,8.0
2014-10-29,8090.4501953125,0.1835976515076987,0.0077987616445356,60.59317914081016,10.40409632538558,-11.299477721838716,21.703574047224297,Bubble,7922.84501953125,84.57428829243499,1.981750945414012,NIFTY50,7.41022760508854,6.66565671867899,8.0
2014-10-30,8169.2001953125,0.2615838471319895,0.0096866308772769,64.67569322379033,26.544478748537585,-3.730686427763457,30.275165176301044,Bubble,7931.185034179687,99.7032890054136,2.387234799444673,NIFTY50,7.41022760508854,6.66565671867899,8.0
2014-10-31,8322.2001953125,0.4191683617384633,0.0185556576560087,70.96858243652417,51.09270453592217,7.233991764973668,43.8587127709485,Bubble,7951.7025390625,132.38178982427146,2.7987055979663977,NIFTY50,7.41022760508854,6.66565671867899,8.0
2014-11-03,8324.150390625,0.41421955891453,0.0002343090530689,71.03940233815634,69.89896306053015,19.766986024084964,50.13197703644519,Bubble,7969.467553710938,156.45501719816554,2.266995608487401,NIFTY50,7.41022760508854,6.66565671867899,8.0
2014-11-05,8338.2998046875,0.4229561333005656,0.0016983597607461,71.58107847142975,84.96537000006083,32.80666281928014,52.15870718078069,Bubble,7988.437548828125,176.78616514296905,1.979013773936651,NIFTY50,7.41022760508854,6.66565671867899,8.0
2014-11-07,8337.0,0.414380402825725,-0.0001558958106129,71.44887225235932,95.69758053316764,45.38484636205765,50.31273417111,Normal,8007.04755859375,193.0126810236136,1.7094858206020294,NIFTY50,7.41022760508854,6.66565671867899,8.0
2014-11-10,8344.25,0.4154045278117148,0.0008692394702429,71.76215022693208,103.59378444904269,57.02663397945466,46.56715046958803,Normal,8026.982568359375,206.448595124696,1.5367865857793488,NIFTY50,7.41022760508854,6.66565671867899,8.0
2014-11-11,8362.650390625,0.4287434252577506,0.0022027303251594,72.58435277398763,110.0675504791543,67.6348172793946,42.43273319975971,Normal,8052.495092773437,215.08571458375863,1.442007891838778,NIFTY50,7.41022760508854,6.66565671867899,8.0
2014-11-12,8383.2998046875,0.4444747346658197,0.0024661992049072,73.51629980823512,115.53250503788333,77.21435483109235,38.31815020679096,Normal,8079.525073242187,221.21445766057667,1.373213734119555,NIFTY50,7.41022760508854,6.66565671867899,8.0
2014-11-13,8357.849609375,0.408996755830232,-0.0030404381788521,70.34250652190757,116.46733983773902,85.06495183242168,31.40238800531733,Normal,8099.390063476562,227.7114939924096,1.1350307416061,NIFTY50,7.41022760508854,6.66565671867899,8.0
2014-11-14,8389.900390625,0.4370979680260314,0.0038274777659741,71.98290830351932,118.42925461155572,91.7378123882485,26.691442223307234,Normal,8125.8875732421875,229.21150938618047,1.1518305432821785,NIFTY50,7.41022760508854,6.66565671867899,8.0
2014-11-17,8430.75,0.4747059346155713,0.004857088011971,73.95984737753268,121.87540448863,97.7653308083248,24.11007368030521,Normal,8153.212573242187,231.4530388440797,1.1991090207494663,NIFTY50,7.41022760508854,6.66565671867899,8.0
2014-11-18,8425.900390625,0.4619656418714539,-0.000575394208982,73.29859172352809,122.79962253917438,102.77218915449473,20.027433384679654,Normal,8181.307592773437,228.5846388667989,1.070031648076283,NIFTY50,7.41022760508854,6.66565671867899,8.0
2014-11-19,8382.2998046875,0.4066376342539526,-0.0051880252764123,67.45898691630094,118.64618968302784,105.94698926020136,12.69920042282648,Normal,8213.012573242188,208.4377404426206,0.8121716877463198,NIFTY50,7.41022760508854,6.66565671867899,8.0
2014-11-20,8401.900390625,0.4209806710907816,0.0023356006982236,68.66748105840466,115.6035617972102,107.87830376760311,7.725258029607076,Normal,8244.122583007813,185.5350552366828,0.8503935141308666,NIFTY50,7.41022760508854,6.66565671867899,8.0
2014-11-21,8477.349609375,0.4949741852607696,0.0089399376461338,72.84762869174585,117.92105811974945,109.8868546380324,8.034203481717043,Normal,8274.020068359376,171.3010426647021,1.1869719988430747,NIFTY50,7.41022760508854,6.66565671867899,8.0
2014-11-24,8530.150390625,0.5450156831994621,0.0062091372497189,75.32828155486409,122.6049587784928,112.43047546612448,10.174483312368324,Bubble,8304.140087890624,159.78478409761408,1.414466990776192,NIFTY50,7.41022760508854,6.66565671867899,8.0
2014-11-25,8463.099609375,0.4626815518560667,-0.0078915015338096,66.96195978770848,119.52869373872272,113.85011912064414,5.678574618078585,Normal,8327.500073242187,145.89735153711953,0.9294173931479056,NIFTY50,7.41022760508854,6.66565671867899,8.0
2014-11-26,8475.75,0.4691729908360407,0.0014936543234813,67.69105468968014,116.76551219059728,114.43319773463476,2.3323144559625177,Normal,8351.702563476563,126.06096658291936,0.9840273312662716,NIFTY50,7.41022760508854,6.66565671867899,8.0
2014-11-27,8494.2001953125,0.4818431300756756,0.0021744557137674,68.77342495383286,114.74177570698704,114.49491332910524,0.2468623778817971,Normal,8375.032568359375,104.20459702759484,1.14359280062825,NIFTY50,7.41022760508854,6.66565671867899,8.0
2014-11-28,8588.25,0.5748587144131161,0.0110113893394212,73.62409802519471,119.35117711846942,115.46616608697808,3.885011031491345,Bubble,8399.92255859375,91.30563959669732,2.062604700411768,NIFTY50,7.41022760508854,6.66565671867899,8.0
2014-12-01,8555.900390625,0.5312955365554342,-0.0037738408764703,69.61823158609073,119.02180850645708,116.1772945708739,2.844513935583194,Normal,8419.257568359375,80.13708640607116,1.7051134299196704,NIFTY50,7.41022760508854,6.66565671867899,8.0
2014-12-02,8524.7001953125,0.4898222845794361,-0.0036532942570473,65.89433580594932,114.91847781962132,115.9255312206234,-1.007053401002068,Normal,8429.382568359375,80.02131332912613,1.1911529939665626,NIFTY50,7.41022760508854,6.66565671867899,8.0
2014-12-03,8537.650390625,0.496382741769177,0.0015179851960037,66.69075731128294,111.4270693255803,115.0258388416148,-3.59876951603448,Normal,8440.057568359374,79.48313252338477,1.2278431809027268,NIFTY50,7.41022760508854,6.66565671867899,8.0
2014-12-04,8564.400390625,0.5175469070184832,0.0031282823512937,68.3355838436517,109.5557143023234,113.93181393375652,-4.376099631433121,Normal,8451.36259765625,80.3231040997894,1.4072886529424558,NIFTY50,7.41022760508854,6.66565671867899,8.0
2014-12-05,8538.2998046875,0.4821565531211624,-0.0030522205151575,64.96469890900727,104.75895676712209,112.09724250042964,-7.338285733307558,Normal,8461.427587890625,77.81131484749913,0.9879310862120207,NIFTY50,7.41022760508854,6.66565671867899,8.0
2014-12-08,8438.25,0.368326517726727,-0.0117869607408896,53.97385314478673,91.82579813322263,108.04295362698824,-16.217155493765603,Normal,8466.127587890625,73.05449556547691,-0.3815998957331706,NIFTY50,7.41022760508854,6.66565671867899,8.0
2014-12-09,8340.7001953125,0.2612615092370687,-0.0116277720181471,45.83209439524659,72.86478289645675,101.00731948088192,-28.142536584425187,Normal,8465.030078125,74.83407506487248,-1.6614073562708047,NIFTY50,7.41022760508854,6.66565671867899,8.0
2014-12-10,8355.650390625,0.2705797683356997,0.0017908343779797,47.14793094582448,58.371526905155406,92.48016096573664,-34.10863406058124,Normal,8463.647607421875,76.65661332475986,-1.408844092020337,NIFTY50,7.41022760508854,6.66565671867899,8.0
2014-12-11,8292.900390625,0.2023694034298269,-0.0075382293595515,42.48317995029906,41.34551122074299,82.25323101673791,-40.90771979599492,Crash,8460.400146484375,82.52558345410024,-2.0296706651281826,NIFTY50,7.41022760508854,6.66565671867899,8.0
2014-12-12,8224.099609375,0.130055786289881,-0.0083309534630779,38.039296806171066,22.046484915625115,70.21188179651536,-48.16539688089024,Crash,8452.110107421875,97.03287556643792,-2.349827279835249,NIFTY50,7.41022760508854,6.66565671867899,8.0
2014-12-15,8219.599609375,0.1211260747911954,-0.0005473221143822,37.76107333104417,6.315948808589383,57.43269519893016,-51.11674639034078,Crash,8441.552587890625,110.08796793880704,-2.0161420241583383,NIFTY50,7.41022760508854,6.66565671867899,8.0
2014-12-16,8067.60009765625,-0.0281555172473841,-0.0186654461743745,29.825715371403447,-18.205839091109738,42.304988340922186,-60.51082743203192,Crash,8423.637573242188,138.30636695950182,-2.574266705235563,NIFTY50,7.41022760508854,6.66565671867899,8.0
2014-12-17,8029.7998046875,-0.0657840633188128,-0.0046964556608114,28.236541727484266,-40.226000114407725,25.79879064985621,-66.02479076426394,Crash,8406.012573242188,163.93691598330764,-2.294863034955435,NIFTY50,7.41022760508854,6.66565671867899,8.0
2014-12-18,8159.2998046875,0.0435190595920635,0.0159987603204074,40.02620273690712,-46.68936273819418,11.301159972246133,-57.99052271044031,Normal,8393.882543945312,172.9828807969497,-1.356103784241918,NIFTY50,7.41022760508854,6.66565671867899,8.0
2014-12-19,8225.2001953125,0.0992473636241998,0.0080442791656528,44.97982440863904,-45.96416710596896,-0.1519054433968865,-45.81226166257207,Normal,8381.275073242188,175.7460011232801,-0.8880707209958466,NIFTY50,7.41022760508854,6.66565671867899,8.0
2014-12-22,8324.0,0.1857470962784677,0.0119402723205388,51.45377699690055,-36.990719816691126,-7.519668318055735,-29.47105149863539,Normal,8370.967553710938,172.57159551861628,-0.2721627135090792,NIFTY50,7.41022760508854,6.66565671867899,8.0
2014-12-23,8267.0,0.1263621877672676,-0.0068712222608494,47.94847233584496,-34.08570305367721,-12.83287526518003,-21.25282778849718,Normal,8361.162573242187,172.63230467351175,-0.5454516373414042,NIFTY50,7.41022760508854,6.66565671867899,8.0
2014-12-24,8174.10009765625,0.0347123298918741,-0.0113010553438477,42.82745903405268,-38.83207012940875,-18.03271423802577,-20.799355891382973,Normal,8346.080078125,175.2515181919428,-0.9813323287755504,NIFTY50,7.41022760508854,6.66565671867899,8.0
2014-12-26,8200.7001953125,0.0545636878421405,0.0032489093702821,44.65030112593298,-39.98625796682427,-22.423422983785475,-17.562834983038794,Normal,8331.405078125,174.48230594261162,-0.7491010742114471,NIFTY50,7.41022760508854,6.66565671867899,8.0
2014-12-29,8246.2998046875,0.0915503573856229,0.0055450509168578,47.72711080831259,-36.79727665891187,-25.298193718810754,-11.499082940101117,Normal,8314.307568359374,164.45516482650598,-0.4135337661399683,NIFTY50,7.41022760508854,6.66565671867899,8.0
2014-12-30,8248.25,0.0889486041517813,0.0002364654197514,47.86060213576224,-33.72387371001787,-26.98332971705218,-6.740543992965691,Normal,8298.925048828125,154.77123966967062,-0.3274190278263657,NIFTY50,7.41022760508854,6.66565671867899,8.0
2014-12-31,8282.7001953125,0.1159426911248735,0.004167969146088,50.27627683340787,-28.18345554894768,-27.22335488343128,-0.9601006655163964,Normal,8286.825048828125,145.3650984409882,-0.0283758175783793,NIFTY50,7.41022760508854,6.66565671867899,8.0
2015-01-02,8395.4501953125,0.2140326616994121,0.0135208899126345,57.25626177871421,-14.527191114502784,-24.684122129645583,10.1569310151428,Normal,8279.7150390625,135.60085596576042,0.8534987144861694,NIFTY50,7.99625378571471,4.90697344127256,8.0
2015-01-05,8378.400390625,0.1928315283200698,-0.0020329035926431,55.976629657067946,-5.022384981510186,-20.751774700018508,15.729389718508322,Normal,8270.4150390625,120.59665262288232,0.8954257785262156,NIFTY50,7.99625378571471,4.90697344127256,8.0
2015-01-06,8127.35009765625,-0.0502254103587892,-0.0304220829180295,41.3296051743256,-17.545168390701292,-20.110453438155066,2.5652850474537736,Normal,8249.867553710938,106.76803350037169,-1.1475106549963852,NIFTY50,7.99625378571471,4.90697344127256,8.0
2015-01-07,8102.10009765625,-0.0733768408829604,-0.0031116297926513,40.19053167995365,-29.170766008834107,-21.92251595229088,-7.248250056543235,Normal,8233.06005859375,101.89940440142212,-1.285188679038759,NIFTY50,7.99625378571471,4.90697344127256,8.0
2015-01-08,8234.599609375,0.0324324784342845,0.0162214424605465,48.25051431887175,-27.37694821061814,-23.013402403956327,-4.363545806661811,Normal,8227.755029296875,98.71260469743476,0.0693384608693494,NIFTY50,7.99625378571471,4.90697344127256,8.0
2015-01-09,8284.5,0.0722095224201186,0.0060415571776879,50.93235942447887,-21.6788894503552,-22.746499813236102,1.0676103628809024,Normal,8224.197509765625,95.07588037247712,0.6342564486190291,NIFTY50,7.99625378571471,4.90697344127256,8.0
2015-01-12,8323.0,0.1021794424921649,0.0046364677367432,52.95796650909745,-13.896320456413378,-20.97646394187156,7.080143485458184,Normal,8225.702490234375,96.4489459868032,1.0087980617117192,NIFTY50,7.99625378571471,4.90697344127256,8.0
2015-01-13,8299.400390625,0.0765352128748157,-0.002839496664365,51.55307315006733,-9.523093411798982,-18.685789835857047,9.162696424058066,Normal,8229.467529296875,97.84275391222477,0.7147474752280801,NIFTY50,7.99625378571471,4.90697344127256,8.0
2015-01-14,8277.5498046875,0.052818468962553,-0.0026362628028638,50.22454420986082,-7.731317330129968,-16.494895334711632,8.763578004581664,Normal,8232.3650390625,98.39167259258257,0.4592336366930061,NIFTY50,7.99625378571471,4.90697344127256,8.0
2015-01-15,8494.150390625,0.2357988012005693,0.0258307299503242,60.96362606669195,11.039281239754928,-10.98806001981832,22.027341259573248,Bubble,8253.692553710938,106.67815102848476,2.254049536815235,NIFTY50,7.99625378571471,4.90697344127256,7.75
2015-01-16,8513.7998046875,0.2488010895703374,0.002310616221134,61.76944446108904,27.187261511862744,-3.352995713482107,30.540257225344853,Bubble,8277.892553710937,108.10310604028496,2.1822430420144565,NIFTY50,7.99625378571471,4.90697344127256,7.75
2015-01-19,8550.7001953125,0.2776945638315432,0.0043248203159316,63.30152558039407,42.47260756964533,5.812124943143381,36.66048262650195,Bubble,8297.462573242188,120.24960993082328,2.1059330023273533,NIFTY50,7.99625378571471,4.90697344127256,7.75
2015-01-20,8695.599609375,0.4056124455354963,0.016803931894622,68.61955356660451,65.52321534560542,17.75434302363579,47.76887232196963,Bubble,8320.982543945312,148.14055788530905,2.52879475261405,NIFTY50,7.99625378571471,4.90697344127256,7.75
2015-01-21,8729.5,0.4318040934602748,0.0038909887639506,69.72493078358633,85.54040968892878,31.31155635669439,54.22885333223439,Bubble,8341.257543945312,174.05727540112466,2.230544257112847,NIFTY50,7.99625378571471,4.90697344127256,7.75
2015-01-22,8761.400390625,0.4560227809480486,0.0036476596725423,70.76840074029066,102.7933377321151,45.60791263177853,57.18542510033657,Bubble,8365.977563476563,196.6036633957576,2.011268866096672,NIFTY50,7.99625378571471,4.90697344127256,7.75
2015-01-23,8835.599609375,0.5206203108750527,0.0084332168549455,73.09152236571448,121.0581809969226,60.69796630480735,60.36021469211525,Bubble,8399.0525390625,217.18968578980656,2.0099806706980736,NIFTY50,7.99625378571471,4.90697344127256,7.75
2015-01-27,8910.5,0.586229752768366,0.0084413856608369,75.23140600850219,139.96362290955585,76.55109762575705,63.4125252837988,Bubble,8434.542529296876,239.87934440240304,1.98415362476852,NIFTY50,7.99625378571471,4.90697344127256,7.75
2015-01-28,8914.2998046875,0.5824493950526471,0.000426350341849,75.33855336348137,153.48367010495713,91.93761212159708,61.54605798336006,Bubble,8467.942529296875,258.10242942936725,1.729380371883619,NIFTY50,7.99625378571471,4.90697344127256,7.75
2015-01-29,8952.349609375,0.6122882852606528,0.0042593170470792,76.43774349571117,165.36251007522878,106.6225917123234,58.73991836290537,Bubble,8503.147509765626,274.0839303143197,1.6389216948772916,NIFTY50,7.99625378571471,4.90697344127256,7.75
2015-01-30,8808.900390625,0.460880571942194,-0.0161534056387028,64.72504252827245,161.34157795706415,117.56638896127156,43.775188995792575,Normal,8529.45751953125,277.0484937317146,1.008642448582861,NIFTY50,7.99625378571471,4.90697344127256,7.75
2015-02-02,8797.400390625,0.4433465566577911,-0.0013063506955069,63.8799618307138,155.43524563705432,125.14016029642812,30.2950853406262,Normal,8549.555029296875,281.3612316607412,0.8808795720192594,NIFTY50,7.99625378571471,4.90697344127256,7.75
2015-02-03,8756.5498046875,0.3981034482409774,-0.0046542982322204,60.84111949962774,145.77769926440303,129.2676680900231,16.510031174379947,Normal,8568.4625,281.95947718213773,0.6670721146429186,NIFTY50,7.99625378571471,4.90697344127256,7.75
2015-02-04,8723.7001953125,0.361224142175854,-0.0037584872121479,58.433850477097806,133.92947957198885,130.20003038641624,3.729449185572605,Normal,8598.280004882812,263.8040248764624,0.475429404416484,NIFTY50,7.99625378571471,4.90697344127256,7.75
2015-02-05,8711.7001953125,0.3442857813289168,-0.0013765100457609,57.53823886611137,122.1631595329527,128.59265621572354,-6.429496682770832,Normal,8628.760009765625,237.34803809773467,0.3494454228971636,NIFTY50,7.99625378571471,4.90697344127256,7.75
2015-02-06,8661.0498046875,0.2918980912066972,-0.0058310324086079,53.79067985626927,107.51187296210628,124.3764995650001,-16.86462660289382,Normal,8650.08251953125,218.47978995464987,0.0501981677963279,NIFTY50,7.99625378571471,4.90697344127256,7.75
2015-02-09,8526.349609375,0.165896966339175,-0.0156746171972853,45.334226871833366,84.06242348182059,116.3136843483642,-32.25126086654362,Normal,8662.175,203.34953658341576,-0.6679404974659606,NIFTY50,7.99625378571471,4.90697344127256,7.75
2015-02-10,8565.5498046875,0.1934478972788575,0.0045869991503771,47.90115658018259,67.85945244975119,106.6228379686416,-38.763385518890416,Normal,8674.302490234375,188.76675581278568,-0.5761220246574206,NIFTY50,7.99625378571471,4.90697344127256,7.75
2015-02-11,8627.400390625,0.2419758154692043,0.0071949086167784,51.75086867212098,59.32543980767696,97.16335833644868,-37.83791852877172,Normal,8690.702490234375,167.5353688593368,-0.3778431983668073,NIFTY50,7.99625378571471,4.90697344127256,7.75
2015-02-12,8711.5498046875,0.3107541401535466,0.0097064786272237,56.46430468257045,58.67594794998149,89.46587625915525,-30.78992830917376,Normal,8712.402490234375,136.42340544348735,-0.0062502878014475,NIFTY50,7.99625378571471,4.90697344127256,7.75
2015-02-13,8805.5,0.3889355984814072,0.0107268172689105,61.04038885838104,64.99301751147505,84.57130450961921,-19.578286998144165,Normal,8727.969970703125,127.69243555902732,0.6071622720441873,NIFTY50,7.99625378571471,4.90697344127256,7.75
2015-02-16,8809.349609375,0.3864902736331673,0.0004370868354434,61.22025817818556,69.50871871336858,81.55878735036909,-12.050068637000509,Normal,8742.7474609375,118.36342453993537,0.5626919692157802,NIFTY50,7.99625378571471,4.90697344127256,7.75
2015-02-18,8869.099609375,0.4346773232817359,0.0067596684272623,63.99849382299196,77.02092086626544,80.65121405354836,-3.630293187282916,Normal,8758.667431640624,112.4375637139326,0.98216444830965,NIFTY50,7.99625378571471,4.90697344127256,7.75
2015-02-19,8895.2998046875,0.4524598018336604,0.0029497438893496,65.17660578975256,84.11886211222554,81.3447436652838,2.774118446941742,Normal,8768.65244140625,115.3709704669589,1.097740296095723,NIFTY50,7.99625378571471,4.90697344127256,7.75
2015-02-20,8833.599609375,0.3889736828702452,-0.0069604370777794,60.18202134135927,83.79935477729668,81.83566588768637,1.9636888896103104,Normal,8773.857421875,115.85883884432748,0.5156463511624864,NIFTY50,7.99625378571471,4.90697344127256,7.75
2015-02-23,8754.9501953125,0.3114146256858086,-0.0089433113192368,54.45368474155611,76.32002278309665,80.73253726676843,-4.412514483671785,Normal,8773.534912109375,115.90430843599631,-0.160345349087154,NIFTY50,7.99625378571471,4.90697344127256,7.75
2015-02-24,8762.099609375,0.3125242870834271,0.0008162806567537,54.87416599931745,70.16072706860177,78.61817522713511,-8.457448158533339,Normal,8769.859912109376,114.99450617734496,-0.0674841172186761,NIFTY50,7.99625378571471,4.90697344127256,7.75
2015-02-25,8767.25,0.3129544673630821,0.000587630561085,55.19506887635847,64.94637295959728,75.88381477362755,-10.937441814030263,Normal,8762.697412109375,110.1320121162712,0.0413375530251664,NIFTY50,7.99625378571471,4.90697344127256,7.75
2015-02-26,8683.849609375,0.2430337998069699,-0.0095582544879628,49.10544312591823,53.46790056838654,71.40063193257936,-17.93273136419282,Normal,8751.17490234375,105.38912050547624,-0.6388258355875669,NIFTY50,7.99625378571471,4.90697344127256,7.75
2015-02-27,8844.599609375,0.3633437398217248,0.0183421253958649,58.589042085113626,56.68883643774279,68.45827283361206,-11.769436395869263,Normal,8745.78740234375,96.98260226702703,1.0188652884275542,NIFTY50,7.99625378571471,4.90697344127256,7.75
2015-03-02,8956.75,0.4560869951126186,0.0126003788387932,63.67468357309748,67.51280497284642,68.26917926145893,-0.7563742886125056,Bubble,8753.1798828125,107.14865980881318,1.8998848660425027,NIFTY50,7.99625378571471,4.90697344127256,7.75
2015-03-03,8996.25,0.4853909744813544,0.0044003858673006,65.29145228229298,78.37474265735364,70.29029194063787,8.084450716715764,Bubble,8763.12236328125,119.93121732204236,1.9438444962394488,NIFTY50,7.99625378571471,4.90697344127256,7.75
2015-03-04,8922.650390625,0.4115567839385535,-0.0082147923882021,59.93834062951932,80.12045442404997,72.2563244373203,7.864129986729665,Normal,8771.427392578125,125.09216888861002,1.2088926060713934,NIFTY50,7.99625378571471,4.90697344127256,7.5
2015-03-05,8937.75,0.4190047582108043,0.0016908482052135,60.651123406326285,81.77965095010586,74.16098973987742,7.618661210228439,Normal,8782.1298828125,129.85972635771594,1.1983709002960905,NIFTY50,7.99625378571471,4.90697344127256,7.5
2015-03-09,8756.75,0.2675236804881253,-0.0204590481140191,49.32263256542608,67.70888297536112,72.87056838697417,-5.16168541161305,Normal,8784.382373046876,128.9613865892517,-0.2142685789730703,NIFTY50,7.99625378571471,4.90697344127256,7.5
2015-03-10,8712.0498046875,0.2298048926703762,-0.0051177291370559,46.9884242139603,52.34733826394768,68.76592236236887,-16.418584098421192,Normal,8786.932373046875,126.88178779701538,-0.5901758610082924,NIFTY50,7.99625378571471,4.90697344127256,7.5
2015-03-11,8699.9501953125,0.2174505964461281,-0.0013898014383852,46.34901267489909,38.75017811809266,62.76277351351364,-24.012595395420973,Normal,8795.61240234375,113.33147418208804,-0.8440921440547976,NIFTY50,7.99625378571471,4.90697344127256,7.5
2015-03-12,8776.0,0.2712073990480436,0.0087034220055012,50.87395288997689,33.72218603452529,56.954656017715976,-23.232469983190683,Normal,8806.134912109375,99.8097719652686,-0.3019234641660296,NIFTY50,7.99625378571471,4.90697344127256,7.5
2015-03-13,8647.75,0.1693015101206264,-0.0147215514720097,44.11653906674475,19.16780835042482,49.39728648425775,-30.229478133832927,Normal,8807.152392578126,97.9787482056507,-1.6269078294769697,NIFTY50,7.99625378571471,4.90697344127256,7.5
2015-03-16,8633.150390625,0.1555942916026282,-0.0016896819631506,43.4096682616614,6.381728125270456,40.79417481246029,-34.412446687189835,Normal,8803.232421875,103.42207474967574,-1.6445428276474725,NIFTY50,7.99625378571471,4.90697344127256,7.5
2015-03-17,8723.2998046875,0.218524916110133,0.010388094769848,48.85867042678126,3.4828239068410767,33.33190463133645,-29.849080724495373,Normal,8799.122412109375,104.94926672581585,-0.7224691490219196,NIFTY50,7.99625378571471,4.90697344127256,7.5
2015-03-18,8685.900390625,0.1874370502834847,-0.0042965180681336,46.84350502946934,-1.811516689869677,26.30322036709523,-28.114737056964906,Normal,8792.949951171875,107.904750454922,-0.992074585183307,NIFTY50,7.99625378571471,4.90697344127256,7.5
2015-03-19,8634.650390625,0.1465047968955621,-0.0059178429387673,44.15586439482186,-10.027179360342416,19.037140421607702,-29.06431978195012,Normal,8781.227490234374,111.859151770217,-1.310371992722379,NIFTY50,7.99625378571471,4.90697344127256,7.5
2015-03-20,8570.900390625,0.0971074695866097,-0.007410433126336,41.00432671973837,-21.43515234307233,10.942681868671697,-32.37783421174403,Normal,8765.00751953125,117.80898316509726,-1.647642851090803,NIFTY50,7.99625378571471,4.90697344127256,7.5
2015-03-23,8550.900390625,0.0801860420872438,-0.0023362039252688,40.03883178469486,-31.72418926865066,2.4093076412072234,-34.13349690985788,Normal,8750.87255859375,125.83222313832678,-1.5891968128777436,NIFTY50,7.99625378571471,4.90697344127256,7.5
2015-03-24,8542.9501953125,0.0720172109422268,-0.0009301819792756,39.63927500602348,-40.05807492736858,-6.084168872507938,-33.97390605486064,Normal,8740.27255859375,134.12662933723425,-1.4711647064888398,NIFTY50,7.99625378571471,4.90697344127256,7.5
2015-03-25,8530.7998046875,0.0609327392285188,-0.0014232834235154,38.99873718865233,-47.10023217505477,-14.287381533017305,-32.81285064203747,Normal,8728.707568359376,141.89257162241574,-1.3947718432964875,NIFTY50,7.99625378571471,4.90697344127256,7.5
2015-03-26,8342.150390625,-0.0755860565988355,-0.0223620971083219,30.703078137826964,-67.1297931669742,-24.85586385980869,-42.27392930716551,Crash,8707.452587890624,165.6632577625433,-2.2050888181206565,NIFTY50,7.99625378571471,4.90697344127256,7.5
2015-03-27,8341.400390625,-0.0780382706139604,-8.990891811211022e-05,30.67514128963768,-82.1172863296797,-36.30814835378289,-45.80913797589681,Normal,8690.330126953126,184.8207555037464,-1.8879358834838915,NIFTY50,7.99625378571471,4.90697344127256,7.5
2015-03-30,8492.2998046875,0.0198041343628569,0.017928732765285,42.09196492337432,-80.88625465069163,-45.22376961316464,-35.66248503752699,Normal,8672.71513671875,186.1276725580005,-0.9693095580670856,NIFTY50,7.99625378571471,4.90697344127256,7.5
2015-03-31,8491.0,0.0166279575870286,-0.0001530685679444,42.02776008275679,-79.10367858495192,-51.99975140752209,-27.10392717742983,Normal,8649.42763671875,177.66395446013144,-0.8917263898586825,NIFTY50,7.99625378571471,4.90697344127256,7.5
2015-04-01,8586.25,0.0795079017691852,0.0111553075287278,48.25644554067056,-69.20731638433244,-55.441264402884165,-13.766051981448278,Normal,8628.92763671875,158.11817627185238,-0.2699097455144863,NIFTY50,7.99625378571471,4.90697344127256,7.5
2015-04-06,8659.900390625,0.1283963592284247,0.0085411337249402,52.505698429001846,-54.78982405325587,-55.31097633295851,0.5211522797026404,Normal,8615.79013671875,142.5814952340664,0.3093687145995877,NIFTY50,7.99625378571471,4.90697344127256,7.5
2015-04-07,8660.2998046875,0.1259914905956409,4.6121183134830896e-05,52.52846630737261,-42.83782040365804,-52.81634514709842,9.978524743440374,Normal,8601.917626953125,121.55444942279952,0.4802965091907537,NIFTY50,7.99625378571471,4.90697344127256,7.5
2015-04-08,8714.400390625,0.1615108337148161,0.0062275331572998,55.63105002416989,-28.669818433560067,-47.987039804390754,19.317221370830687,Normal,8599.800146484375,119.058551103039,0.9625536601856074,NIFTY50,7.99625378571471,4.90697344127256,7.5
2015-04-09,8778.2998046875,0.2041525652884283,0.0073058701712128,59.03644489136725,-12.145421256176633,-40.81871609474793,28.67329483857129,Normal,8603.112646484375,123.1957198315066,1.4220230901100044,NIFTY50,7.99625378571471,4.90697344127256,7.5
2015-04-10,8780.349609375,0.2026395712079177,0.0002334809071557,59.14477177675966,1.1029703109325055,-32.43437881361184,33.53734912454435,Normal,8607.1326171875,127.74949771738368,1.3559113365024882,NIFTY50,7.99625378571471,4.90697344127256,7.5
2015-04-13,8834.0,0.2381430592563887,0.0060916874846368,61.97883251634399,15.74999805227526,-22.797503440434426,38.547501492709685,Normal,8610.0326171875,132.35978988310274,1.6921104438916283,NIFTY50,7.99625378571471,4.90697344127256,7.5
2015-04-16,8706.7001953125,0.1418251322911675,-0.0145150465251854,52.64685875923984,16.891132255723278,-14.859776301202883,31.750908556926163,Normal,8612.980126953125,133.89143854513796,0.6999705834647477,NIFTY50,7.99625378571471,4.90697344127256,7.5
2015-04-17,8606.0,0.0676855823029868,-0.0116332322327412,46.661672408522406,9.55962772060957,-9.975895496840394,19.535523217449963,Normal,8611.622607421876,133.81378546877366,-0.0420181478476132,NIFTY50,7.99625378571471,4.90697344127256,7.5
2015-04-20,8448.099609375,-0.044209994670984,-0.0185181166395568,39.14654676536535,-8.889412722523048,-9.758598941976926,0.8691862194538782,Normal,8597.86259765625,135.8593838795148,-1.1023381970734252,NIFTY50,7.99625378571471,4.90697344127256,7.5
2015-04-21,8377.75,-0.0928176682889472,-0.0083621357545242,36.33848934789366,-28.85441994038956,-13.577763141659451,-15.276656798730109,Normal,8582.455078125,142.6531939370445,-1.4349841912080856,NIFTY50,7.99625378571471,4.90697344127256,7.5
2015-04-22,8429.7001953125,-0.0611994514443106,0.0061818253391529,39.77411543119101,-40.0235191893953,-18.866914351206624,-21.15660483818868,Normal,8572.207568359376,146.0277939507832,-0.9758921174615978,NIFTY50,7.99625378571471,4.90697344127256,7.5
2015-04-23,8398.2998046875,-0.0837255835446188,-0.0037319262025762,38.424320788362266,-50.823003959250855,-25.25813227281548,-25.56487168643538,Normal,8563.5775390625,151.12052857081704,-1.0936815529833797,NIFTY50,7.99625378571471,4.90697344127256,7.5
2015-04-24,8305.25,-0.146066446652357,-0.0111414361987288,34.66957306665657,-66.12773566045871,-33.43205295034412,-32.69568271011459,Normal,8551.29501953125,161.80984137980715,-1.5205813035421123,NIFTY50,7.99625378571471,4.90697344127256,7.5
2015-04-27,8213.7998046875,-0.2055384082964788,-0.0110722021738192,31.41994377022341,-84.6602021674098,-43.677682793757256,-40.98251937365255,Normal,8534.8375,178.57365508951682,-1.7977886780195391,NIFTY50,7.99625378571471,4.90697344127256,7.5
2015-04-28,8285.599609375,-0.1632833136834452,0.0087033783611285,36.45592065969988,-92.48753250784284,-53.43965273657437,-39.04787977126847,Normal,8522.577490234375,187.07998878881813,-1.2667195588026403,NIFTY50,7.99625378571471,4.90697344127256,7.5
2015-04-29,8239.75,-0.1935562197810801,-0.0055490174921902,34.7034313768917,-101.2235860009696,-62.99643938945342,-38.22714661151617,Normal,8517.457470703124,193.56661859586143,-1.4346867900964708,NIFTY50,7.99625378571471,4.90697344127256,7.5
2015-04-30,8181.5,-0.2309473287281578,-0.0070944957684806,32.56181870731375,-111.56125086309476,-72.7094016841817,-38.85184917891306,Normal,8509.462451171876,204.2296953493892,-1.6058509542934427,NIFTY50,7.99625378571471,4.90697344127256,7.5
2015-05-04,8331.9501953125,-0.1424522339339853,0.0182220379751438,42.44182135640447,-106.38748267187476,-79.44501788172032,-26.942464790154432,Normal,8501.444970703125,208.0506068841226,-0.8146805141742673,NIFTY50,7.99625378571471,4.90697344127256,7.5
2015-05-05,8324.7998046875,-0.1486465003170452,-0.0008585577695799,42.12594107020709,-101.69196915115572,-83.8944081356074,-17.79756101554831,Normal,8493.1349609375,211.7756182837448,-0.7948750550899472,NIFTY50,7.99625378571471,4.90697344127256,7.5
2015-05-06,8097.0,-0.2933621634308471,-0.0277453653883998,33.5571140370817,-115.02632936895498,-90.12079238227692,-24.905536986678044,Normal,8468.6724609375,228.08280538599035,-1.629550549891338,NIFTY50,7.99625378571471,4.90697344127256,7.5
2015-05-07,8057.2998046875,-0.3177268220206445,-0.0049151341398104,32.32313107523366,-127.32960347484914,-97.56255460079136,-29.767048874057764,Normal,8438.542431640624,240.9320196818058,-1.5823659613887102,NIFTY50,7.99625378571471,4.90697344127256,7.5
2015-05-08,8191.5,-0.2426273957137231,0.0165185427140141,40.31315971628439,-124.8124424961352,-103.01253217986014,-21.79991031627505,Normal,8415.10244140625,241.02647722404564,-0.9277090383659437,NIFTY50,7.99625378571471,4.90697344127256,7.5
2015-05-11,8325.25,-0.1650225194371459,0.0161960341674642,47.02586085930226,-110.74842813963733,-104.5597113718156,-6.188716767821731,Normal,8395.644921875,231.0962193354428,-0.3046130398733184,NIFTY50,7.99625378571471,4.90697344127256,7.5
2015-05-12,8126.9501953125,-0.2894720280437073,-0.0241073419925435,39.86697851542518,-114.2863109620157,-106.50503128985562,-7.781279672160082,Normal,8363.07744140625,219.95969371110303,-1.07350234086015,NIFTY50,7.99625378571471,4.90697344127256,7.5
2015-05-13,8235.4501953125,-0.2283012448968061,0.0132623072083406,44.81698774702491,-107.10047772071994,-106.62412057602847,-0.4763571446914483,Normal,8335.832470703124,198.2276672898071,-0.5063989137493419,NIFTY50,7.99625378571471,4.90697344127256,7.5
2015-05-14,8224.2001953125,-0.2364916377714922,-0.0013669794296785,44.40879112966571,-101.14746902488332,-105.52879026579949,4.381321240916151,Normal,8305.34248046875,160.96551462597546,-0.504097323857188,NIFTY50,7.99625378571471,4.90697344127256,7.5
2015-05-15,8262.349609375,-0.2153644321516023,0.0046279521918878,46.19833554893385,-92.2874950613368,-102.88053122490696,10.593036163570131,Normal,8283.124951171874,130.4195740508367,-0.1592961942106648,NIFTY50,7.99625378571471,4.90697344127256,7.5
2015-05-18,8373.650390625,-0.1506045616560438,0.0133809139137836,51.14011985643717,-75.4155158726735,-97.38752815446026,21.97201228178676,Normal,8271.507470703125,108.68188286535404,0.939833919222944,NIFTY50,7.99625378571471,4.90697344127256,7.5
2015-05-19,8365.650390625,-0.1572235573717148,-0.0009558345015271,50.7790847773997,-61.97546931890429,-90.30511638734907,28.329647068444785,Normal,8267.385009765625,103.04865837046354,0.9535823407434136,NIFTY50,7.99625378571471,4.90697344127256,7.5
2015-05-20,8423.25,-0.123693226054106,0.0068616566932103,53.33358716407566,-46.14440452670533,-81.47297401522033,35.328569488515,Normal,8269.660009765625,106.07133782666364,1.4479876786824757,NIFTY50,7.99625378571471,4.90697344127256,7.5
2015-05-21,8421.0,-0.1268608715791969,-0.000267153481263,53.21740005536752,-33.39477365501989,-71.85733394318025,38.46256028816036,Normal,8269.225,105.39614305405972,1.4400432084326966,NIFTY50,7.99625378571471,4.90697344127256,7.5
2015-05-22,8458.9501953125,-0.1051658151533159,0.0044964894818342,54.99815299160199,-19.99781338982393,-61.48542983250899,41.48761644268506,Normal,8272.25751953125,110.07414091847528,1.6960629828537277,NIFTY50,7.99625378571471,4.90697344127256,7.5
2015-05-25,8370.25,-0.1625382585580021,-0.0105413228961067,50.18945968123039,-16.349523196837254,-52.45824850537465,36.108725308537394,Normal,8275.50751953125,112.04153035013508,0.8456014495042686,NIFTY50,7.99625378571471,4.90697344127256,7.5
2015-05-26,8339.349609375,-0.1830058441409161,-0.0036985237912854,48.595422618588415,-15.769845252796586,-45.12056785485904,29.35072260206245,Normal,8281.785009765625,111.91928920627804,0.5143402894855619,NIFTY50,7.99625378571471,4.90697344127256,7.5
2015-05-27,8334.599609375,-0.1874614428505236,-0.0005697510609127,48.341256211376965,-15.514885664128087,-39.19943141671285,23.68454575258476,Normal,8284.235009765625,112.54178157327556,0.4475191249445648,NIFTY50,7.99625378571471,4.90697344127256,7.5
2015-05-28,8319.0,-0.1984073989481256,-0.0018734224796336,47.46327487469077,-16.38273647028109,-34.6360924274265,18.25335595714541,Normal,8288.197509765625,112.28794276586164,0.2743169878764555,NIFTY50,7.99625378571471,4.90697344127256,7.5
2015-05-29,8433.650390625,-0.1319752781625272,0.0136876467831972,54.06633098258877,-7.73007860222242,-29.254889662385683,21.524811060163263,Normal,8300.805029296875,113.82263457879222,1.1671260450061445,NIFTY50,7.99625378571471,4.90697344127256,7.5
2015-06-01,8433.400390625,-0.1338672989181175,-2.9643593685729908e-05,54.050378441114354,-0.8827816559951316,-23.58046806110757,22.69768640511244,Normal,8305.8775390625,117.4853074979425,1.085436590143271,NIFTY50,7.99625378571471,4.90697344127256,7.5
2015-06-02,8236.4501953125,-0.2568790258422795,-0.0236306089312696,43.22906619862529,-11.219156818142435,-21.108205812514548,9.88904899437211,Normal,8301.46005859375,118.39385059817526,-0.5490983100287102,NIFTY50,7.99625378571471,4.90697344127256,7.5
2015-06-03,8135.10009765625,-0.3168716507895135,-0.0123814043972364,38.91174522061507,-27.274510882794857,-22.34146682657061,-4.933044056224247,Normal,8303.365063476562,115.19414127570484,-1.4607076710402105,NIFTY50,7.99625378571471,4.90697344127256,7.5
2015-06-04,8130.64990234375,-0.3206150577844235,-0.0005471860103022,38.72884567751378,-39.89767268620926,-25.852707998498342,-14.04496468771092,Normal,8307.032568359375,107.88334756666086,-1.6349387555538932,NIFTY50,7.99625378571471,4.90697344127256,7.5
2015-06-05,8114.7001953125,-0.3307359313966374,-0.0019636033769903,38.03873882156441,-50.60528123911172,-30.80322264662102,-19.8020585924907,Normal,8303.192578125,113.435948500445,-1.6616635670107684,NIFTY50,7.99625378571471,4.90697344127256,7.5
2015-06-08,8044.14990234375,-0.3709544792419996,-0.0087321487398675,35.06257779037189,-64.04567847619728,-37.45171381253628,-26.593964663661005,Normal,8289.137573242188,127.14523163083952,-1.926833336618932,NIFTY50,7.99625378571471,4.90697344127256,7.5
2015-06-09,8022.39990234375,-0.383804889793003,-0.0027074902267056,34.1748455353986,-75.58108168501167,-45.07758738703136,-30.50349429798031,Normal,8283.91005859375,136.005028918508,-1.92279769600794,NIFTY50,7.99625378571471,4.90697344127256,7.5
2015-06-10,8124.4501953125,-0.3306276004491815,0.0126404408480797,41.640827871893016,-75.61670377207338,-51.185410664039765,-24.43129310803361,Normal,8278.36005859375,140.28411576432592,-1.0971296532232793,NIFTY50,7.99625378571471,4.90697344127256,7.5
2015-06-11,7965.35009765625,-0.4196017745703197,-0.0197771607529252,34.979645181416885,-87.47462967870797,-58.44325446697341,-29.03137521173456,Normal,8265.417553710937,156.54237794862885,-1.916844882432777,NIFTY50,7.99625378571471,4.90697344127256,7.5
2015-06-12,7982.89990234375,-0.4115388447672822,0.0022008448289133,36.19217507643884,-94.36818117260918,-65.62823980810057,-28.73994136450861,Normal,8251.445068359375,168.82052286939248,-1.5907139810447348,NIFTY50,7.99625378571471,4.90697344127256,7.5
2015-06-15,8013.89990234375,-0.3964297227450618,0.0038757800540692,38.37818289121724,-96.22075648922691,-71.74674314432585,-24.474013344901067,Normal,8233.457543945313,174.1943189466447,-1.260417922520268,NIFTY50,7.99625378571471,4.90697344127256,7.5
2015-06-16,8047.2998046875,-0.379931524199173,0.0041590853857635,40.7340521780772,-93.91129187523164,-76.17965289050701,-17.73163898472464,Normal,8217.540014648437,176.0146457283097,-0.9671934358446184,NIFTY50,7.99625378571471,4.90697344127256,7.5
2015-06-17,8091.5498046875,-0.3575202140431317,0.005483675969067,43.79960510249638,-87.50175359503373,-78.44407303141236,-9.057680563621377,Normal,8200.955004882813,171.17206465710225,-0.6391533596003383,NIFTY50,7.99625378571471,4.90697344127256,7.5
2015-06-18,8174.60009765625,-0.3139694029725902,0.0102115147270589,49.11910608940104,-74.85776999229984,-77.72681242358985,2.869042431290012,Normal,8188.635009765625,163.18165117528835,-0.0860079059642485,NIFTY50,7.99625378571471,4.90697344127256,7.5
2015-06-19,8224.9501953125,-0.287420965861542,0.0061404434830307,52.08044513917039,-60.08190302621461,-74.1978305441148,14.11592751790019,Normal,8176.935009765625,150.690946797819,0.3186335116156411,NIFTY50,7.99625378571471,4.90697344127256,7.5
2015-06-22,8353.099609375,-0.2171956294673202,0.0154604393327622,58.67319008427584,-37.59792974550692,-66.87785038439321,29.279920638886296,Normal,8176.077490234375,149.5776583023232,1.1834796797181568,NIFTY50,7.99625378571471,4.90697344127256,7.5
2015-06-23,8381.5498046875,-0.2021938473752031,0.0034001576033196,59.989273003557,-17.28428347791123,-56.95913700309682,39.67485352518559,Normal,8178.1875,152.2753886349813,1.3354903015547634,NIFTY50,7.99625378571471,4.90697344127256,7.5
2015-06-24,8360.849609375,-0.2158342687219405,-0.0024727884395158,58.52879563372252,-2.823359293435715,-46.1319814611646,43.308622167728885,Normal,8179.5,153.799995005808,1.179126237085714,NIFTY50,7.99625378571471,4.90697344127256,7.5
2015-06-25,8398.0,-0.195829594248912,0.0044335324134881,60.392480598236645,11.502163570963605,-34.60515245473896,46.10731602570256,Normal,8183.45,158.5135360004485,1.3535121694553147,NIFTY50,7.99625378571471,4.90697344127256,7.5
2015-06-26,8381.099609375,-0.2072696745523457,-0.0020144580738723,59.09150559944569,21.24660572460016,-23.43480081887113,44.6814065434713,Normal,8180.8224609375,154.5334803101585,1.296011375887807,NIFTY50,7.99625378571471,4.90697344127256,7.5
2015-06-29,8318.400390625,-0.2452850720754837,-0.0075091485816652,54.40871615663601,23.63736653471824,-14.02036734815326,37.6577338828715,Normal,8175.0724609375,146.5753193072652,0.9778449084394768,NIFTY50,7.99625378571471,4.90697344127256,7.5
2015-06-30,8368.5,-0.2182321124204871,0.0060046813650915,57.31922401019918,29.237648070738945,-5.368764264374821,34.60641233511376,Normal,8181.674951171875,152.34608961788882,1.226319948852742,NIFTY50,7.99625378571471,4.90697344127256,7.5
2015-07-01,8453.0498046875,-0.1711505871817428,0.0100526429119175,61.75641848068764,40.03685422849594,3.712359434199332,36.32449479429661,Normal,8197.572436523438,163.41709353770912,1.5633454410025314,NIFTY50,7.99625378571471,4.90697344127256,7.5
2015-07-02,8444.900390625,-0.1775658267478889,-0.0009645447643201,61.097100055734046,47.39141457812366,12.448170462984198,34.943244115139464,Normal,8213.2849609375,171.54907316562532,1.350140956249188,NIFTY50,7.99625378571471,4.90697344127256,7.5
2015-07-03,8484.900390625,-0.1557580424594229,0.0047254040314225,63.17522431140817,55.80434460044671,21.1194052904767,34.68493930997001,Normal,8231.794970703126,180.11051899148114,1.405278388731119,NIFTY50,7.99625378571471,4.90697344127256,7.5
2015-07-06,8522.150390625,-0.1354308182032007,0.0043805431106717,65.04770031083751,64.73123456551002,29.841771145483364,34.88946342002666,Normal,8255.694995117188,185.5330239911609,1.4361615510589976,NIFTY50,7.99625378571471,4.90697344127256,7.5
2015-07-07,8510.7998046875,-0.1439086376252716,-0.0013327799926047,63.980126451084864,70.08209894123684,37.889836704634064,32.19226223660277,Normal,8280.114990234375,185.3521111656997,1.244576136750334,NIFTY50,7.99625378571471,4.90697344127256,7.5
2015-07-08,8363.0498046875,-0.23363487209842,-0.0175127525255737,52.01340546879147,61.689390415767775,42.64974744686081,19.039642968906968,Normal,8292.044970703126,182.46165618081383,0.3891493449670909,NIFTY50,7.99625378571471,4.90697344127256,7.5
2015-07-09,8328.5498046875,-0.2547008921654856,-0.0041338217950059,49.67693060040494,51.65875677996337,44.45154931348132,7.207207466482046,Normal,8310.204956054688,165.52313004506536,0.1108295174687545,NIFTY50,7.99625378571471,4.90697344127256,7.5
2015-07-10,8360.5498046875,-0.2381571344718009,0.0038348430969963,51.83798662226128,45.76400100513092,44.71403965181125,1.0499613533196737,Normal,8329.087451171876,146.68894016726662,0.2144834742124958,NIFTY50,7.99625378571471,4.90697344127256,7.5
2015-07-13,8459.650390625,-0.1837742802184048,0.0117836567339471,57.871688926265705,48.52953537593021,45.47713879663504,3.05239657929517,Normal,8351.374975585937,129.08668517761078,0.838780660376292,NIFTY50,7.99625378571471,4.90697344127256,7.5
2015-07-14,8454.099609375,-0.1885709625343055,-0.0006563631896272,57.43764027817847,49.700424080961966,46.321795853500426,3.37862822746154,Normal,8371.714965820312,109.16438842122406,0.754684240402615,NIFTY50,7.99625378571471,4.90697344127256,7.5
2015-07-15,8523.7998046875,-0.1499848716407739,0.0082107432951097,61.35693876524144,55.61152996788405,48.17974267637715,7.4317872915069,Normal,8393.327465820312,92.2569888563282,1.4142271548703242,NIFTY50,7.99625378571471,4.90697344127256,7.5
2015-07-16,8608.0498046875,-0.1023862059829306,0.009835561378738,65.49319971706811,66.32978637538326,51.80975141617838,14.520034959204883,Bubble,8414.999951171874,89.02565468868687,2.168474404268076,NIFTY50,7.99625378571471,4.90697344127256,7.5
2015-07-17,8609.849609375,-0.1031125239664405,0.000209062052318,65.57796404310179,74.11495987341914,56.27079310762654,17.8441667657926,Bubble,8434.244921875,87.36670397770096,2.009972672710873,NIFTY50,7.99625378571471,4.90697344127256,7.5
2015-07-20,8603.4501953125,-0.1087348578854553,-0.000743543008016,64.9668813852765,78.85934528286816,60.78850354267487,18.07084174019329,Normal,8446.762451171875,92.888719596988,1.686832855705611,NIFTY50,7.99625378571471,4.90697344127256,7.5
2015-07-21,8529.4501953125,-0.1546961346144583,-0.0086384042959938,58.21181861745342,75.7746404579866,63.78573092573722,11.988909532249387,Normal,8454.157470703125,93.31012745598925,0.806908388855086,NIFTY50,7.99625378571471,4.90697344127256,7.5
2015-07-22,8633.5,-0.0959962708190398,0.0121250808588124,63.89621479542656,80.794589582134,67.18750265701658,13.607086925117414,Normal,8467.789990234374,98.72057639855024,1.6785761976979223,NIFTY50,7.99625378571471,4.90697344127256,7.5
2015-07-23,8589.7998046875,-0.1239384571666526,-0.0050745547700366,60.1928012179736,80.32080662504632,69.81416345062253,10.506643174423786,Normal,8477.37998046875,100.87660145910428,1.1144291400848367,NIFTY50,7.99625378571471,4.90697344127256,7.5
2015-07-24,8521.5498046875,-0.1659952595836467,-0.0079772038426155,54.84620230864566,73.58982787946479,70.56929633639099,3.020531543073801,Normal,8484.402490234375,98.68622160592967,0.3764184487826474,NIFTY50,7.99625378571471,4.90697344127256,7.5
2015-07-27,8361.0,-0.2608543432886047,-0.019020189089775,44.77160826701754,54.670246689142,67.3894864069412,-12.719239717799198,Normal,8486.532470703125,95.31697190996536,-1.3170001961633933,NIFTY50,7.99625378571471,4.90697344127256,7.5
2015-07-28,8337.0,-0.2754722822417002,-0.0028745977394444,43.48568960538499,37.309660324199285,61.37352119039282,-24.063860866193536,Normal,8484.957470703124,97.6028096828954,-1.5159140518989933,NIFTY50,7.99625378571471,4.90697344127256,7.5
2015-07-29,8375.0498046875,-0.2560496920725622,0.0045535850933296,46.12751253930767,26.31819206093496,54.36245536450125,-28.04426330356629,Normal,8481.057470703125,100.46137162856296,-1.055208228766456,NIFTY50,7.99625378571471,4.90697344127256,7.5
2015-07-30,8421.7998046875,-0.2316958951875539,0.0055665344162307,49.26557703594406,21.136065164519096,47.71717732450482,-26.58111215998573,Normal,8479.90244140625,101.03014435219018,-0.5751019865536802,NIFTY50,7.99625378571471,4.90697344127256,7.5
2015-07-31,8532.849609375,-0.171472950594914,0.0130998158712683,55.84510266813076,25.693801273000645,43.31250211420399,-17.618700841203342,Normal,8482.29990234375,101.72154406418689,0.4969419948969041,NIFTY50,7.99625378571471,4.90697344127256,7.5
2015-08-03,8543.0498046875,-0.1672309174528864,0.0011946892258352,56.40435822149691,29.78556108351586,40.60711390806637,-10.821552824550508,Normal,8483.344873046875,102.25840023462678,0.583863345247282,NIFTY50,7.99625378571471,4.90697344127256,7.5
2015-08-04,8516.900390625,-0.1838611729070264,-0.0030655933038692,54.498654577018414,30.565926068722547,38.598876340197606,-8.032950271475059,Normal,8483.64990234375,102.35366102609817,0.3248588076666039,NIFTY50,7.99625378571471,4.90697344127256,7.5
2015-08-05,8567.9501953125,-0.1564558248018496,0.0059760495252578,57.516388451221616,34.90134258697617,37.85936958955333,-2.958027002577154,Normal,8493.894921875,99.87152639884486,0.7415053730304875,NIFTY50,7.99625378571471,4.90697344127256,7.5
2015-08-06,8588.650390625,-0.1462005110942866,0.0024130893825477,58.71214846236516,39.55159797421766,38.19781526648619,1.3537827077314688,Normal,8506.899951171876,93.96782463316605,0.8699833136742678,NIFTY50,7.99625378571471,4.90697344127256,7.5
2015-08-07,8564.599609375,-0.1617608930275718,-0.002804226255741,56.71477960747771,40.82564915540024,38.723382044269,2.1022671111312405,Normal,8517.10244140625,88.1380968769159,0.5388948667121668,NIFTY50,7.99625378571471,4.90697344127256,7.5
2015-08-10,8525.599609375,-0.1857476960913665,-0.0045640272766171,53.53436970731499,38.24747672862941,38.628200981141084,-0.3807242525116763,Normal,8520.39990234375,87.10313217295267,0.0596959822400579,NIFTY50,7.99625378571471,4.90697344127256,7.5
2015-08-11,8462.349609375,-0.2231699897735862,-0.0074464894442594,48.75884733073353,30.746088340378265,37.05177845298852,-6.305690112610257,Normal,8520.81240234375,86.79160206569043,-0.6735996522394104,NIFTY50,7.99625378571471,4.90697344127256,7.5
2015-08-12,8349.4501953125,-0.287508632665494,-0.0134311748403183,41.621711436745855,15.512328357812294,32.74388843395327,-17.23156007614098,Normal,8512.094921875,94.85697091850606,-1.7146312494232112,NIFTY50,7.99625378571471,4.90697344127256,7.5
2015-08-13,8355.849609375,-0.285390275124007,0.0007661537895581,42.13871297112438,3.910762218532909,26.9772631908692,-23.066500972336293,Normal,8499.484912109376,98.1363350601526,-1.4636301900446411,NIFTY50,7.99625378571471,4.90697344127256,7.5
2015-08-14,8518.5498046875,-0.1999397905240388,0.0192842700246075,53.430749361088026,7.755581966606769,23.13292694601672,-15.377344979409948,Normal,8494.919921875,94.7990633785111,0.2492628299306213,NIFTY50,7.99625378571471,4.90697344127256,7.5
2015-08-17,8477.2998046875,-0.224578543825099,-0.0048541357972207,50.72772401047779,7.388924139979281,19.98412638480923,-12.595202244829949,Normal,8488.61240234375,91.33118973677408,-0.1238634653600124,NIFTY50,7.99625378571471,4.90697344127256,7.5
2015-08-18,8466.5498046875,-0.2319802879785343,-0.001268897173926,50.01757307467807,6.159902490740933,17.219281605995572,-11.05937911525464,Normal,8485.4673828125,90.93304305907914,-0.2080385466997832,NIFTY50,7.99625378571471,4.90697344127256,7.5
2015-08-19,8495.150390625,-0.217712145016868,0.003372375730519,51.94507294862451,7.408323695148283,15.257090023826116,-7.848766328677833,Normal,8478.54990234375,84.08348678480172,0.1974286380836782,NIFTY50,7.99625378571471,4.90697344127256,7.5
2015-08-20,8372.75,-0.2871316779687947,-0.0145130734956471,44.10596103417534,-1.462127589948068,11.91324650107128,-13.375374091019347,Normal,8467.697412109375,82.9686592466727,-1.1443768402607162,NIFTY50,7.99625378571471,4.90697344127256,7.5
2015-08-21,8299.9501953125,-0.3273187885701465,-0.008732870680242,40.218382315292594,-14.202640764569878,6.690069047943048,-20.892709812512926,Normal,8456.617431640625,89.90518372139341,-1.7425829061605622,NIFTY50,7.99625378571471,4.90697344127256,7.5
2015-08-24,7809.0,-0.5828009999706889,-0.0609725995392517,24.521335966737823,-63.18678899451879,-7.28530256054932,-55.901486433969474,Crash,8429.017431640625,169.92356542851329,-3.6488019191279593,NIFTY50,7.99625378571471,4.90697344127256,7.5
2015-08-25,7880.7001953125,-0.5530220658884895,0.0091398425148358,28.8866175514678,-95.12493183927108,-24.853228416293675,-70.27170342297741,Crash,8406.20244140625,209.05557709950216,-2.5136963738768494,NIFTY50,7.99625378571471,4.90697344127256,7.5
2015-08-26,7791.85009765625,-0.5927244785918383,-0.0113384290206531,26.816865477943992,-126.15140559802968,-45.11286385264087,-81.0385417453888,Crash,8377.042456054687,250.2454240177068,-2.338473763088792,NIFTY50,7.99625378571471,4.90697344127256,7.5
2015-08-27,7948.9501953125,-0.5271570833120637,0.0199615408679432,35.60286917637224,-136.4900720564101,-63.388305493394725,-73.10176656301537,Normal,8353.399975585937,267.53387374220097,-1.5117703587066873,NIFTY50,7.99625378571471,4.90697344127256,7.5
2015-08-28,8001.9501953125,-0.5041849760593733,0.0066454173430795,38.29433880268456,-138.80680421546822,-78.47200523780943,-60.33479897765879,Normal,8326.855004882813,275.0248951396828,-1.181365088441526,NIFTY50,7.99625378571471,4.90697344127256,7.5
2015-08-31,7971.2998046875,-0.5191181595398152,-0.0038377197180878,37.32283955107699,-141.48510924218954,-91.07462603868544,-50.410483203504086,Normal,8298.267504882813,281.0197194601362,-1.163504471584582,NIFTY50,7.99625378571471,4.90697344127256,7.5
2015-09-01,7785.85009765625,-0.6034721523367907,-0.0235395704702459,32.02842128045721,-156.7648392771025,-104.21266868636889,-52.55217059073364,Normal,8261.714990234375,298.1097559926522,-1.5962741339798838,NIFTY50,7.99625378571471,4.90697344127256,7.5
2015-09-02,7717.0,-0.6327887194337746,-0.008882308721944,30.309389701690648,-172.44195932515868,-117.85852681412683,-54.583432511031845,Normal,8219.16748046875,312.48138586698286,-1.6070316607035042,NIFTY50,7.99625378571471,4.90697344127256,7.5
2015-09-03,7823.0,-0.590764600494888,0.0136424252274776,36.00427852501326,-174.30361224799253,-129.1475439009,-45.15606834709254,Normal,8180.8849609375,311.73265700325527,-1.148050911245282,NIFTY50,7.99625378571471,4.90697344127256,7.5
2015-09-04,7655.0498046875,-0.6618844898725401,-0.0217025774501897,31.598374294178583,-187.1735426569303,-140.75274365210606,-46.42079900482423,Normal,8135.407470703125,319.0668447673849,-1.5055079331913312,NIFTY50,7.99625378571471,4.90697344127256,7.5
2015-09-07,7558.7998046875,-0.699635117814939,-0.0126531136580957,29.379511638255693,-202.8018523202636,-153.1625653857376,-49.63928693452601,Normal,8087.06748046875,329.893186818492,-1.6013294511350542,NIFTY50,7.99625378571471,4.90697344127256,7.5
2015-09-08,7688.25,-0.6524838535965378,0.0169807677548254,35.899049425577715,-202.40861095099265,-163.0117744987886,-39.39683645220401,Normal,8048.3625,328.955122172364,-1.094716196002294,NIFTY50,7.99625378571471,4.90697344127256,7.5
2015-09-09,7818.60009765625,-0.6017482649086527,0.0168123335375422,41.732259313889934,-189.39556663552776,-168.28853292613644,-21.10703370939132,Normal,8021.819995117187,324.7723774242641,-0.6257302393530298,NIFTY50,7.99625378571471,4.90697344127256,7.5
2015-09-10,7788.10009765625,-0.6152259747828039,-0.0039085826532683,40.79676316788338,-179.4748559423797,-170.5257975293851,-8.949058412994589,Normal,7993.43251953125,318.7968399007557,-0.6440854995266646,NIFTY50,7.99625378571471,4.90697344127256,7.5
2015-09-11,7789.2998046875,-0.6154768105368243,0.0001540317435698,40.85292786288984,-169.56121873081156,-170.3328817696704,0.7716630388588328,Normal,7956.97001953125,296.4996495478597,-0.5654988634874768,NIFTY50,7.99625378571471,4.90697344127256,7.5
2015-09-14,7872.25,-0.5820582578410533,0.0105929453984274,44.755356925959326,-153.24469287082775,-166.91524398990188,13.670551119074132,Normal,7926.717529296875,270.32718329530366,-0.2014874295396886,NIFTY50,7.99625378571471,4.90697344127256,7.5
2015-09-15,7829.10009765625,-0.60120236754086,-0.0054963440346811,43.160097672482095,-142.15686917466155,-161.96356902685383,19.80669985219228,Normal,7894.845043945313,239.1049214197848,-0.2749627481470258,NIFTY50,7.99625378571471,4.90697344127256,7.5
2015-09-16,7899.14990234375,-0.5726772652480063,0.0089075730435619,46.49434438999784,-126.26178790858194,-154.82321280319945,28.56142489461752,Normal,7865.04501953125,193.0562092879619,0.176657787585737,NIFTY50,7.99625378571471,4.90697344127256,7.5
2015-09-18,7981.89990234375,-0.5378547596212423,0.0104213197402917,50.20997483071118,-105.76835628520256,-145.0122414996001,39.24388521439749,Normal,7845.502514648438,154.98655721852433,0.880059471886958,NIFTY50,7.99625378571471,4.90697344127256,7.5
2015-09-21,7977.10009765625,-0.5408327149047505,-0.0006015169913181,49.99311293556492,-88.88980189682479,-133.78775357904502,44.897951682220224,Normal,7829.360009765625,117.42398337587323,1.2581764273633076,NIFTY50,7.99625378571471,4.90697344127256,7.5
2015-09-22,7812.0,-0.6144718024583692,-0.0209139361191767,43.09776148978478,-87.82325223865973,-124.59485331096796,36.77160107230823,Normal,7829.510009765625,117.39851956089252,-0.1491501752417147,NIFTY50,7.99625378571471,4.90697344127256,7.5
2015-09-23,7845.9501953125,-0.6012480661387551,0.0043364869720647,44.7842705203057,-83.27852393751982,-116.33158743627834,33.05306349875852,Normal,7827.772509765625,116.8569305167622,0.1555550489516557,NIFTY50,7.99625378571471,4.90697344127256,7.5
2015-09-24,7868.5,-0.5926008103055226,0.0028699470722847,45.93056536367655,-76.96995154488923,-108.45926025800053,31.4893087131113,Normal,7831.605004882813,116.87371735941451,0.3156825670542012,NIFTY50,7.99625378571471,4.90697344127256,7.5
2015-09-28,7795.7001953125,-0.6239343193541477,-0.0092951223724626,42.83855825632654,-76.95757922892699,-102.15892405218582,25.20134482325884,Normal,7823.9425048828125,113.7575524125668,-0.2482675564949354,NIFTY50,7.99625378571471,4.90697344127256,7.5
2015-09-29,7843.2998046875,-0.6052948343010535,0.0060873145802312,45.42549810578248,-72.27375653289982,-96.18189054832862,23.9081340154288,Normal,7816.009985351562,105.95537883279098,0.2575595466371192,NIFTY50,7.99625378571471,4.90697344127256,6.75
2015-09-30,7948.89990234375,-0.5621227426751788,0.0133739027610214,50.75061983664582,-59.35652290921371,-88.81681702050565,29.460294111291944,Normal,7814.889990234375,104.33347800908112,1.2844382710764346,NIFTY50,7.99625378571471,4.90697344127256,6.75
2015-10-01,7950.89990234375,-0.5620691287399666,0.0002515754959328,50.84843978448587,-48.40021140451063,-80.73349589730665,32.333284492796025,Normal,7823.14248046875,108.36520294226256,1.1789524534279638,NIFTY50,7.99625378571471,4.90697344127256,6.75
2015-10-05,8119.2998046875,-0.4897789363396858,0.0209588019821642,58.34980367872981,-25.83102686024631,-69.7530020898946,43.92197522964828,Bubble,7843.257470703125,123.85645444613972,2.2287278868007205,NIFTY50,7.99625378571471,4.90697344127256,6.75
2015-10-06,8152.89990234375,-0.4751924279085199,0.0041297606980133,59.67228612560087,-5.173896969965426,-56.83718106590876,51.66328409594333,Bubble,7859.752465820313,141.69915832423072,2.0688015369341017,NIFTY50,7.99625378571471,4.90697344127256,6.75
2015-10-07,8177.39990234375,-0.4647080850638988,0.0030005595334899,60.65333582776122,13.023841798430112,-42.86497649304099,55.888818291471104,Bubble,7885.869970703125,149.8856776899771,1.9450152685276885,NIFTY50,7.99625378571471,4.90697344127256,6.75
2015-10-08,8129.35009765625,-0.4882478775625112,-0.0058932581603976,57.68923863438992,23.299876735368343,-29.632005847359125,52.93188258272747,Normal,7914.397485351563,138.1989237596852,1.5553855736132165,NIFTY50,7.99625378571471,4.90697344127256,6.75
2015-10-09,8189.7001953125,-0.4613347450294845,0.0073963094292302,60.31261876975808,35.89962840229509,-16.525678997428283,52.42530739972338,Normal,7939.469995117188,140.47966515149,1.7812556708863858,NIFTY50,7.99625378571471,4.90697344127256,6.75
2015-10-12,8143.60009765625,-0.4839942897405328,-0.0056449363258414,57.385623365702905,41.68461546902108,-4.88362010413841,46.56823557315949,Normal,7955.719995117188,144.5017768513607,1.3001923341906156,NIFTY50,7.99625378571471,4.90697344127256,6.75
2015-10-13,8131.7001953125,-0.4904255820609014,-0.0014623268695636,56.62174651115132,44.79269443155136,5.051642802999542,39.741051628551816,Normal,7972.9,143.94883159455316,1.1031711306957852,NIFTY50,7.99625378571471,4.90697344127256,6.75
2015-10-14,8107.89990234375,-0.5022860578895784,-0.0029311448392646,55.0435881761107,44.81874210632304,13.005062663664244,31.8136794426588,Normal,7988.830004882812,140.1399107347267,0.8496501591636317,NIFTY50,7.99625378571471,4.90697344127256,6.75
2015-10-15,8179.5,-0.470596890313095,0.0087921410807536,58.766899095979895,50.04008363484718,20.412066857900832,29.628016776946343,Normal,8004.1925048828125,143.48825706739098,1.2217549972389186,NIFTY50,7.99625378571471,4.90697344127256,6.75
2015-10-16,8238.150390625,-0.4442066422147243,0.0071448275156084,61.57428188642964,58.2392845559425,27.977510397509167,30.261774158433337,Normal,8024.64501953125,146.3416249257347,1.4589517589551126,NIFTY50,7.99625378571471,4.90697344127256,6.75
2015-10-19,8275.0498046875,-0.4276778546024321,0.0044690883706706,63.268717135640976,66.9430073731155,35.77060979263044,31.172397580485068,Normal,8043.440014648438,153.3468802034206,1.5103651912045617,NIFTY50,7.99625378571471,4.90697344127256,6.75
2015-10-20,8261.650390625,-0.4351383150801032,-0.0016205672034621,62.19616693939838,71.93038102405626,43.00256403891561,28.92781698514065,Normal,8057.4275390625,160.05025751323433,1.2759920211038291,NIFTY50,7.99625378571471,4.90697344127256,6.75
2015-10-21,8251.7001953125,-0.4409011318731043,-0.0012051093404612,61.36426031426191,74.22440028662731,49.24693128845795,24.977468998169364,Normal,8071.157543945313,164.51279267373462,1.0974383720130718,NIFTY50,7.99625378571471,4.90697344127256,6.75
2015-10-23,8295.4501953125,-0.421118208743392,0.0052879318689634,63.6654971633137,78.66587520417943,55.130720071602255,23.535155132577174,Normal,8095.330053710937,159.88204145541675,1.2516736700373352,NIFTY50,7.99625378571471,4.90697344127256,6.75
2015-10-26,8260.5498046875,-0.4389611373285591,-0.0042160476348582,60.566362186290114,78.46510928967655,59.79759791521711,18.66751137445944,Normal,8116.060034179687,152.55640664362983,0.947123583248388,NIFTY50,7.99625378571471,4.90697344127256,6.75
2015-10-27,8232.900390625,-0.4531086886340064,-0.0033527781799373,58.15125838351653,75.20797351361762,62.879673034897216,12.3283004787204,Normal,8134.280053710938,142.887884479433,0.6901938346512321,NIFTY50,7.99625378571471,4.90697344127256,6.75
2015-10-28,8171.2001953125,-0.4831036085451423,-0.0075225686348222,53.06607553856043,66.87706268392867,63.67915096470351,3.1979117192251607,Normal,8153.0550537109375,118.67664314428376,0.1528956424854564,NIFTY50,7.99625378571471,4.90697344127256,6.75
2015-10-29,8111.75,-0.5113469670526758,-0.0073021729802976,48.65144251276364,54.84539830315953,61.91240043239472,-7.067002129235192,Normal,8166.477563476563,94.52186734692418,-0.5789936764124216,NIFTY50,7.99625378571471,4.90697344127256,6.75
2015-10-30,8065.7998046875,-0.5328581181664458,-0.0056807513422626,45.50068940515053,41.12831919582641,57.75558418508106,-16.627264989254655,Normal,8172.32255859375,83.30855072705533,-1.2786533072127424,NIFTY50,7.99625378571471,4.90697344127256,6.75
2015-11-02,8050.7998046875,-0.5403224222971341,-0.0018614353765358,44.48783161965171,28.716039904372337,51.94767532893932,-23.23163542456698,Normal,8177.317553710937,71.49043563278516,-1.7697157375470922,NIFTY50,7.99625378571471,4.90697344127256,6.75
2015-11-03,8060.7001953125,-0.5368346963950476,0.0012289844981697,45.35249406004974,19.45384609449411,45.44890948205028,-25.99506338755617,Normal,8174.3875732421875,75.10295344934705,-1.5137537567861907,NIFTY50,7.99625378571471,4.90697344127256,6.75
2015-11-04,8040.2001953125,-0.5466765526276587,-0.0025464428174963,43.83013388610111,10.340117655478934,38.42715111673602,-28.08703346125709,Normal,8168.752587890625,80.81104989458625,-1.5907774091020372,NIFTY50,7.99625378571471,4.90697344127256,6.75
2015-11-05,7955.4501953125,-0.5842906308965545,-0.0105967298586547,38.13150112435356,-3.678787732986166,30.00596334679158,-33.68475107977775,Crash,8157.655102539063,93.7628983200042,-2.156555640339272,NIFTY50,7.99625378571471,4.90697344127256,6.75
2015-11-06,7954.2998046875,-0.5855585975236939,-0.0001446145447922,38.05916629617355,-14.712106161464362,21.062349445140395,-35.77445560660476,Normal,8148.902587890625,104.14014204943224,-1.8686625481147592,NIFTY50,7.99625378571471,4.90697344127256,6.75
2015-11-09,7915.2001953125,-0.6026877770405612,-0.0049276522249893,35.58812274543622,-26.307841790197926,11.58831119807273,-37.89615298827066,Normal,8135.177587890625,115.9044673678864,-1.8979198781001745,NIFTY50,7.99625378571471,4.90697344127256,6.75
2015-11-10,7783.35009765625,-0.6573571205787573,-0.0167981368479892,28.79801832150963,-45.61097189024349,0.1484545804094867,-45.759426470652976,Crash,8117.165087890625,140.01235032925248,-2.384182462828292,NIFTY50,7.99625378571471,4.90697344127256,6.75
2015-11-13,7762.25,-0.666182122274272,-0.0027146086971354,27.881224025979705,-61.89792238690097,-12.260820813052606,-49.63710157384837,Crash,8098.692578125,160.81936329041096,-2.092052668542439,NIFTY50,7.99625378571471,4.90697344127256,6.75
2015-11-16,7806.60009765625,-0.6499413142250261,0.0056973016429889,32.7288900378002,-70.41506473065601,-23.891669596573287,-46.523395134082726,Normal,8083.627587890625,173.522127860187,-1.596496617754632,NIFTY50,7.99625378571471,4.90697344127256,6.75
2015-11-17,7837.5498046875,-0.6385921156373954,0.0039567183391247,35.963759895631824,-73.81666612306344,-33.87666890187132,-39.93999722119212,Normal,8066.530078125,180.29287685730725,-1.2700461461864974,NIFTY50,7.99625378571471,4.90697344127256,6.75
2015-11-18,7731.7998046875,-0.6808244266768515,-0.0135845913820275,30.55689033634001,-84.07642030659554,-43.91661918281616,-40.159801123779374,Normal,8041.212548828125,190.2043479998879,-1.626738544067393,NIFTY50,7.99625378571471,4.90697344127256,6.75
2015-11-19,7842.75,-0.6398361885764087,0.0142478689427783,40.64024972408416,-82.30582557866092,-51.59446046198511,-30.711365116675807,Normal,8019.59755859375,186.7646352985857,-0.9469006715913822,NIFTY50,7.99625378571471,4.90697344127256,6.75
2015-11-20,7856.5498046875,-0.6351142628096322,0.0017580157603643,41.77273363214682,-78.87981024035162,-57.05153041765841,-21.828279822693204,Normal,7999.342529296875,181.01020955347167,-0.7888655836685998,NIFTY50,7.99625378571471,4.90697344127256,6.75
2015-11-23,7849.25,-0.6387326718259417,-0.0009295680963622,41.3236148030434,-75.87901557440728,-60.81702744900819,-15.06198812539909,Normal,7979.22001953125,173.70184543724278,-0.7482362619930083,NIFTY50,7.99625378571471,4.90697344127256,6.75
2015-11-24,7831.60009765625,-0.6464141370267029,-0.0022511419581774,40.19825520525917,-74.07121691398697,-63.46786534200395,-10.603351571983026,Normal,7956.027514648437,159.65531337074918,-0.7793503038839918,NIFTY50,7.99625378571471,4.90697344127256,6.75
2015-11-26,7883.7998046875,-0.6266818262681535,0.0066431524907187,44.97127167977639,-67.64665481670454,-64.30362323694406,-3.3430315797604777,Normal,7937.190014648438,143.21359673271607,-0.3728012645376226,NIFTY50,7.99625378571471,4.90697344127256,6.75
2015-11-27,7942.7001953125,-0.6038046477872726,0.0074432960618276,49.836484429131,-57.14365728530993,-62.87163004661724,5.7279727613073135,Normal,7922.680004882813,125.25079671058336,0.1598408230164628,NIFTY50,7.99625378571471,4.90697344127256,6.75
2015-11-30,7935.25,-0.6076243038545779,-0.0009384329548349,49.24342963833983,-48.85792087070968,-60.06888821143573,11.210967340726055,Normal,7910.882495117187,110.90051835309572,0.2197239944833177,NIFTY50,7.99625378571471,4.90697344127256,6.75
2015-12-01,7954.89990234375,-0.6003494384555454,0.0024732192560477,50.90294132949669,-40.24194804129911,-56.103500177408414,15.861552136109305,Normal,7903.039990234375,101.05737151504997,0.513172976220261,NIFTY50,7.99625378571471,4.90697344127256,6.75
2015-12-02,7931.35009765625,-0.6108050431174028,-0.0029648056574549,48.841874985169824,-34.911561178042575,-51.86511237753525,16.95355119949268,Normal,7896.3175048828125,93.87733407525666,0.3731741332295787,NIFTY50,7.99625378571471,4.90697344127256,6.75
2015-12-03,7864.14990234375,-0.6388456907724315,-0.0085088285592863,43.43709770274519,-35.6981789462543,-48.631725691279065,12.933546745024763,Normal,7886.985009765625,86.71616968332276,-0.2633315966937479,NIFTY50,7.99625378571471,4.90697344127256,6.75
2015-12-04,7781.89990234375,-0.6718691374791641,-0.01051393274392,37.90786514679853,-42.46891162566499,-47.399162878156254,4.930251252491267,Normal,7873.044995117188,79.4234558853596,-1.1475840701895064,NIFTY50,7.99625378571471,4.90697344127256,6.75
2015-12-07,7765.39990234375,-0.6787894496355614,-0.0021225558652615,36.89329012771851,-48.6058798317481,-47.640506268874624,-0.9653735628734736,Normal,7859.30498046875,72.44760958091392,-1.2961791102316618,NIFTY50,7.99625378571471,4.90697344127256,6.75
2015-12-08,7701.7001953125,-0.703241269132717,-0.008236846826399,33.19909939453382,-57.94159075545394,-49.70072316619049,-8.240867589263452,Normal,7846.61748046875,76.81158745767044,-1.8866591611078376,NIFTY50,7.99625378571471,4.90697344127256,6.75
2015-12-09,7612.5,-0.7359546693612442,-0.0116494760359169,28.843630603761667,-71.71127625331064,-54.10283378361452,-17.608442469696122,Crash,7829.527490234375,88.6965660568435,-2.446853355013628,NIFTY50,7.99625378571471,4.90697344127256,6.75
2015-12-10,7683.2998046875,-0.7121622965272872,0.0092574839139351,36.018499387843406,-76.03442119817373,-58.48915126652636,-17.54526993164737,Normal,7817.932470703125,92.00353821618296,-1.463342265155879,NIFTY50,7.99625378571471,4.90697344127256,6.75
2015-12-11,7610.4501953125,-0.7386859949944694,-0.009526788440796,32.39852669493145,-84.36637629089455,-63.6645962714,-20.70178001949455,Normal,7809.2874755859375,102.9017428899072,-1.9323023564933208,NIFTY50,7.99625378571471,4.90697344127256,6.75
2015-12-14,7650.0498046875,-0.7257317386886276,0.0051898297247641,36.1547926899455,-86.77387795139111,-68.28645260739822,-18.487425343992896,Normal,7803.677465820312,108.50691771255016,-1.4158328738061945,NIFTY50,7.99625378571471,4.90697344127256,6.75
2015-12-15,7700.89990234375,-0.7085256607765577,0.0066250342311558,40.71057524333887,-83.61480305240639,-71.35212269639986,-12.262680356006529,Normal,7798.392456054687,110.90473195992668,-0.8790657710273768,NIFTY50,7.99625378571471,4.90697344127256,6.75
2015-12-16,7750.89990234375,-0.6911478707198415,0.0064717605906419,44.87581284708781,-76.19826513380121,-72.32135118388013,-3.8769139499210894,Normal,7794.0599609375,110.98699930460953,-0.3888749030442328,NIFTY50,7.99625378571471,4.90697344127256,6.75
2015-12-17,7844.35009765625,-0.6571765559215733,0.0119845868239735,51.70487039014588,-62.064514544337726,-70.26998385597165,8.20546931163392,Normal,7799.687475585937,110.51638569883384,0.4041266983886186,NIFTY50,7.99625378571471,4.90697344127256,6.75
2015-12-18,7761.9501953125,-0.6895718860406621,-0.0105599234296625,46.262603786251454,-56.85698689574838,-67.587384463927,10.730397568178615,Normal,7795.647485351563,110.33605354895091,-0.3054059752473652,NIFTY50,7.99625378571471,4.90697344127256,6.75
2015-12-21,7834.4501953125,-0.6633176053625904,0.0092970839936813,51.13601679541728,-46.345596437215136,-63.339026858584624,16.99343042136949,Normal,7794.542504882813,109.80340990426387,0.3634467314310377,NIFTY50,7.99625378571471,4.90697344127256,6.75
2015-12-22,7786.10009765625,-0.6825058242894971,-0.0061905952301657,48.00904679583695,-41.43900946436406,-58.95902337974052,17.520013915376452,Normal,7791.385009765625,109.05284967317289,-0.048461934972022,NIFTY50,7.99625378571471,4.90697344127256,6.75
2015-12-23,7865.9501953125,-0.6532246114412533,0.0102032371351069,53.10881891026287,-30.752769607479426,-53.3177726252883,22.56500301780888,Normal,7793.102514648437,109.98604542014758,0.6623356661818701,NIFTY50,7.99625378571471,4.90697344127256,6.75
2015-12-24,7861.0498046875,-0.6558354438696424,-0.0006231818889286,52.76674243714958,-22.42081490214332,-47.13838108065931,24.717566178515987,Normal,7791.965014648437,109.11284145428128,0.6331499493394597,NIFTY50,7.99625378571471,4.90697344127256,6.75
2015-12-28,7925.14990234375,-0.6316711360555693,0.0081210742469741,56.69589012155898,-10.524024195730815,-39.81550970367361,29.291485507942795,Normal,7791.0875,107.90062441059668,1.2424617844063597,NIFTY50,7.99625378571471,4.90697344127256,6.75
2015-12-29,7928.9501953125,-0.630889846783193,0.000479408231073,56.92467225990757,-0.7800876026503829,-32.008425283468966,31.228337680818584,Normal,7790.772509765625,107.46594618305312,1.2857811283912106,NIFTY50,7.99625378571471,4.90697344127256,6.75
2015-12-30,7896.25,-0.6446408385975123,-0.0041326797069952,54.26790210699849,4.254378051929962,-24.755864616389182,29.010242668319144,Normal,7787.840014648437,103.4777808824476,1.047664381928698,NIFTY50,7.99625378571471,4.90697344127256,6.75
2015-12-31,7946.35009765625,-0.6256736057745232,0.0063247528004326,57.53776262691002,12.146866021095777,-17.37531848889219,29.52218450998797,Normal,7788.590014648437,104.62072454472349,1.5079238238344743,NIFTY50,7.99625378571471,4.90697344127256,6.75
2016-01-04,7791.2998046875,-0.6881392960434433,-0.0197050145234202,46.465066770621725,5.823329053321686,-12.735588980449416,18.5589180337711,Normal,7784.947509765625,103.10881160417932,0.0616076824380499,NIFTY50,8.25630550179086,4.94821634062141,6.75
2016-01-05,7784.64990234375,-0.6912799698362484,-0.0008538680302466,46.05570134438079,0.2721517086592939,-10.134040842627677,10.406192551286969,Normal,7785.085009765625,103.10636718107038,-0.0042199859598457,NIFTY50,8.25630550179086,4.94821634062141,6.75
2016-01-06,7741.0,-0.7080414977902686,-0.0056229552549625,43.35558581845496,-7.562206246444475,-9.619673923391035,2.057467676946562,Normal,7783.865014648438,103.49516972770982,-0.4141740601152053,NIFTY50,8.25630550179086,4.94821634062141,6.75
2016-01-07,7568.2998046875,-0.7701931857353314,-0.0225624324733549,34.6900071234362,-27.390710751908955,-13.173881289094622,-14.216829462814331,Normal,7777.194995117187,112.93716743589697,-1.8496584886304683,NIFTY50,8.25630550179086,4.94821634062141,6.75
2016-01-08,7601.35009765625,-0.7600233314843284,0.0043574301946149,37.27386263753172,-39.97722839541348,-18.5345507103584,-21.44267768505508,Normal,7776.6375,113.81703750704372,-1.5400805203078838,NIFTY50,8.25630550179086,4.94821634062141,6.75
2016-01-11,7563.85009765625,-0.7730230350021084,-0.0049455432107058,35.555042519425186,-52.37433220846742,-25.302507009980204,-27.07182519848722,Normal,7770.665014648437,121.8249788826006,-1.697639670362587,NIFTY50,8.25630550179086,4.94821634062141,6.75
2016-01-12,7510.2998046875,-0.7908499555731493,-0.0071049470232057,33.20060437978697,-65.76212258704618,-33.3944301253934,-32.36769246165278,Normal,7765.657495117188,130.50608642818452,-1.956672653502695,NIFTY50,8.25630550179086,4.94821634062141,6.75
2016-01-13,7562.39990234375,-0.7751065003944266,0.0069132015057189,37.53458608387516,-71.34557309811771,-40.98465871993827,-30.360914378179444,Normal,7761.275,135.95071068236018,-1.4628470616892038,NIFTY50,8.25630550179086,4.94821634062141,6.75
2016-01-14,7536.7998046875,-0.7839405247020689,-0.0033909243778356,36.28871280264627,-76.94918943010362,-48.17756486197133,-28.77162456813228,Normal,7753.069995117187,144.4712387615759,-1.4969774765107595,NIFTY50,8.25630550179086,4.94821634062141,6.75
2016-01-15,7437.7998046875,-0.8155599276221002,-0.0132225829045312,31.881542593345102,-88.36000918387981,-56.21405372635303,-32.14595545752678,Normal,7737.414990234375,160.76393904861192,-1.8636964689965536,NIFTY50,8.25630550179086,4.94821634062141,6.75
2016-01-18,7351.0,-0.8414359043207591,-0.0117387215413259,28.601731555894347,-103.21735940269171,-65.61471486162077,-37.60264454107096,Crash,7712.747485351562,180.1706134993228,-2.007805148273651,NIFTY50,8.25630550179086,4.94821634062141,6.75
2016-01-19,7435.10009765625,-0.8185819934845314,0.0113756844633348,35.52287134317616,-106.97262760265676,-73.88629740982796,-33.0863301928288,Normal,7696.40498046875,190.02675231541835,-1.3750952412151416,NIFTY50,8.25630550179086,4.94821634062141,6.75
2016-01-20,7309.2998046875,-0.7722009264127232,-0.0170645596338279,30.724970657132843,-118.73107902061928,-82.85525373198624,-35.87582528863305,Normal,7670.1474609375,205.59259080086923,-1.7551588549195634,NIFTY50,8.25630550179086,4.94821634062141,6.75
2016-01-21,7276.7998046875,-0.6368591823439951,-0.0044563049278707,29.612213355245583,-129.1830728207815,-92.12081754974528,-37.06225527103621,Normal,7644.682446289063,221.4076948867829,-1.6615621321999663,NIFTY50,8.25630550179086,4.94821634062141,6.75
2016-01-22,7422.4501953125,-0.826825064421902,0.0198180393784127,40.08490269890656,-124.28095050243792,-98.5528441402838,-25.728106362154108,Normal,7622.5074462890625,220.28678961069068,-0.908167263820588,NIFTY50,8.25630550179086,4.94821634062141,6.75
2016-01-25,7436.14990234375,-0.8234139136563196,0.001844010986664,40.97448272557061,-117.93109512799585,-102.42849433782622,-15.502600790169607,Normal,7601.262451171875,216.5274754593471,-0.762547794351968,NIFTY50,8.25630550179086,4.94821634062141,6.75
2016-01-27,7437.75,-0.8235111803659585,0.0002151550935434,41.08450944018659,-111.48454999164642,-104.23970546859027,-7.244844523056145,Normal,7576.892456054687,205.2923605070472,-0.6777770770964031,NIFTY50,8.25630550179086,4.94821634062141,6.75
2016-01-28,7424.64990234375,-0.8279024693886892,-0.0017628513745914,40.42020134697046,-106.20838082330556,-104.63344053953334,-1.5749402837722215,Normal,7551.67744140625,190.18983819265847,-0.6678986651948452,NIFTY50,8.25630550179086,4.94821634062141,6.75
2016-01-29,7563.5498046875,-0.7875987823881085,0.0185350984938957,49.70600800061474,-89.78394404207575,-101.66354124004184,11.879597197966092,Normal,7535.042431640625,172.16081074318032,0.165585727226857,NIFTY50,8.25630550179086,4.94821634062141,6.75
2016-02-01,7555.9501953125,-0.7906108426107185,-0.0010052726631166,49.253700816025805,-76.4988533625692,-96.63060366454732,20.13175030197812,Normal,7515.522436523437,142.6792657511158,0.2833471182812468,NIFTY50,8.25630550179086,4.94821634062141,6.75
2016-02-02,7455.5498046875,-0.8226778976345465,-0.0133766629206659,43.60798013202175,-73.22767269928045,-91.95001747149396,18.722344772213503,Normal,7498.734936523438,127.46459596855364,-0.338800994172466,NIFTY50,8.25630550179086,4.94821634062141,6.75
2016-02-03,7361.7998046875,-0.8505577021530465,-0.0126542537612866,39.100969308867285,-77.30891095226707,-89.02179616764859,11.71288521538152,Normal,7477.592431640625,111.62931931399396,-1.0372958257267586,NIFTY50,8.25630550179086,4.94821634062141,6.75
2016-02-04,7404.0,-0.8394872443234584,0.005715953184809,42.00652771693736,-76.25905171298655,-86.46924727671619,10.21019556372964,Normal,7460.742431640625,93.78442318350412,-0.6050304487089442,NIFTY50,8.25630550179086,4.94821634062141,6.75
2016-02-05,7489.10009765625,-0.8156942603454563,0.0114282484242265,47.45132006579125,-67.77885162173516,-82.73116814571999,14.952316523984834,Normal,7456.782446289062,90.62263620171132,0.3566178685781552,NIFTY50,8.25630550179086,4.94821634062141,6.75
2016-02-08,7387.25,-0.8465688204562201,-0.0136931019234252,42.3291096237555,-68.48720576074902,-79.8823756687258,11.39516990797678,Normal,7446.07744140625,85.12523106857984,-0.6910693888026734,NIFTY50,8.25630550179086,4.94821634062141,6.75
2016-02-09,7298.2001953125,-0.7691590647866031,-0.012127772043135,38.42371702769999,-75.36539122068007,-78.97897877911666,3.613587558436592,Normal,7432.794946289063,86.49568962379816,-1.5560862230472452,NIFTY50,8.25630550179086,4.94821634062141,6.75
2016-02-10,7215.7001953125,-0.5921160196132521,-0.011368534484495,35.184892262269926,-86.47661468677143,-80.47850596064762,-5.998108726123803,Crash,7418.064965820313,97.04374040401927,-2.085294421518727,NIFTY50,8.25630550179086,4.94821634062141,6.75
2016-02-11,6976.35009765625,-0.0195408004915453,-0.0337333633197819,27.85021549110941,-113.28995579447384,-87.04079592741286,-26.249159867060968,Crash,7388.762475585938,132.98970986265476,-3.101084876082572,NIFTY50,8.25630550179086,4.94821634062141,6.75
2016-02-12,6980.9501953125,-0.0512925461801922,0.0006591672782349,28.16017726112051,-132.6395462419523,-96.16054599032074,-36.47900025163156,Crash,7360.969995117188,156.43837888579387,-2.429198017208534,NIFTY50,8.25630550179086,4.94821634062141,6.75
2016-02-15,7162.9501953125,-0.5885073876025427,0.0257368959166137,39.27558619349698,-131.769401478673,-103.2823170879912,-28.487084390681787,Normal,7347.227514648437,161.32971590850954,-1.1422404006490734,NIFTY50,8.25630550179086,4.94821634062141,6.75
2016-02-16,7048.25,-0.3303343921063641,-0.0161425754990748,35.54314091680308,-138.73589165797057,-110.37303200198708,-28.362859655983485,Normal,7332.090014648437,174.6136655835445,-1.6255315052225,NIFTY50,8.25630550179086,4.94821634062141,6.75
2016-02-17,7108.4501953125,-0.4906642354086598,0.0085048856518307,38.82889836762314,-137.8106374241379,-115.86055308641726,-21.95008433772064,Normal,7315.75751953125,179.67476400989116,-1.153792105202586,NIFTY50,8.25630550179086,4.94821634062141,6.75
2016-02-18,7191.75,-0.6846211972433169,0.0116502910075185,43.147532817388736,-128.87023287926422,-118.46248904498664,-10.407743834277568,Normal,7309.880029296875,181.8071072388157,-0.649754737815083,NIFTY50,8.25630550179086,4.94821634062141,6.75
2016-02-19,7210.75,-0.7251618448701045,0.0026384323585623,44.116651278847016,-118.88136626571212,-118.54626448913174,-0.3351017765803874,Normal,7306.5775390625,183.03537093049417,-0.5235465613850664,NIFTY50,8.25630550179086,4.94821634062141,6.75
2016-02-22,7234.5498046875,-0.7729418987363049,0.003295165423269,45.37279973495233,-107.80199784679552,-116.3974111606645,8.595413313868974,Normal,7297.18251953125,181.5913844806697,-0.3449101675328522,NIFTY50,8.25630550179086,4.94821634062141,6.75
2016-02-23,7109.5498046875,-0.5398848181015435,-0.0174292103005059,40.25482860776625,-107.86457816990333,-114.69084456251228,6.826266392608957,Normal,7280.852514648437,183.1154235417979,-0.9354903407240056,NIFTY50,8.25630550179086,4.94821634062141,6.75
2016-02-24,7018.7001953125,-0.3458752706811125,-0.0128608796700014,36.98914379521601,-113.93164466185408,-114.53900458238066,0.6073599205265765,Normal,7259.9000244140625,188.1238098926629,-1.2821334483879685,NIFTY50,8.25630550179086,4.94821634062141,6.75
2016-02-25,6970.60009765625,-0.2380443983749626,-0.006876725240095,35.35383276885088,-121.22372284138146,-115.87594823418084,-5.347774607200634,Normal,7237.197534179688,194.4851033680412,-1.3707858952000669,NIFTY50,8.25630550179086,4.94821634062141,6.75
2016-02-26,7029.75,-0.3929418204137647,0.0084498250215755,38.92944730426999,-120.83691185100996,-116.86814095754666,-3.968770893463315,Normal,7210.507543945312,183.6682100973444,-0.9841525860654404,NIFTY50,8.25630550179086,4.94821634062141,6.75
2016-02-29,6987.0498046875,-0.3027523009121086,-0.0060927355742289,37.32449416567439,-122.56307936951087,-118.00712863993952,-4.555950729571379,Normal,7182.062524414063,170.96730523620107,-1.1406433496576531,NIFTY50,8.25630550179086,4.94821634062141,6.75
2016-03-01,7222.2998046875,-0.829598553193135,0.0331150269508819,49.64232517371938,-103.7523778028717,-115.15617847252597,11.403800669654244,Normal,7170.400024414063,158.8561146152275,0.3267093646294086,NIFTY50,8.25630550179086,4.94821634062141,6.75
2016-03-02,7368.85009765625,-0.8791467321136897,0.0200882345975481,55.50850217423595,-76.14166371409101,-107.35327552083896,31.21161180674796,Normal,7170.7525390625,159.31037370191655,1.2434692982668407,NIFTY50,8.25630550179086,4.94821634062141,6.75
2016-03-03,7475.60009765625,-0.8506456319970519,0.014382727390574,59.23375757142064,-45.12595707799119,-94.90781183226942,49.78185475427823,Bubble,7174.332543945313,165.5115571508372,1.8202206474100184,NIFTY50,8.25630550179086,4.94821634062141,6.75
2016-03-04,7485.35009765625,-0.8483611483587326,0.0013033933343828,59.56675359974077,-19.53386832232264,-79.83302313028005,60.29915480795742,Bubble,7174.145043945313,165.1379069909323,1.8845161561120272,NIFTY50,8.25630550179086,4.94821634062141,6.75
2016-03-08,7485.2998046875,-0.8489335935478488,-6.718875810813698e-06,59.56405082447132,0.7355096776009304,-63.71931656870386,64.45482624630479,Normal,7179.047534179687,173.06264652295638,1.7696035317892185,NIFTY50,8.25630550179086,4.94821634062141,6.75
2016-03-09,7531.7998046875,-0.8358056408577448,0.0061929600024488,61.3119377996439,20.31709631939248,-46.9120339910846,67.22913031047707,Bubble,7190.727514648437,188.7035103608225,1.8074506901694296,NIFTY50,8.25630550179086,4.94821634062141,6.75
2016-03-10,7486.14990234375,-0.8500983093410495,-0.0060793974986435,58.6324290819396,31.78567374272552,-31.17249244432257,62.95816618704809,Normal,7204.25,199.94273940803924,1.4099031711696923,NIFTY50,8.25630550179086,4.94821634062141,6.75
2016-03-11,7510.2001953125,-0.8436029113249653,0.0032074889464729,59.63334612522008,42.32733841386744,-16.472526272684576,58.79986468655201,Normal,7230.9425048828125,203.5193307749929,1.3721433210608849,NIFTY50,8.25630550179086,4.94821634062141,6.75
2016-03-14,7538.75,-0.8356483171282858,0.0037942631968658,60.84449721160146,52.38159186730991,-2.7017026446856782,55.08329451199559,Normal,7258.832495117187,205.66637650682145,1.3610270654694436,NIFTY50,8.25630550179086,4.94821634062141,6.75
2016-03-15,7460.60009765625,-0.8596813611259994,-0.010420532757604,55.90025913472694,53.42773450720415,8.524184785692288,44.903549721511865,Normal,7273.714990234375,209.10353603742388,0.893744366850053,NIFTY50,8.25630550179086,4.94821634062141,6.75
2016-03-16,7498.75,-0.8492650937547601,0.0051004869597104,57.70700146526045,56.681795913376845,18.1557070112292,38.52608890214765,Normal,7296.239990234375,207.798012778928,0.974552196421008,NIFTY50,8.25630550179086,4.94821634062141,6.75
2016-03-17,7512.5498046875,-0.8457575650561392,0.0018385894298917,58.37138119939953,59.68616695125274,26.46179899923391,33.22436795201884,Normal,7316.444970703125,208.22310557613736,0.9418015039290072,NIFTY50,8.25630550179086,4.94821634062141,6.75
2016-03-18,7604.35009765625,-0.8187959737409419,0.0121455354001086,62.58233426571741,68.68293495904709,34.906026191196545,33.77690876785054,Normal,7337.074975585938,215.52981923349023,1.240084193550799,NIFTY50,8.25630550179086,4.94821634062141,6.75
2016-03-21,7704.25,-0.7875720986130241,0.0130516598291204,66.54800051060599,82.91819629218662,44.50846021139456,38.40973608079206,Normal,7361.749975585937,228.18406042332984,1.500981373451996,NIFTY50,8.25630550179086,4.94821634062141,6.75
2016-03-22,7714.89990234375,-0.7846000502591346,0.0013813866658977,66.95013781982303,93.97580696759906,54.401929562635466,39.57387740496359,Normal,7385.76748046875,239.10903917303827,1.376495104548571,NIFTY50,8.25630550179086,4.94821634062141,6.75
2016-03-23,7716.5,-0.7846615534018866,0.0002073820485646,67.01429770354719,101.69587090561254,63.860717831230886,37.83515307438165,Normal,7416.114990234375,240.7179926532089,1.2478710313872363,NIFTY50,8.25630550179086,4.94821634062141,6.75
2016-03-28,7615.10009765625,-0.8191193813042671,-0.0132277622974579,59.17450977007679,98.49654564551749,70.78788339408821,27.70866225142926,Normal,7445.934985351562,225.34532556546867,0.7506927950699418,NIFTY50,8.25630550179086,4.94821634062141,6.75
2016-03-29,7597.0,-0.8254092722483961,-0.0023796985402065,57.87301913183651,93.42360159000872,75.31502703327232,18.10857455673641,Normal,7477.25498046875,197.62915039585192,0.6059076775435235,NIFTY50,8.25630550179086,4.94821634062141,6.75
2016-03-30,7735.2001953125,-0.7822875019836787,0.0180279329159478,64.32487057887631,99.40893334819977,80.1338082962578,19.27512505194196,Normal,7512.527490234375,175.24124244965392,1.2706638115858917,NIFTY50,8.25630550179086,4.94821634062141,6.75
2016-03-31,7738.39990234375,-0.7818049366182162,0.0004135698294723,64.46058330096517,103.22067778405471,84.75118219381719,18.46949559023753,Normal,7550.094995117188,131.81836948353845,1.4285179521210642,NIFTY50,8.25630550179086,4.94821634062141,6.75
2016-04-01,7713.0498046875,-0.7909956372793718,-0.0032812610960895,62.43415452661958,103.00855320954996,88.40265639696375,14.605896812586224,Normal,7574.632495117187,111.73473594115111,1.2388028521695782,NIFTY50,8.25630550179086,4.94821634062141,6.75
2016-04-04,7758.7998046875,-0.7762473329644823,0.0059139837185546,64.5972244998072,105.31804474565617,91.78573406670225,13.53231067895392,Normal,7594.12998046875,107.89286528527045,1.5262346011792414,NIFTY50,8.25630550179086,4.94821634062141,6.75
2016-04-05,7603.2001953125,-0.8294935137668519,-0.0202584208946938,53.34639454183583,93.51476534664108,92.13154032269,1.38322502395107,Normal,7600.509985351562,104.2253084835968,0.0258114847543123,NIFTY50,8.25630550179086,4.94821634062141,6.5
2016-04-06,7614.35009765625,-0.8265889933857496,0.0014654006885952,53.965129807652936,84.09093733954614,90.52341972606123,-6.43248238651509,Normal,7606.959985351563,100.65393620983232,0.0734209965647149,NIFTY50,8.25630550179086,4.94821634062141,6.5
2016-04-07,7546.4501953125,-0.8482880826424157,-0.0089573577941213,49.64700233919239,70.33277860184262,86.48529150121752,-16.152512899374898,Normal,7610.017504882812,97.64768820768673,-0.6509863237633553,NIFTY50,8.25630550179086,4.94821634062141,6.5
2016-04-08,7555.2001953125,-0.8462275460176943,0.0011588138717068,50.20001494541924,59.45008695718207,81.07825059241043,-21.62816363522836,Normal,7611.187524414063,96.79764544885973,-0.5783955678048199,NIFTY50,8.25630550179086,4.94821634062141,6.5
2016-04-11,7671.39990234375,-0.8114298343151778,0.015263021567415,56.96024068639252,59.51576002488582,76.76575247890551,-17.24999245401969,Normal,7620.450024414063,92.99155154675114,0.5478979227921846,NIFTY50,8.25630550179086,4.94821634062141,6.5
2016-04-12,7708.9501953125,-0.7998159434483374,0.0048829015384887,58.90178764009202,61.88443596974139,73.78948917707268,-11.905053207331292,Normal,7630.387524414063,91.19190921795486,0.8615092234845878,NIFTY50,8.25630550179086,4.94821634062141,6.5
2016-04-13,7850.4501953125,-0.7525868069530071,0.0181888630048617,65.26124558587041,74.32274976163899,73.89614129398595,0.4266084676530397,Bubble,7645.972534179687,100.83222502955952,2.027899920614354,NIFTY50,8.25630550179086,4.94821634062141,6.5
2016-04-18,7914.7001953125,-0.7298832410102645,0.0081509347042485,67.70487588453213,88.34624062695457,76.78616116057967,11.5600794663749,Bubble,7668.6775390625,107.78069478161098,2.2826226602871684,NIFTY50,8.25630550179086,4.94821634062141,6.5
2016-04-20,7914.75,-0.7303530822920681,6.292661701482301e-06,67.70677221702107,98.33048437824708,81.09502580411315,17.235458574133943,Bubble,7689.4775390625,113.26270642893373,1.9889376480584668,NIFTY50,8.25630550179086,4.94821634062141,6.5
2016-04-21,7912.0498046875,-0.7318405333699441,-0.0003412181075164,67.47544171151358,104.81692205728632,85.83940505474779,18.977517002538534,Normal,7709.4525390625,115.62083003437198,1.7522557619139314,NIFTY50,8.25630550179086,4.94821634062141,6.5
2016-04-22,7899.2998046875,-0.737034714000752,-0.0016127659027939,66.32314167395211,107.68730004448388,90.208984052695,17.47831599178889,Normal,7724.200024414063,120.22808258751814,1.4563966795858712,NIFTY50,8.25630550179086,4.94821634062141,6.5
2016-04-25,7855.0498046875,-0.753718995748994,-0.0056175110317398,62.34388911501775,105.17905145844816,93.20299753384565,11.976053924602525,Normal,7731.740014648438,123.59264104296884,0.9977114251987836,NIFTY50,8.25630550179086,4.94821634062141,6.5
2016-04-26,7962.64990234375,-0.7154122594861315,0.0136052345659834,67.45692738266735,110.5987613370271,96.68215029448191,13.91661104254517,Normal,7744.127514648438,133.80946021303558,1.6330862358117793,NIFTY50,8.25630550179086,4.94821634062141,6.5
2016-04-27,7979.89990234375,-0.7094072481217971,0.0021640210559946,68.20234522899226,114.96065641184578,100.3378515179547,14.622804893891072,Normal,7757.297509765625,143.55465216640627,1.5506456197608105,NIFTY50,8.25630550179086,4.94821634062141,6.5
2016-04-28,7847.25,-0.7599406506999125,-0.0167627158699707,57.32784375274559,106.48624403094254,101.56753002055228,4.918714010390275,Normal,7768.905004882812,140.81108894816484,0.5563837031757357,NIFTY50,8.25630550179086,4.94821634062141,6.5
2016-04-29,7849.7998046875,-0.7595041247655178,0.0003248769344116,57.468224717399366,98.8366319237566,101.02135040119316,-2.184718477436533,Normal,7781.544995117188,135.82588380441743,0.502516955226265,NIFTY50,8.25630550179086,4.94821634062141,6.5
2016-05-02,7805.89990234375,-0.7755673586597482,-0.0056081833742117,54.16438641382381,88.21501618929506,98.46008355881352,-10.245067369518466,Normal,7785.07998046875,135.47579743496112,0.1536800097817827,NIFTY50,8.25630550179086,4.94821634062141,6.5
2016-05-03,7747.0,-0.7964467937533639,-0.0075741738575637,50.01020603296792,74.18937044183167,93.60594093541717,-19.41657049358548,Normal,7785.509985351562,135.33340880889864,-0.2845563833091742,NIFTY50,8.25630550179086,4.94821634062141,6.5
2016-05-04,7706.5498046875,-0.8104871664537234,-0.0052350803802913,47.3257297371087,59.12835753280251,86.71042425489424,-27.582066722091724,Normal,7785.184985351562,135.52424896742863,-0.5802295992281145,NIFTY50,8.25630550179086,4.94821634062141,6.5
2016-05-05,7735.5,-0.8013894335257006,0.0037495319075121,49.418438165059065,48.96400849757629,79.16114110343065,-30.197132605854364,Normal,7784.019995117187,135.86272000796902,-0.3571251562926253,NIFTY50,8.25630550179086,4.94821634062141,6.5
2016-05-06,7733.4501953125,-0.8025251852379213,-0.0002650218241854,49.26918236456715,40.27897559179928,71.38470800110439,-31.105732409305105,Normal,7790.532495117188,129.72199963508825,-0.4400356143542501,NIFTY50,8.25630550179086,4.94821634062141,6.5
2016-05-09,7866.0498046875,-0.7584053341749375,0.0170009042776952,58.08774285699587,43.59318958337917,65.82640431755935,-22.23321473418018,Normal,7803.11748046875,123.80441628481783,0.5083205115556737,NIFTY50,8.25630550179086,4.94821634062141,6.5
2016-05-10,7887.7998046875,-0.7511094228033802,0.0027612316174809,59.33637253818412,47.42805023680012,62.14673350140751,-14.718683264607392,Normal,7820.1849609375,109.22939630247308,0.6190169133844124,NIFTY50,8.25630550179086,4.94821634062141,6.5
2016-05-11,7848.85009765625,-0.7655897975632864,-0.0049502005585438,56.112472078750784,46.78498095437408,59.07438299200083,-12.28940203762675,Normal,7834.867456054688,89.73159101861145,0.1558274119831661,NIFTY50,8.25630550179086,4.94821634062141,6.5
2016-05-12,7900.39990234375,-0.7478096879199614,0.0065463420522076,59.26686628560578,49.8602247001445,57.23155133362957,-7.371326633485069,Normal,7846.317456054688,82.05717535201856,0.659082475810958,NIFTY50,8.25630550179086,4.94821634062141,6.5
2016-05-13,7814.89990234375,-0.7790818191317935,-0.0108812233515407,52.52383671562254,44.88088319383769,54.7614177056712,-9.88053451183351,Normal,7851.61494140625,75.91208621773707,-0.4836520887753129,NIFTY50,8.25630550179086,4.94821634062141,6.5
2016-05-16,7860.75,-0.7636260861292087,0.0058498663461592,55.45095537361781,44.12578429744372,52.63429102402571,-8.508506726581992,Normal,7852.129931640625,75.93870111300372,0.1135135080404882,NIFTY50,8.25630550179086,4.94821634062141,6.5
2016-05-17,7890.75,-0.7534571480552219,0.0038091656381104,57.30576615120984,45.42448705043898,51.19233022930837,-5.767843178869384,Normal,7850.932421875,75.08410421135528,0.5303063616889819,NIFTY50,8.25630550179086,4.94821634062141,6.5
2016-05-18,7870.14990234375,-0.7613197211189939,-0.0026140778146703,55.59408636811544,44.281018601714095,49.81006790378952,-5.529049302075421,Normal,7848.702416992188,73.73922802384175,0.2908558433053791,NIFTY50,8.25630550179086,4.94821634062141,6.5
2016-05-19,7783.39990234375,-0.7924465559176571,-0.0110838613858264,48.96175707824961,35.96028385012778,47.04011109305718,-11.079827242929396,Normal,7842.269921875,73.53337525964034,-0.8005891110449526,NIFTY50,8.25630550179086,4.94821634062141,6.5
2016-05-20,7749.7001953125,-0.8043092060811612,-0.0043390900326874,46.63428678065921,26.34309014938208,42.90070690432216,-16.557616754940078,Normal,7834.78994140625,75.02060518719871,-1.1342183375010926,NIFTY50,8.25630550179086,4.94821634062141,6.5
2016-05-23,7731.0498046875,-0.8109581913229628,-0.0024094956185153,45.34945659774209,17.020265175586246,37.724618558574974,-20.704353382988728,Normal,7828.58994140625,78.30993979951417,-1.2455652113699462,NIFTY50,8.25630550179086,4.94821634062141,6.5
2016-05-24,7748.85009765625,-0.8055393965038443,0.0022997953380331,46.85443855044396,10.94206082979872,32.36810701281973,-21.426046183021008,Normal,7817.899951171875,73.4909011507928,-0.9395701023442944,NIFTY50,8.25630550179086,4.94821634062141,6.5
2016-05-25,7934.89990234375,-0.7435517633493948,0.0237262813366222,59.43002614922028,20.89681892905537,30.07384939606686,-9.177030467011488,Normal,7815.649951171875,68.80984204453662,1.7330362580209324,NIFTY50,8.25630550179086,4.94821634062141,6.5
2016-05-26,8069.64990234375,-0.6947401281269171,0.0168393595342784,65.75111584072582,39.207278192815465,31.90053515541658,7.306743037398885,Bubble,7826.769946289062,89.14961379700198,2.724408392926269,NIFTY50,8.25630550179086,4.94821634062141,6.5
2016-05-27,8156.64990234375,-0.6616339526778167,0.0107234347618368,69.09875308721001,60.04644396136973,37.529716916607214,22.51672704476252,Bubble,7842.112451171875,115.75563668670532,2.717253864908331,NIFTY50,8.25630550179086,4.94821634062141,6.5
2016-05-30,8178.5,-0.6534557205445005,0.0026752262230023,69.89464578329878,77.43216346245845,45.510206225777466,31.92195723668098,Bubble,7860.742456054688,137.55222429192,2.3100865549869383,NIFTY50,8.25630550179086,4.94821634062141,6.5
2016-05-31,8160.10009765625,-0.6613929285885211,-0.0022523239460265,68.29934753288863,88.70323737506351,54.14881245563468,34.554424919428826,Bubble,7881.3974609375,150.02398764112712,1.8577204959078644,NIFTY50,8.25630550179086,4.94821634062141,6.5
2016-06-01,8179.9501953125,-0.6540189354493728,0.0024296262330994,69.11824911279285,98.10647130908364,62.94034422632448,35.16612708275917,Normal,7905.06748046875,158.11278058492454,1.738523058204691,NIFTY50,8.25630550179086,4.94821634062141,6.5
2016-06-02,8218.9501953125,-0.6389089560349506,0.0047564254428807,70.71869354723488,107.46676602879688,71.84562858681896,35.62113744197792,Normal,7929.239990234375,167.50120187776392,1.7296007540861982,NIFTY50,8.25630550179086,4.94821634062141,6.5
2016-06-03,8220.7998046875,-0.6387166859272185,0.0002250167286977,70.79599385281634,113.72318496414118,80.22113986228341,33.502045101857775,Normal,7953.607470703125,172.8818275281378,1.5455200688510056,NIFTY50,8.25630550179086,4.94821634062141,6.5
2016-06-06,8201.0498046875,-0.6473036319417618,-0.0024053331374929,68.71014240661201,115.75344840392243,87.32760157061122,28.425846833311223,Normal,7970.357470703125,180.03282058520665,1.2813904333359716,NIFTY50,8.25630550179086,4.94821634062141,6.5
2016-06-07,8266.4501953125,-0.6214678710528818,0.0079430070714572,71.6851425885289,121.24210820399094,94.11050289728716,27.131605306703776,Normal,7989.289990234375,190.49945996636703,1.454913337429187,NIFTY50,8.25630550179086,4.94821634062141,6.5
2016-06-08,8273.0498046875,-0.6193221519628642,0.0007980422292402,71.97471423241362,124.68712835984024,100.22582798979778,24.461300370042466,Normal,8010.499975585937,197.52546005127903,1.3291948745918782,NIFTY50,8.25630550179086,4.94821634062141,6.5
2016-06-09,8203.599609375,-0.6485532102673986,-0.0084301856371499,64.49927971709243,120.4250957691538,104.265681545669,16.159414223484816,Normal,8025.6599609375,200.24705521525715,0.8886005751556374,NIFTY50,8.25630550179086,4.94821634062141,6.5
2016-06-10,8170.0498046875,-0.6625856031224813,-0.0040980298028367,61.192856606806096,113.03719298634589,106.0199838338044,7.017209152541483,Normal,8043.417456054687,196.2813275496266,0.64515738819219,NIFTY50,8.25630550179086,4.94821634062141,6.5
2016-06-13,8110.60009765625,-0.6866653811170184,-0.0073031447296469,55.74010457698638,101.2183501541731,105.05965709787814,-3.8413069437050495,Normal,8055.9099609375,191.9464955074669,0.2849238615904955,NIFTY50,8.25630550179086,4.94821634062141,6.5
2016-06-14,8108.85009765625,-0.6878626062916144,-0.0002157902993896,55.5830933358334,90.66548639501524,102.18082295730558,-11.51533656229033,Normal,8066.814965820313,188.22888479656368,0.2233192417910162,NIFTY50,8.25630550179086,4.94821634062141,6.5
2016-06-15,8206.599609375,-0.6505556818460497,0.0119825911101933,62.01875742108487,89.16203012372443,99.57706439058936,-10.415034266864922,Normal,8083.637451171875,184.7295074421834,0.6656335520280087,NIFTY50,8.25630550179086,4.94821634062141,6.5
2016-06-16,8140.75,-0.6774565904770651,-0.0080563476172897,56.11968691053869,81.71505674024866,96.00466286052122,-14.289606120272566,Normal,8101.504956054688,170.92767482020287,0.2296002913898746,NIFTY50,8.25630550179086,4.94821634062141,6.5
2016-06-17,8170.2001953125,-0.6664871987774008,0.0036110989197415,58.04187659484447,77.2986110460406,92.26345249762512,-14.964841451584505,Normal,8122.529956054687,149.95096814155423,0.3179055117057451,NIFTY50,8.25630550179086,4.94821634062141,6.5
2016-06-20,8238.5,-0.6400615270366025,0.0083248762334282,62.17966142238859,78.40595441116511,89.49195288033312,-11.085998469168004,Normal,8147.902465820312,120.2054428287069,0.7536891179610664,NIFTY50,8.25630550179086,4.94821634062141,6.5
2016-06-21,8219.900390625,-0.6481361000682098,-0.0022601974495153,60.43188047675066,76.89628644895583,86.97281959405767,-10.076533145101834,Normal,8171.45498046875,75.87528234259509,0.6384873790321728,NIFTY50,8.25630550179086,4.94821634062141,6.5
2016-06-22,8203.7001953125,-0.6551822215832765,-0.0019727952444882,58.87948015204093,73.54486393000116,84.28722846124637,-10.742364531245215,Normal,8184.894995117187,51.7345857844034,0.3634937810013766,NIFTY50,8.25630550179086,4.94821634062141,6.5
2016-06-23,8270.4501953125,-0.6291285764430832,0.0081036488925214,63.087056431118654,75.40577376352576,82.51093752170226,-7.105163758176502,Normal,8194.935009765624,47.50351950876728,1.5896755930460815,NIFTY50,8.25630550179086,4.94821634062141,6.5
2016-06-24,8088.60009765625,-0.7035192829202249,-0.0222332696976114,48.52079083770594,61.49786599939489,78.30832321724078,-16.810457217845894,Normal,8191.53251953125,52.55820244251557,-1.958446390695724,NIFTY50,8.25630550179086,4.94821634062141,6.5
2016-06-27,8094.7001953125,-0.7017168985192447,0.0007538756415223,48.94662485461684,50.38714416247694,72.72408740628802,-22.33694324381108,Normal,8187.342529296875,56.8194093601873,-1.6304698522489114,NIFTY50,8.25630550179086,4.94821634062141,6.5
2016-06-28,8127.85009765625,-0.6896388412890436,0.0040868972986644,51.30401668278432,43.752386851430856,66.92974729531659,-23.17736044388573,Normal,8185.730029296875,58.07692563660293,-0.9966080505498736,NIFTY50,8.25630550179086,4.94821634062141,6.5
2016-06-29,8204.0,-0.6608504772800246,0.0093253922536919,56.296280172829285,44.13024855422736,62.36984754709875,-18.239598992871382,Normal,8186.93251953125,58.19980205696189,0.2932566755475419,NIFTY50,8.25630550179086,4.94821634062141,6.5
2016-06-30,8287.75,-0.6282338941795251,0.0101566807593836,61.028370954246064,50.60429691335048,60.0167374203491,-9.41244050699862,Normal,8190.372509765625,62.09478509305583,1.5682072188259288,NIFTY50,8.25630550179086,4.94821634062141,6.5
2016-07-01,8328.349609375,-0.6122602144392746,0.0048867894542098,63.11345863737768,58.33858515723932,59.681106967727146,-1.342521810487824,Bubble,8195.75,69.12726482260611,1.9181955154059136,NIFTY50,8.25630550179086,4.94821634062141,6.5
2016-07-04,8370.7001953125,-0.5953605961578344,0.0050722259326849,65.20476558907096,67.11177983726975,61.16724154163568,5.944538295634075,Bubble,8204.23251953125,79.44989028293398,2.0952536899476124,NIFTY50,8.25630550179086,4.94821634062141,6.5
2016-07-05,8335.9501953125,-0.6104974753491459,-0.0041600260138615,62.09391633617513,70.44847903288064,63.02348903988467,7.424989992995968,Normal,8207.70751953125,83.71958542376926,1.5318121217647591,NIFTY50,8.25630550179086,4.94821634062141,6.5
2016-07-07,8337.900390625,-0.6102806375752033,0.0002339226096985,62.20290117274194,72.41544151553353,64.90187953501444,7.513561980519086,Normal,8210.950048828125,87.5516990776846,1.4500043189822318,NIFTY50,8.25630550179086,4.94821634062141,6.5
2016-07-08,8323.2001953125,-0.6169361201911933,-0.0017646132140196,60.78424271696309,71.95859663780539,66.31322295557263,5.645373682232759,Normal,8216.930078125,91.0383238081572,1.167311882976229,NIFTY50,8.25630550179086,4.94821634062141,6.5
2016-07-11,8467.900390625,-0.5581358082867798,0.0172357704308392,68.4194041742491,82.32366427548004,69.51531121955412,12.80835305592592,Bubble,8231.822607421875,106.08441047625212,2.225376774431653,NIFTY50,8.25630550179086,4.94821634062141,6.5
2016-07-12,8521.0498046875,-0.535951813709887,0.0062569595942416,70.67764625187624,93.74612164587415,74.36147330481813,19.38464834105602,Bubble,8252.345092773438,120.16614976552351,2.236109856547602,NIFTY50,8.25630550179086,4.94821634062141,6.5
2016-07-13,8519.5,-0.5372986292578413,-0.0001818960901539,70.51929506948973,101.50337736959044,79.78985411777259,21.71352325181786,Bubble,8272.877587890625,129.10775408992356,1.910206043376776,NIFTY50,8.25630550179086,4.94821634062141,6.5
2016-07-14,8565.0,-0.514394070102136,0.0053264781029264,72.46946725521082,110.05389535974427,85.84266236616693,24.21123299357734,Bubble,8290.797607421875,143.49539188955708,1.910879429418668,NIFTY50,8.25630550179086,4.94821634062141,6.5
2016-07-15,8541.400390625,-0.529258929545704,-0.0027591572520208,69.88714467681615,113.61625377385644,91.39738064770484,22.218873126151607,Normal,8310.830126953126,149.2946673101887,1.5443971832752723,NIFTY50,8.25630550179086,4.94821634062141,6.5
2016-07-18,8508.7001953125,-0.5442384611428565,-0.0038357821106622,66.35869848615411,112.50394061156476,95.61869264047682,16.885247971087935,Normal,8327.755126953125,151.6810590536734,1.1929312037262765,NIFTY50,8.25630550179086,4.94821634062141,6.5
2016-07-19,8528.5498046875,-0.5363167619031819,0.0023301434628515,67.43353670315997,111.93381861847048,98.88171783607557,13.052100782394916,Normal,8342.2576171875,156.48798680919583,1.190456796706979,NIFTY50,8.25630550179086,4.94821634062141,6.5
2016-07-20,8565.849609375,-0.5207821833771794,0.0043639864706521,69.41128414804614,113.18702576569194,101.74277942199885,11.44424634369311,Normal,8359.555078125,161.2972664755044,1.2789710312997078,NIFTY50,8.25630550179086,4.94821634062141,6.5
2016-07-21,8510.099609375,-0.5459455453675794,-0.0065296748506876,63.2304186911452,108.43170913442007,103.08056536448308,5.351143769936996,Normal,8374.875048828126,160.26265228365114,0.8437683928226671,NIFTY50,8.25630550179086,4.94821634062141,6.5
2016-07-22,8541.2001953125,-0.533202034676941,0.0036478885225085,65.09758528394522,105.95130314043854,103.6547129196742,2.296590220764344,Normal,8388.412548828124,162.39854530381473,0.9408190584376296,NIFTY50,8.25630550179086,4.94821634062141,6.5
2016-07-25,8635.650390625,-0.3904350467962703,0.0109974930243212,70.06855424074696,110.33503136791114,104.9907766093216,5.344254758589557,Normal,8415.765063476563,155.1515907623958,1.4172289569700662,NIFTY50,8.25630550179086,4.94821634062141,6.5
2016-07-26,8590.650390625,-0.4627510067569349,-0.0052245810557146,65.29686406109701,108.92245341088346,105.77711196963396,3.1453414412495,Normal,8440.562573242187,140.03236552142994,1.0718080554016238,NIFTY50,8.25630550179086,4.94821634062141,6.5
2016-07-27,8615.7998046875,-0.4211636117203912,0.0029232563005614,66.66324696533376,108.5806723337446,106.3378240424561,2.2428482912884817,Normal,8464.96005859375,124.30574647871,1.2134575461447783,NIFTY50,8.25630550179086,4.94821634062141,6.5
2016-07-28,8666.2998046875,-0.3352066740059894,0.0058442139411648,69.27894726569674,111.10399858574236,107.29105895111336,3.812939634629004,Normal,8488.075048828125,115.92600617592085,1.5374009830797974,NIFTY50,8.25630550179086,4.94821634062141,6.5
2016-07-29,8638.5,-0.3954856066668593,-0.0032129615963578,66.19962417648266,109.5971729267858,107.75228174624786,1.844891180537928,Normal,8505.612548828125,110.42601759410115,1.2034070780342412,NIFTY50,8.25630550179086,4.94821634062141,6.5
2016-08-01,8636.5498046875,-0.4032309495561091,-0.0002257817306269,65.97807269894415,107.01206974539129,107.60423934607654,-0.592169600685267,Normal,8521.02255859375,105.794549934506,1.0919961960731397,NIFTY50,8.25630550179086,4.94821634062141,6.5
2016-08-02,8622.900390625,-0.4353793621668917,-0.0015816745902789,64.35469364634876,102.67835109121734,106.6190616951047,-3.940710603887368,Normal,8533.632568359375,101.8924308826128,0.8760986610327096,NIFTY50,8.25630550179086,4.94821634062141,6.5
2016-08-03,8544.849609375,-0.5384146562098419,-0.0090927837382057,55.88676460488615,91.88659066596664,103.6725674892771,-11.785976823310447,Normal,8544.0775390625,90.6482023185502,0.0085172159265384,NIFTY50,8.25630550179086,4.94821634062141,6.5
2016-08-04,8551.099609375,-0.5363923819231582,0.0007311673892417,56.38170524092533,82.88294257591588,99.51464250660486,-16.63169993068898,Normal,8554.7375,76.56865948043479,-0.0475114838066199,NIFTY50,8.25630550179086,4.94821634062141,6.5
2016-08-05,8683.150390625,-0.3476896494069101,0.0153245270883402,65.25235150640421,85.41823283213307,96.6953605717105,-11.277127739577423,Bubble,8572.735009765625,59.73387143666344,1.8484551261079645,NIFTY50,8.25630550179086,4.94821634062141,6.5
2016-08-08,8711.349609375,-0.291794851213899,0.0032423172214172,66.80488692098561,88.6806545248146,95.09241936233131,-6.411764837516728,Bubble,8584.907470703125,62.00802422116246,2.039125423846711,NIFTY50,8.25630550179086,4.94821634062141,6.5
2016-08-09,8678.25,-0.3547914691327109,-0.0038068328301676,63.23352422006155,87.58565248745981,93.59106598735704,-6.005413499897216,Normal,8592.76748046875,63.43431641623005,1.3475753245348825,NIFTY50,8.25630550179086,4.94821634062141,6.5
2016-08-10,8575.2998046875,-0.5217227837146269,-0.0119339403558223,53.630152359384375,77.51706662143988,90.3762661141736,-12.859199492733724,Normal,8595.557470703125,61.23107766893999,-0.3308396126090153,NIFTY50,8.25630550179086,4.94821634062141,6.5
2016-08-11,8592.150390625,-0.5014092403946471,0.0019630860910883,54.83911076439044,70.08939433257729,86.31889175785435,-16.22949742527706,Normal,8596.914990234374,60.81752022966447,-0.0783425498340243,NIFTY50,8.25630550179086,4.94821634062141,6.5
2016-08-16,8642.5498046875,-0.4219206429531094,0.0058486143833095,58.33785711044386,67.4917195091657,82.55345730811662,-15.061737798950915,Normal,8601.9724609375,60.16020274538453,0.6744881482819197,NIFTY50,8.25630550179086,4.94821634062141,6.5
2016-08-17,8624.0498046875,-0.4543174809630458,-0.0021428662849281,56.60433033390256,63.21158431123149,78.6850827087396,-15.47349839750811,Normal,8607.73994140625,56.142753596259695,0.2905070064525177,NIFTY50,8.25630550179086,4.94821634062141,6.5
2016-08-18,8673.25,-0.3859465176613315,0.0056887871001746,60.00789587568675,63.06264400374676,75.56059496774103,-12.49795096399427,Normal,8614.974951171875,54.70579183388962,1.065244590647249,NIFTY50,8.25630550179086,4.94821634062141,6.5
2016-08-19,8666.900390625,-0.4003380299744166,-0.0007323592374647,59.36082402156215,61.72076872433718,72.79262971906026,-11.071860994723082,Normal,8620.027490234375,54.59619158660424,0.8585379131486052,NIFTY50,8.25630550179086,4.94821634062141,6.5
2016-08-22,8629.150390625,-0.4564573016658996,-0.0043651652530661,55.52724129997315,56.9546753433242,69.62503884391305,-12.670363500588849,Normal,8625.980029296876,48.08138521241855,0.0659373958158224,NIFTY50,8.25630550179086,4.94821634062141,6.5
2016-08-23,8632.599609375,-0.4564791731901433,0.0003996372089627,55.80806669925612,52.846651821524574,66.26936143943536,-13.422709617910783,Normal,8630.55,43.74752830335146,0.0468508611683944,NIFTY50,8.25630550179086,4.94821634062141,6.5
2016-08-24,8650.2998046875,-0.416331789288127,0.002048290749933,57.29821783916132,50.437855220297934,63.103060195607874,-12.66520497530994,Normal,8631.282470703125,43.95954417323072,0.432609899443763,NIFTY50,8.25630550179086,4.94821634062141,6.5
2016-08-25,8592.2001953125,-0.5069403166301102,-0.0067391421502295,51.19580567427887,43.34110436924675,59.15066903033565,-15.8095646610889,Normal,8631.3599609375,43.88545327743417,-0.8923176747757444,NIFTY50,8.25630550179086,4.94821634062141,6.5
2016-08-26,8572.5498046875,-0.5388261123970284,-0.0022896225356679,49.28397760589365,35.71950368828948,54.46443596192642,-18.74493227363694,Normal,8629.1974609375,45.71980744800854,-1.239017822076736,NIFTY50,8.25630550179086,4.94821634062141,6.5
2016-08-29,8607.4501953125,-0.4984709595236589,0.004062914858462,52.664946004611885,32.12518099736008,49.99658496901316,-17.87140397165308,Normal,8626.25498046875,45.09575245070991,-0.4169968153165522,NIFTY50,8.25630550179086,4.94821634062141,6.5
2016-08-30,8744.349609375,-0.3188661291580275,0.0157796028316789,63.066016917730686,39.86376826161722,47.97002162753397,-8.10625336591675,Bubble,8631.5474609375,52.2519729044602,2.1588112786430624,NIFTY50,8.25630550179086,4.94821634062141,6.5
2016-08-31,8786.2001953125,-0.2625585482920294,0.0047745981624819,65.55758849798062,48.8109843039947,48.13821416282612,0.6727701411685842,Bubble,8639.02998046875,62.68038709941612,2.347946808470199,NIFTY50,8.25630550179086,4.94821634062141,6.5
2016-09-01,8774.650390625,-0.289427439514792,-0.0013154039773133,64.26902241078952,54.34330892846265,49.37923311595343,4.964075812509222,Bubble,8646.61748046875,69.44483477785258,1.843663543383959,NIFTY50,8.25630550179086,4.94821634062141,6.5
2016-09-02,8809.650390625,-0.2437555642620142,0.0039808288831956,66.42282534674825,60.85047712223604,51.67348191720996,9.176995205026088,Bubble,8659.85751953125,74.1073808344393,2.021294902169021,NIFTY50,8.25630550179086,4.94821634062141,6.5
2016-09-06,8943.0,-0.0441974666322196,0.0150233474468299,73.08067051392811,75.89280876696102,56.51734728716018,19.375461479800848,Bubble,8679.4525390625,93.19144398396418,2.8280220766066173,NIFTY50,8.25630550179086,4.94821634062141,6.5
2016-09-07,8917.9501953125,-0.1000576008676497,-0.0028049819116828,70.26223076497122,84.81496100622644,62.17687003097343,22.638090975253007,Bubble,8691.192529296875,107.3898872826462,2.1115364933646577,NIFTY50,8.25630550179086,4.94821634062141,6.5
2016-09-08,8952.5,-0.0538230059080595,0.0038667014380895,71.8734289279267,93.59480873563552,68.46045777190585,25.13435096372968,Bubble,8703.250048828126,122.27810854210637,2.0383857269598287,NIFTY50,8.25630550179086,4.94821634062141,6.5
2016-09-09,8866.7001953125,-0.2113105534713876,-0.0096301143518348,62.77708078641133,92.56257044331323,73.28088030618733,19.281690137125903,Normal,8712.67255859375,127.4036384845127,1.208973609788032,NIFTY50,8.25630550179086,4.94821634062141,6.5
2016-09-12,8715.599609375,-0.4525769228025353,-0.0171882299396912,50.62550477036071,78.64538463587269,74.3537811721244,4.291603463748288,Normal,8719.687548828126,123.23600534051818,-0.0331716322825474,NIFTY50,8.25630550179086,4.94821634062141,6.5
2016-09-14,8726.599609375,-0.4429951046902829,0.0012613090035687,51.36358616289838,67.72285575954811,73.02759608960915,-5.304740330061037,Normal,8726.410009765625,119.52391689110112,0.001586290127591,NIFTY50,8.25630550179086,4.94821634062141,6.5
2016-09-15,8742.5498046875,-0.4269940252140804,0.0018260991839711,52.47301601326018,59.66592870747627,70.35526261318257,-10.689333905706306,Normal,8731.410009765625,117.91194896264092,0.0944755389074679,NIFTY50,8.25630550179086,4.94821634062141,6.5
2016-09-16,8779.849609375,-0.3829187889561574,0.0042573919410826,55.05495152352115,55.64905086445651,67.41402026343737,-11.764969398980853,Normal,8739.2,115.56903352179314,0.3517344407603259,NIFTY50,8.25630550179086,4.94821634062141,6.5
2016-09-19,8808.400390625,-0.3497186292380856,0.0032465772692253,56.9814005601006,54.145302330873164,64.76027667692453,-10.614974346051367,Normal,8745.95751953125,115.46105263416808,0.5408132843860064,NIFTY50,8.25630550179086,4.94821634062141,6.5
2016-09-20,8775.900390625,-0.4000510607754894,-0.0036964832905136,54.13681861243943,49.75751869537817,61.75972508061526,-12.002206385237097,Normal,8751.40751953125,114.09745020695644,0.2146662440687562,NIFTY50,8.25630550179086,4.94821634062141,6.5
2016-09-21,8777.150390625,-0.4035807552461107,0.0001424253843608,54.23145622156664,45.85247432345932,58.57827492918408,-12.725800605724755,Normal,8758.80751953125,110.49339693884022,0.1660087534814654,NIFTY50,8.25630550179086,4.94821634062141,6.5
2016-09-22,8867.4501953125,-0.2903657486299456,0.0102354930170989,60.56243875353822,49.47383452767281,56.75738684888182,-7.283552321209015,Normal,8770.550048828125,108.84176808167044,0.8902845680682536,NIFTY50,8.25630550179086,4.94821634062141,6.5
2016-09-23,8831.5498046875,-0.3473790578997007,-0.0040567760733005,57.17620898314249,48.88342934404864,55.18259534791519,-6.299166003866553,Normal,8779.612548828125,105.80576792002076,0.4908735778812616,NIFTY50,8.25630550179086,4.94821634062141,6.5
2016-09-26,8723.0498046875,-0.4940970456356755,-0.0123615900172105,48.37316589561858,39.20851440708975,51.9877791597501,-12.779264752660351,Normal,8786.155029296875,97.31182184323274,-0.6484846693245161,NIFTY50,8.25630550179086,4.94821634062141,6.5
2016-09-27,8706.400390625,-0.5020179271717898,-0.0019104927510736,47.17293643794276,29.85347378303777,47.560918084407646,-17.707444301369875,Normal,8792.84755859375,85.76590973476351,-1.0079432286801795,NIFTY50,8.25630550179086,4.94821634062141,6.5
2016-09-28,8745.150390625,-0.4813048003288541,0.0044408733836031,50.26587764322696,25.274983564386275,43.10373118040337,-17.828747616017097,Normal,8799.732568359375,74.94376997777248,-0.7283084070972659,NIFTY50,8.25630550179086,4.94821634062141,6.5
2016-09-29,8591.25,-0.5536329409081868,-0.0177550621960591,40.199215924921376,9.12285911456638,36.30755676723598,-27.1846976526696,Crash,8792.077587890624,87.6417766147071,-2.291459571540949,NIFTY50,8.25630550179086,4.94821634062141,6.5
2016-09-30,8611.150390625,-0.5460457798274272,0.0023136770509358,41.82169764284605,-2.048407901555038,28.636363833477777,-30.68477173503281,Normal,8783.32509765625,96.54792222035408,-1.7833082584448698,NIFTY50,8.25630550179086,4.94821634062141,6.5
2016-10-03,8738.099609375,-0.493937942304438,0.0146348095219124,50.961968695538566,-0.6504781945095601,22.77899542788031,-23.42947362238987,Normal,8781.49755859375,97.06531189277273,-0.4471004973093927,NIFTY50,8.25630550179086,4.94821634062141,6.5
2016-10-04,8769.150390625,-0.4812865170292842,0.0035471948830647,52.91068054907216,2.9291641337404144,18.80902916905233,-15.879865035311916,Normal,8779.47255859375,96.86933108423963,-0.1065576468136647,NIFTY50,8.25630550179086,4.94821634062141,6.25
2016-10-05,8743.9501953125,-0.4929682941315998,-0.0028778699216004,51.13466772636259,3.690074432837719,15.78523822180941,-12.095163788971693,Normal,8769.520068359376,89.09759632659433,-0.2869872376034402,NIFTY50,8.25630550179086,4.94821634062141,6.25
2016-10-06,8709.5498046875,-0.5085087975605465,-0.0039419526365027,48.73006206789087,1.4999863901630306,12.928187855480134,-11.428201465317104,Normal,8759.100048828124,82.7878218698992,-0.5985209300287223,NIFTY50,8.25630550179086,4.94821634062141,6.25
2016-10-07,8697.599609375,-0.514303939714979,-0.0013730217286708,47.88760485095308,-1.186280350710149,10.10529421424208,-11.291574564952228,Normal,8746.355029296876,70.09493488416395,-0.6955626680079946,NIFTY50,8.25630550179086,4.94821634062141,6.25
2016-10-10,8708.7998046875,-0.5102533733644353,0.0012869056479532,48.781351206068216,-2.383923551813496,7.607450661030965,-9.99137421284446,Normal,8738.460009765626,64.49541284220619,-0.4598808468858409,NIFTY50,8.25630550179086,4.94821634062141,6.25
2016-10-13,8573.349609375,-0.5685139717338097,-0.0156754771216134,39.874784562695226,-14.100224562771473,3.265915616270478,-17.36614017904195,Crash,8731.347509765625,74.25439932463327,-2.12779177836821,NIFTY50,8.25630550179086,4.94821634062141,6.25
2016-10-14,8583.400390625,-0.5650557535253448,0.001171641761961,40.73940868025729,-22.317204633320216,-1.850708433647661,-20.466496199672555,Normal,8724.187548828126,81.30550161146334,-1.7315821858637424,NIFTY50,8.25630550179086,4.94821634062141,6.25
2016-10-17,8520.400390625,-0.5913982954775936,-0.0073668169692744,37.13465567029038,-33.52632343920959,-8.185831434760047,-25.340492004449544,Crash,8713.080078125,92.99847835579966,-2.071858496037252,NIFTY50,8.25630550179086,4.94821634062141,6.25
2016-10-18,8677.900390625,-0.5291005495441914,0.0183162749892034,49.22942446430214,-29.36222764964441,-12.42111067773692,-16.94111697190749,Normal,8707.9826171875,91.93400965751576,-0.3272154306612471,NIFTY50,8.25630550179086,4.94821634062141,6.25
2016-10-19,8659.099609375,-0.5376499876182619,-0.002168862965894,48.04124899046479,-27.264924579192662,-15.38987345802807,-11.875051121164596,Normal,8700.517578125,89.37698501852057,-0.4634075398875608,NIFTY50,8.25630550179086,4.94821634062141,6.25
2016-10-20,8699.400390625,-0.5215680721045112,0.0046433567024341,50.78338993978917,-22.096149884915576,-16.731128743405574,-5.365021141510002,Normal,8696.692578125,87.60038775344276,0.030910964773604,NIFTY50,8.25630550179086,4.94821634062141,6.25
2016-10-21,8693.0498046875,-0.5249258849293887,-0.0007302693005771,50.332609015473146,-18.301331553815544,-17.04516930548757,-1.2561622483279749,Normal,8692.487548828125,85.52897186420087,0.0065738643540311,NIFTY50,8.25630550179086,4.94821634062141,6.25
2016-10-24,8708.9501953125,-0.5189499279563007,0.0018274215664756,51.49358098848069,-13.851213876416296,-16.406378219673314,2.555164343257019,Normal,8684.562548828126,75.18114058698946,0.3243851622090806,NIFTY50,8.25630550179086,4.94821634062141,6.25
2016-10-25,8691.2998046875,-0.5270635522006442,-0.0020287520787162,50.0937827983646,-11.614814220316475,-15.448065419801946,3.833251199485471,Normal,8677.550048828125,66.82597517578553,0.2057546608666212,NIFTY50,8.25630550179086,4.94821634062141,6.25
2016-10-26,8615.25,-0.5595246678560035,-0.0087886141432832,44.4828690982701,-15.79693777855573,-15.517839891552704,-0.2790978870030258,Normal,8672.16005859375,67.30861234168113,-0.8455093132043161,NIFTY50,8.25630550179086,4.94821634062141,6.25
2016-10-27,8615.25,-0.5601697993505415,0.0,44.4828690982701,-18.893508226992708,-16.192973558640706,-2.7005346683520024,Normal,8667.6025390625,67.95101616446016,-0.7704452709845052,NIFTY50,8.25630550179086,4.94821634062141,6.25
2016-10-28,8638.0,-0.5515444805071964,0.0026371858270232,46.5595627172934,-19.2894707352898,-16.812272993970524,-2.477197741319273,Normal,8662.24501953125,65.70189938947362,-0.3690155042174436,NIFTY50,8.25630550179086,4.94821634062141,6.25
2016-11-01,8626.25,-0.5570144164434826,-0.0013611945858348,45.61059315318994,-20.31719668070218,-17.513257731316855,-2.8039389493853264,Normal,8663.99501953125,64.15940293605814,-0.5883006668386145,NIFTY50,8.25630550179086,4.94821634062141,6.25
2016-11-02,8514.0,-0.6034316853217355,-0.0130980125467139,37.70438237370279,-29.845276020490928,-19.97966138915168,-9.865614631339255,Crash,8659.1375,71.61527030530291,-2.0266278320428777,NIFTY50,8.25630550179086,4.94821634062141,6.25
2016-11-03,8484.9501953125,-0.6154458350322856,-0.0034178384703509,35.96679764760236,-39.287541677500485,-23.841237446821435,-15.44630423067905,Crash,8646.480029296876,78.92306813149077,-2.046674537731566,NIFTY50,8.25630550179086,4.94821634062141,6.25
2016-11-04,8433.75,-0.635929714683305,-0.0060525159761116,33.073780037857006,-50.32195295305064,-29.13738054806728,-21.184572404983363,Crash,8629.710009765626,86.7329657770518,-2.2593486572261745,NIFTY50,8.25630550179086,4.94821634062141,6.25
2016-11-07,8497.0498046875,-0.612323786027288,0.0074775084884729,39.54783793987935,-53.34412035394416,-33.97872850924266,-19.365391844701502,Normal,8617.364990234375,87.1868711658836,-1.379969070319782,NIFTY50,8.25630550179086,4.94821634062141,6.25
2016-11-08,8543.5498046875,-0.5947919265092356,0.0054575679826926,43.845204491243,-51.39460341328959,-37.461903490052045,-13.932699923237545,Normal,8609.064990234376,85.84021299447366,-0.7632225417601602,NIFTY50,8.25630550179086,4.94821634062141,6.25
2016-11-09,8432.0,-0.6394292752702414,-0.0131425976316571,37.0423704452034,-58.1800705327114,-41.60553689858392,-16.574533634127476,Normal,8595.785009765625,91.76307465341448,-1.7848683730818105,NIFTY50,8.25630550179086,4.94821634062141,6.25
2016-11-10,8525.75,-0.6043377882822625,0.0110570040404547,44.794754313652334,-55.35466647490466,-44.35536281384807,-10.999303661056594,Normal,8586.63251953125,88.98431934570424,-0.6841937992998585,NIFTY50,8.25630550179086,4.94821634062141,6.25
2016-11-11,8296.2998046875,-0.694451143121109,-0.0272813871024,33.81871141440932,-70.81392769129707,-49.64707578933787,-21.1668519019592,Crash,8572.780029296875,110.19714214256946,-2.5089600259476232,NIFTY50,8.25630550179086,4.94821634062141,6.25
2016-11-15,8108.4501953125,-0.7620423576769405,-0.022902856859881,27.810627692280363,-97.1040421820162,-59.13846906787354,-37.96557311414266,Crash,8549.03251953125,151.29881740993562,-2.9120011098633887,NIFTY50,8.25630550179086,4.94821634062141,6.25
2016-11-16,8111.60009765625,-0.7614757180948004,0.0003883961302774,28.04147915164603,-116.34383719795731,-70.5795426938903,-45.764294504067024,Crash,8528.592504882812,180.22015071754188,-2.3137945760577696,NIFTY50,8.25630550179086,4.94821634062141,6.25
2016-11-17,8079.9501953125,-0.7724238173901857,-0.0039094394399234,27.103601201785352,-132.6166735119641,-82.98696885750508,-49.62970465445903,Crash,8498.694995117188,202.3827285064369,-2.069073793475266,NIFTY50,8.25630550179086,4.94821634062141,6.25
2016-11-18,8074.10009765625,-0.7748024981371964,-0.0007242886837538,26.924348366764065,-144.32142002671935,-95.25385909134792,-49.06756093537142,Normal,8469.44501953125,219.52779135844327,-1.8008878029911168,NIFTY50,8.25630550179086,4.94821634062141,6.25
2016-11-21,7929.10009765625,-0.8220011339635599,-0.018121871425978,22.88446072198849,-163.41406849239138,-108.88590097155662,-54.52816752083476,Crash,8430.930004882812,243.3409571632565,-2.062250075271488,NIFTY50,8.25630550179086,4.94821634062141,6.25
2016-11-22,8002.2998046875,-0.8002689229492057,0.0091894274947825,28.70061469785618,-170.67113475226324,-121.24294772769797,-49.42818702456529,Normal,8396.392504882813,253.0073733244589,-1.5576332618967796,NIFTY50,8.25630550179086,4.94821634062141,6.25
2016-11-23,8033.2998046875,-0.791003682385739,0.0038664021768522,31.07160192929561,-171.93896575641156,-131.38215133344067,-40.55681442297089,Normal,8362.609985351562,254.18194009566275,-1.295568758898153,NIFTY50,8.25630550179086,4.94821634062141,6.25
2016-11-24,7965.5,-0.8129131866464852,-0.0084756620986245,28.814717944942032,-176.38139366058567,-140.38199979886969,-35.99939386171599,Normal,8326.319995117188,256.5849392605767,-1.4062399615386425,NIFTY50,8.25630550179086,4.94821634062141,6.25
2016-11-25,8114.2998046875,-0.7673472019212662,0.0185081971326499,39.24479839714275,-165.9818140815396,-145.50196265540367,-20.479851426135923,Normal,8301.272485351563,251.2919510482208,-0.7440456404757049,NIFTY50,8.25630550179086,4.94821634062141,6.25
2016-11-28,8126.89990234375,-0.7636690753625317,0.0015516218520139,40.04587263940729,-154.93732868285406,-147.38903586089376,-7.5482928219603025,Normal,8276.85498046875,242.7588012038606,-0.6177122204482828,NIFTY50,8.25630550179086,4.94821634062141,6.25
2016-11-29,8142.14990234375,-0.7590940725634531,0.0018747258935887,41.0588242794315,-143.30205005217158,-146.57163869914933,3.269588646977752,Normal,8252.062475585937,228.85656765870323,-0.4802683810503581,NIFTY50,8.25630550179086,4.94821634062141,6.25
2016-11-30,8224.5,-0.7320571575240032,0.0100632436210104,46.33190880597726,-125.98378065609904,-142.45406709053927,16.470286434440226,Normal,8231.974975585938,211.2375161254611,-0.0353865909950288,NIFTY50,8.25630550179086,4.94821634062141,6.25
2016-12-01,8192.900390625,-0.7434349621068851,-0.0038495313077255,44.68009054907669,-113.50038993232648,-136.6633316588967,23.16294172657024,Normal,8215.919995117187,200.6093266703268,-0.1147484260789941,NIFTY50,8.25630550179086,4.94821634062141,6.25
2016-12-02,8086.7998046875,-0.7798120198233871,-0.0130348946163291,39.57791151449122,-110.89036827273412,-131.5087389816642,20.618370708930087,Normal,8196.012475585938,192.08092117058192,-0.5685763595513426,NIFTY50,8.25630550179086,4.94821634062141,6.25
2016-12-05,8128.75,-0.7666782262114461,0.0051740815952034,42.37959360867771,-104.23531728062972,-126.05405464145733,21.81873736082761,Normal,8180.762475585938,184.15673893159487,-0.2824359069762737,NIFTY50,8.25630550179086,4.94821634062141,6.25
2016-12-06,8143.14990234375,-0.7624024067502198,0.0017699108511295,43.35061448786488,-96.6846689684462,-120.1801775068551,23.4955085384089,Normal,8163.06748046875,168.50349980064124,-0.1182027563140492,NIFTY50,8.25630550179086,4.94821634062141,6.25
2016-12-07,8102.0498046875,-0.7764794270857128,-0.0050599790817267,41.21568860791335,-92.94573954579936,-114.73328991464396,21.78755036884459,Normal,8140.99248046875,143.02841172870396,-0.2722723080720229,NIFTY50,8.25630550179086,4.94821634062141,6.25
2016-12-08,8246.849609375,-0.7295860811362542,0.017714169916451,50.47038725916261,-77.40618660944256,-107.26786925360368,29.86168264416113,Normal,8131.7349609375,128.4506308255583,0.8961781479596718,NIFTY50,8.25630550179086,4.94821634062141,6.25
2016-12-09,8261.75,-0.7249262361432225,0.0018051676124941,51.31970156618682,-63.16056626347108,-98.4464086555772,35.285842392106105,Normal,8118.5349609375,95.05205942152696,1.5067010639652223,NIFTY50,8.25630550179086,4.94821634062141,6.25
2016-12-12,8170.7998046875,-0.756947054551524,-0.0110696301085065,46.12102150499618,-58.53497540465014,-90.4641220053918,31.92914660074165,Normal,8112.2599609375,86.45252659056287,0.6771328272132883,NIFTY50,8.25630550179086,4.94821634062141,6.25
2016-12-13,8221.7998046875,-0.7403500505574537,0.0062223400515642,49.226963422598,-50.175495667346695,-82.40639673778277,32.23090107043608,Normal,8117.92744140625,89.83868703677201,1.156209721083008,NIFTY50,8.25630550179086,4.94821634062141,6.25
2016-12-14,8182.4501953125,-0.754250363771699,-0.0047974988003114,46.97680851127882,-46.19324538834917,-75.16376646789605,28.970521079546884,Normal,8121.469946289062,90.96586050102604,0.6703641199848821,NIFTY50,8.25630550179086,4.94821634062141,6.25
2016-12-15,8153.60009765625,-0.764392861294973,-0.0035320811496494,45.3404198781537,-44.848262271816566,-69.10066562868016,24.2524033568636,Normal,8125.15244140625,90.68691348088764,0.3136908640737423,NIFTY50,8.25630550179086,4.94821634062141,6.25
2016-12-16,8139.4501953125,-0.7695454861842335,-0.001736925332793,44.52127378321275,-44.41217640142168,-64.16296778322847,19.750791381806792,Normal,8128.419946289063,89.92475259563025,0.1226608770672685,NIFTY50,8.25630550179086,4.94821634062141,6.25
2016-12-19,8104.35009765625,-0.7815242142579318,-0.0043216675473717,42.47146821862464,-46.36439980430077,-60.60325418744293,14.238854383142154,Normal,8137.182446289063,77.10488034506818,-0.4258141441355951,NIFTY50,8.25630550179086,4.94821634062141,6.25
2016-12-20,8082.39990234375,-0.7890679044628268,-0.0027121205636996,41.19416063066205,-49.11656306733312,-58.30591596342097,9.189352896087854,Normal,8141.187451171875,71.61486457028873,-0.8208847308567656,NIFTY50,8.25630550179086,4.94821634062141,6.25
2016-12-21,8061.2998046875,-0.7962576316822689,-0.0026140364419853,39.9503630502708,-52.39628209707644,-57.12398919015207,4.7277070930756295,Normal,8142.587451171875,69.64125347199779,-1.1672341095505978,NIFTY50,8.25630550179086,4.94821634062141,6.25
2016-12-22,7979.10009765625,-0.8225360810491814,-0.0102491742213465,35.45869837486367,-60.92599549213628,-57.88439045054891,-3.041605041587367,Crash,8143.267456054687,67.86483500778685,-2.419034222651552,NIFTY50,8.25630550179086,4.94821634062141,6.25
2016-12-23,7985.75,-0.8209699629169349,0.0008330679821808,36.08476516405479,-66.38402949797091,-59.584318260033314,-6.799711237937601,Normal,8136.839965820312,76.31425758491538,-1.979839293492356,NIFTY50,8.25630550179086,4.94821634062141,6.25
2016-12-26,7908.25,-0.8447921445569875,-0.0097521850030884,32.16839721376573,-76.08608999259377,-62.88467260654541,-13.201417386048362,Crash,8125.907470703125,91.88597938007292,-2.3687778284738816,NIFTY50,8.25630550179086,4.94821634062141,6.25
2016-12-27,8032.85009765625,-0.8087115058407169,0.0156328778358968,42.89859573244369,-72.88073256147163,-64.88388459753065,-7.996847963940979,Normal,8120.44248046875,94.09294583258396,-0.9309133860932516,NIFTY50,8.25630550179086,4.94821634062141,6.25
2016-12-28,8034.85009765625,-0.8085438267392541,0.0002489466427699,43.05431158275783,-69.37931881843815,-65.78297144171215,-3.596347376726001,Normal,8110.959985351563,92.59871006410714,-0.8219324831050143,NIFTY50,8.25630550179086,4.94821634062141,6.25
2016-12-29,8103.60009765625,-0.7875877332214392,0.0085200765943986,48.275940728223965,-60.36106795060914,-64.69859074349155,4.33752279288241,Normal,8106.494970703125,90.57044708532948,-0.0319626670733697,NIFTY50,8.25630550179086,4.94821634062141,6.25
2016-12-30,8185.7998046875,-0.7616016345428368,0.0100925025171995,53.737948509008994,-46.05036978157659,-60.968946551108566,14.918576769531974,Normal,8111.444970703125,92.12931956548856,0.8070702609663883,NIFTY50,8.25630550179086,4.94821634062141,6.25
2017-01-02,8179.5,-0.7641729371953994,-0.0007698979027411,53.2736326427055,-34.8160423047666,-55.73836570184017,20.922323397073576,Normal,8113.982470703125,93.32221030754592,0.7020571960411177,NIFTY50,6.79538341897911,3.32817337461298,6.25
2017-01-03,8192.25,-0.7604228809581063,0.0015575613575361,54.13732603396368,-24.600360751085645,-49.51076471168927,24.910403960603624,Normal,8116.437475585937,94.76458085039344,0.800009072310988,NIFTY50,6.79538341897911,3.32817337461298,6.25
2017-01-04,8190.5,-0.761483603115267,-0.0002136393470761,53.98981586141255,-16.45587679021355,-42.89978712739413,26.443910337180576,Normal,8120.859985351562,96.11212489571598,0.7245705442887527,NIFTY50,6.79538341897911,3.32817337461298,6.25
2017-01-05,8273.7998046875,-0.734163609785045,0.0101189259729877,59.62864703281812,-3.2423408140011816,-34.96829786471554,31.72595705071436,Normal,8122.207495117187,98.13904148626044,1.5446687401316823,NIFTY50,6.79538341897911,3.32817337461298,6.25
2017-01-06,8243.7998046875,-0.7449696218429358,-0.0036324930615801,56.92291842424989,4.753931997151994,-27.02385189234204,31.777783889494028,Normal,8121.309985351562,96.86958851848796,1.2644816728271742,NIFTY50,6.79538341897911,3.32817337461298,6.25
2017-01-09,8236.0498046875,-0.7480399576234672,-0.000940542632975,56.2132861103174,10.346408621307091,-19.54979978961221,29.8962084109193,Normal,8124.572485351562,99.68205566579682,1.118328856596687,NIFTY50,6.79538341897911,3.32817337461298,6.25
2017-01-10,8288.599609375,-0.7305445864864164,0.006360193250249,59.86674863937658,18.802078046968745,-11.879424222296018,30.68150226926476,Normal,8127.9124755859375,104.13108320721584,1.5431236172709626,NIFTY50,6.79538341897911,3.32817337461298,6.25
2017-01-11,8380.650390625,-0.6989111149756463,0.0110444941375065,65.32463404749024,32.55570384431849,-2.992398608973117,35.548102453291605,Bubble,8137.822485351562,118.0901288852302,2.056292998963852,NIFTY50,6.79538341897911,3.32817337461298,6.25
2017-01-12,8407.2001953125,-0.6898044729919194,0.0031629810720875,66.73000613584469,45.07826455697614,6.6217340242167335,38.4565305327594,Bubble,8150.502490234375,132.59754291596477,1.935916001405926,NIFTY50,6.79538341897911,3.32817337461298,6.25
2017-01-13,8400.349609375,-0.6927469094270189,-0.0008151796539613,65.98685224811774,53.82918971795516,16.06322516296442,37.76596455499074,Normal,8163.5474609375,143.81238945723513,1.6466046446430629,NIFTY50,6.79538341897911,3.32817337461298,6.25
2017-01-16,8412.7998046875,-0.6886956931873797,0.0014810071904502,66.71241177500049,61.06506757877469,25.06359364612648,36.00147393264821,Normal,8178.969946289062,153.35260467021038,1.5247856983016126,NIFTY50,6.79538341897911,3.32817337461298,6.25
2017-01-17,8398.0,-0.6945251061489903,-0.001760750075312,64.93905272556549,64.85769324874673,33.02241356665053,31.8352796820962,Normal,8194.749951171874,159.0252587984887,1.2780991545857323,NIFTY50,6.79538341897911,3.32817337461298,6.25
2017-01-18,8417.0,-0.6881194349514776,0.0022598879674375,66.1819104175672,68.6056741212451,40.13906567756945,28.466608443675653,Normal,8212.5349609375,163.15179192246748,1.253219695923809,NIFTY50,6.79538341897911,3.32817337461298,6.25
2017-01-19,8435.099609375,-0.6820030289496275,0.0021480547533008,67.36859108940948,72.20413881056811,46.55208030416918,25.65205850639893,Normal,8235.334936523437,160.65622771150197,1.2434293752389718,NIFTY50,6.79538341897911,3.32817337461298,6.25
2017-01-20,8349.349609375,-0.7137150382952248,-0.0102178802464588,57.13882478877794,67.36015372316433,50.71369498796821,16.64645873519612,Normal,8253.514916992188,151.2221297221691,0.6337345768035617,NIFTY50,6.79538341897911,3.32817337461298,6.25
2017-01-23,8391.5,-0.6992528963047534,0.0050356440298158,60.327769736864894,66.15979595556018,53.80291518148661,12.356880774073574,Normal,8277.677416992188,130.31338945191968,0.8734527087855977,NIFTY50,6.79538341897911,3.32817337461298,6.25
2017-01-24,8475.7998046875,-0.6694244482365405,0.0099957322821512,65.80711145315638,71.19015766877055,57.2803636789434,13.90979398982715,Normal,8299.82490234375,124.00166637322978,1.4191333672411135,NIFTY50,6.79538341897911,3.32817337461298,6.25
2017-01-25,8602.75,-0.6229454366486721,0.0148668985383623,72.06445979066567,84.44712151266867,62.71371524568846,21.73340626698021,Bubble,8328.219897460938,125.14797656336329,2.193643957160309,NIFTY50,6.79538341897911,3.32817337461298,6.25
2017-01-27,8641.25,-0.6086327291645931,0.0044653286907273,73.63994008009988,96.94249635888264,69.5594714683273,27.383024890555333,Bubble,8355.102392578125,131.92077456544197,2.169086774728768,NIFTY50,6.79538341897911,3.32817337461298,6.25
2017-01-30,8632.75,-0.6124606250299593,-0.0009841380903137,72.66556219685856,104.94949948501744,76.63747707166533,28.31202241335211,Bubble,8377.44990234375,139.37743687047936,1.831717553347576,NIFTY50,6.79538341897911,3.32817337461298,6.25
2017-01-31,8561.2998046875,-0.6406685447075872,-0.0083110852188643,64.89273124472363,104.32705616022211,82.1753928893767,22.151663270845432,Normal,8396.539892578125,136.9639592382329,1.202943555558252,NIFTY50,6.79538341897911,3.32817337461298,6.25
2017-02-01,8716.400390625,-0.5824249959126248,0.0179543284874153,71.91554675338402,115.02317088184644,88.74494848787066,26.2782223939758,Bubble,8422.747412109375,145.68587203034895,2.0156585839322307,NIFTY50,6.79538341897911,3.32817337461298,6.25
2017-02-02,8734.25,-0.5758891699423774,0.00204572496732,72.5949761924598,123.51641284030666,95.69924135835784,27.817171481948805,Bubble,8449.934912109375,150.7131977564753,1.8864644379056044,NIFTY50,6.79538341897911,3.32817337461298,6.25
2017-02-03,8740.9501953125,-0.5737707203396604,0.0007668233343177,72.86039115420881,129.29755630459658,102.4189043476056,26.87865195699098,Normal,8473.292431640624,158.00228782485573,1.69401194980526,NIFTY50,6.79538341897911,3.32817337461298,6.25
2017-02-06,8801.0498046875,-0.5503644274304214,0.0068521085989636,75.18220442956206,137.14773661787694,109.36467080165988,27.78306581621706,Bubble,8501.154931640625,164.40665049866504,1.8241042691232845,NIFTY50,6.79538341897911,3.32817337461298,6.25
2017-02-07,8768.2998046875,-0.5642136474278816,-0.0037280876822229,71.58811427255483,139.12269000727974,115.31627464278388,23.80641536449588,Normal,8527.767431640625,162.29968050832804,1.4820261647682849,NIFTY50,6.79538341897911,3.32817337461298,6.25
2017-02-08,8769.0498046875,-0.5644750952059774,8.553173850807276e-05,71.62157203457876,139.14440346043193,120.08190040631348,19.06250305411845,Normal,8551.78994140625,160.5839436812199,1.352936403857031,NIFTY50,6.79538341897911,3.32817337461298,6.25
2017-02-09,8778.400390625,-0.5612902397835543,0.0010657487804178,72.06327925758384,138.32163990494882,123.72984830604057,14.591791598908271,Normal,8571.67744140625,162.88681138246025,1.269120240394188,NIFTY50,6.79538341897911,3.32817337461298,6.25
2017-02-10,8793.5498046875,-0.5557749652981132,0.0017242727924366,72.80190815814076,137.30920986612364,126.44572061805718,10.863489248066458,Normal,8590.994921875,165.24645600097531,1.2257744445139795,NIFTY50,6.79538341897911,3.32817337461298,6.25
2017-02-13,8805.0498046875,-0.5517147449836363,0.0013069223565665,73.37733366229367,135.86859704520612,128.33029590348696,7.53830114171916,Normal,8611.229931640624,165.4509274472753,1.1714644096427975,NIFTY50,6.79538341897911,3.32817337461298,6.25
2017-02-14,8792.2998046875,-0.557436078776098,-0.0014490821077153,71.56943011134699,132.17445768927064,129.09912826064368,3.075329428626958,Normal,8630.204931640625,163.2429493299189,0.9929670697095576,NIFTY50,6.79538341897911,3.32817337461298,6.25
2017-02-15,8724.7001953125,-0.5851647056121339,-0.0077182103048163,62.74278245658357,122.38136590539943,127.75557578959484,-5.374209884195409,Normal,8646.53994140625,154.91772405648817,0.5045275121505775,NIFTY50,6.79538341897911,3.32817337461298,6.25
2017-02-16,8778.0,-0.5647387111756152,0.0060904853366915,66.27454991330531,117.56589247823104,125.71763912732207,-8.151746649091052,Normal,8664.58994140625,147.62463701362455,0.7682325991648911,NIFTY50,6.79538341897911,3.32817337461298,6.25
2017-02-17,8821.7001953125,-0.5478587893719251,0.0049660260841438,68.87934107953859,115.93935887813312,123.7619830774843,-7.822624199351168,Normal,8683.919970703126,141.16292459964748,0.97603690912563,NIFTY50,6.79538341897911,3.32817337461298,6.25
2017-02-20,8879.2001953125,-0.5252318022562826,0.0064968675020789,71.94927098053758,117.9306575233204,122.59571796665152,-4.665060443331129,Normal,8710.4125,123.70857342163846,1.3643977183151008,NIFTY50,6.79538341897911,3.32817337461298,6.25
2017-02-21,8907.849609375,-0.51410004954225,0.0032213817527225,73.35939201207707,120.43227601643412,122.16302957660808,-1.7307535601739517,Normal,8736.22998046875,106.30586337479066,1.614394761097889,NIFTY50,6.79538341897911,3.32817337461298,6.25
2017-02-22,8926.900390625,-0.5068603114085615,0.0021363673161383,74.28510986597593,122.53950637694834,122.23832493667614,0.3011814402722024,Normal,8758.785009765625,95.44205657150503,1.7614392113755803,NIFTY50,6.79538341897911,3.32817337461298,6.25
2017-02-23,8939.5,-0.5022680447342316,0.0014104252886116,74.90616550741282,123.79910576764269,122.55048110286944,1.2486246647732315,Normal,8775.622509765624,96.16747792187056,1.704084309744661,NIFTY50,6.79538341897911,3.32817337461298,6.25
2017-02-27,8896.7001953125,-0.5206648675276451,-0.0047992157934504,68.82532646870324,119.96092593322828,122.03257006894124,-2.071644135712944,Normal,8788.39501953125,94.32770057780584,1.1481799632326974,NIFTY50,6.79538341897911,3.32817337461298,6.25
2017-02-28,8879.599609375,-0.5282824435405976,-0.0019239764630964,66.50239128818376,114.2225795957711,120.4705719743072,-6.247992378536111,Normal,8800.7375,88.88275999163412,0.8872599071228598,NIFTY50,6.79538341897911,3.32817337461298,6.25
2017-03-01,8945.7998046875,-0.5019231482783014,0.0074276596143023,70.63439519808531,113.7059696458182,119.1176515086094,-5.411681862791227,Normal,8819.9625,74.84137796403694,1.6813867957905342,NIFTY50,6.79538341897911,3.32817337461298,6.25
2017-03-02,8899.75,-0.5216363943986966,-0.0051609401115677,64.65947262445854,108.33193504162956,116.96050821521344,-8.628573173583902,Normal,8829.12998046875,72.68659687883917,0.971568660023614,NIFTY50,6.79538341897911,3.32817337461298,6.25
2017-03-03,8897.5498046875,-0.5231429370082282,-0.0002472504647169,64.379264844078,102.71144294741862,114.11069516165448,-11.399252214235872,Normal,8837.294970703126,70.60982721694658,0.8533491209267953,NIFTY50,6.79538341897911,3.32817337461298,6.25
2017-03-06,8963.4501953125,-0.4968743996176673,0.0073792833177025,68.74783732135184,102.39443394400588,111.76744291812476,-9.373008974118903,Normal,8848.419970703126,72.14266521556738,1.5944826028488943,NIFTY50,6.79538341897911,3.32817337461298,6.25
2017-03-07,8946.900390625,-0.5043746114536619,-0.001848072076356,66.54077749668448,99.65896459082978,109.34574725266576,-9.686782661835991,Normal,8855.7125,74.43738433723905,1.2250281419329974,NIFTY50,6.79538341897911,3.32817337461298,6.25
2017-03-08,8924.2998046875,-0.5143260116405888,-0.0025292759007722,63.54079171909567,94.57718015568209,106.39203383326904,-11.814853677586967,Normal,8863.5125,72.95420287121934,0.8332255345836977,NIFTY50,6.79538341897911,3.32817337461298,6.25
2017-03-09,8927.0,-0.513835258367823,0.0003025208654424,63.75106627506423,89.73332268691229,103.0602916039977,-13.32696891708541,Normal,8871.410009765625,70.70474087265228,0.7862271970489165,NIFTY50,6.79538341897911,3.32817337461298,6.25
2017-03-10,8934.5498046875,-0.5113598182927285,0.0008453695473995,64.36982686468366,85.51793931537577,99.55182114627333,-14.033881830897542,Normal,8879.21748046875,68.48002387557887,0.8080067892394992,NIFTY50,6.79538341897911,3.32817337461298,6.25
2017-03-14,9087.0,-0.4496425389666272,0.0169190589685852,74.01527621737185,93.4019942564464,98.32185576830794,-4.919861511861527,Bubble,8893.889990234375,79.68019420505156,2.4235634926876544,NIFTY50,6.79538341897911,3.32817337461298,6.25
2017-03-15,9084.7998046875,-0.4512710844910816,-0.0002421549155174,73.70516292901735,98.33903603142971,98.3252918209323,0.013744210497407,Bubble,8907.877490234376,87.44041856693676,2.023347067096757,NIFTY50,6.79538341897911,3.32817337461298,6.25
2017-03-16,9153.7001953125,-0.4227638521161115,0.0075555246752815,76.9606394372263,106.58274338611407,99.97678213396868,6.60596125214542,Bubble,8925.947509765625,98.89143382688796,2.303057774908614,NIFTY50,6.79538341897911,3.32817337461298,6.25
2017-03-17,9160.0498046875,-0.4207580512980483,0.0006934253912419,77.24029325420562,112.33339185190924,102.4481040775568,9.885287774352465,Bubble,8947.714990234375,100.16768488162874,2.119793571190621,NIFTY50,6.79538341897911,3.32817337461298,6.25
2017-03-20,9126.849609375,-0.4358021850224723,-0.0036310400180971,72.29878375225977,112.91028442152674,104.54054014635078,8.369744275175961,Normal,8965.157470703125,99.42968109295992,1.6261958893411712,NIFTY50,6.79538341897911,3.32817337461298,6.25
2017-03-21,9121.5,-0.4387977504601797,-0.0005863115999817,71.50497099940091,111.6487894256843,105.96219000221748,5.6865994234668165,Normal,8980.1474609375,99.26253563221908,1.4240270829493014,NIFTY50,6.79538341897911,3.32817337461298,6.25
2017-03-22,9030.4501953125,-0.4783431428886271,-0.0100320425436534,59.52563496277011,102.12485548605582,105.19472309898516,-3.069867612929343,Normal,8987.7099609375,96.90042505638402,0.4410737553538128,NIFTY50,6.79538341897911,3.32817337461298,6.25
2017-03-23,9086.2998046875,-0.4557828761145268,0.0061655414240061,63.55854075317436,97.95450735830129,103.7466799508484,-5.792172592547132,Normal,8996.632470703125,97.37453819217797,0.9208499023369702,NIFTY50,6.79538341897911,3.32817337461298,6.25
2017-03-24,9108.0,-0.4473287018889316,0.0023853850750034,65.01709339902558,95.30191962093522,102.05772788486578,-6.755808263930561,Normal,9005.687451171874,98.95626977783682,1.0339167902935706,NIFTY50,6.79538341897911,3.32817337461298,6.25
2017-03-27,9045.2001953125,-0.4746155440306134,-0.0069188963418471,57.80633242194789,87.12794857389781,99.0717720226722,-11.94382344877438,Normal,9010.9724609375,98.05379160949674,0.349070992698708,NIFTY50,6.79538341897911,3.32817337461298,6.25
2017-03-28,9100.7998046875,-0.4521633402997215,0.0061280484260037,61.841343703595065,84.16622558321251,96.09066273478028,-11.92443715156776,Normal,9021.17744140625,96.13705769909149,0.8282171847870395,NIFTY50,6.79538341897911,3.32817337461298,6.25
2017-03-29,9143.7998046875,-0.4347526543735885,0.0047137323415894,64.65641545316525,84.31682750694017,93.73589568921226,-9.419068182272085,Normal,9034.387451171877,93.78200301246773,1.166666844395287,NIFTY50,6.79538341897911,3.32817337461298,6.25
2017-03-30,9173.75,-0.4227411773415745,0.0032701122498964,66.5096563916828,85.86313430964037,92.16134341329789,-6.298209103657513,Normal,9045.7849609375,96.26780136699186,1.3292610534925513,NIFTY50,6.79538341897911,3.32817337461298,6.25
2017-03-31,9173.75,-0.4234689369972116,0.0,66.5096563916828,86.09613098629052,90.94830092789644,-4.852169941605908,Normal,9059.4849609375,93.8580516768482,1.2174239398865117,NIFTY50,6.79538341897911,3.32817337461298,6.25
2017-04-03,9237.849609375,-0.3968616746777375,0.0069629874333823,70.3664788025517,90.41088490262518,90.84081772284216,-0.4299328202169903,Normal,9076.499951171874,93.80217104319075,1.7201057972190543,NIFTY50,6.79538341897911,3.32817337461298,6.25
2017-04-05,9265.150390625,-0.3858197343304041,0.0029509594186491,71.85324522289918,94.9389067327702,91.6604355248278,3.2784712079424025,Normal,9091.5849609375,98.7915639828342,1.7568851295608434,NIFTY50,6.79538341897911,3.32817337461298,6.25
2017-04-06,9261.9501953125,-0.3879899258092279,-0.0003454609996294,71.40102495470873,97.14929108493196,92.75820663684864,4.391084448083348,Normal,9107.337451171876,99.62127187629557,1.552005322042206,NIFTY50,6.79538341897911,3.32817337461298,6.25
2017-04-07,9198.2998046875,-0.4164224989875885,-0.0068959675911915,62.919083071226034,92.6964352302457,92.74585235552804,-0.0494171252823463,Normal,9121.037451171876,91.64609507899208,0.843051233650828,NIFTY50,6.79538341897911,3.32817337461298,6.25
2017-04-10,9181.4501953125,-0.4243595883076911,-0.0018334976368336,60.85806209209449,86.80723248534741,91.55812838149193,-4.750895896144499,Normal,9133.7599609375,80.24405215666775,0.5943148818293816,NIFTY50,6.79538341897911,3.32817337461298,6.25
2017-04-11,9237.0,-0.4014978128588631,0.0060319921089607,64.93598535561071,85.6352519909342,90.37355310338036,-4.73830111244618,Normal,9148.882470703124,68.34242864319948,1.289353203365314,NIFTY50,6.79538341897911,3.32817337461298,6.25
2017-04-12,9203.4501953125,-0.4166884039959039,-0.003638722628744,60.81501325307219,81.06479565139671,88.51180161298365,-7.447005961586939,Normal,9154.70498046875,67.7507923797013,0.7194781512009903,NIFTY50,6.79538341897911,3.32817337461298,6.25
2017-04-13,9150.7998046875,-0.4398846033509878,-0.0057371491660003,54.92421214006435,72.3601072939091,85.28146274916874,-12.921355455259643,Normal,9158.00498046875,65.74429904856075,-0.1095939250326126,NIFTY50,6.79538341897911,3.32817337461298,6.25
2017-04-17,9139.2998046875,-0.4454256883397593,-0.0012575110864404,53.700655529489545,63.79819923839568,80.98481004701414,-17.186610808618454,Normal,9157.2849609375,65.87265551749452,-0.273029166787184,NIFTY50,6.79538341897911,3.32817337461298,6.25
2017-04-18,9105.150390625,-0.4604358266101692,-0.0037435443192956,50.12938532264211,53.63893682822709,75.51563540325674,-21.87669857502965,Normal,9154.539990234374,66.88741520019042,-0.7383989867384451,NIFTY50,6.79538341897911,3.32817337461298,6.25
2017-04-19,9103.5,-0.4617987258359252,-0.0001812754481099,49.95647414155559,44.93647572392547,69.39980346739048,-24.46332774346501,Normal,9153.372509765624,67.59619388583647,-0.7378005609288326,NIFTY50,6.79538341897911,3.32817337461298,6.25
2017-04-20,9136.400390625,-0.4488484442314553,0.0036075225852634,53.40674166287,40.2307441880912,63.56599161153063,-23.33524742343944,Normal,9154.117529296876,67.30791694909732,-0.2632251817460567,NIFTY50,6.79538341897911,3.32817337461298,6.25
2017-04-21,9119.400390625,-0.4566353547663366,-0.0018624222643066,51.433485902211366,34.729322110864814,57.79865771139747,-23.069335600532654,Normal,9158.5650390625,61.38438913366767,-0.6380229402009132,NIFTY50,6.79538341897911,3.32817337461298,6.25
2017-04-24,9217.9501953125,-0.4164915808169246,0.0107486360189436,60.53631625235049,37.884838269179454,53.81589382295387,-15.931055553774414,Normal,9165.14755859375,60.275928150173954,0.876015323848613,NIFTY50,6.79538341897911,3.32817337461298,6.25
2017-04-25,9306.599609375,-0.37970557652887,0.0095710926019384,66.60064079889085,46.997120845277095,52.45213922741852,-5.455018382141425,Bubble,9175.0775390625,66.41231327957043,1.9803868261423456,NIFTY50,6.79538341897911,3.32817337461298,6.25
2017-04-26,9351.849609375,-0.3510213045212094,0.0048503590177315,69.2021900135866,57.21048046079159,53.403807474093135,3.806672986698452,Bubble,9190.410009765625,70.14265877237455,2.301589395595564,NIFTY50,6.79538341897911,3.32817337461298,6.25
2017-04-27,9342.150390625,-0.366008612319635,-0.001037682638315,67.9798916408368,63.7867022483224,55.48038642893899,8.306315819383407,Bubble,9202.4775390625,74.53805388986554,1.8738462338830988,NIFTY50,6.79538341897911,3.32817337461298,6.25
2017-04-28,9304.0498046875,-0.3833685212668856,-0.0040866920407427,63.25358268574544,65.17273579911489,57.41885630297418,7.753879496140712,Normal,9210.4900390625,76.48610248166968,1.2232256918493316,NIFTY50,6.79538341897911,3.32817337461298,6.25
2017-05-02,9313.7998046875,-0.3799564974228516,0.0010473820656935,63.9444137305873,66.29372805914682,59.1938306542087,7.099897404938112,Normal,9217.492529296876,79.30445444362547,1.2143993179990482,NIFTY50,6.79538341897911,3.32817337461298,6.25
2017-05-03,9311.9501953125,-0.3815373137411648,-0.0001986077748364,63.69975838250522,66.26896708128879,60.60885793962472,5.660109141664073,Normal,9224.4025390625,81.28850844467173,1.0769991715322127,NIFTY50,6.79538341897911,3.32817337461298,6.25
2017-05-04,9359.900390625,-0.2658143123236678,0.0051361058723783,67.20308146628929,69.3194523562579,62.35097682295136,6.968475533306538,Normal,9230.505078125,86.74907398744529,1.4916045388418486,NIFTY50,6.79538341897911,3.32817337461298,6.25
2017-05-05,9285.2998046875,-0.3949515849651074,-0.0080021649798102,57.848964319395485,64.9684245355802,62.87446636547713,2.0939581701030647,Normal,9231.512548828125,87.28793832163484,0.6162049063546718,NIFTY50,6.79538341897911,3.32817337461298,6.25
2017-05-08,9314.0498046875,-0.3742597798759116,0.0030915084131222,60.15099643075244,63.112565991907104,62.922086290763126,0.1904797011439782,Normal,9234.117529296876,89.00465072675026,0.8980685249360998,NIFTY50,6.79538341897911,3.32817337461298,6.25
2017-05-09,9316.849609375,-0.3743916204718132,0.0003005549701442,60.37793837287237,61.16266048698344,62.57020113000719,-1.4075406430237507,Normal,9240.04501953125,90.42988386971486,0.8493275293198996,NIFTY50,6.79538341897911,3.32817337461298,6.25
2017-05-10,9407.2998046875,-0.2139628059334141,0.009661416055306,66.93025156706786,66.15334656375853,63.286830216757465,2.866516347001067,Normal,9251.3375,96.6175644560076,1.614223102865669,NIFTY50,6.79538341897911,3.32817337461298,6.25
2017-05-11,9422.400390625,-0.191121097266827,0.0016039118008357,67.88509719647533,70.5141491025297,64.73229399391192,5.781855108617776,Normal,9260.60751953125,103.796969042894,1.5587436953663802,NIFTY50,6.79538341897911,3.32817337461298,6.25
2017-05-12,9400.900390625,-0.2421456827060299,-0.0022844037397764,65.00708703376827,71.41205252632244,66.06824570039403,5.343806825928411,Normal,9270.480029296876,107.40190281901782,1.2143207699764378,NIFTY50,6.79538341897911,3.32817337461298,6.25
2017-05-15,9445.400390625,-0.1628481879652603,0.0047224209373486,68.02835404375247,74.85158310022052,67.82491318035933,7.026669919861192,Normal,9285.21005859375,110.28730595385872,1.452482048099622,NIFTY50,6.79538341897911,3.32817337461298,6.25
2017-05-16,9512.25,-0.0364899627719099,0.0070525497707111,71.94680874687974,82.02609488916823,70.66514952212111,11.360945367047124,Bubble,9303.857568359375,115.71408676157064,1.800925345157138,NIFTY50,6.79538341897911,3.32817337461298,6.25
2017-05-17,9525.75,0.029462708972708,0.0014182164368899,72.6751374075723,87.78930389886591,74.08998039747007,13.699323501395838,Bubble,9324.887548828125,115.9200620191902,1.7327669401921406,NIFTY50,6.79538341897911,3.32817337461298,6.25
2017-05-18,9429.4501953125,-0.1838692422060707,-0.0101608669092315,60.59067721178628,83.62215498382648,75.99641531474136,7.625739669085121,Normal,9341.18505859375,105.61112345835916,0.8357560626987516,NIFTY50,6.79538341897911,3.32817337461298,6.25
2017-05-19,9427.900390625,-0.1947625992278569,-0.0001643714140994,60.416563225718704,79.28070454844055,76.6532731614812,2.6274313869593584,Normal,9355.76005859375,95.49170662220747,0.7554617524708933,NIFTY50,6.79538341897911,3.32817337461298,6.25
2017-05-22,9438.25,-0.1601315719967574,0.0010971618691591,61.21803699104704,75.80140931931055,76.48290039304706,-0.6814910737365096,Normal,9371.7025390625,79.17671732463154,0.8404928012441987,NIFTY50,6.79538341897911,3.32817337461298,6.25
2017-05-23,9386.150390625,-0.2628461940996432,-0.0055353415058651,55.16297385724797,68.05553784413132,74.79742788326392,-6.741890039132599,Normal,9380.112548828123,70.43641801794712,0.0857204549404622,NIFTY50,6.79538341897911,3.32817337461298,6.25
2017-05-24,9360.5498046875,-0.2894968294185349,-0.0027312115289387,52.4193112267729,59.1690614529598,71.6717545972031,-12.50269314424331,Normal,9382.81005859375,68.47877435009751,-0.3250679369996391,NIFTY50,6.79538341897911,3.32817337461298,6.25
2017-05-25,9509.75,-0.0462107740682488,0.0158135595125637,63.73885096380649,63.43444098391774,70.02429187454604,-6.589850890628298,Bubble,9390.705078125,73.62997131237299,1.616799786189722,NIFTY50,6.79538341897911,3.32817337461298,6.25
2017-05-26,9595.099609375,0.1121905948561101,0.0089349226953205,68.37395752679119,72.8618787889809,70.59180925743301,2.2700695315478896,Bubble,9403.3525390625,85.60204196935024,2.23998243384375,NIFTY50,6.79538341897911,3.32817337461298,6.25
2017-05-29,9604.900390625,0.1237007011496037,0.0010209148022137,68.86610522277172,80.19954191216311,72.51335578837904,7.686186123784068,Bubble,9418.395068359376,93.31932497423249,1.998571274675664,NIFTY50,6.79538341897911,3.32817337461298,6.25
2017-05-30,9624.5498046875,0.1510141875848254,0.0020436799494468,69.87816377939487,86.60194300896183,75.33107323249561,11.270869776466212,Bubble,9433.932568359374,100.5753867196161,1.895267247239408,NIFTY50,6.79538341897911,3.32817337461298,6.25
2017-05-31,9621.25,0.1303110074297364,-0.0003429116745806,69.46975855287704,90.36792021219298,78.33844262843509,12.029477583757895,Normal,9449.39755859375,104.53344019612706,1.6439948889448055,NIFTY50,6.79538341897911,3.32817337461298,6.25
2017-06-01,9616.099609375,0.1064804038697103,-0.000535457415147,68.79392998769447,91.8777809316798,81.04631028908403,10.831470642595775,Normal,9462.20751953125,108.6073301154562,1.416958594600874,NIFTY50,6.79538341897911,3.32817337461298,6.25
2017-06-02,9653.5,0.1687204814703879,0.0038818074424912,71.0001893686767,94.9971869477231,83.83648562081186,11.160701326911235,Bubble,9480.617529296876,108.24761946150676,1.5971018260092358,NIFTY50,6.79538341897911,3.32817337461298,6.25
2017-06-05,9675.099609375,0.1990923268661886,0.0022349905117481,72.22164704961318,98.08162275718678,86.68551304808685,11.396109709099932,Bubble,9498.67001953125,109.10979978643913,1.616991234417774,NIFTY50,6.79538341897911,3.32817337461298,6.25
2017-06-06,9637.150390625,0.1589138662778416,-0.0039300721143596,66.89085619825714,96.35317612349354,88.6190456631682,7.734130460325346,Normal,9514.68505859375,104.42386848666904,1.1727714535579017,NIFTY50,6.79538341897911,3.32817337461298,6.25
2017-06-07,9663.900390625,0.1984650986370326,0.00277187158673,68.64757030193687,96.03484128372293,90.10220478727916,5.932636496443777,Bubble,9527.515087890624,106.28263496481308,1.2832322305476218,NIFTY50,6.79538341897911,3.32817337461298,6.25
2017-06-08,9647.25,0.1530003256921534,-0.0017244332330555,66.28988557055231,93.36278321086866,90.75432047199703,2.6084627388716086,Normal,9538.757568359377,106.4705181978357,1.018990359744773,NIFTY50,6.79538341897911,3.32817337461298,6.25
2017-06-09,9668.25,0.1807239025154125,0.0021744203643893,67.79233331135148,91.88054075252512,90.97956452810266,0.9009762244224646,Bubble,9552.125048828126,105.0246465756991,1.1056923775332523,NIFTY50,6.79538341897911,3.32817337461298,6.25
2017-06-12,9616.400390625,0.0641677873136579,-0.0053773061230002,60.6095748358238,85.53601681647342,89.89085498577681,-4.354838169303392,Normal,9560.675048828123,102.81625620831612,0.541989602149779,NIFTY50,6.79538341897911,3.32817337461298,6.25
2017-06-13,9606.900390625,0.0350627411392592,-0.0009883839285963,59.36841157839723,78.83263177464869,87.67921034355119,-8.846578568902501,Normal,9565.407568359376,102.64818052099496,0.4042236506777507,NIFTY50,6.79538341897911,3.32817337461298,6.25
2017-06-14,9618.150390625,0.0444868088520372,0.0011703481475408,60.40252637379002,73.5797502544192,84.85931832572479,-11.27956807130559,Bubble,9570.027587890623,102.84851437765548,0.4678998333186424,NIFTY50,6.79538341897911,3.32817337461298,6.25
2017-06-15,9578.0498046875,-0.0391894138320238,-0.0041779772935031,55.02651883333599,65.42682197712202,80.97281905600424,-15.545997078882223,Normal,9577.457568359376,97.38063725917968,0.0060816641253643,NIFTY50,6.79538341897911,3.32817337461298,6.25
2017-06-16,9588.0498046875,-0.0317140286021791,0.0010435092284018,56.07639176764359,59.09131609631004,76.5965184640654,-17.50520236775536,Bubble,9585.4650390625,90.79741361503164,0.028467392650189,NIFTY50,6.79538341897911,3.32817337461298,6.25
2017-06-19,9657.5498046875,0.0773447106086393,0.0072224616043765,62.60938656906344,58.99835489514589,73.07688575028149,-14.078530855135597,Bubble,9596.430029296876,85.1495778512386,0.7177930523320416,NIFTY50,6.79538341897911,3.32817337461298,6.25
2017-06-20,9653.5,0.0583579117831093,-0.0004194287506718,62.03042066658442,57.93011477790788,70.04753155580677,-12.117416777898896,Normal,9609.797509765624,70.04668593199932,0.623905180564868,NIFTY50,6.79538341897911,3.32817337461298,6.25
2017-06-21,9633.599609375,0.0112908924998077,-0.0020635967138743,59.13653341247946,54.845506718498655,67.00712658834514,-12.16161986984649,Normal,9623.45,38.34643856253176,0.2646819301992868,NIFTY50,6.79538341897911,3.32817337461298,6.25
2017-06-22,9630.0,-0.0053667946743097,-0.0003737213698258,58.60395657452708,51.51662265664345,63.90902580200481,-12.392403145361364,Normal,9629.4625,27.463609446883986,0.0195713531770074,NIFTY50,6.79538341897911,3.32817337461298,6.25
2017-06-23,9574.9501953125,-0.1095582739756467,-0.005732892290795,51.03433810499456,43.93000117833617,59.91322087727109,-15.983219698934915,Normal,9628.455029296874,29.11070539116503,-1.8379779282371067,NIFTY50,6.79538341897911,3.32817337461298,6.25
2017-06-27,9511.400390625,-0.2187075545931422,-0.0066592132681246,43.973150422323776,32.41594008859647,54.41376471953617,-21.997824630939697,Crash,9623.780029296877,38.94063304076504,-2.885922233319377,NIFTY50,6.79538341897911,3.32817337461298,6.25
2017-06-28,9491.25,-0.2549466040189016,-0.002120798705808,41.98930474751498,21.41810106428784,47.81463198848651,-26.39653092419867,Crash,9617.1150390625,48.928658777474936,-2.5724195636534524,NIFTY50,6.79538341897911,3.32817337461298,6.25
2017-06-29,9504.099609375,-0.2433623215110531,0.0013529218044662,43.73258965544901,13.5825196584683,40.96820952248287,-27.38568986401457,Normal,9611.25751953125,55.03847366773565,-1.9469636967615764,NIFTY50,6.79538341897911,3.32817337461298,6.25
2017-06-30,9520.900390625,-0.2261184425931191,0.0017661798283679,46.016835656084695,8.628978090850069,34.5003632361563,-25.871385145306235,Normal,9606.49755859375,58.59911012320702,-1.460724707060883,NIFTY50,6.79538341897911,3.32817337461298,6.25
2017-07-03,9615.0,-0.097397954543697,0.0098349558626024,56.63537081473677,12.156183843104372,30.03152735754592,-17.875343514441546,Normal,9604.57255859375,57.59760957627652,0.1810394820715642,NIFTY50,6.79538341897911,3.32817337461298,6.25
2017-07-04,9613.2998046875,-0.1087031290145098,-0.0001768430214008,56.4194320273115,14.645504007627096,26.95432268756216,-12.308818679935058,Normal,9601.482568359375,55.22363485655521,0.2139887451961503,NIFTY50,6.79538341897911,3.32817337461298,6.25
2017-07-05,9637.599609375,-0.078863192821598,0.0025245384198064,58.83521235909827,18.36737170125525,25.236932490300777,-6.869560789045526,Normal,9601.505029296875,55.23899466734027,0.6534257239019837,NIFTY50,6.79538341897911,3.32817337461298,6.25
2017-07-06,9674.5498046875,-0.0284722939644349,0.0038266315788128,62.26095041849101,24.021644059354003,24.993874804111424,-0.9722307447574215,Bubble,9602.0375,55.91924238103795,1.2967326022301109,NIFTY50,6.79538341897911,3.32817337461298,6.25
2017-07-07,9665.7998046875,-0.0525478384986206,-0.0009048440978294,60.96705408598536,27.479872897643872,25.49107442281792,1.988798474825959,Normal,9602.964990234375,56.85462915978191,1.105183788580104,NIFTY50,6.79538341897911,3.32817337461298,6.25
2017-07-10,9771.0498046875,0.1086813854472899,0.0108300502235875,69.24613571048332,38.27216189747014,28.04729191774836,10.22486997972178,Bubble,9608.10498046875,66.83778896406093,2.437914639970607,NIFTY50,6.79538341897911,3.32817337461298,6.25
2017-07-11,9786.0498046875,0.1236120782932018,0.0015339700917757,70.21573342415346,47.48809018055363,31.93545157030941,15.552638610244212,Bubble,9616.587451171876,77.81050229833785,2.1778853562193783,NIFTY50,6.79538341897911,3.32817337461298,6.25
2017-07-12,9816.099609375,0.1653460271204203,0.0030659727759677,72.11259267583081,56.56450741239314,36.86126273872616,19.70324467366698,Bubble,9627.047412109376,89.6067600724699,2.1097983803088898,NIFTY50,6.79538341897911,3.32817337461298,6.25
2017-07-13,9891.7001953125,0.2892809405349627,0.0076721863955028,76.21645655755268,69.06186671540308,43.30138353406155,25.76048318134153,Bubble,9640.72490234375,107.3063792302582,2.3388664753118364,NIFTY50,6.79538341897911,3.32817337461298,6.25
2017-07-14,9886.349609375,0.2638513418802196,-0.0005410630593885,75.37107959395627,77.63938789835629,50.1689844069205,27.47040349143579,Bubble,9656.139892578123,119.30266944692777,1.929627541982912,NIFTY50,6.79538341897911,3.32817337461298,6.25
2017-07-17,9915.9501953125,0.3051692994829134,0.0029896131536668,76.89773118894732,85.83618898088753,57.30242532171391,28.533763659173616,Bubble,9672.534912109377,131.3730349315628,1.8528557502681524,NIFTY50,6.79538341897911,3.32817337461298,6.25
2017-07-18,9827.150390625,0.1181230671283763,-0.0089955884194955,64.06764172116984,84.19624883992583,62.6811900253563,21.515058814569528,Normal,9681.01494140625,135.7555439693974,1.0764602678155948,NIFTY50,6.79538341897911,3.32817337461298,6.25
2017-07-19,9899.599609375,0.2319717648492437,0.0073453097434605,68.66171357435846,87.73131889940123,67.6912158001653,20.04010309923593,Bubble,9693.319921875,144.03137831257845,1.432185749499182,NIFTY50,6.79538341897911,3.32817337461298,6.25
2017-07-20,9873.2998046875,0.1695206928097259,-0.0026601885384835,65.39321534540404,87.4031834564048,71.6336093314132,15.769574124991609,Normal,9705.304931640623,148.69770715399622,1.1297744683641555,NIFTY50,6.79538341897911,3.32817337461298,6.25
2017-07-21,9915.25,0.231190491189225,0.0042398516888927,68.00914249257693,89.49650393532102,75.20618825219476,14.290315683126252,Bubble,9719.567431640626,154.65528306498027,1.2652821454353804,NIFTY50,6.79538341897911,3.32817337461298,6.25
2017-07-24,9966.400390625,0.3102189229430542,0.0051454987363173,70.89776256577613,94.1970397001678,79.00435854178937,15.192681158378434,Bubble,9739.13994140625,160.06537757158614,1.4197976643456918,NIFTY50,6.79538341897911,3.32817337461298,6.25
2017-07-25,9964.5498046875,0.2915092993140445,-0.0001856997207542,70.64921080465612,96.6587000143627,82.53522683630403,14.12347317805866,Normal,9761.797412109376,158.19286375991737,1.2816785015399494,NIFTY50,6.79538341897911,3.32817337461298,6.25
2017-07-26,10020.650390625,0.3801924184274893,0.0056142278030353,73.66350174281403,101.96108802745766,86.42039907453477,15.540688952922892,Bubble,9788.267431640625,154.79534610751085,1.501227038330837,NIFTY50,6.79538341897911,3.32817337461298,6.25
2017-07-27,10020.5498046875,0.363513749748397,-1.0037915545995924e-05,73.64889725981516,104.94540695976866,90.12540065158156,14.820006308187104,Normal,9814.08994140625,147.81533531999918,1.3967418389593618,NIFTY50,6.79538341897911,3.32817337461298,6.25
2017-07-28,10014.5,0.3359233885122448,-0.0006039221195206,72.715111447969,105.60498401759467,93.22131732478418,12.383666692810507,Normal,9838.769921875,137.1054423156797,1.2817148258811513,NIFTY50,6.79538341897911,3.32817337461298,6.25
2017-07-31,10077.099609375,0.4363345090271533,0.0062314413146132,76.09283467045152,109.91197210116115,96.55944828005956,13.352523821101585,Bubble,9861.87490234375,136.34542114899816,1.5785253748716084,NIFTY50,6.79538341897911,3.32817337461298,6.25
2017-08-01,10114.650390625,0.4911873147287501,0.0037194224908793,77.86314662166586,115.02933879510964,100.25342638306958,14.775912412040071,Bubble,9886.942431640626,134.31103949957367,1.6953778321780992,NIFTY50,6.79538341897911,3.32817337461298,6.25
2017-08-02,10081.5,0.4074232185347208,-0.0032828454686495,72.74206499164069,115.08332041378526,103.21940518921272,11.863915224572535,Normal,9909.137451171877,127.43999162626191,1.3524996873321025,NIFTY50,6.79538341897911,3.32817337461298,6.0
2017-08-03,10013.650390625,0.2634463570056492,-0.0067528598582955,63.53194507895186,108.40161842227644,104.25584783582548,4.145770586450965,Normal,9926.09248046875,116.69127241735016,0.7503381216300136,NIFTY50,6.79538341897911,3.32817337461298,6.0
2017-08-04,10066.400390625,0.3432643458912262,0.0052539828627585,67.02731953841149,106.1392978486183,104.63253783838404,1.506760010234245,Bubble,9946.122509765624,103.27026352032686,1.1646903644794246,NIFTY50,6.79538341897911,3.32817337461298,6.0
2017-08-07,10057.400390625,0.3129108818141927,-0.0008944632972548,65.8673252125696,102.43931109890218,104.19389249048768,-1.7545813915855035,Normal,9960.4400390625,97.4038476019022,0.9954468324371084,NIFTY50,6.79538341897911,3.32817337461298,6.0
2017-08-08,9978.5498046875,0.1575847680252793,-0.0078709511899248,56.62174151509745,92.08298629315505,101.77171125102116,-9.688724957866128,Normal,9970.0650390625,88.35510835946982,0.0960302780737971,NIFTY50,6.79538341897911,3.32817337461298,6.0
2017-08-09,9908.0498046875,0.0294168996423893,-0.0070902312842737,49.8801705288356,77.2957462169361,96.87651824420416,-19.58077202726807,Normal,9974.662548828124,82.09226905260083,-0.8114374825958579,NIFTY50,6.79538341897911,3.32817337461298,6.0
2017-08-10,9820.25,-0.1151164453025306,-0.0089009580382115,43.01178763288941,57.825465484520464,89.06630769226743,-31.240842207746965,Normal,9971.0900390625,87.28323488268258,-1.728167376761911,NIFTY50,6.79538341897911,3.32817337461298,6.0
2017-08-11,9710.7998046875,-0.2748642976230185,-0.0112079322048922,36.30126947624169,33.18092265801715,77.88923068541737,-44.70830802740022,Crash,9962.312548828126,103.56235795815482,-2.4286116027046374,NIFTY50,6.79538341897911,3.32817337461298,6.0
2017-08-14,9794.150390625,-0.1776202431310695,0.0085466604597317,43.52706580044055,20.143439576335368,66.34007246360098,-46.19663288726561,Normal,9956.22255859375,109.824108593346,-1.47574307722239,NIFTY50,6.79538341897911,3.32817337461298,6.0
2017-08-16,9897.2998046875,-0.0466933296081316,0.0104766643914226,50.94348727040182,17.92777572443083,56.65761311576695,-38.72983739133612,Normal,9959.730029296876,106.55652838979404,-0.5858883125489971,NIFTY50,6.79538341897911,3.32817337461298,6.0
2017-08-17,9904.150390625,-0.0447465600286941,0.0006919277268328,51.39998236273309,16.53403710357452,48.63289791332846,-32.098860809753944,Normal,9959.957568359376,106.42614796968252,-0.524374684220211,NIFTY50,6.79538341897911,3.32817337461298,6.0
2017-08-18,9837.400390625,-0.1502689427355991,-0.0067624124481208,46.82753252812555,9.928868245597188,40.89209197978221,-30.96322373418502,Normal,9958.16259765625,108.25171200171296,-1.1155685651358482,NIFTY50,6.79538341897911,3.32817337461298,6.0
2017-08-21,9754.349609375,-0.2692544633639204,-0.0084781889031269,41.840317573715005,-1.9844046430825983,32.31679265520925,-34.30119729829185,Normal,9950.117578125,117.21640496020466,-1.6701413835074042,NIFTY50,6.79538341897911,3.32817337461298,6.0
2017-08-22,9765.5498046875,-0.261088613706403,0.0011475670344457,42.726206593663214,-10.402088281443866,23.773016467878627,-34.17510474932249,Normal,9940.075048828125,124.14700779811876,-1.405795010576721,NIFTY50,6.79538341897911,3.32817337461298,6.0
2017-08-23,9852.5,-0.1589770738021529,0.0088643637399371,49.19592647503089,-9.942399331795968,17.02993330794371,-26.97233263973968,Normal,9934.47255859375,125.50523766081308,-0.6531405391644857,NIFTY50,6.79538341897911,3.32817337461298,6.0
2017-08-24,9857.0498046875,-0.1596257906223891,0.0004616853061997,49.51727711971459,-9.10599309324607,11.802748027705755,-20.908741120951824,Normal,9926.292529296876,124.9229521341931,-0.5542834477286025,NIFTY50,6.79538341897911,3.32817337461298,6.0
2017-08-28,9912.7998046875,-0.0916090399265944,0.0056399162238638,53.40633423170794,-3.8996236118400702,8.662273699796591,-12.56189731163666,Normal,9920.905029296877,122.95190586413484,-0.0659219111115812,NIFTY50,6.79538341897911,3.32817337461298,6.0
2017-08-29,9796.0498046875,-0.2590273827799286,-0.0118476083539409,45.501016195999576,-9.089509361599994,5.111917087517275,-14.20142644911727,Normal,9909.98251953125,123.89916021476952,-0.9195600248319372,NIFTY50,6.79538341897911,3.32817337461298,6.0
2017-08-30,9884.400390625,-0.1590437818460714,0.0089785730092648,51.367650976247326,-6.004165023960013,2.888700665221818,-8.892865689181832,Normal,9900.34755859375,117.54925290070626,-0.1356637118078574,NIFTY50,6.79538341897911,3.32817337461298,6.0
2017-08-31,9917.900390625,-0.1207399807353789,0.0033834484516002,53.41533833928019,-0.8460842463318841,2.141743682911078,-2.987827929242962,Normal,9890.51005859375,106.37213234763595,0.2574953742746702,NIFTY50,6.79538341897911,3.32817337461298,6.0
2017-09-01,9974.400390625,-0.0504065368192434,0.0056806050296273,56.72485986346418,7.711911624986897,3.2557772713262416,4.456134353660655,Normal,9885.155078125,98.6681023583651,0.9045001410471843,NIFTY50,6.79538341897911,3.32817337461298,6.0
2017-09-04,9912.849609375,-0.144637395358264,-0.0061899938685985,52.36072910079637,9.418975280577795,4.488416873176552,4.930558407401245,Normal,9880.1150390625,94.23386247122562,0.347375873747028,NIFTY50,6.79538341897911,3.32817337461298,6.0
2017-09-05,9952.2001953125,-0.0983669542513004,0.0039617959979342,54.75722072926021,13.78815764643332,6.3483650278279065,7.439792618605413,Normal,9874.405029296877,85.39763006788817,0.9109757021802656,NIFTY50,6.79538341897911,3.32817337461298,6.0
2017-09-06,9916.2001953125,-0.1540808452487194,-0.0036238487939692,52.17150852552373,14.182381350208743,7.915168292304074,6.267213057904669,Normal,9867.34501953125,74.6306724300535,0.6546259626300175,NIFTY50,6.79538341897911,3.32817337461298,6.0
2017-09-07,9929.900390625,-0.1419546855881304,0.0013806437621763,53.079558641355725,15.422516569258732,9.416637947695008,6.005878621563726,Normal,9864.912548828124,71.54436975033332,0.908357177841698,NIFTY50,6.79538341897911,3.32817337461298,6.0
2017-09-08,9934.7998046875,-0.1414653615321052,0.000493278440014,53.42014195354592,16.609213756471945,10.855153109450397,5.75406064702155,Normal,9866.250048828126,72.63498054618604,0.9437567869352684,NIFTY50,6.79538341897911,3.32817337461298,6.0
2017-09-11,10006.0498046875,-0.0535340942893639,0.0071461652446926,58.17485330094703,23.03344415948777,13.29081131945787,9.742632840029902,Normal,9875.5400390625,78.11693544228984,1.6706974599818527,NIFTY50,6.79538341897911,3.32817337461298,6.0
2017-09-12,10093.0498046875,0.0603618173100312,0.0086571582858433,63.12458822824217,34.74435465575698,17.581519986717694,17.162834669039285,Bubble,9894.6525390625,82.33700218591578,2.409576015131357,NIFTY50,6.79538341897911,3.32817337461298,6.0
2017-09-13,10079.2998046875,0.0316336336479557,-0.0013632524119145,61.87820863349489,42.42675627356584,22.550567244087325,19.87618902947852,Bubble,9908.910009765625,88.47737685733011,1.925800707186755,NIFTY50,6.79538341897911,3.32817337461298,6.0
2017-09-14,10086.599609375,0.0343674197977335,0.0007239751479918,62.30375132045242,48.54455670391872,27.749365136053605,20.79519156786511,Normal,9918.375,96.89488451006804,1.7361557343878178,NIFTY50,6.79538341897911,3.32817337461298,6.0
2017-09-15,10085.400390625,0.0246949618516115,-0.0001188993408102,62.180951128623136,52.688826694036834,32.73725744765025,19.951569246386583,Normal,9927.4375,103.72948566158615,1.522834993517161,NIFTY50,6.79538341897911,3.32817337461298,6.0
2017-09-18,10153.099609375,0.1142229033716876,0.0066901668857368,66.22777624686735,60.73582688066563,38.33697133425333,22.3988555464123,Bubble,9943.2224609375,112.92049471891366,1.8586276030753683,NIFTY50,6.79538341897911,3.32817337461298,6.0
2017-09-19,10147.5498046875,0.0969408847286114,-0.0005467613092135,65.60799373493799,65.90559101898361,43.850695271199385,22.05489574778423,Normal,9962.882470703124,112.53446585277104,1.6409846759834017,NIFTY50,6.79538341897911,3.32817337461298,6.0
2017-09-20,10141.150390625,0.0787326107248751,-0.0006308353135604,64.85431679254717,68.69442059223547,48.81944033540661,19.87498025682887,Normal,9981.6625,109.15985243264016,1.4610489760731002,NIFTY50,6.79538341897911,3.32817337461298,6.0
2017-09-21,10121.900390625,0.0426582679120342,-0.001900010615274,62.52743515778941,68.56094609159663,52.76774148664461,15.793204604952024,Normal,9995.13251953125,109.00422017818909,1.1629629649799194,NIFTY50,6.79538341897911,3.32817337461298,6.0
2017-09-22,9964.400390625,-0.191261802747366,-0.0156826515481897,47.50844515818149,55.11094816555124,53.23638282242594,1.874565343125297,Normal,10000.500048828126,104.39245297128537,-0.3458071649399354,NIFTY50,6.79538341897911,3.32817337461298,6.0
2017-09-25,9872.599609375,-0.2490125851755474,-0.0092555766090874,41.28397832209672,36.622016264340346,49.91350951080882,-13.291493246468477,Normal,9998.4900390625,106.53496765077914,-1.1816817751347957,NIFTY50,6.79538341897911,3.32817337461298,6.0
2017-09-26,9871.5,-0.2504288796281781,-0.0001113861252619,41.21432268844431,21.63132281593608,44.257072171834274,-22.6257493558982,Normal,10002.262548828125,100.13256272597432,-1.3058943591204513,NIFTY50,6.79538341897911,3.32817337461298,6.0
2017-09-27,9735.75,-0.3081137558063779,-0.0138471401230699,33.663133757414826,-1.189093108778252,35.16783911571177,-36.35693222449002,Crash,9994.830029296874,113.91055485919712,-2.2744163577915906,NIFTY50,6.79538341897911,3.32817337461298,6.0
2017-09-28,9768.9501953125,-0.2955308622026106,0.0034043309606841,36.71693091408478,-16.4063368071038,24.85300393114866,-41.25934073825246,Normal,9987.38251953125,123.65718693198774,-1.7664345246579842,NIFTY50,6.79538341897911,3.32817337461298,6.0
2017-09-29,9788.599609375,-0.288412585529477,0.002009394926278,38.52080837606712,-26.5742373086996,14.567555683179007,-41.1417929918786,Normal,9978.09248046875,131.4195593273929,-1.4418924554577444,NIFTY50,6.79538341897911,3.32817337461298,6.0
2017-10-03,9859.5,-0.2604071922446641,0.0072170540435651,44.65149479028201,-28.58182919247338,5.937678708048532,-34.51950790052191,Normal,9975.425,133.34090580488356,-0.86938812437371,NIFTY50,6.79538341897911,3.32817337461298,6.0
2017-10-04,9914.900390625,-0.2384945575882003,0.0056032582003749,48.93640042685276,-25.409605584975,-0.3317781505561745,-25.077827434418825,Normal,9973.560009765624,133.9423322636331,-0.4379468249452831,NIFTY50,6.79538341897911,3.32817337461298,6.0
2017-10-05,9888.7001953125,-0.2503951453166525,-0.0026460047490028,47.0800964506179,-24.72472112442847,-5.210366745330634,-19.514354379097835,Normal,9972.185009765624,134.70115975883544,-0.6197779930224265,NIFTY50,6.79538341897911,3.32817337461298,6.0
2017-10-06,9979.7001953125,-0.2137649131782611,0.0091603384813211,53.65569106623416,-16.647108272154583,-7.497715050695424,-9.149393221459158,Normal,9974.675,134.33816997604066,0.0374070549970792,NIFTY50,6.79538341897911,3.32817337461298,6.0
2017-10-09,9988.75,-0.2109773095203914,0.0009064103842389,54.26432142540581,-9.40686183707112,-7.879544407970564,-1.5273174291005551,Normal,9977.372509765624,134.03665594133807,0.084883423526734,NIFTY50,6.79538341897911,3.32817337461298,6.0
2017-10-10,10016.9501953125,-0.1988420400056951,0.0028192178944088,56.19486588915506,-1.377515154033972,-6.579138557183246,5.201623403149274,Normal,9977.917529296876,134.18148405605433,0.2908945767757224,NIFTY50,6.79538341897911,3.32817337461298,6.0
2017-10-11,9984.7998046875,-0.2147648101592684,-0.0032147605398203,53.42603490498419,2.364278182009002,-4.790455209344796,7.154733391353799,Normal,9972.505029296875,131.4483617561525,0.0935331199747658,NIFTY50,6.79538341897911,3.32817337461298,6.0
2017-10-12,10096.400390625,-0.1181410909634029,0.0111150462937749,60.670173376780255,14.17155015048229,-0.9980541373793792,15.169604287861668,Normal,9973.36005859375,132.23286464755475,0.930482239488608,NIFTY50,6.79538341897911,3.32817337461298,6.0
2017-10-13,10167.4501953125,-0.0325527933961375,0.0070124970121348,64.4601790684261,28.92855334700289,4.987267359497075,23.94128598750581,Normal,9977.402587890623,137.0259337369375,1.3869462680453508,NIFTY50,6.79538341897911,3.32817337461298,6.0
2017-10-16,10230.849609375,0.0464475353641885,0.0062161669177718,67.47233695191002,45.218140980634416,13.033442083724545,32.18469889690987,Normal,9984.675048828123,146.5857243992146,1.6793897329076746,NIFTY50,6.79538341897911,3.32817337461298,6.0
2017-10-17,10234.4501953125,0.0443062157417633,0.0003518722920273,67.64007924135569,57.75255819310223,21.977265305600085,35.77529288750215,Normal,9988.742578125,152.51402224911538,1.6110493550957723,NIFTY50,6.79538341897911,3.32817337461298,6.0
2017-10-18,10210.849609375,0.00403573689767,-0.00230865740736,65.26433382007372,65.03215390365949,30.58824302521197,34.443910878447525,Normal,9991.907568359376,156.58551850901588,1.3982266246608184,NIFTY50,6.79538341897911,3.32817337461298,6.0
2017-10-19,10146.5498046875,-0.0907224165583955,-0.0063171151882634,59.16691190101656,64.86510454052222,37.44361532827402,27.421489212248204,Normal,9992.1775390625,156.86078492578824,0.9841354912130122,NIFTY50,6.79538341897911,3.32817337461298,6.0
2017-10-23,10184.849609375,-0.0471352187722176,0.0037675566950721,61.47566292620572,67.05027701409927,43.36494766543908,23.68532934866019,Normal,9995.325,160.19678513054677,1.18307373784407,NIFTY50,6.79538341897911,3.32817337461298,6.0
2017-10-24,10207.7001953125,-0.0231378756971014,0.0022410729134023,62.82614235140283,69.8210397731491,48.65616608698108,21.16487368616801,Normal,10007.489990234377,166.82552211155414,1.2001173594064758,NIFTY50,6.79538341897911,3.32817337461298,6.0
2017-10-25,10295.349609375,0.0869246691205028,0.008549942456258,67.52827160895544,78.18815998225546,54.56256486603596,23.6255951162195,Normal,10028.627490234376,175.39672461180643,1.5206790191261672,NIFTY50,6.79538341897911,3.32817337461298,6.0
2017-10-26,10343.7998046875,0.1475302820522039,0.0046949884744854,69.80213499876021,87.71753572677517,61.19355903818381,26.52397668859136,Normal,10052.24248046875,184.6771569126467,1.578740593005,NIFTY50,6.79538341897911,3.32817337461298,6.0
2017-10-27,10323.0498046875,0.1091200115868579,-0.0020080474155119,67.61824816021712,92.52867016220262,67.46058126298757,25.06808889921504,Normal,10081.607470703126,178.28576367426052,1.3542434853379814,NIFTY50,6.79538341897911,3.32817337461298,6.0
2017-10-30,10363.650390625,0.1587506826784052,0.0039252889716531,69.6210287385745,98.48241288397912,73.66494758718589,24.81746529679323,Bubble,10111.34248046875,172.90713628046083,1.4592105079283677,NIFTY50,6.79538341897911,3.32817337461298,6.0
2017-10-31,10335.2998046875,0.109234488004063,-0.0027393276855447,66.526856705162,99.76313422501336,78.88458491475139,20.87854931026196,Normal,10138.677490234377,162.07382086878297,1.213165170038861,NIFTY50,6.79538341897911,3.32817337461298,6.0
2017-11-01,10440.5,0.2482161186031071,0.0101272726369556,71.57511854703996,108.02168493907084,84.71200491961528,23.30968001945556,Bubble,10167.727490234374,161.46846704652816,1.6893237097929752,NIFTY50,6.79538341897911,3.32817337461298,6.0
2017-11-02,10423.7998046875,0.2137485690709681,-0.0016008396193766,69.77607530739547,111.92883376487951,90.15537068866814,21.773463076211385,Normal,10193.1724609375,159.6166144246857,1.444883069229743,NIFTY50,6.79538341897911,3.32817337461298,6.0
2017-11-03,10452.5,0.2467966942976386,0.0027495498399802,71.11955584360297,116.00392225715404,95.32508100236532,20.67884125478872,Bubble,10221.362451171875,152.64780747312068,1.5141884620178707,NIFTY50,6.79538341897911,3.32817337461298,6.0
2017-11-06,10451.7998046875,0.2363835835729843,-6.699055402996047e-05,71.03659337297398,117.81881735002388,99.82382827189704,17.99498907812685,Normal,10244.967431640624,149.78625742076838,1.3808501301014322,NIFTY50,6.79538341897911,3.32817337461298,6.0
2017-11-07,10350.150390625,0.0764814398343636,-0.0097731435935725,60.07962904780258,109.78929395227168,101.81692140797198,7.972372544299716,Normal,10263.037451171876,138.6339568407767,0.6283665375949411,NIFTY50,6.79538341897911,3.32817337461298,6.0
2017-11-08,10303.150390625,0.0049379873752041,-0.0045513384645174,55.79437842418024,98.49790902295172,101.15311893096792,-2.655209908016218,Normal,10277.3474609375,126.09993710558012,0.2046228592952839,NIFTY50,6.79538341897911,3.32817337461298,6.0
2017-11-09,10308.9501953125,0.0059352112988251,0.0005627572809849,56.20945623390329,88.99156155741184,98.72080745625672,-9.72924589884488,Normal,10293.55498046875,105.70157009192742,0.1456479296415392,NIFTY50,6.79538341897911,3.32817337461298,6.0
2017-11-10,10321.75,0.0160592496045825,0.0012408504033945,57.16537640806551,81.55048671979421,95.28674330896423,-13.736256589170026,Normal,10304.8224609375,95.05386865675686,0.1780836414310154,NIFTY50,6.79538341897911,3.32817337461298,6.0
2017-11-13,10224.9501953125,-0.1094500675265933,-0.0094224882779228,48.53630906681197,67.06931276403157,89.64325719997771,-22.573944435946142,Normal,10307.6974609375,91.4827127583264,-0.904512591833564,NIFTY50,6.79538341897911,3.32817337461298,6.0
2017-11-14,10186.599609375,-0.1490954551047981,-0.0037577382836893,45.599516739525335,51.90003500009516,82.09461276000121,-30.194577759906053,Normal,10305.4849609375,93.94114679922282,-1.2655301283109648,NIFTY50,6.79538341897911,3.32817337461298,6.0
2017-11-15,10118.0498046875,-0.1888076888036268,-0.0067521545169891,40.84247028406731,33.95545934102665,72.4667820762063,-38.51132273517965,Normal,10299.66494140625,101.84673456804282,-1.7832200265332518,NIFTY50,6.79538341897911,3.32817337461298,6.0
2017-11-16,10214.75,-0.1336908873795627,0.0095118159148355,48.93535385170642,27.22333776023516,63.41809321301207,-36.19475545277692,Normal,10299.8599609375,101.67130033364435,-0.8371090038014949,NIFTY50,6.79538341897911,3.32817337461298,6.0
2017-11-17,10283.599609375,-0.0742448187261429,0.0067176011334316,53.78323150014502,27.130922594256845,56.16065908926103,-29.029736495004187,Normal,10306.712451171876,95.20760570415425,-0.2427625568979856,NIFTY50,6.79538341897911,3.32817337461298,6.0
2017-11-20,10298.75,-0.06390956911863,0.0014721733571545,54.800125273522525,27.957911416131537,50.520109554635134,-22.5621981385036,Normal,10312.407470703123,90.84094224263372,-0.1503448815694388,NIFTY50,6.79538341897911,3.32817337461298,6.0
2017-11-21,10326.900390625,-0.0356905967964916,0.0027296504663746,56.70622973885476,30.5328436607233,46.52265637585277,-15.989812715129467,Normal,10318.36748046875,87.45689339478339,0.0975670393153736,NIFTY50,6.79538341897911,3.32817337461298,6.0
2017-11-22,10342.2998046875,-0.0225047204477904,0.0014900834832817,57.75572806782896,33.4307313711779,43.9042713749178,-10.4735400037399,Normal,10320.714990234375,87.436645802273,0.2468623339227351,NIFTY50,6.79538341897911,3.32817337461298,6.0
2017-11-23,10348.75,-0.020633570456922,0.0006234768735595,58.21266303147438,35.83472471488312,42.290362042910864,-6.455637328027741,Normal,10320.9625,87.51240557063669,0.3175264103278631,NIFTY50,6.79538341897911,3.32817337461298,6.0
2017-11-24,10389.7001953125,0.0247060209238081,0.0039492101048355,61.09015337851665,40.57650459923934,41.94759055417656,-1.3710859549372216,Normal,10324.29501953125,88.85481997823375,0.7360903527492633,NIFTY50,6.79538341897911,3.32817337461298,6.0
2017-11-27,10399.5498046875,0.0307078025949281,0.0009475676238426,61.7720181672485,44.6148878251679,42.48105000837484,2.1338378167930614,Normal,10326.089990234375,90.04630408044342,0.8158004395993739,NIFTY50,6.79538341897911,3.32817337461298,6.0
2017-11-28,10370.25,-0.0140363505402264,-0.0028213872448567,58.488498518699885,44.933125160152485,42.971465038730365,1.9616601214221203,Normal,10327.8375,90.5720447939605,0.4682736278780415,NIFTY50,6.79538341897911,3.32817337461298,6.0
2017-11-29,10361.2998046875,-0.0316509974284628,-0.0008634372203591,57.48332240212732,43.95642230468184,43.16845649192066,0.787965812761179,Normal,10323.877490234376,87.04985384881468,0.4298952014108848,NIFTY50,6.79538341897911,3.32817337461298,6.0
2017-11-30,10226.5498046875,-0.1576243076600818,-0.0130904321504817,44.95640513149011,31.94098363097146,40.92296191973082,-8.981978288759365,Normal,10314.014990234376,86.30383761978752,-1.0134565038950347,NIFTY50,6.79538341897911,3.32817337461298,6.0
2017-12-01,10121.7998046875,-0.202290514400435,-0.0102957662243262,38.02013573810052,13.807053232698308,35.49978018232432,-21.69272694962601,Normal,10297.47998046875,89.97635479923895,-1.952514926540856,NIFTY50,6.79538341897911,3.32817337461298,6.0
2017-12-04,10127.75,-0.2008855799087088,0.0005876866933977,38.59965392253565,-0.0831279744434141,28.38319855097077,-28.46632652541419,Normal,10281.277490234375,89.9012289487282,-1.707735167023512,NIFTY50,6.79538341897911,3.32817337461298,6.0
2017-12-05,10118.25,-0.2057727142023994,-0.0009384570480314,37.98892218897478,-11.7226360088207,20.36203163901248,-32.084667647833186,Normal,10269.682470703125,95.3409353096482,-1.5883258351861391,NIFTY50,6.79538341897911,3.32817337461298,6.0
2017-12-06,10044.099609375,-0.2369590759719867,-0.0073553654573627,33.52958986971795,-26.62344826784647,10.964935657640693,-37.588383925487165,Normal,10256.729931640624,107.39012628984744,-1.9799801863695747,NIFTY50,6.79538341897911,3.32817337461298,6.0
2017-12-07,10166.7001953125,-0.1890294109815523,0.0121323342918719,45.02100357478232,-28.214368985540204,3.129074729004511,-31.34344371454472,Normal,10249.617431640623,108.45488745066596,-0.7645320397925124,NIFTY50,6.79538341897911,3.32817337461298,6.0
2017-12-08,10265.650390625,-0.1498566444356028,0.0096857156462463,52.20313441276007,-21.245822696862888,-1.7459047561689691,-19.49991794069392,Normal,10246.812451171874,107.2094309662098,0.1757115888345966,NIFTY50,6.79538341897911,3.32817337461298,6.0
2017-12-11,10322.25,-0.1149059600054577,0.0054983510599599,55.76292438393563,-11.028949241952432,-3.602513653325662,-7.42643558862677,Normal,10251.67744140625,108.36655208771056,0.6512393098622364,NIFTY50,6.79538341897911,3.32817337461298,6.0
2017-12-12,10240.150390625,-0.1630502228409013,-0.0079854534576269,49.95146115169536,-9.447846864262829,-4.771580295513096,-4.676266568749733,Normal,10254.35498046875,107.33058792578304,-0.132344284311311,NIFTY50,6.79538341897911,3.32817337461298,6.0
2017-12-13,10192.9501953125,-0.1835576566809408,-0.0046199820794001,46.92371323908194,-11.8666814153421,-6.190600519478897,-5.676080895863203,Normal,10258.1,103.56492757658594,-0.6290720827214626,NIFTY50,6.79538341897911,3.32817337461298,6.0
2017-12-14,10252.099609375,-0.1605601190196426,0.0057862005380184,50.93714316055166,-8.90807509663864,-6.734095434910846,-2.1739796617277944,Normal,10259.96748046875,103.07769751542664,-0.0763295192208941,NIFTY50,6.79538341897911,3.32817337461298,6.0
2017-12-15,10333.25,-0.1235834524926901,0.0078843267217833,55.86770608203177,-0.015026733304694,-5.390281694589616,5.375254961284922,Normal,10262.45,104.26782691559208,0.6790205770502342,NIFTY50,6.79538341897911,3.32817337461298,6.0
2017-12-18,10388.75,-0.0780051884907623,0.0053566386167099,58.90912415778094,11.379982972819562,-2.0362287611077803,13.416211733927344,Normal,10266.95,107.79923221684726,1.1298781771932132,NIFTY50,6.79538341897911,3.32817337461298,6.0
2017-12-19,10463.2001953125,-0.0145797940930727,0.0071408679743189,62.62965001876977,26.117057633910008,3.5944285178957776,22.52262911601423,Normal,10273.764990234376,115.80019608439424,1.635879829944904,NIFTY50,6.79538341897911,3.32817337461298,6.0
2017-12-20,10444.2001953125,-0.0365483675811934,-0.0018175387542658,61.10897513674368,35.84989894805403,10.045522603927427,25.8043763441266,Normal,10278.860009765624,121.09499896403992,1.3653758368334736,NIFTY50,6.79538341897911,3.32817337461298,6.0
2017-12-21,10440.2998046875,-0.0442443433691393,-0.0003735201388922,60.78270629088275,42.75565629306038,16.58754934175402,26.168106951306363,Normal,10283.4375,125.52523441428264,1.2496475742064157,NIFTY50,6.79538341897911,3.32817337461298,6.0
2017-12-22,10493.0,-0.0001350113524259,0.0050350692095142,63.60982204127146,51.88291017754637,23.64662150891249,28.236288668633875,Normal,10288.602490234374,132.08176166562322,1.5475074468121972,NIFTY50,6.79538341897911,3.32817337461298,6.0
2017-12-26,10531.5,0.0325125566539891,0.0036623979675021,65.56292617475324,61.51385940126056,31.220069087382104,30.293790313878457,Normal,10295.2,140.91535243636235,1.676893226426218,NIFTY50,6.79538341897911,3.32817337461298,6.0
2017-12-27,10490.75,-0.0116410318101436,-0.0038768496273459,61.78317665137953,65.1077499964631,37.9976052691983,27.1101447272648,Normal,10301.225,146.74842095322154,1.2914960090808325,NIFTY50,6.79538341897911,3.32817337461298,6.0
2017-12-28,10477.900390625,-0.0277545914015785,-0.0012256021006669,60.59685683233349,66.15646752123575,43.6293777196058,22.527089801629955,Normal,10307.055029296876,151.4999233376939,1.1276927246181532,NIFTY50,6.79538341897911,3.32817337461298,6.0
2017-12-29,10530.7001953125,0.0163411950123576,0.0050265048012466,63.68268905741596,70.43614267929115,48.99073071154288,21.44541196774828,Normal,10322.262548828125,158.1143831038791,1.3182712564955872,NIFTY50,6.79538341897911,3.32817337461298,6.0
2018-01-02,10442.2001953125,-0.0707996210004375,-0.0084395122885362,55.79527716830791,65.92664438227621,52.37791344568954,13.548730936586663,Normal,10338.282568359376,152.87936618239027,0.6797361184055938,NIFTY50,6.45385134497769,3.9388264669163,6.0
2018-01-03,10443.2001953125,-0.0737742395428883,9.5760673203421e-05,55.86179975994045,61.72203296002954,54.246737348557545,7.475295611471992,Normal,10354.055078125,146.13948209296285,0.6100002265697936,NIFTY50,6.45385134497769,3.9388264669163,6.0
2018-01-04,10504.7998046875,-0.0228926390861089,0.0058812093687898,59.86817849500094,62.63836569376872,55.92506301759978,6.7133026761689365,Normal,10373.382568359377,138.68311407158217,0.9476080574617984,NIFTY50,6.45385134497769,3.9388264669163,6.0
2018-01-05,10558.849609375,0.0220587863771386,0.005132056867763,63.03839590395579,66.95412800218219,58.13087601451627,8.82325198766592,Normal,10399.120068359374,120.99358281021571,1.3201488649705433,NIFTY50,6.45385134497769,3.9388264669163,6.0
2018-01-08,10623.599609375,0.0853690500815215,0.006113570815585,66.45688281361237,74.73765541758075,61.45223189512917,13.28542352245158,Normal,10421.9650390625,117.89462461803105,1.7102948583599995,NIFTY50,6.45385134497769,3.9388264669163,6.0
2018-01-09,10637.0,0.0951528108392851,0.0012605846162125,67.13434914491502,81.053126514631,65.37241081902954,15.680715695601464,Normal,10440.53251953125,121.1772182542206,1.6213235730215845,NIFTY50,6.45385134497769,3.9388264669163,6.0
2018-01-10,10632.2001953125,0.0816948480049319,-0.0004513385294137,66.61537044358445,84.69457242454519,69.23684314013268,15.457729284412508,Normal,10456.030029296877,125.01299586901624,1.4092148163556473,NIFTY50,6.45385134497769,3.9388264669163,6.0
2018-01-11,10651.2001953125,0.0985029011660317,0.0017854294613236,67.68045647541172,88.09804631493898,73.00908377509394,15.088962539845042,Normal,10476.58251953125,121.39019552005604,1.438482531749442,NIFTY50,6.45385134497769,3.9388264669163,6.0
2018-01-12,10681.25,0.1293050922274975,0.0028172876803263,69.3461528886389,92.15775476465024,76.8388179730052,15.31893679164503,Normal,10500.997509765624,109.90322514695164,1.6401019168760522,NIFTY50,6.45385134497769,3.9388264669163,6.0
2018-01-15,10741.5498046875,0.1989060510695639,0.0056295129008365,72.41810008141583,99.0984480292136,81.29074398424689,17.807704044966727,Bubble,10525.47001953125,105.98729470655056,2.0387329043024858,NIFTY50,6.45385134497769,3.9388264669163,6.0
2018-01-16,10700.4501953125,0.1359570724589855,-0.0038335658715686,67.45610327160728,100.1283847618015,85.05827213975782,15.07011262204368,Normal,10543.830029296874,102.69027345448934,1.525170405598708,NIFTY50,6.45385134497769,3.9388264669163,6.0
2018-01-17,10788.5498046875,0.2405313442374807,0.0081995535364297,71.90064225228511,106.82214010343704,89.41104573249368,17.411094370943374,Bubble,10563.82001953125,109.59411042812,2.0505644352453167,NIFTY50,6.45385134497769,3.9388264669163,6.0
2018-01-18,10817.0,0.2697765669506193,0.0026336022006909,73.17472406750757,113.11872023815522,94.152580633626,18.966139604529232,Bubble,10581.510009765623,120.50847320385692,1.9541363687847144,NIFTY50,6.45385134497769,3.9388264669163,6.0
2018-01-19,10894.7001953125,0.3648367543822976,0.0071574797298409,76.33117577778191,122.96114224626216,99.91429295615322,23.046849290108952,Bubble,10604.035009765625,134.75321397246702,2.157018574757441,NIFTY50,6.45385134497769,3.9388264669163,6.0
2018-01-22,10966.2001953125,0.4539241631389296,0.0065413824387291,78.80290000718247,134.97487866576012,106.9264100980746,28.04846856768552,Bubble,10630.330029296874,151.40325867999402,2.218381354165705,NIFTY50,6.45385134497769,3.9388264669163,6.0
2018-01-23,11083.7001953125,0.6088243539377622,0.0106577453981743,82.10937569976815,152.22239433726827,115.98560694591332,36.23678739135494,Bubble,10659.8650390625,178.41032282040112,2.375620140975016,NIFTY50,6.45385134497769,3.9388264669163,6.0
2018-01-24,11086.0,0.5990027476268822,0.000207472782716,82.16800659861046,164.18413725340906,125.6253130074125,38.55882424599656,Bubble,10687.5900390625,199.27692074206865,1.9992779869033463,NIFTY50,6.45385134497769,3.9388264669163,6.0
2018-01-25,11069.650390625,0.5614120715441668,-0.001475886471805,80.15686391509533,170.38058651387837,134.57636770870567,35.804218805172695,Normal,10716.53505859375,210.8856462152676,1.6744398605052384,NIFTY50,6.45385134497769,3.9388264669163,6.0
2018-01-29,11130.400390625,0.6374952994995503,0.0054729741150458,81.92695289201946,178.13984919357608,143.28906400567976,34.85078518789632,Bubble,10749.16005859375,222.19391194626849,1.715800080622561,NIFTY50,6.45385134497769,3.9388264669163,6.0
2018-01-30,11049.650390625,0.5015414209880558,-0.0072813500350772,72.65007602939905,175.7473644076581,149.78072408607545,25.966640321582645,Normal,10775.107568359375,225.61457797855093,1.216866501825628,NIFTY50,6.45385134497769,3.9388264669163,6.0
2018-01-31,11027.7001953125,0.4582814122068477,-0.0019884815852113,70.3191466146862,170.11907881646584,153.84839503215352,16.270683784312325,Normal,10804.382568359377,218.0019340564173,1.024383696042495,NIFTY50,6.45385134497769,3.9388264669163,6.0
2018-02-01,11016.900390625,0.4319133280319335,-0.0009798141281276,69.14368682300272,162.90925151135525,155.66056632799388,7.248685183361374,Normal,10833.067578125,205.3529111541337,0.8952043166411193,NIFTY50,6.45385134497769,3.9388264669163,6.0
2018-02-02,10760.599609375,0.0861937961590912,-0.0235392139330768,48.44636691215277,134.95836436050013,151.52012593449513,-16.561761573995,Normal,10845.857568359375,191.3176942711408,-0.4456355137938543,NIFTY50,6.45385134497769,3.9388264669163,6.0
2018-02-05,10666.5498046875,-0.0039592749981349,-0.0087786206983058,43.32176248040872,104.0189855708195,142.01989786176,-38.000912290940505,Normal,10851.242578125,184.1973314956712,-1.0026897346329953,NIFTY50,6.45385134497769,3.9388264669163,6.0
2018-02-06,10498.25,-0.1102329898242963,-0.0159040816546759,35.98603022804238,65.16770454319885,126.64945919804777,-61.48175465484891,Normal,10844.97509765625,194.21112961141583,-1.7852998350299965,NIFTY50,6.45385134497769,3.9388264669163,6.0
2018-02-07,10476.7001953125,-0.1200945290872353,-0.0020548141539544,35.16493859288772,32.266942058813584,107.77295577020094,-75.50601371138735,Normal,10836.960107421875,206.1845437460972,-1.7472692451331946,NIFTY50,6.45385134497769,3.9388264669163,6.0
2018-02-08,10576.849609375,-0.0811451409178718,0.0095138511458138,41.80995610631792,14.111404002715062,89.04064541670377,-74.9292414139887,Normal,10834.192578125,209.4236352135263,-1.2288153077259636,NIFTY50,6.45385134497769,3.9388264669163,6.0
2018-02-09,10454.9501953125,-0.1321923527353677,-0.0115920444485001,36.85821036736094,-9.998003903803692,69.23291555260228,-79.23091945640597,Normal,10824.380078125,222.6301854934168,-1.65938811034869,NIFTY50,6.45385134497769,3.9388264669163,6.0
2018-02-12,10539.75,-0.0995462742370111,0.0080782545170889,42.00402781409915,-22.008547001889383,50.98462304170395,-72.99317004359332,Normal,10817.305078125,229.55870020693047,-1.2090810667371987,NIFTY50,6.45385134497769,3.9388264669163,6.0
2018-02-14,10500.900390625,-0.1164278113382066,-0.0036928186917027,40.38040679251504,-34.26682115136464,33.93433420309023,-68.20115535445487,Normal,10805.272607421875,239.81617935928125,-1.269189666894323,NIFTY50,6.45385134497769,3.9388264669163,6.0
2018-02-15,10545.5,-0.099715237600322,0.0042382236684079,43.09958842459165,-39.92257341347249,19.162952679777685,-59.08552609325018,Normal,10797.52509765625,245.8088462608964,-1.0252889653481188,NIFTY50,6.45385134497769,3.9388264669163,6.0
2018-02-16,10452.2998046875,-0.1385866496256222,-0.0088771974425149,39.08760842509436,-51.33353366183837,5.063655411454475,-56.39718907329285,Normal,10780.71259765625,257.66813958621987,-1.2745572405503285,NIFTY50,6.45385134497769,3.9388264669163,6.0
2018-02-19,10378.400390625,-0.1691303472658493,-0.0070952702880844,36.20943941042693,-65.58385710173206,-9.065847091182832,-56.51801001054923,Normal,10758.7826171875,272.6463285041414,-1.395148904624705,NIFTY50,6.45385134497769,3.9388264669163,6.0
2018-02-20,10360.400390625,-0.1772528778431695,-0.0017358770846747,35.52330879359883,-77.43714347655987,-22.74010636825824,-54.69703710830163,Normal,10732.067626953123,284.5444544699176,-1.3061833765852504,NIFTY50,6.45385134497769,3.9388264669163,6.0
2018-02-21,10397.4501953125,-0.1638215145181912,0.003569718731482,38.122371512016514,-82.88589176123423,-34.769263446853444,-48.11662831438079,Normal,10703.630126953123,288.30925671908534,-1.0619843952459425,NIFTY50,6.45385134497769,3.9388264669163,6.0
2018-02-22,10382.7001953125,-0.1706779410720776,-0.0014196242279203,37.47471734531016,-87.38692370209174,-45.2927954979011,-42.09412820419063,Normal,10668.580126953126,282.2181907718798,-1.0129748577110884,NIFTY50,6.45385134497769,3.9388264669163,6.0
2018-02-23,10491.0498046875,-0.1294882723988946,0.010381515779008,44.88226764480921,-81.27423716769772,-52.48908383186043,-28.785153335837293,Normal,10638.8326171875,266.84062018293844,-0.5538242730761302,NIFTY50,6.45385134497769,3.9388264669163,6.0
2018-02-26,10582.599609375,-0.0943896170109177,0.0086886119084176,50.24593984227534,-68.25577484040514,-55.642422033569375,-12.613352806835763,Normal,10614.480078125,246.9361401674209,-0.1291041024954261,NIFTY50,6.45385134497769,3.9388264669163,6.0
2018-02-27,10554.2998046875,-0.1069450071786704,-0.002677764703635,48.669285270952415,-59.53581555801975,-56.42110073845945,-3.114714819560298,Normal,10585.675048828123,215.1407117630065,-0.1458359223761756,NIFTY50,6.45385134497769,3.9388264669163,6.0
2018-02-28,10492.849609375,-0.132711472692159,-0.005839305714195,45.34220892464332,-56.927477677285424,-56.52237612622464,-0.4051015510607811,Normal,10557.835009765626,185.9919466584376,-0.3493990011834614,NIFTY50,6.45385134497769,3.9388264669163,6.0
2018-03-01,10458.349609375,-0.1474901648243115,-0.0032933705438877,43.542502390458615,-56.98729868038754,-56.61536063705722,-0.3719380433303172,Normal,10529.36748046875,150.46998792041933,-0.4719736611616577,NIFTY50,6.45385134497769,3.9388264669163,6.0
2018-03-05,10358.849609375,-0.1878443492582891,-0.0095594759578815,38.76376033946937,-64.322061019795,-58.15670071360478,-6.165360306190223,Normal,10496.46494140625,102.57720901386848,-1.3415780498828351,NIFTY50,6.45385134497769,3.9388264669163,6.0
2018-03-06,10249.25,-0.2314343198055378,-0.0106366569240448,34.29850768215384,-78.07864353192599,-62.14108927726903,-15.937554254656966,Crash,10470.8974609375,96.8432742695193,-2.288723327555457,NIFTY50,6.45385134497769,3.9388264669163,6.0
2018-03-07,10154.2001953125,-0.2686065518148969,-0.0093170999384615,30.966962885604573,-95.54912828394116,-68.82269707860345,-26.72643120533772,Crash,10445.27998046875,109.32471863354232,-2.662524896423031,NIFTY50,6.45385134497769,3.9388264669163,6.0
2018-03-08,10242.650390625,-0.2365433402935365,0.008672981093711,37.09071282098685,-101.09209502160228,-75.27657666720322,-25.815518354399074,Normal,10432.5,117.4448039847358,-1.6165007129619338,NIFTY50,6.45385134497769,3.9388264669163,6.0
2018-03-09,10226.849609375,-0.2434719994408867,-0.0015438368683495,36.46835367946555,-105.54328974459531,-81.32991928268164,-24.21337046191367,Normal,10420.007470703124,125.50729016593895,-1.5390170648473285,NIFTY50,6.45385134497769,3.9388264669163,6.0
2018-03-12,10421.400390625,-0.1715148975054839,0.0188448453263506,48.03104603125763,-92.30820004329688,-83.5255754348047,-8.782624608492199,Normal,10412.235009765624,119.97451014220889,0.0763944011816399,NIFTY50,6.45385134497769,3.9388264669163,6.0
2018-03-13,10426.849609375,-0.1704454629760545,0.0005227507223954,48.31478639622233,-80.45218695774201,-82.91089773939217,2.4587107816501543,Normal,10410.82998046875,119.6119374196438,0.1339300177878294,NIFTY50,6.45385134497769,3.9388264669163,6.0
2018-03-14,10410.900390625,-0.1776810283802795,-0.0015308007692338,47.497382542845486,-71.51875612766162,-80.63246941704607,9.11371328938445,Normal,10404.3875,115.70898575900829,0.0562868180226203,NIFTY50,6.45385134497769,3.9388264669163,6.0
2018-03-15,10360.150390625,-0.1983661828040401,-0.0048866185464449,44.89463311866705,-67.75303389751025,-78.0565823131389,10.303548415628654,Normal,10397.35,113.794476321929,-0.3269017141900739,NIFTY50,6.45385134497769,3.9388264669163,6.0
2018-03-16,10195.150390625,-0.2629092638359221,-0.0160545978679463,37.667555773587786,-77.19296053887228,-77.88385795828559,0.6908974194133037,Normal,10379.83251953125,116.7168167827852,-1.582309507720306,NIFTY50,6.45385134497769,3.9388264669163,6.0
2018-03-19,10094.25,-0.3015166639893969,-0.0099462005278247,34.05704364366953,-91.7582566121473,-80.65873768905794,-11.099518923089365,Crash,10361.930029296876,131.53534165672946,-2.0350426427252137,NIFTY50,6.45385134497769,3.9388264669163,6.0
2018-03-20,10124.349609375,-0.2913615374542931,0.0029774200184666,36.026974373426604,-99.72302678651069,-84.47159550854849,-15.251431277962183,Normal,10349.227490234374,141.7327858563802,-1.5866327575558006,NIFTY50,6.45385134497769,3.9388264669163,6.0
2018-03-21,10155.25,-0.2808803965013653,0.0030474383256294,38.07226729275348,-102.3617981634452,-88.04963603952783,-14.312162123917377,Normal,10338.969970703123,148.15951006324204,-1.240014701889227,NIFTY50,6.45385134497769,3.9388264669163,6.0
2018-03-22,10114.75,-0.2967177903506653,-0.0039960585982851,36.42837210300849,-106.493464647785,-91.73840176117928,-14.755062886605728,Normal,10324.8349609375,155.58586334640754,-1.3502830939707662,NIFTY50,6.45385134497769,3.9388264669163,6.0
2018-03-23,9998.0498046875,-0.3404130959188899,-0.0116047001015945,32.124118548397135,-117.8263418368242,-96.95598977630826,-20.870352060515955,Normal,10305.60244140625,171.06087150444984,-1.7979134211925838,NIFTY50,6.45385134497769,3.9388264669163,6.0
2018-03-26,10130.650390625,-0.2938984434211124,0.0131754661607952,40.69814648158971,-114.7848018179884,-100.5217521846443,-14.26304963334411,Normal,10287.582470703124,169.47251323152224,-0.926003144024506,NIFTY50,6.45385134497769,3.9388264669163,6.0
2018-03-27,10184.150390625,-0.275201815558341,0.0052671078846415,43.783643482462686,-106.82593369134338,-101.78258848598412,-5.043345205359259,Normal,10267.660009765625,155.83775573910262,-0.5358753964631853,NIFTY50,6.45385134497769,3.9388264669163,6.0
2018-03-28,10113.7001953125,-0.3021337099034005,-0.0069416688147598,40.77504383494793,-104.99292229293133,-102.42465524737356,-2.5682670455577608,Normal,10245.630029296875,143.86718432870873,-0.9170252034886648,NIFTY50,6.45385134497769,3.9388264669163,6.0
2018-04-02,10211.7998046875,-0.2673528308884756,0.0096529355844099,46.307706794973534,-94.53469184781716,-100.84666256746227,6.311970719645132,Normal,10231.5775390625,131.65646714763494,-0.1502222777466929,NIFTY50,6.45385134497769,3.9388264669163,6.0
2018-04-03,10245.0,-0.2559812989891948,0.0032458864317621,48.07561169517824,-82.6151545015291,-97.20036095427568,14.58520645274656,Normal,10220.91005859375,120.48449764594494,0.1999422488114628,NIFTY50,6.45385134497769,3.9388264669163,6.0
2018-04-04,10128.400390625,-0.3003477426723043,-0.0114463840308595,42.75158409566041,-81.63639573874752,-94.08756791117004,12.451172172422517,Normal,10209.38759765625,117.58292620501842,-0.6887667252815302,NIFTY50,6.45385134497769,3.9388264669163,6.0
2018-04-05,10325.150390625,-0.230061583202794,0.0192393067589805,52.34229744333577,-64.24407595891898,-88.11886952071984,23.874793561800857,Normal,10213.1826171875,120.13437998083576,0.9320210705325276,NIFTY50,6.45385134497769,3.9388264669163,6.0
2018-04-06,10331.599609375,-0.2285940312073923,0.0006244175835545,52.62247725295272,-49.37102077860982,-80.36929977229785,30.998278993688032,Normal,10222.052587890625,122.08350165643012,0.8973122493870205,NIFTY50,6.45385134497769,3.9388264669163,6.0
2018-04-09,10379.349609375,-0.2116686944638337,0.0046110957157475,54.74392141192504,-33.34659269399526,-70.96475835663733,37.61816566264207,Normal,10228.887548828125,127.024033330464,1.1845164777238282,NIFTY50,6.45385134497769,3.9388264669163,6.0
2018-04-10,10402.25,-0.2040117329828231,0.0022039111834326,55.7668868481127,-18.58501140754379,-60.488808966818624,41.90379755927484,Normal,10237.657568359376,132.79963483913906,1.239404248663764,NIFTY50,6.45385134497769,3.9388264669163,6.0
2018-04-11,10417.150390625,-0.1993677416698163,0.0014313950343946,56.4565645386475,-5.619239792431472,-49.5148951319412,43.89565533950972,Normal,10237.445068359377,132.49319002172135,1.3563362934816767,NIFTY50,6.45385134497769,3.9388264669163,6.0
2018-04-12,10458.650390625,-0.1846705029518212,0.0039759006232568,58.401954725742186,7.913706513340003,-38.02917480288496,45.94288131622496,Normal,10239.035107421874,135.0519612666488,1.6261539717258435,NIFTY50,6.45385134497769,3.9388264669163,6.0
2018-04-13,10480.599609375,-0.1773417189999196,0.00209646733185,59.43423899957383,20.17719236243829,-26.38790136982031,46.5650937322586,Normal,10242.520068359376,140.5093079097102,1.6944040544887722,NIFTY50,6.45385134497769,3.9388264669163,6.0
2018-04-16,10528.349609375,-0.1601905953955377,0.0045456897177942,61.66309702818676,33.36451384121938,-14.437418327612374,47.80193216883176,Bubble,10250.930029296876,152.4469763760024,1.8197775165699883,NIFTY50,6.45385134497769,3.9388264669163,6.0
2018-04-17,10548.7001953125,-0.153447357301437,0.0019310664870136,62.60609725708208,44.93964705361395,-2.562005251367109,47.50165230498106,Normal,10268.60751953125,165.5719531894446,1.6916674013066275,NIFTY50,6.45385134497769,3.9388264669163,6.0
2018-04-18,10526.2001953125,-0.1631699813815609,-0.002135242220041,60.8246830543294,51.70147909120169,8.290691617146651,43.41078747405504,Normal,10290.205029296874,169.7508631733565,1.390244276841278,NIFTY50,6.45385134497769,3.9388264669163,6.0
2018-04-19,10565.2998046875,-0.1492820763183166,0.0037076219486611,62.80531486289348,59.52907725779005,18.53836874527533,40.99070851251472,Normal,10312.2525390625,175.6100669705051,1.4409610450607104,NIFTY50,6.45385134497769,3.9388264669163,6.0
2018-04-20,10564.0498046875,-0.1508371556353379,-0.000118318833714,62.69618223713506,64.88370172155192,27.80743534053065,37.07626638102126,Normal,10332.692529296875,180.10745600961133,1.2845513479368582,NIFTY50,6.45385134497769,3.9388264669163,6.0
2018-04-23,10584.7001953125,-0.1439880499535598,0.0019528716532068,63.81482602186163,69.9868295225424,36.243314176933005,33.74351534560939,Normal,10356.1900390625,180.8316281204866,1.263662549660538,NIFTY50,6.45385134497769,3.9388264669163,6.0
2018-04-24,10614.349609375,-0.1336820171830451,0.0027972417319144,65.41828406173697,75.55263129158084,44.10517759986257,31.447453691718263,Normal,10387.005029296875,168.6934530049983,1.3476787393248066,NIFTY50,6.45385134497769,3.9388264669163,6.0
2018-04-25,10570.5498046875,-0.1517020939728321,-0.0041350082660198,61.110225827630046,75.55830203251935,50.39580248639393,25.162499546125417,Normal,10409.0,162.05709678157754,0.9968696706028168,NIFTY50,6.45385134497769,3.9388264669163,6.0
2018-04-26,10617.7998046875,-0.1347110114727937,0.0044600055402558,63.87408313467372,78.47091241892304,56.01082447289976,22.46008794602328,Normal,10430.682470703125,159.37789759822658,1.174048201188327,NIFTY50,6.45385134497769,3.9388264669163,6.0
2018-04-27,10692.2998046875,-0.1072114105516325,0.0069920183274944,67.76416118444195,85.8016366542106,61.96898690916193,23.83264974504867,Normal,10459.612451171875,151.1102702533177,1.5398513491210957,NIFTY50,6.45385134497769,3.9388264669163,6.0
2018-04-30,10739.349609375,-0.090116280015843,0.0043906914829232,69.96389101289314,94.32054591158158,68.43929870964585,25.88124720193572,Normal,10485.98994140625,151.61903294029173,1.6710281226270909,NIFTY50,6.45385134497769,3.9388264669163,6.0
2018-05-02,10718.0498046875,-0.0996094043423739,-0.0019853115722468,67.71124150481498,98.22089728161336,74.39561842403936,23.82527885757401,Normal,10509.642431640625,148.9198149211061,1.3994603280784643,NIFTY50,6.45385134497769,3.9388264669163,6.0
2018-05-03,10679.650390625,-0.115716612939753,-0.0035891198524198,63.72759443656201,97.09420054053408,78.93533484733831,18.158865693195764,Normal,10537.204931640625,123.48630829747452,1.1535324113927583,NIFTY50,6.45385134497769,3.9388264669163,6.0
2018-05-04,10618.25,-0.1406227148893044,-0.0057658792280254,57.86527695729618,90.20693745375866,81.18965536862238,9.017282085136271,Normal,10551.859912109376,114.02545978191476,0.5822391597245216,NIFTY50,6.45385134497769,3.9388264669163,6.0
2018-05-07,10715.5,-0.104633381779659,0.0091170725845766,63.57988310198494,91.54076908145362,83.25987811118864,8.280890970264977,Normal,10571.054931640623,107.09779249755952,1.34872124803755,NIFTY50,6.45385134497769,3.9388264669163,6.0
2018-05-08,10717.7998046875,-0.1048883730869903,0.0002146010849736,63.705248020129744,91.72605441632732,84.95311337221638,6.772941044110937,Normal,10587.97744140625,101.82143979700356,1.2750002704741767,NIFTY50,6.45385134497769,3.9388264669163,6.0
2018-05-09,10741.7001953125,-0.0967943743490109,0.0022274890381628,65.05160626291828,92.7324936953155,86.5089894368362,6.223504258479295,Normal,10604.949951171877,97.42991739455032,1.4035754909536036,NIFTY50,6.45385134497769,3.9388264669163,6.0
2018-05-10,10716.5498046875,-0.107712674023447,-0.0023441242544579,62.427292724226966,90.45793497577506,87.29877854462397,3.1591564311510894,Normal,10619.919921875,89.75494097899512,1.076596806354246,NIFTY50,6.45385134497769,3.9388264669163,6.0
2018-05-11,10806.5,-0.0742631407351893,0.008358547680564,67.48026336977753,94.82052779905824,88.80312839551084,6.017399403547415,Bubble,10637.31240234375,90.55888909233455,1.8682605247480968,NIFTY50,6.45385134497769,3.9388264669163,6.0
2018-05-14,10806.599609375,-0.0754209424005516,9.217500201396874e-06,67.4854781312248,97.16588386090008,90.4756794885887,6.690204372311371,Normal,10653.61240234375,90.20526138916874,1.6959898422246584,NIFTY50,6.45385134497769,3.9388264669163,6.0
2018-05-15,10801.849609375,-0.0784655941615968,-0.00043964284789,66.93427198889661,97.5171926402836,91.88398211892768,5.633210521355935,Normal,10667.28740234375,90.94422356864152,1.4796124674118134,NIFTY50,6.45385134497769,3.9388264669163,6.0
2018-05-16,10741.099609375,-0.1033332145613973,-0.0056399112687945,60.16579810793992,91.83497367666132,91.8741804304744,-0.0392067538130902,Normal,10676.907373046875,87.86371735409368,0.7305886691480148,NIFTY50,6.45385134497769,3.9388264669163,6.0
2018-05-17,10682.7001953125,-0.1270323734873159,-0.0054518394722826,54.46415684523573,81.67789759844709,89.83492386406895,-8.157026265621866,Normal,10684.732373046874,80.38621071442502,-0.0252801782334741,NIFTY50,6.45385134497769,3.9388264669163,6.0
2018-05-18,10596.400390625,-0.1612002003876773,-0.0081112711974543,47.32671512657419,65.90495730456496,85.04893055216816,-19.1439732476032,Normal,10686.28740234375,78.22603988268878,-1.1490676487464948,NIFTY50,6.45385134497769,3.9388264669163,6.0
2018-05-21,10516.7001953125,-0.1923737758202326,-0.0075498691977662,41.86958063098895,46.43833656728566,77.32681175519167,-30.88847518790601,Crash,10683.919921875,82.70831569956677,-2.021800651459474,NIFTY50,6.45385134497769,3.9388264669163,6.0
2018-05-22,10536.7001953125,-0.1859333806353425,0.0018999311888009,43.62625190490051,32.25294041622692,68.31203748739873,-36.059097071171806,Normal,10681.519921875,86.35500106851673,-1.6770276737950118,NIFTY50,6.45385134497769,3.9388264669163,6.0
2018-05-23,10430.349609375,-0.2267385656347053,-0.01014463160082,37.19031882605946,12.287663751108994,57.10716274014079,-44.81949898903179,Crash,10672.319921875,102.2299814353931,-2.3669212211773614,NIFTY50,6.45385134497769,3.9388264669163,6.0
2018-05-24,10513.849609375,-0.1971613690782529,0.0079736104042513,44.15611144104447,3.1662912784267974,46.31898844779799,-43.1526971693712,Normal,10669.484912109376,105.9203649633472,-1.4693614659299177,NIFTY50,6.45385134497769,3.9388264669163,6.0
2018-05-25,10605.150390625,-0.1644129015170221,0.0086463705716234,50.60650759246125,3.267086947653297,37.708608147769056,-34.44152120011576,Normal,10668.85244140625,106.2823772358116,-0.599366070255588,NIFTY50,6.45385134497769,3.9388264669163,6.0
2018-05-28,10688.650390625,-0.1342261838068486,0.0078426983374126,55.65176930239744,9.969794814453053,32.16084548110586,-22.191050666652806,Normal,10668.669970703126,106.24312845749684,0.1880631737032061,NIFTY50,6.45385134497769,3.9388264669163,6.0
2018-05-29,10633.2998046875,-0.1563403073797438,-0.0051918994055849,51.86954863031784,10.692156859644456,27.86710775681358,-17.174950897169126,Normal,10663.36748046875,105.1709269942496,-0.2858934178919496,NIFTY50,6.45385134497769,3.9388264669163,6.0
2018-05-30,10614.349609375,-0.1645202527370227,-0.0017837455774774,50.60158111820521,9.62456559536804,24.21859932452448,-14.594033729156436,Normal,10658.182470703125,104.88902967848227,-0.4178974813904378,NIFTY50,6.45385134497769,3.9388264669163,6.0
2018-05-31,10736.150390625,-0.1201771352464665,0.0114097658238058,57.75047083978669,18.39475367212981,23.053830194045545,-4.659076521915736,Normal,10661.007470703124,106.2496996508811,0.7072294808247159,NIFTY50,6.45385134497769,3.9388264669163,6.0
2018-06-01,10696.2001953125,-0.1364979073788333,-0.0037280317361382,54.94191625961376,21.86944665694682,22.816953486625803,-0.947506829678982,Normal,10664.90498046875,106.02817146975671,0.2951594317806124,NIFTY50,6.45385134497769,3.9388264669163,6.0
2018-06-04,10628.5,-0.1632133073350904,-0.00634948413268,50.46315951437594,18.941974621182453,22.041957713537133,-3.0999830923546803,Normal,10660.55498046875,105.6270764631148,-0.3034731391050513,NIFTY50,6.45385134497769,3.9388264669163,6.0
2018-06-05,10593.150390625,-0.1774828803487083,-0.0033314696471618,48.25137532070257,13.612596356737413,20.35608544217719,-6.743489085439776,Normal,10654.322509765623,105.74896823476212,-0.5784653993486086,NIFTY50,6.45385134497769,3.9388264669163,6.0
2018-06-06,10684.650390625,-0.1446288203698027,0.0086005659099089,53.88550602137305,16.581173541497265,19.601103062041208,-3.019929520543944,Normal,10651.47001953125,104.0233343728245,0.3189704626735889,NIFTY50,6.45385134497769,3.9388264669163,6.25
2018-06-07,10768.349609375,-0.1143527703262204,0.0078030712197688,58.35237616499701,25.394883389482857,20.759859127529538,4.635024261953319,Normal,10654.060009765624,106.34787179830415,1.07467688517673,NIFTY50,6.45385134497769,3.9388264669163,6.25
2018-06-08,10767.650390625,-0.1157390910518469,-6.49348765086917e-05,58.30156929164218,31.95503310355344,22.99889392273432,8.956139180819115,Normal,10652.117529296876,103.73977724607413,1.1136794814401585,NIFTY50,6.45385134497769,3.9388264669163,6.25
2018-06-11,10786.9501953125,-0.1095471485940514,0.0017907833428202,59.35355779362674,38.27017717821218,26.05315057382989,12.21702660438229,Normal,10651.13505859375,102.28255911012404,1.3278425755120369,NIFTY50,6.45385134497769,3.9388264669163,6.25
2018-06-12,10842.849609375,-0.089504184341594,0.0051687522786096,62.31876745964696,47.24102477242195,30.2907254135483,16.95029935887365,Normal,10653.18505859375,105.81221181843176,1.792463719657467,NIFTY50,6.45385134497769,3.9388264669163,6.25
2018-06-13,10856.7001953125,-0.0853797181929699,0.0012765783569831,63.038267403258125,54.83599740936734,35.19977981271211,19.63621759665523,Normal,10658.965087890623,113.72856121609696,1.738658304541075,NIFTY50,6.45385134497769,3.9388264669163,6.25
2018-06-14,10808.0498046875,-0.1051743756174874,-0.0044912101364749,58.79182284062512,56.28062005330503,39.41594786083069,16.864672192474337,Normal,10665.232568359375,118.46091923164796,1.2056063489499722,NIFTY50,6.45385134497769,3.9388264669163,6.25
2018-06-15,10817.7001953125,-0.1026494742866654,0.0008924907821071,59.37640132684007,57.54090405436,43.04093909953655,14.499964954823447,Normal,10676.29755859375,121.97640555241264,1.1592622038529472,NIFTY50,6.45385134497769,3.9388264669163,6.25
2018-06-18,10799.849609375,-0.1105644520872646,-0.0016514905857463,57.74461539685196,56.44859088576232,45.72246945678171,10.726121428980605,Normal,10690.455029296874,118.87006131640668,0.920287066959112,NIFTY50,6.45385134497769,3.9388264669163,6.25
2018-06-19,10710.4501953125,-0.1456024597312241,-0.0083122903559554,50.29040981798996,47.81792399500228,46.14156036442583,1.6763636305764464,Normal,10699.142529296874,113.2583313155744,0.0998395957655327,NIFTY50,6.45385134497769,3.9388264669163,6.25
2018-06-20,10772.0498046875,-0.123736721374027,0.0057348798513441,54.63582118113062,45.42500083705636,45.998248458951934,-0.5732476218955753,Normal,10716.2275390625,94.85430058954104,0.5885053738001539,NIFTY50,6.45385134497769,3.9388264669163,6.25
2018-06-21,10741.099609375,-0.1364838357152508,-0.0028773301453849,52.16826404493995,40.56357821445272,44.91131441005209,-4.347736195599374,Normal,10727.5900390625,82.08759563908382,0.1645750518982006,NIFTY50,6.45385134497769,3.9388264669163,6.25
2018-06-22,10821.849609375,-0.1074705146259872,0.0074897340489533,57.55449826295091,42.73410375840285,44.475872279722246,-1.7417685213193934,Normal,10738.425,79.33094083911155,1.0516024200972407,NIFTY50,6.45385134497769,3.9388264669163,6.25
2018-06-25,10762.4501953125,-0.1310663743294646,-0.0055039602444048,52.84078993164517,39.20924482906594,43.42254678959098,-4.213301960525044,Normal,10742.114990234377,78.60693120193342,0.2586948093150446,NIFTY50,6.45385134497769,3.9388264669163,6.25
2018-06-26,10769.150390625,-0.1296497644451614,0.0006223592623338,53.30534858784463,36.53526273181888,42.045089978036565,-5.509827246217689,Normal,10748.90751953125,74.46982511850038,0.2718264889374687,NIFTY50,6.45385134497769,3.9388264669163,6.25
2018-06-27,10671.400390625,-0.1674251749563832,-0.0091182990836827,46.1609915441745,26.226185445008014,38.881309071430856,-12.655123626422842,Normal,10751.76005859375,70.00305499875995,-1.1479451571102752,NIFTY50,6.45385134497769,3.9388264669163,6.25
2018-06-28,10589.099609375,-0.1988750502031228,-0.0077421690317812,41.15914275104517,11.285094645425488,33.36206618622978,-22.07697154080429,Normal,10744.40751953125,78.88755817673749,-1.968725027694522,NIFTY50,6.45385134497769,3.9388264669163,6.25
2018-06-29,10714.2998046875,-0.1545059581034116,0.0117541463075279,50.02973842890939,9.437986726006784,28.577250294185184,-19.1392635681784,Normal,10745.3125,78.40778642136802,-0.395530810496753,NIFTY50,6.45385134497769,3.9388264669163,6.25
2018-07-02,10657.2998046875,-0.1766785910539366,-0.0053341945569373,46.58634265141208,3.3362584503811377,23.529051925424376,-20.19279347504324,Normal,10746.752490234376,76.38801276891554,-1.1710304052218592,NIFTY50,6.45385134497769,3.9388264669163,6.25
2018-07-03,10699.900390625,-0.1621039886538828,0.0039893471097838,49.38997255389248,1.9160194095020413,19.20644542223991,-17.290426012737868,Normal,10752.089990234375,68.40251515431521,-0.7629777865863014,NIFTY50,6.45385134497769,3.9388264669163,6.25
2018-07-04,10769.900390625,-0.1374283346815908,0.0065208102070441,53.69126014685202,6.365507119247923,16.638257761641512,-10.27275064239359,Normal,10756.352490234374,66.61156456845366,0.2033866112948476,NIFTY50,6.45385134497769,3.9388264669163,6.25
2018-07-05,10749.75,-0.1459940539188146,-0.0018727438548922,52.31296768954213,8.171593028657298,14.94492481504467,-6.773331786387372,Normal,10755.422509765624,66.56507496114116,-0.0852175073630851,NIFTY50,6.45385134497769,3.9388264669163,6.25
2018-07-06,10772.650390625,-0.1385911112455911,0.0021280525268188,53.76557215272145,11.320305822027876,14.220001016441312,-2.899695194413436,Normal,10755.672509765624,66.62278087374034,0.254835968068492,NIFTY50,6.45385134497769,3.9388264669163,6.25
2018-07-09,10852.900390625,-0.1100072967557197,0.0074218103557948,58.53253137614868,20.05994911230846,15.387990635614742,4.671958476693717,Normal,10758.97001953125,69.80830876720186,1.3455471526604397,NIFTY50,6.45385134497769,3.9388264669163,6.25
2018-07-10,10947.25,-0.0759598240554201,0.0086559217967663,63.32077119614188,34.20510914330043,19.15141433715188,15.053694806148552,Bubble,10764.1900390625,79.62391628961689,2.2990574875977527,NIFTY50,6.45385134497769,3.9388264669163,6.25
2018-07-11,10948.2998046875,-0.0767405796547778,9.589206004582807e-05,63.371451727560846,44.981442770649664,24.31742002385144,20.664022746798224,Bubble,10768.77001953125,87.47274620006205,2.052408240912444,NIFTY50,6.45385134497769,3.9388264669163,6.25
2018-07-12,11023.2001953125,-0.049709422949506,0.0068179851871449,66.88690257122553,58.88679010380838,31.23129403984283,27.65549606396555,Bubble,10779.5275390625,104.18997666829851,2.3387341473908023,NIFTY50,6.45385134497769,3.9388264669163,6.25
2018-07-13,11018.900390625,-0.0525694183128417,-0.0003901447346433,66.49237035864905,68.76721410652317,38.738478053178895,30.028736053344275,Bubble,10789.587548828124,116.99608809811012,1.960004351637624,NIFTY50,6.45385134497769,3.9388264669163,6.25
2018-07-16,10936.849609375,-0.0850801599706217,-0.0074742300512774,59.30379921832228,69.17925362025744,44.82663316659461,24.35262045366284,Normal,10796.437548828126,121.5505012145788,1.1551746734388062,NIFTY50,6.45385134497769,3.9388264669163,6.25
2018-07-17,11008.0498046875,-0.0595566705603792,0.0064890199591897,63.03809140753463,74.39349669873445,50.74000587302258,23.65349082571187,Normal,10811.317529296875,128.48788762391115,1.5311347943275972,NIFTY50,6.45385134497769,3.9388264669163,6.25
2018-07-18,10980.4501953125,-0.0712247385636746,-0.0025103689537061,60.71247129880361,75.42926250296841,55.67785719901175,19.751405303956663,Normal,10821.737548828123,133.48880821054354,1.188958449865306,NIFTY50,6.45385134497769,3.9388264669163,6.25
2018-07-19,10957.099609375,-0.0812201728740579,-0.0021288243184788,58.73807222760453,73.51844238873127,59.24597423695565,14.27246815177562,Normal,10832.537548828124,135.3462589820319,0.9203214147456572,NIFTY50,6.45385134497769,3.9388264669163,6.25
2018-07-20,11010.2001953125,-0.0624887513470229,0.0048345212961502,61.78184974145347,75.41948827271881,62.48067704410829,12.938811228610518,Normal,10841.955078125,140.99824062603594,1.193242670550265,NIFTY50,6.45385134497769,3.9388264669163,6.25
2018-07-23,11084.75,-0.035631367770458,0.0067481562013002,65.61665564004349,81.99642330478855,66.38382629624434,15.612597008544212,Normal,10858.070068359377,149.58962510205183,1.5153452753557022,NIFTY50,6.45385134497769,3.9388264669163,6.25
2018-07-24,11134.2998046875,-0.0180675045713762,0.0044601265367422,67.92064006001112,90.16755142971488,71.14057132293846,19.02698010677642,Normal,10876.3275390625,160.08114985503124,1.61150932423098,NIFTY50,6.45385134497769,3.9388264669163,6.25
2018-07-25,11132.0,-0.0202215774241216,-0.0002065726875009,67.69390708146784,95.35842179263818,75.9841414168784,19.37428037575978,Normal,10899.35751953125,162.16612459329323,1.4345935752747947,NIFTY50,6.45385134497769,3.9388264669163,6.25
2018-07-26,11167.2998046875,-0.0080432739586433,0.003166003819182,69.38332456644133,101.15457619116567,81.01822837173586,20.13634781942983,Normal,10928.267529296874,155.33944349709844,1.538773861997842,NIFTY50,6.45385134497769,3.9388264669163,6.25
2018-07-27,11278.349609375,0.0329418074187811,0.0098950766569342,73.99122083635436,113.40163797487185,87.49491029236306,25.906727682508787,Bubble,10956.47001953125,165.32968306143022,1.946895341982547,NIFTY50,6.45385134497769,3.9388264669163,6.25
2018-07-30,11319.5498046875,0.0474794918761024,0.0036463779405013,75.46648758089697,124.99121320954328,94.99417087579911,29.99704233374416,Bubble,10989.58251953125,168.5447836375422,1.9577424945161697,NIFTY50,6.45385134497769,3.9388264669163,6.25
2018-07-31,11356.5,0.0603968707131247,0.0032589651490718,76.74072097076738,135.59455738460383,103.11424817756009,32.48030920704376,Bubble,11022.4125,173.03727725115587,1.9307255945497024,NIFTY50,6.45385134497769,3.9388264669163,6.25
2018-08-01,11346.2001953125,0.054968623068778,-0.0009073639087465,75.56259147375775,141.5351468072622,110.79842790350052,30.73671890376169,Normal,11051.227490234374,176.71953992905142,1.6691572714401026,NIFTY50,6.45385134497769,3.9388264669163,6.5
2018-08-02,11244.7001953125,0.0139829851592895,-0.008985979419681,64.97629956289245,136.47965251666938,115.93467282613427,20.544979690535087,Normal,11075.975,166.64812373794817,1.0124638161412345,NIFTY50,6.45385134497769,3.9388264669163,6.5
2018-08-03,11360.7998046875,0.05692650450941,0.0102718922559686,70.13103717182923,140.22497879165712,120.79273401923886,19.43224477241825,Normal,11105.382470703124,162.13764617104297,1.5753117182602283,NIFTY50,6.45385134497769,3.9388264669163,6.5
2018-08-06,11387.099609375,0.0656977317443384,0.002312285273185,71.16630169519914,143.6593358905302,125.36605439349714,18.293281497033064,Normal,11132.092431640624,162.35643293741327,1.5706626040045932,NIFTY50,6.45385134497769,3.9388264669163,6.5
2018-08-07,11389.4501953125,0.0651831173024341,0.0002064040397692,71.26217404971814,144.900439209272,129.27293135665212,15.627507852619884,Normal,11154.20244140625,165.9298929887156,1.4177539059959965,NIFTY50,6.45385134497769,3.9388264669163,6.5
2018-08-08,11450.0,0.0905196297200194,0.0053022245304194,73.68906683725658,149.0517103974962,133.22868716482094,15.823023232675268,Normal,11179.287451171876,171.0089261937922,1.5830316864357488,NIFTY50,6.45385134497769,3.9388264669163,6.5
2018-08-09,11470.7001953125,0.1025172919764984,0.0018062450766348,74.48244832676797,152.25683348559323,137.03431642897542,15.222517056617818,Normal,11201.662451171876,178.61784366379345,1.5062198637165631,NIFTY50,6.45385134497769,3.9388264669163,6.5
2018-08-10,11429.5,0.0761830082850098,-0.0035982427589175,69.96066981007141,149.74622393155914,139.57669792949216,10.169526002066988,Normal,11222.192431640626,180.09657107502807,1.151091145833144,NIFTY50,6.45385134497769,3.9388264669163,6.5
2018-08-13,11355.75,0.0460294109505223,-0.0064735087435117,62.6308835016942,140.18952158658612,139.69926266091096,0.4902589256751639,Normal,11243.137451171877,169.19374511440407,0.6655834041144935,NIFTY50,6.45385134497769,3.9388264669163,6.5
2018-08-14,11435.099609375,0.0750393267022962,0.0069633147827702,66.67625665053049,137.43435871275688,139.24628187128016,-1.811923158523285,Normal,11264.48994140625,164.855380992132,1.0349050600713685,NIFTY50,6.45385134497769,3.9388264669163,6.5
2018-08-16,11385.0498046875,0.0541762608683347,-0.0043864642628158,62.1091258331962,129.71697479137947,137.34042045530003,-7.623445663920563,Normal,11284.719921875,152.52949624618984,0.6577736456335209,NIFTY50,6.45385134497769,3.9388264669163,6.5
2018-08-17,11470.75,0.0856086294354489,0.0074992428777844,66.35838470626524,129.02881807116864,135.67809997847377,-6.649281907305124,Normal,11310.40244140625,136.90564978006313,1.1712267452172085,NIFTY50,6.45385134497769,3.9388264669163,6.5
2018-08-20,11551.75,0.1385373277000775,0.0070366236698632,69.80506182034067,133.48078852603248,135.23863768798552,-1.7578491619530323,Normal,11337.479931640624,127.6474230931021,1.6786086484730187,NIFTY50,6.45385134497769,3.9388264669163,6.5
2018-08-21,11570.900390625,0.1492485078635599,0.001656418678663,70.57269123476996,136.97531746757886,135.5859736439042,1.3893438236746647,Normal,11361.787451171876,123.19838730019708,1.6973675064721474,NIFTY50,6.45385134497769,3.9388264669163,6.5
2018-08-23,11582.75,0.1544920090398769,0.0010235630416488,71.06290274835976,139.09749197343444,136.28827730981027,2.809214663624175,Normal,11384.2099609375,120.39353231269476,1.6490922331843996,NIFTY50,6.45385134497769,3.9388264669163,6.5
2018-08-24,11557.099609375,0.1316633685819801,-0.0022169894415104,68.40643497607289,137.12882269627335,136.4563863871029,0.6724363091704504,Normal,11405.46494140625,110.65425814767208,1.3703464331791777,NIFTY50,6.45385134497769,3.9388264669163,6.5
2018-08-27,11691.9501953125,0.2270807021267532,0.01160065459554,73.92503459827509,144.7810080644922,138.12131072258074,6.659697341911453,Bubble,11431.6974609375,113.37668905869292,2.295469523195133,NIFTY50,6.45385134497769,3.9388264669163,6.5
2018-08-28,11738.5,0.2584866397364331,0.0039734504070277,75.51497385693457,152.83975870623908,141.06500031931242,11.774758386926663,Bubble,11454.70498046875,126.54446152555168,2.2426506550343666,NIFTY50,6.45385134497769,3.9388264669163,6.5
2018-08-29,11691.900390625,0.2183851961643622,-0.0039777101577748,70.85708450692519,153.69448329072657,143.59089691359526,10.103586377131307,Normal,11473.322509765623,132.84716331764557,1.6453334448455037,NIFTY50,6.45385134497769,3.9388264669163,6.5
2018-08-30,11676.7998046875,0.2029968520207236,-0.0012923772322029,69.36399314079134,151.4080300751193,145.15432354590007,6.253706529219244,Normal,11489.3375,137.25598822062477,1.3657859822201284,NIFTY50,6.45385134497769,3.9388264669163,6.5
2018-08-31,11680.5,0.2019298315876048,0.0003168341695652,69.53340451464318,148.1863739900964,145.76073363473935,2.4256403553570465,Normal,11506.052490234377,139.24834217822797,1.2527797964182912,NIFTY50,6.45385134497769,3.9388264669163,6.5
2018-09-03,11582.349609375,0.1240275705880379,-0.0084384307760752,60.04790259962319,136.14389006747115,143.8373649212857,-7.693474853814564,Normal,11522.9349609375,125.70386820989587,0.4726556889903431,NIFTY50,6.45385134497769,3.9388264669163,6.5
2018-09-04,11520.2998046875,0.0866772091366156,-0.0053716742853734,54.944883984014766,120.20755624911908,139.1114031868524,-18.903846937733302,Normal,11530.9099609375,119.796957573161,-0.0885678273049715,NIFTY50,6.45385134497769,3.9388264669163,6.5
2018-09-05,11476.9501953125,0.0685545532587152,-0.0037699864738834,51.642939857322574,102.89384944700032,131.867892438882,-28.974042991881674,Normal,11535.402490234375,115.73597278470884,-0.5050486336742325,NIFTY50,6.45385134497769,3.9388264669163,6.5
2018-09-06,11536.900390625,0.0899477383763707,0.0052099348340707,55.61544465281381,92.93875172728258,124.08206429656212,-31.14331256927953,Normal,11542.775,110.52853545334403,-0.0531501602812733,NIFTY50,6.45385134497769,3.9388264669163,6.5
2018-09-07,11589.099609375,0.1138836785364875,0.0045143394792379,58.78988011494202,88.24408291009968,116.91446801926962,-28.670385109169946,Normal,11549.72998046875,108.74545836423114,0.3620346955031969,NIFTY50,6.45385134497769,3.9388264669163,6.5
2018-09-10,11438.099609375,0.0484382792752551,-0.0131151133900974,48.07773886766385,71.5147089603397,107.83451620748365,-36.31980724714394,Normal,11548.099951171876,110.22665941752668,-0.997946797790589,NIFTY50,6.45385134497769,3.9388264669163,6.5
2018-09-11,11287.5,-0.010316358115231,-0.0132539353477887,40.208644855985966,45.57902310698955,95.38341758738484,-49.80439448039529,Crash,11540.999951171874,122.19195395455712,-2.0746042842243955,NIFTY50,6.45385134497769,3.9388264669163,6.5
2018-09-12,11369.900390625,0.0189442082956035,0.0072736282619682,45.46788663686224,31.31287278049785,82.56930862600744,-51.25643584550959,Normal,11541.707470703124,121.09893783397646,-1.41873317100161,NIFTY50,6.45385134497769,3.9388264669163,6.5
2018-09-14,11515.2001953125,0.0716974931327783,0.0126983717276078,53.272905561857485,31.369715231616283,72.32938994712921,-40.95967471551293,Normal,11545.7125,118.6881576374622,-0.257079605032717,NIFTY50,6.45385134497769,3.9388264669163,6.5
2018-09-17,11377.75,0.01775455889543,-0.012008224872722,46.493673410402245,20.09207233811503,61.88192642532638,-41.78985408721135,Normal,11545.347509765625,119.2182721530192,-1.405803881728043,NIFTY50,6.45385134497769,3.9388264669163,6.5
2018-09-18,11278.900390625,-0.0206811982645989,-0.0087259356424517,42.32248714936783,3.1419038265339623,50.133921905567895,-46.99201807903393,Normal,11535.755029296875,132.51333539489576,-1.9383304925986269,NIFTY50,6.45385134497769,3.9388264669163,6.5
2018-09-19,11234.349609375,-0.038421598887873,-0.0039577439421343,40.55648557236759,-13.727856375719057,37.361566249310506,-51.08942262502956,Normal,11519.885009765623,148.5346202359603,-1.9223491461924969,NIFTY50,6.45385134497769,3.9388264669163,6.5
2018-09-21,11143.099609375,-0.0732695043453569,-0.0081555770621293,37.13823858745637,-34.06766443872948,23.07572011170251,-57.14338455043199,Crash,11498.494970703125,170.0467626404705,-2.089986047423533,NIFTY50,6.45385134497769,3.9388264669163,6.5
2018-09-24,10967.400390625,-0.1385992759141436,-0.0158931654278473,31.61322264070565,-63.6310680984825,5.734362469665506,-69.36543056814801,Crash,11467.727490234374,205.89112019709216,-2.4300567170183403,NIFTY50,6.45385134497769,3.9388264669163,6.5
2018-09-25,11067.4501953125,-0.1043215053189452,0.0090811137439312,37.33062426435467,-78.0869575651177,-11.029901537291137,-67.05705602782656,Normal,11443.24501953125,223.0976448789297,-1.6844410187417536,NIFTY50,6.45385134497769,3.9388264669163,6.5
2018-09-26,11053.7998046875,-0.1103285136845811,-0.0012341429492082,36.87761930513005,-89.6118370823915,-26.74628864631121,-62.86554843608029,Normal,11411.3375,231.1447642440797,-1.54681286630812,NIFTY50,6.45385134497769,3.9388264669163,6.5
2018-09-27,10977.5498046875,-0.1387711671132397,-0.0069219821576265,34.36873463063796,-103.70270465766409,-42.137571848581786,-61.565132809082286,Normal,11373.289990234374,237.01147450821188,-1.669708972394764,NIFTY50,6.45385134497769,3.9388264669163,6.5
2018-09-28,10930.4501953125,-0.1565177280587588,-0.0042997701241433,32.880673845719954,-117.31799476327431,-57.1736564315203,-60.14433833175403,Normal,11335.21748046875,244.1869989485961,-1.6576119404352765,NIFTY50,6.45385134497769,3.9388264669163,6.5
2018-10-01,11008.2998046875,-0.1302764376343879,0.0070970256859682,37.68336786947575,-120.43806239145124,-69.8265376235065,-50.61152476794474,Normal,11301.79248046875,240.69751585914145,-1.2193423547960704,NIFTY50,6.45385134497769,3.9388264669163,6.5
2018-10-03,10858.25,-0.1847955350758968,-0.0137243562680507,32.81021448972706,-133.4798312787225,-82.5571963545497,-50.92263492417278,Normal,11260.67998046875,242.82074633687725,-1.6573130036856063,NIFTY50,6.45385134497769,3.9388264669163,6.5
2018-10-04,10599.25,-0.2763138159693781,-0.0241419158184583,26.45161375007214,-162.83757235816847,-98.61327155527346,-64.22430080289502,Crash,11211.525,272.02654756136417,-2.250791349185806,NIFTY50,6.45385134497769,3.9388264669163,6.5
2018-10-05,10316.4501953125,-0.3720298147390402,-0.0270435163392156,21.542412383167573,-206.54248130023552,-120.19911350426588,-86.34336779596964,Crash,11151.33251953125,327.6169731530968,-2.54834881167346,NIFTY50,6.45385134497769,3.9388264669163,6.5
2018-10-08,10348.0498046875,-0.3627460436738698,0.0030583497307539,23.25632454720082,-235.9096920448701,-143.34122921238674,-92.56846283248336,Crash,11094.8875,363.8131522643462,-2.052805652198768,NIFTY50,6.45385134497769,3.9388264669163,6.5
2018-10-09,10301.0498046875,-0.3784994777257371,-0.0045522644623356,22.47007753366634,-259.9790487018363,-166.66879311027665,-93.31025559155964,Normal,11033.094970703123,388.8767050535106,-1.8824608327076149,NIFTY50,6.45385134497769,3.9388264669163,6.5
2018-10-10,10460.099609375,-0.3291444228766461,0.0153221686492236,30.97454585282429,-263.1863488574163,-185.9723042597046,-77.2140445977117,Normal,10976.644970703124,385.8502040137213,-1.3387199383462172,NIFTY50,6.45385134497769,3.9388264669163,6.5
2018-10-11,10234.650390625,-0.4033381015541479,-0.0217889211657315,26.53185835237666,-280.68446929147467,-204.91473726605864,-75.76973202541603,Normal,10916.472509765625,403.5323173009519,-1.689634485042064,NIFTY50,6.45385134497769,3.9388264669163,6.5
2018-10-12,10472.5,-0.330419616425872,0.0229737135285507,36.82655941228099,-272.2213814843526,-218.37606610971744,-53.84531537463516,Normal,10875.722509765625,405.239840090652,-0.9950218854972994,NIFTY50,6.45385134497769,3.9388264669163,6.5
2018-10-15,10512.5,-0.3182783192577118,0.0038122514600135,38.3900938974132,-259.2976359775257,-226.5603800832791,-32.7372558942466,Normal,10832.852490234374,395.4430742261315,-0.8101102563530619,NIFTY50,6.45385134497769,3.9388264669163,6.5
2018-10-16,10584.75,-0.2956140416897104,0.0068492606810225,41.2199566916842,-240.453702763034,-229.3390446192301,-11.114658143803922,Normal,10786.32998046875,364.46058561373,-0.5530913037669125,NIFTY50,6.45385134497769,3.9388264669163,6.5
2018-10-17,10453.0498046875,-0.3398906820742625,-0.0125205028099025,37.81067768165006,-233.45572277360952,-230.162380250106,-3.293342523503526,Normal,10740.094970703123,343.53758427327864,-0.8355568041349595,NIFTY50,6.45385134497769,3.9388264669163,6.5
2018-10-19,10303.5498046875,-0.3888783155667055,-0.0144053060779479,34.33868986981058,-237.23843676738213,-231.57759155356123,-5.66084521382092,Normal,10691.32744140625,332.0620049516836,-1.167786831785148,NIFTY50,6.45385134497769,3.9388264669163,6.5
2018-10-22,10245.25,-0.4078625937513018,-0.005674293551714,33.06364618075895,-242.1492263185719,-233.69191850656333,-8.457307812008509,Normal,10641.8724609375,320.3808945681047,-1.2379716383281048,NIFTY50,6.45385134497769,3.9388264669163,6.5
2018-10-23,10146.7998046875,-0.439060742726497,-0.0096558179456978,30.97219606687688,-251.0907525010589,-237.1716853054625,-13.919067195596398,Normal,10592.057470703125,315.76740691074485,-1.4100811428631126,NIFTY50,6.45385134497769,3.9388264669163,6.5
2018-10-24,10224.75,-0.4161073023971517,0.0076528861573851,34.50477374990412,-249.0165394566993,-239.54065613570987,-9.475883320989452,Normal,10554.924951171875,312.95939205553947,-1.0550089230531248,NIFTY50,6.45385134497769,3.9388264669163,6.5
2018-10-25,10124.900390625,-0.4475527351671441,-0.0098134767709648,32.22949304302999,-252.5188594495048,-242.1362967984689,-10.382562651035926,Normal,10507.7974609375,302.5111594736738,-1.2657287452756647,NIFTY50,6.45385134497769,3.9388264669163,6.5
2018-10-26,10030.0,-0.4768431991268989,-0.0094171730074026,30.19174568794851,-259.95553608119553,-245.7001446550142,-14.25539142618132,Normal,10456.607470703126,291.6839117236676,-1.462567709621505,NIFTY50,6.45385134497769,3.9388264669163,6.5
2018-10-29,10250.849609375,-0.4124133494495936,0.0217799888950051,39.74029098704146,-245.2019032233329,-245.600496368678,0.3985931453450462,Normal,10420.2724609375,267.64679260841734,-0.6330090860097672,NIFTY50,6.45385134497769,3.9388264669163,6.5
2018-10-30,10198.400390625,-0.4292732838399211,-0.0051297073253929,38.39704572469413,-235.03244873955555,-243.4868868428535,8.454438103297946,Normal,10383.669970703126,243.1387253339688,-0.7619912452187303,NIFTY50,6.45385134497769,3.9388264669163,6.5
2018-10-31,10386.599609375,-0.3728006350018791,0.0182855926765914,45.51368839842654,-209.37345186491984,-236.6641998472668,27.290747982346915,Normal,10352.5849609375,193.8166458578773,0.1754991078652883,NIFTY50,6.45385134497769,3.9388264669163,6.5
2018-11-01,10380.4501953125,-0.3754778158205308,-0.0005922280054286,45.329418510300975,-187.374778491032,-226.8063155760198,39.43153708498784,Normal,10328.694970703124,153.45111666502189,0.3372749950223847,NIFTY50,6.45385134497769,3.9388264669163,6.5
2018-11-02,10553.0,-0.3222131610817793,0.0164859314743341,51.28886602111318,-154.23936873880302,-212.2929262085765,58.053557469773466,Normal,10326.382470703124,149.4557544232339,1.516285071601401,NIFTY50,6.45385134497769,3.9388264669163,6.5
2018-11-05,10524.0,-0.3323848513487065,-0.0027518165109068,50.29653048725488,-128.83425433191042,-195.6011918332433,66.76693750133285,Normal,10336.7599609375,155.8007532908295,1.2017916159428592,NIFTY50,6.45385134497769,3.9388264669163,6.5
2018-11-06,10530.0,-0.33124797785485,0.0005699629678378,50.50988011411128,-106.98313330848396,-177.8775801282914,70.89444681980746,Normal,10345.857470703126,161.69538909548496,1.13882362587429,NIFTY50,6.45385134497769,3.9388264669163,6.5
2018-11-07,10598.400390625,-0.3101081296315612,0.0064747570397876,52.98736921045321,-83.18768672108854,-158.93960144685084,75.7519147257623,Normal,10360.725,170.77407500170682,1.3917533479401023,NIFTY50,6.45385134497769,3.9388264669163,6.5
2018-11-09,10585.2001953125,-0.3152081841385903,-0.0012462656636175,52.441765880984114,-64.64952977046596,-140.08158711157387,75.4320573411079,Normal,10366.980029296876,176.79056917767122,1.234342799113436,NIFTY50,6.45385134497769,3.9388264669163,6.5
2018-11-12,10482.2001953125,-0.3494060347954625,-0.009778218363148,48.26554536135548,-57.605110167893145,-123.58629172283771,65.98118155494458,Normal,10379.35751953125,175.70065897919173,0.5853289132707808,NIFTY50,6.45385134497769,3.9388264669163,6.5
2018-11-13,10582.5,-0.3183796109490954,0.0095230942540353,52.2530338577721,-43.42838548803775,-107.55471047587774,64.12632498784,Normal,10384.85751953125,180.4278621633417,1.0954099776996982,NIFTY50,6.45385134497769,3.9388264669163,6.5
2018-11-14,10576.2998046875,-0.3211867131248546,-0.0005860630609673,51.98628759751839,-32.3209571115076,-92.50795980300371,60.18700269149613,Normal,10388.047509765624,183.34380709814064,1.0267720404709748,NIFTY50,6.45385134497769,3.9388264669163,6.5
2018-11-15,10616.7001953125,-0.3089924093532712,0.0038126211073087,53.646760514962864,-20.02740278246893,-78.01184839889676,57.98444561642784,Normal,10389.64501953125,185.276922273821,1.2254908652124783,NIFTY50,6.45385134497769,3.9388264669163,6.5
2018-11-16,10682.2001953125,-0.2886378286381394,0.0061505716525058,56.28627898411893,-4.942396937412923,-63.3979581066,58.45556116918707,Normal,10401.1025390625,196.16938030791417,1.4329333956643973,NIFTY50,6.45385134497769,3.9388264669163,6.5
2018-11-19,10763.400390625,-0.2630094874785947,0.0075727031311441,59.374734058602506,13.410171905579771,-48.036332104164046,61.44650400974382,Normal,10424.095068359376,210.5551757704557,1.611479371257685,NIFTY50,6.45385134497769,3.9388264669163,6.5
2018-11-20,10656.2001953125,-0.299400799390164,-0.0100096255237306,53.954995254260886,19.084560154726205,-34.612153652386,53.69671380711221,Normal,10444.642578125,212.2286982876943,0.9968379342397672,NIFTY50,6.45385134497769,3.9388264669163,6.5
2018-11-21,10600.0498046875,-0.3184919946974511,-0.0052832010567947,51.31291934110695,18.83358462879005,-23.92300599615079,42.75659062494084,Normal,10467.305078125,202.73767045576568,0.6547610331325304,NIFTY50,6.45385134497769,3.9388264669163,6.5
2018-11-22,10526.75,-0.3429148386222833,-0.0069390631315694,48.00799216055943,12.575045770108773,-16.623395642898878,29.19844141300765,Normal,10482.405078125,194.81289677227144,0.2276282659398917,NIFTY50,6.45385134497769,3.9388264669163,6.5
2018-11-26,10628.599609375,-0.3114206303112543,0.0096288076690703,52.57837746052581,15.653081933305655,-10.168100127657972,25.82118206096363,Normal,10507.5900390625,177.995686591989,0.6798455211439206,NIFTY50,6.45385134497769,3.9388264669163,6.5
2018-11-27,10685.599609375,-0.2938813047497461,0.0053485599246426,54.96438855970594,22.43327457474697,-3.6478251871769833,26.08109976192396,Normal,10540.37001953125,142.17695493592348,1.0214706730018372,NIFTY50,6.45385134497769,3.9388264669163,6.5
2018-11-28,10728.849609375,-0.2806778999705124,0.0040393342237814,56.742871392694056,30.939883914055827,3.26971663306958,27.67016728098625,Normal,10564.27001953125,130.65618435073816,1.25963872786876,NIFTY50,6.45385134497769,3.9388264669163,6.5
2018-11-29,10858.7001953125,-0.2392559977406487,0.0120302816382299,61.64073189323759,47.61046636107494,12.137866578670652,35.47259978240429,Bubble,10597.285009765625,115.93520947490774,2.2548386010675587,NIFTY50,6.45385134497769,3.9388264669163,6.5
2018-11-30,10876.75,-0.2341657103775277,0.0016608635822544,62.28007331178998,61.56876504693355,22.02404627232324,39.54471877461032,Bubble,10621.792529296876,120.76040996453604,2.111267018536937,NIFTY50,6.45385134497769,3.9388264669163,6.5
2018-12-03,10883.75,-0.2327504974263394,0.000643367591871,62.54082728002944,72.36152025611409,32.09154106908141,40.26997918703268,Bubble,10646.95751953125,120.26035687874572,1.9689986510475728,NIFTY50,6.45385134497769,3.9388264669163,6.5
2018-12-04,10869.5,-0.2384173960104166,-0.0013101492455916,61.60715863698617,78.85599775326773,41.44443240591868,37.411565347349054,Normal,10662.78251953125,127.8315180087835,1.6171088608565642,NIFTY50,6.45385134497769,3.9388264669163,6.5
2018-12-05,10782.900390625,-0.2681634868109194,-0.0079991196888217,56.1236237800324,76.13738880228266,48.38302368519148,27.754365117091183,Normal,10675.7275390625,126.13553436211788,0.8496642290730018,NIFTY50,6.45385134497769,3.9388264669163,6.5
2018-12-06,10601.150390625,-0.3288644579090554,-0.0169990595794747,46.72396138660525,58.64118647541545,50.43465624323628,8.206530232179176,Normal,10679.28505859375,122.76751757758124,-0.6364441467131094,NIFTY50,6.45385134497769,3.9388264669163,6.5
2018-12-07,10693.7001953125,-0.3002605383240116,0.0086922786366063,51.20546267309452,51.647950422595386,50.6773150791081,0.970635343487288,Normal,10684.050048828123,121.30361388433585,0.0795536602361781,NIFTY50,6.45385134497769,3.9388264669163,6.5
2018-12-10,10488.4501953125,-0.367591453385002,-0.0193801309422876,42.63917366281788,29.2071193222655,46.38327592773958,-17.176156605474084,Normal,10679.212548828124,127.23719025936886,-1.4992656873887464,NIFTY50,6.45385134497769,3.9388264669163,6.5
2018-12-11,10549.150390625,-0.3494430051888092,0.0057706546437928,45.54078608792892,16.13460775209387,40.33354229261044,-24.198934540516568,Normal,10682.56005859375,122.57649174526112,-1.0883789058509068,NIFTY50,6.45385134497769,3.9388264669163,6.5
2018-12-12,10737.599609375,-0.2912157575401715,0.0177062390577531,53.41890656838536,20.74172744495627,36.415179323079606,-15.673451878123338,Normal,10690.3150390625,120.80638546776598,0.3914078724349965,NIFTY50,6.45385134497769,3.9388264669163,6.5
2018-12-13,10791.5498046875,-0.2746341665096309,0.0050118383410277,55.40772108398262,28.418640477739245,34.81587155401154,-6.397231076272291,Normal,10701.0775390625,119.69739226867422,0.7558415760798237,NIFTY50,6.45385134497769,3.9388264669163,6.5
2018-12-14,10805.4501953125,-0.2709706688847483,0.0012872521687673,55.929814418326366,35.21831984983146,34.896361213175524,0.3219586366559355,Normal,10710.5150390625,120.13471291842689,0.7902391735389747,NIFTY50,6.45385134497769,3.9388264669163,6.5
2018-12-17,10888.349609375,-0.2448729869939879,0.0076427198858132,59.01197071455323,46.75741427056164,37.268571824652746,9.488842445908894,Normal,10720.822509765623,126.26479291918832,1.326791861264092,NIFTY50,6.45385134497769,3.9388264669163,6.5
2018-12-18,10908.7001953125,-0.239071444492382,0.0018672794743268,59.75605219623708,56.88857585138248,41.19257262999869,15.69600322138379,Normal,10728.0875,132.85185810031987,1.3595044728400791,NIFTY50,6.45385134497769,3.9388264669163,6.5
2018-12-19,10967.2998046875,-0.2206659926004429,0.0053574464743618,61.90082603895973,68.85240546340538,46.72453919668003,22.12786626672535,Normal,10743.64248046875,141.89660832051334,1.576199226084085,NIFTY50,6.45385134497769,3.9388264669163,6.5
2018-12-20,10951.7001953125,-0.2267896793734267,-0.0014233871991216,60.96929826176236,76.19672016127879,52.61897538959978,23.577744771679008,Normal,10761.225,144.92185878332614,1.314330335752046,NIFTY50,6.45385134497769,3.9388264669163,6.5
2018-12-21,10754.0,-0.2935997849972327,-0.0182169348003537,50.5805946872996,65.31151843056614,55.15748399779305,10.154034432773088,Normal,10772.5875,134.07305643724382,-0.1386371019944635,NIFTY50,6.45385134497769,3.9388264669163,6.5
2018-12-24,10663.5,-0.323623923480248,-0.0084510833319759,46.66108988508393,48.81956244860339,53.88989968795512,-5.07033723935173,Normal,10774.33251953125,132.31596413457603,-0.8376352789790683,NIFTY50,6.45385134497769,3.9388264669163,6.5
2018-12-26,10729.849609375,-0.3034179546683389,0.0062028455871955,49.736309371311584,40.63501235648437,51.23892222166098,-10.603909865176613,Normal,10776.54501953125,131.1186826301303,-0.3561308672385891,NIFTY50,6.45385134497769,3.9388264669163,6.5
2018-12-27,10779.7998046875,-0.288276799058235,0.0046444536719637,51.98086225204393,37.74416946187375,48.53997166970354,-10.795802207829787,Normal,10779.092529296877,130.63730730031767,0.0054140383420416,NIFTY50,6.45385134497769,3.9388264669163,6.5
2018-12-28,10859.900390625,-0.2633737746872341,0.0074031480150774,55.41889112927253,41.43892140598837,47.11976161696051,-5.680840210972143,Normal,10779.1525390625,130.67607058665612,0.6179237805360381,NIFTY50,6.45385134497769,3.9388264669163,6.5
2018-12-31,10862.5498046875,-0.2633871716351421,0.0002439332627594,55.5322978202451,44.0727809295131,46.51036547947104,-2.4375845499579327,Normal,10778.442529296875,130.15541930410913,0.6462064802242874,NIFTY50,6.45385134497769,3.9388264669163,6.5
2019-01-02,10792.5,-0.287100300747128,-0.0064696271450112,51.7816565594422,40.04607356199449,45.217507095975726,-5.1714335339812365,Normal,10773.880029296875,127.84856405385574,0.1456408278100099,NIFTY50,3.87143694070356,3.72950573539129,6.5
2019-01-03,10672.25,-0.3267565374764645,-0.0112045337615006,46.03387497703549,26.842287749132083,41.542463226607,-14.700175477474914,Normal,10764.017529296874,127.69205498398946,-0.7186627962748383,NIFTY50,3.87143694070356,3.72950573539129,6.5
2019-01-04,10727.349609375,-0.3101802352669325,0.0051496039312523,48.836302302716376,20.58695673194052,37.3513619276737,-16.764405195733183,Normal,10761.239990234377,127.86375080925984,-0.2650507328690116,NIFTY50,3.87143694070356,3.72950573539129,6.5
2019-01-07,10771.7998046875,-0.2968722845345936,0.0041350713736188,51.04492086461567,18.99733169517458,33.68055588117388,-14.6832241859993,Normal,10769.7724609375,122.18631271899812,0.0165922328359515,NIFTY50,3.87143694070356,3.72950573539129,6.5
2019-01-08,10802.150390625,-0.2880016292831571,0.00281363456255,52.55105430142031,19.95653452810257,30.93575161055962,-10.979217082457057,Normal,10775.194970703124,121.03363468839407,0.22271015814135,NIFTY50,3.87143694070356,3.72950573539129,6.5
2019-01-09,10855.150390625,-0.2718509563143579,0.0048944331833999,55.14618115166829,24.70854205215619,29.69030969887893,-4.981767646722748,Normal,10793.52998046875,101.5097934323078,0.6070390656182602,NIFTY50,3.87143694070356,3.72950573539129,6.5
2019-01-10,10821.599609375,-0.2835711248773105,-0.0030955570407573,53.16392175404605,25.47363044505073,28.8469738481133,-3.37334340306257,Normal,10807.15244140625,83.70864772832007,0.1725887152739494,NIFTY50,3.87143694070356,3.72950573539129,6.5
2019-01-11,10794.9501953125,-0.2929922679118228,-0.0024656504210332,51.57800887664239,23.656881705781416,27.808955419646928,-4.152073713865512,Normal,10810.019970703124,82.16878017271583,-0.1834002568730866,NIFTY50,3.87143694070356,3.72950573539129,6.5
2019-01-14,10737.599609375,-0.3122028637417154,-0.0053268862323603,48.24275214903001,17.38893345400902,25.724951026519346,-8.336017572510325,Normal,10807.3224609375,83.67873740805258,-0.8332206450785871,NIFTY50,3.87143694070356,3.72950573539129,6.5
2019-01-15,10886.7998046875,-0.2659237153866008,0.0137994642136697,56.181289692725954,24.18199318533697,25.41635945828288,-1.2343662729458984,Normal,10811.38994140625,85.53938632171587,0.8815805972424307,NIFTY50,3.87143694070356,3.72950573539129,6.5
2019-01-16,10890.2998046875,-0.2656632556034112,0.0003214385839176,56.35042438193403,29.50781498982178,26.23465056459066,3.2731644252311227,Normal,10811.487451171875,85.63279361372837,0.9203524746737878,NIFTY50,3.87143694070356,3.72950573539129,6.5
2019-01-17,10905.2001953125,-0.2617188555691486,0.0013672907661065,57.109437245252245,34.53283115441991,27.894286682556512,6.638544471863398,Normal,10811.312451171874,85.42700170652085,1.0990406108734945,NIFTY50,3.87143694070356,3.72950573539129,6.5
2019-01-18,10906.9501953125,-0.262029133888127,0.0001604610249256,57.2035615576897,38.215874233186696,29.95860419268255,8.257270040504146,Normal,10808.294970703126,80.55403536909675,1.2247086586952258,NIFTY50,3.87143694070356,3.72950573539129,6.5
2019-01-21,10961.849609375,-0.2451701809485681,0.0050208086296924,60.15749719352744,45.045381194662696,32.975959593078585,12.06942160158411,Bubble,10808.80244140625,81.53104599274855,1.8771642888325373,NIFTY50,3.87143694070356,3.72950573539129,6.5
2019-01-22,10922.75,-0.2588188380082411,-0.0035732571466164,57.13288996810333,46.76373967650579,35.73351560976403,11.030224066741766,Normal,10817.23994140625,84.24770125027183,1.2523790801165664,NIFTY50,3.87143694070356,3.72950573539129,6.5
2019-01-23,10831.5,-0.2893070331739909,-0.0083892145371514,50.72327882113334,40.29790954488453,36.64639439678813,3.6515151480964008,Normal,10825.63994140625,76.09274391046192,0.0770120551920796,NIFTY50,3.87143694070356,3.72950573539129,6.5
2019-01-24,10849.7998046875,-0.28430939261842,0.0016880730581589,51.88898284035599,36.23266625962788,36.563648769356085,-0.3309825097282086,Normal,10831.637451171877,72.80128565086984,0.2494784721622288,NIFTY50,3.87143694070356,3.72950573539129,6.5
2019-01-25,10780.5498046875,-0.3073388504356892,-0.0064030621649687,47.32642678104342,27.110522189870608,34.67302345345899,-7.562501263588381,Normal,10831.674951171875,72.77336649932076,-0.7025255109622083,NIFTY50,3.87143694070356,3.72950573539129,6.5
2019-01-28,10661.5498046875,-0.3458885426028072,-0.011099773244971,40.70314948414202,10.161713905134093,29.770761543794013,-19.60904763865992,Normal,10821.757421875,81.69327642506252,-1.9610869363828067,NIFTY50,3.87143694070356,3.72950573539129,6.5
2019-01-29,10652.2001953125,-0.349560278672137,-0.0008773312978436,40.2268106254933,-3.97890773709878,23.02082768761545,-26.999735424714235,Normal,10811.23994140625,89.34714189285378,-1.7800205213555875,NIFTY50,3.87143694070356,3.72950573539129,6.5
2019-01-30,10651.7998046875,-0.3504509876649617,-3.758830501756102e-05,40.2051113924775,-15.044338672041704,15.407794415684023,-30.452133087725727,Normal,10804.204931640625,96.17841646181736,-1.5846084034210437,NIFTY50,3.87143694070356,3.72950573539129,6.5
2019-01-31,10830.9501953125,-0.2960673918142937,0.0166789208742785,52.540897855974805,-9.251191136203488,10.47599730530652,-19.72718844151001,Normal,10812.13994140625,91.13303913392733,0.2064043302517991,NIFTY50,3.87143694070356,3.72950573539129,6.5
2019-02-01,10893.650390625,-0.2770376763447855,0.0057722920298164,55.96492603057677,0.394751330035433,8.459748110252304,-8.064996780216871,Normal,10820.45498046875,90.57452327041098,0.8081236037834186,NIFTY50,3.87143694070356,3.72950573539129,6.5
2019-02-04,10912.25,-0.2719469534359182,0.0017059248691862,56.9569908529686,9.431344593271206,8.654067406856086,0.7772771864151196,Normal,10827.477490234374,92.03655671292267,0.921074329519359,NIFTY50,3.87143694070356,3.72950573539129,6.5
2019-02-05,10934.349609375,-0.2657317011527025,0.0020231630833451,58.16304510530846,18.166748671666937,10.556603659818258,7.610145011848679,Normal,10834.087451171876,94.82676278432116,1.0573192130492282,NIFTY50,3.87143694070356,3.72950573539129,6.5
2019-02-06,11062.4501953125,-0.2256172924024735,0.0116473337260757,64.3913630079322,35.02254791132873,15.449792510120352,19.572755401208376,Bubble,10844.45244140625,107.7051088327398,2.0240242665256294,NIFTY50,3.87143694070356,3.72950573539129,6.5
2019-02-07,11069.400390625,-0.2242732084264007,0.0006280717930916,64.69843151880642,48.38397260651982,22.036628529400247,26.347344077119573,Normal,10856.84248046875,118.63621650620438,1.791678093047872,NIFTY50,3.87143694070356,3.72950573539129,6.25
2019-02-08,10943.599609375,-0.2664081533023624,-0.0114298051881045,55.388058391798495,48.265551027465335,27.282413029013263,20.98313799845207,Normal,10864.274951171876,119.2096334658899,0.6654215426794502,NIFTY50,3.87143694070356,3.72950573539129,6.25
2019-02-11,10888.7998046875,-0.2848687112120283,-0.0050200547115384,51.88539187285389,43.25124142746608,30.476178708703834,12.77506271876225,Normal,10871.8349609375,115.48970078889003,0.1468948627809762,NIFTY50,3.87143694070356,3.72950573539129,6.25
2019-02-12,10831.400390625,-0.3039813828511544,-0.0052853608316248,48.43064646868813,34.25088900735318,31.231120768433705,3.019768238919476,Normal,10869.064990234376,115.77589558048705,-0.3253233276281712,NIFTY50,3.87143694070356,3.72950573539129,6.25
2019-02-14,10746.0498046875,-0.3317301832246431,-0.007911132252471,43.764322497772994,20.000413571995523,28.98497932914607,-8.984565757150548,Normal,10861.852490234374,118.83613604169663,-0.9744736694084534,NIFTY50,3.87143694070356,3.72950573539129,6.25
2019-02-15,10724.400390625,-0.3392445867817485,-0.0020166713974639,42.64200291699132,6.8805674387713225,24.56409695107112,-17.6835295122998,Normal,10852.8125,122.1944406177544,-1.0508834012890615,NIFTY50,3.87143694070356,3.72950573539129,6.25
2019-02-18,10640.9501953125,-0.3658762206753788,-0.0078117716203071,38.539334352900376,-10.133920951944674,17.624493370467963,-27.75841432241264,Normal,10839.5125,130.2053218925263,-1.5249937698506473,NIFTY50,3.87143694070356,3.72950573539129,6.25
2019-02-19,10604.349609375,-0.3777923806485673,-0.0034455265383959,36.86409163385573,-26.26857915675828,8.845878865022716,-35.11445802178099,Normal,10821.6375,136.8941187907606,-1.5872697274681322,NIFTY50,3.87143694070356,3.72950573539129,6.25
2019-02-20,10735.4501953125,-0.3389283033469727,0.012287110143627,45.93035491514572,-28.15216970788788,1.446269150440597,-29.598438858328475,Normal,10812.272509765626,136.0167266071834,-0.5648004945376222,NIFTY50,3.87143694070356,3.72950573539129,6.25
2019-02-21,10789.849609375,-0.3229218999771546,0.0050544736074349,49.190740973928754,-24.96754044572117,-3.836492768791757,-21.131047676929413,Normal,10810.189990234376,136.0256943125448,-0.1495333728099916,NIFTY50,3.87143694070356,3.72950573539129,6.25
2019-02-22,10791.650390625,-0.3231595138399049,0.0001668819363047,49.29972860530983,-22.04427809848676,-7.478049834730757,-14.566228263756,Normal,10807.28251953125,135.75568465094003,-0.1151489821324582,NIFTY50,3.87143694070356,3.72950573539129,6.25
2019-02-25,10880.099609375,-0.2965016433857344,0.0081626735135031,54.46611392801655,-12.44697786235156,-8.471835440254917,-3.975142422096642,Normal,10812.260009765623,136.54663647798913,0.4968236593679151,NIFTY50,3.87143694070356,3.72950573539129,6.25
2019-02-26,10835.2998046875,-0.3114542905508228,-0.0041260920318907,51.598126486182856,-8.359653232333585,-8.449398998670652,0.0897457663370673,Normal,10820.947509765623,131.90157970522353,0.1088106370973707,NIFTY50,3.87143694070356,3.72950573539129,6.25
2019-02-27,10806.650390625,-0.3212269892322795,-0.0026475831003447,49.792455153864566,-7.3474900060246,-8.229017200141442,0.8815271941168419,Normal,10828.67001953125,125.88602116804448,-0.1749171885959901,NIFTY50,3.87143694070356,3.72950573539129,6.25
2019-02-28,10792.5,-0.3264288210871026,-0.0013102730795938,48.88255027470971,-7.5995586391891266,-8.10312548795098,0.503566848761853,Normal,10835.705029296874,119.23746460670483,-0.3623444144789775,NIFTY50,3.87143694070356,3.72950573539129,6.25
2019-03-01,10863.5,-0.305245046048,0.0065570977456633,53.476434512667865,-2.046625988376036,-6.89182558803599,4.845199599659955,Normal,10837.33251953125,119.3911889131417,0.2191743017802352,NIFTY50,3.87143694070356,3.72950573539129,6.25
2019-03-05,10987.4501953125,-0.2673879029194081,0.0113451839580338,60.20089868845491,12.215050512131713,-3.070450368002451,15.285500880134162,Normal,10842.022509765626,123.4918615731492,1.1776297133615692,NIFTY50,3.87143694070356,3.72950573539129,6.25
2019-03-06,11053.0,-0.2474310501659001,0.0059481541776258,63.227896049944974,28.478570075780222,3.239353720754085,25.23921635502614,Normal,10849.060009765624,131.45814432882938,1.5513682417746617,NIFTY50,3.87143694070356,3.72950573539129,6.25
2019-03-07,11058.2001953125,-0.2466560650839876,0.0004703675388439,63.46529419882021,41.31093209415849,10.853669395434968,30.45726269872352,Normal,10855.2525390625,138.4200288831832,1.466172618857593,NIFTY50,3.87143694070356,3.72950573539129,6.25
2019-03-08,11035.400390625,-0.2548686530200065,-0.0020639291176077,61.58792127678464,49.07520928910526,18.497977374169025,30.577231914936235,Normal,10853.900048828124,136.40647048142836,1.3305845474653328,NIFTY50,3.87143694070356,3.72950573539129,6.25
2019-03-11,11168.0498046875,-0.2135399011199136,0.0119486828487988,67.5940881109817,65.18079044353362,27.834539988041943,37.34625045549168,Bubble,10858.83251953125,146.051696875132,2.1171769433162946,NIFTY50,3.87143694070356,3.72950573539129,6.25
2019-03-12,11301.2001953125,-0.171431885668512,0.0118519264539069,72.27954298529802,87.67800580875883,39.80323315218533,47.8747726565735,Bubble,10876.712548828124,175.82896251821097,2.4142077642095487,NIFTY50,3.87143694070356,3.72950573539129,6.25
2019-03-13,11341.7001953125,-0.1590945675780907,0.0035772840485137,73.53305524349166,107.5356189204449,53.34971030583725,54.185908614607655,Bubble,10899.357568359375,204.32328983124816,2.1649153521287667,NIFTY50,3.87143694070356,3.72950573539129,6.25
2019-03-14,11343.25,-0.1595969495871623,0.0001366372574386,73.58228527069184,121.9917319155502,67.07811462777984,54.91361728777035,Bubble,10924.950048828125,226.24334131674576,1.848893977331452,NIFTY50,3.87143694070356,3.72950573539129,6.25
2019-03-15,11426.849609375,-0.133043027801458,0.0073429617299341,76.15844509043396,138.59644191125335,81.38178008447454,57.21466182677881,Bubble,10958.9900390625,248.0723995693245,1.8859799442612104,NIFTY50,3.87143694070356,3.72950573539129,6.25
2019-03-18,11462.2001953125,-0.1223179847911348,0.0030888668901587,77.17216803189163,152.8463732144519,95.67469871047,57.17167450398188,Normal,10995.880029296875,265.59061529698795,1.755785555503072,NIFTY50,3.87143694070356,3.72950573539129,6.25
2019-03-19,11532.400390625,-0.0999581426707862,0.0061058171586395,79.07490407016849,167.86902587619625,110.11356414361526,57.75546173258098,Normal,11040.4525390625,277.4293520571493,1.7732364939567045,NIFTY50,3.87143694070356,3.72950573539129,6.25
2019-03-20,11521.0498046875,-0.1048866378861327,-0.0009847191425605,77.94365229670552,176.8204132614519,123.4549339671826,53.365479294269306,Normal,11086.287548828124,277.3127501305137,1.5677687219745953,NIFTY50,3.87143694070356,3.72950573539129,6.25
2019-03-22,11456.900390625,-0.1275946618756152,-0.0055835773146963,71.7005271046724,176.70122888580954,134.104192950908,42.59703593490156,Normal,11122.36005859375,276.1947612770734,1.2112479269498024,NIFTY50,3.87143694070356,3.72950573539129,6.25
2019-03-25,11354.25,-0.1629995368574844,-0.0090000795022271,63.00406764744076,166.40552644608033,140.56445964994245,25.84106679613788,Normal,11150.580078125,269.17708249011685,0.756639161071515,NIFTY50,3.87143694070356,3.72950573539129,6.25
2019-03-26,11483.25,-0.1217507462756146,0.0112973286932164,68.22057630769257,166.73333192553764,145.7982341050615,20.93509782047613,Normal,11185.16005859375,265.0315759129367,1.1247336864652409,NIFTY50,3.87143694070356,3.72950573539129,6.25
2019-03-27,11445.0498046875,-0.1355806979895491,-0.0033321468214628,65.28495764993917,162.04275560188944,149.0471384044271,12.995617197462336,Normal,11213.407568359376,260.8806295561783,0.8879242461282213,NIFTY50,3.87143694070356,3.72950573539129,6.25
2019-03-28,11570.0,-0.0953591263716853,0.0108582361558709,69.85440935976797,166.4886985002904,152.53545042359977,13.953248076690642,Normal,11250.142578125,256.5272958883226,1.2468748043648643,NIFTY50,3.87143694070356,3.72950573539129,6.25
2019-04-01,11669.150390625,-0.0632789079702171,0.0085330995827254,72.90243636870635,175.98411286085866,157.22518291105155,18.75892994980711,Normal,11293.267578125,250.47383845341903,1.500686917328108,NIFTY50,3.87143694070356,3.72950573539129,6.25
2019-04-02,11713.2001953125,-0.049523614986921,0.0037677868730356,74.1528176440993,184.93196764422828,162.7665398576869,22.165427786541382,Normal,11339.302587890625,237.8850368556556,1.571757569807763,NIFTY50,3.87143694070356,3.72950573539129,6.25
2019-04-03,11643.9501953125,-0.0743371760525016,-0.0059296790704819,68.77962405045027,184.31069184607983,167.0753702553655,17.235321590714364,Normal,11378.32509765625,218.9885194218354,1.2129635761616282,NIFTY50,3.87143694070356,3.72950573539129,6.25
2019-04-04,11598.0,-0.0910167155425682,-0.0039540791366154,65.39358290855273,178.05798791267443,169.2718937868273,8.786094125847143,Normal,11408.852587890626,203.6507305955686,0.928783371197442,NIFTY50,3.87143694070356,3.72950573539129,6.0
2019-04-05,11665.9501953125,-0.0693870931664248,0.0058416896509144,67.90950334409789,176.55052334120046,170.72761969770193,5.822903643498535,Normal,11439.50009765625,193.1295583290312,1.1725294647567706,NIFTY50,3.87143694070356,3.72950573539129,6.0
2019-04-08,11604.5,-0.0913321263547489,-0.0052814051841508,63.41917504115545,168.4554796965549,170.27319169747256,-1.817712000917652,Normal,11466.815087890624,174.05302853818398,0.7910515161140625,NIFTY50,3.87143694070356,3.72950573539129,6.0
2019-04-09,11671.9501953125,-0.0699001742531251,0.005795590267793,66.07110406068934,165.57413082956373,169.33337952389078,-3.759248694327056,Normal,11498.642578125,147.12985076039638,1.1779228775928998,NIFTY50,3.87143694070356,3.72950573539129,6.0
2019-04-10,11584.2998046875,-0.1006952497280697,-0.0075378279508354,59.98541961835117,154.43772513372278,166.35424864585718,-11.916523512134404,Normal,11519.455078125,125.7983018459191,0.5154658338864021,NIFTY50,3.87143694070356,3.72950573539129,6.0
2019-04-11,11596.7001953125,-0.0976578506376234,0.0010698754849078,60.53919041585375,144.94185183061563,162.07176928280887,-17.12991745219324,Normal,11534.230078125,115.7685176632155,0.5396123095333519,NIFTY50,3.87143694070356,3.72950573539129,6.0
2019-04-12,11643.4501953125,-0.0831830528713099,0.0040232151920854,62.63845666417417,139.5796507888008,157.57334558400726,-17.993694795206466,Normal,11549.317578125,108.81013619929526,0.8651088995522312,NIFTY50,3.87143694070356,3.72950573539129,6.0
2019-04-15,11690.349609375,-0.0686191441428547,0.0040198748262654,64.66906934821813,137.5291086352263,153.5644981942511,-16.035389559024793,Normal,11566.67255859375,101.65875559600808,1.2165902489771108,NIFTY50,3.87143694070356,3.72950573539129,6.0
2019-04-16,11787.150390625,-0.037327027458663,0.008246306446581,68.47728889242107,142.07727486948895,151.26705352929866,-9.18977865980969,Bubble,11584.68759765625,107.34223033136946,1.886142968557111,NIFTY50,3.87143694070356,3.72950573539129,6.0
2019-04-18,11752.7998046875,-0.0501968161890731,-0.00291849473211,65.76820257061756,141.28132104810538,149.26990703306,-7.988585984954625,Normal,11599.217578125,109.53511275752936,1.402127798986925,NIFTY50,3.87143694070356,3.72950573539129,6.0
2019-04-22,11594.4501953125,-0.1051824324745337,-0.013564941266796,54.97170225811095,126.41578928863782,144.6990834841756,-18.283294195537763,Normal,11602.320068359377,108.41600194806897,-0.0725895892254415,NIFTY50,3.87143694070356,3.72950573539129,6.0
2019-04-23,11575.9501953125,-0.112415647141645,-0.0015968652780555,53.85928673160562,111.85258589545263,138.129783966431,-26.27719807097836,Normal,11605.065087890624,106.93489703955451,-0.2722674579034378,NIFTY50,3.87143694070356,3.72950573539129,6.0
2019-04-24,11726.150390625,-0.0640907069983302,0.0128917369476169,60.79583641620253,111.14977732577064,132.73378263829895,-21.58400531252832,Normal,11618.527587890623,104.21396683589744,1.0327099716283263,NIFTY50,3.87143694070356,3.72950573539129,6.0
2019-04-25,11641.7998046875,-0.0936476594565272,-0.0072193711121506,55.72893739211102,102.60365803170862,126.7077577169809,-24.10409968527228,Normal,11632.905078125,83.6393180313867,0.1063462349030801,NIFTY50,3.87143694070356,3.72950573539129,6.0
2019-04-26,11754.650390625,-0.0574122905969282,0.009646887469961,60.47507049616194,103.74103400964668,122.11441297551406,-18.37337896586737,Normal,11646.47509765625,80.01892703732824,1.3518713256213373,NIFTY50,3.87143694070356,3.72950573539129,6.0
2019-04-30,11748.150390625,-0.0607595462160336,-0.0005531255807526,60.07557478256387,102.93138802074282,118.2778079845598,-15.346419963817,Normal,11661.630126953123,67.60168298000197,1.2798536938417575,NIFTY50,3.87143694070356,3.72950573539129,6.0
2019-05-02,11724.75,-0.0697711718308714,-0.0019938224921164,58.57538795364232,99.2573448967214,114.47371536699214,-15.216370470270732,Normal,11669.367626953124,65.3816421103409,0.8470630479639839,NIFTY50,3.87143694070356,3.72950573539129,6.0
2019-05-03,11712.25,-0.0750939091564187,-0.00106668952385,57.74584337145384,94.25053225087322,110.42907874376836,-16.17854649289515,Normal,11671.522607421875,66.08065059811923,0.6163285653135474,NIFTY50,3.87143694070356,3.72950573539129,6.0
2019-05-06,11598.25,-0.114398897029558,-0.0097810779570294,50.69459892435931,80.15971855682255,104.3752067063792,-24.21548814955665,Normal,11665.77509765625,67.25347636557598,-1.0040387695231814,NIFTY50,3.87143694070356,3.72950573539129,6.0
2019-05-07,11497.900390625,-0.148608873095758,-0.0086897806903779,45.43523374038725,60.20130914772926,95.54042719464924,-35.339118046919964,Crash,11658.472607421874,76.97458063265911,-2.0860421125665214,NIFTY50,3.87143694070356,3.72950573539129,6.0
2019-05-08,11359.4501953125,-0.194836935070201,-0.0121144301503351,39.36694885202896,32.83386386898019,82.99911452951541,-50.16525066053522,Crash,11646.5451171875,101.43413767651698,-2.8303579884572194,NIFTY50,3.87143694070356,3.72950573539129,6.0
2019-05-09,11301.7998046875,-0.214243882987945,-0.0050880260352891,37.14242621726839,6.419066590826333,67.6831049417776,-61.26403835095127,Crash,11628.33759765625,127.18227688542768,-2.567478747553099,NIFTY50,3.87143694070356,3.72950573539129,6.0
2019-05-10,11278.900390625,-0.222437594004486,-0.0020282295690185,36.26581048615311,-16.176173043377275,50.91124934474663,-67.08742238812391,Crash,11612.0576171875,149.30870084915722,-2.231331628148585,NIFTY50,3.87143694070356,3.72950573539129,6.0
2019-05-13,11148.2001953125,-0.2647737332943037,-0.011655690801341,31.67127982614555,-44.12087867295668,31.904823741205973,-76.02570241416265,Crash,11585.8701171875,180.85026644991115,-2.4200678852536743,NIFTY50,3.87143694070356,3.72950573539129,6.0
2019-05-14,11222.0498046875,-0.2427870987493423,0.0066025080321108,36.56176040289767,-59.62093984373314,13.59967102421815,-73.2206108679513,Normal,11567.7576171875,198.312759284596,-1.743245435881814,NIFTY50,3.87143694070356,3.72950573539129,6.0
2019-05-15,11157.0,-0.2640655024494144,-0.0058134718372332,34.23725947347873,-76.27457971221884,-4.375179123069247,-71.8994005891496,Normal,11545.772607421875,218.30066103613785,-1.7809043984411816,NIFTY50,3.87143694070356,3.72950573539129,6.0
2019-05-16,11257.099609375,-0.2340023213866822,0.0089319023833083,40.50556347316494,-80.46792325206297,-19.593727948868,-60.87419530319498,Normal,11526.455078125,226.1550752807994,-1.19102110980955,NIFTY50,3.87143694070356,3.72950573539129,6.0
2019-05-17,11407.150390625,-0.1880747121064701,0.0132413800291101,48.43932754883296,-70.8664301051922,-29.84826838013284,-41.01816172505936,Normal,11512.2951171875,224.2107026696573,-0.4689549843542265,NIFTY50,3.87143694070356,3.72950573539129,6.0
2019-05-20,11828.25,-0.0569217910951356,0.0362503520301784,63.25040722254275,-28.944306463283283,-29.667475996762924,0.7231695334796413,Normal,11514.35009765625,227.0330317241045,1.3826177625342555,NIFTY50,3.87143694070356,3.72950573539129,6.0
2019-05-21,11709.099609375,-0.0978794064050029,-0.0101244541453482,58.15961918519621,-5.274362617476072,-24.788853320905552,19.51449070342948,Normal,11512.165087890626,224.8168349850036,0.875977644189817,NIFTY50,3.87143694070356,3.72950573539129,6.0
2019-05-22,11737.900390625,-0.0895388483179059,0.0024566721316128,59.01824845000424,15.62807009781318,-16.705468637161808,32.33353873497499,Normal,11519.33759765625,229.8129979640426,0.9510462632881534,NIFTY50,3.87143694070356,3.72950573539129,6.0
2019-05-23,11657.0498046875,-0.1173104438354905,-0.0069118255980392,55.5706317303553,25.37690289001512,-8.288994331726423,33.66589722174154,Normal,11523.392578125,231.57323214223047,0.577170449823012,NIFTY50,3.87143694070356,3.72950573539129,6.0
2019-05-24,11844.099609375,-0.0579099627852849,0.0159186898748304,61.21545255086514,47.64703376621401,2.8982112878616624,44.748822478352345,Normal,11529.2900390625,238.4096147284513,1.3204566882550788,NIFTY50,3.87143694070356,3.72950573539129,6.0
2019-05-27,11924.75,-0.0324259712732297,0.0067862518773673,63.37607464372032,70.9858052573527,16.51573008175987,54.470075175592825,Normal,11543.437548828126,253.36377386100543,1.5049998875571733,NIFTY50,3.87143694070356,3.72950573539129,6.0
2019-05-28,11928.75,-0.0322926685299478,0.0003353805552639,63.48472542519752,88.78130081015661,30.968844227439217,57.81245658271739,Normal,11552.142529296874,263.77922616677,1.4277374157774727,NIFTY50,3.87143694070356,3.72950573539129,6.0
2019-05-29,11861.099609375,-0.0561132139845891,-0.0056873476786873,60.23027392951642,96.31527555739376,44.03813049343013,52.27714506396363,Normal,11557.789990234374,269.34693361544544,1.126092712730377,NIFTY50,3.87143694070356,3.72950573539129,6.0
2019-05-30,11945.900390625,-0.0293065931646339,0.0071240509010948,62.80431430572025,107.88508703392108,56.80752180152832,51.07756523239276,Normal,11568.847509765625,280.855488742555,1.3425156209248923,NIFTY50,3.87143694070356,3.72950573539129,6.0
2019-05-31,11922.7998046875,-0.0382183269116596,-0.001935638971628,61.6340306198163,113.8775126796736,68.22151997715739,45.655992702516215,Normal,11579.375,290.3009053634476,1.182995982246569,NIFTY50,3.87143694070356,3.72950573539129,6.0
2019-06-03,12088.5498046875,0.0152740580728195,0.0138061904475292,66.46287030788808,130.49690584737436,80.67659715120078,49.82030869617358,Normal,11603.889990234376,311.8789170091853,1.5539999276028378,NIFTY50,3.87143694070356,3.72950573539129,6.0
2019-06-04,12021.650390625,-0.0086029340590928,-0.0055494840533033,63.015428336721975,136.69394830885176,91.88006738273096,44.81388092612079,Normal,11630.077490234376,324.2542027813324,1.2076108714454834,NIFTY50,3.87143694070356,3.72950573539129,6.0
2019-06-06,11843.75,-0.0697477238249045,-0.0149089211116321,54.86545598206521,125.79993106147596,98.66404011847996,27.13589094299597,Normal,11654.29248046875,321.0479933000322,0.5901221109773278,NIFTY50,3.87143694070356,3.72950573539129,5.75
2019-06-07,11870.650390625,-0.0620650886131323,0.0022686976453037,55.79642033435082,117.97701502223208,102.5266350992304,15.450379923001693,Normal,11682.735009765624,313.28014832778024,0.599831753982578,NIFTY50,3.87143694070356,3.72950573539129,5.75
2019-06-10,11922.7001953125,-0.0461341766865756,0.0043751625083482,57.61800993719346,114.6556035133126,104.95242878204684,9.70317473126576,Normal,11714.925,302.4915446074955,0.6868793492462871,NIFTY50,3.87143694070356,3.72950573539129,5.75
2019-06-11,11965.599609375,-0.033169338088211,0.0035916712809597,59.11352139905341,114.16891694563128,106.79572641476372,7.373190530867546,Normal,11755.794970703126,275.94576336409426,0.7603111427191921,NIFTY50,3.87143694070356,3.72950573539129,5.75
2019-06-12,11906.2001953125,-0.0540863382230669,-0.0049765444699523,56.158637335780575,107.74812473011843,106.98620607783468,0.7619186522837538,Normal,11790.002490234376,247.2064940754443,0.4700430929725583,NIFTY50,3.87143694070356,3.72950573539129,5.75
2019-06-13,11914.0498046875,-0.0526678276970289,0.0006590703001973,56.46831484251738,102.11587032645366,106.01213892755848,-3.896268601104822,Normal,11827.85498046875,198.3019131990424,0.4346646122986889,NIFTY50,3.87143694070356,3.72950573539129,5.75
2019-06-14,11823.2998046875,-0.0837854962922864,-0.0076462152373002,51.90367034870461,89.30010553353713,102.66973224875424,-13.369626715217096,Normal,11856.164990234374,146.06762127702473,-0.2249997998156194,NIFTY50,3.87143694070356,3.72950573539129,5.75
2019-06-17,11672.150390625,-0.1343829906399673,-0.0128664484379438,45.33099870218159,66.18409603514374,95.37260500603212,-29.188508970888392,Normal,11869.414990234374,111.0038552986396,-1.7770968321655387,NIFTY50,3.87143694070356,3.72950573539129,5.75
2019-06-18,11691.5,-0.1292338286958549,0.0016563861789982,46.26903347297771,48.86258625252594,86.0706012553309,-37.20801500280496,Normal,11862.577490234376,117.68365739427504,-1.4537064365803525,NIFTY50,3.87143694070356,3.72950573539129,5.75
2019-06-19,11691.4501953125,-0.1302980142386017,-4.259914774167141e-06,46.2668329278989,34.730791191330354,75.80263924253079,-41.07184805120043,Normal,11861.69501953125,118.95442231984786,-1.431176923889306,NIFTY50,3.87143694070356,3.72950573539129,5.75
2019-06-20,11831.75,-0.0866547037953915,0.0119287739074267,53.04201301764135,34.45508670317031,67.53312873465869,-33.07804203148838,Normal,11866.3875,115.61827932996692,-0.2995849808588449,NIFTY50,3.87143694070356,3.72950573539129,5.75
2019-06-21,11724.099609375,-0.1228314322234263,-0.0091400770377047,48.03708039241829,25.25893280414857,59.07828954855667,-33.8193567444081,Normal,11869.739990234377,110.06766653519456,-1.323189501912498,NIFTY50,3.87143694070356,3.72950573539129,5.75
2019-06-24,11699.650390625,-0.1317323580678437,-0.0020875587921609,46.95345334463559,15.815752808572142,50.425782200559766,-34.610029391987624,Normal,11862.517529296874,116.3960338079813,-1.3992499000486256,NIFTY50,3.87143694070356,3.72950573539129,5.75
2019-06-25,11796.4501953125,-0.1019655477048276,0.0082396950931069,51.60793737400906,15.958935205242597,43.532412801496335,-27.57347759625374,Normal,11856.1025390625,116.32116774693333,-0.5128244919254833,NIFTY50,3.87143694070356,3.72950573539129,5.75
2019-06-26,11847.5498046875,-0.0866137874879204,0.0043224233576614,53.90713304183604,19.965569053571016,38.81904405191128,-18.85347499834026,Normal,11852.042529296876,115.062337647418,-0.0390460049850772,NIFTY50,3.87143694070356,3.72950573539129,5.75
2019-06-27,11841.5498046875,-0.0896668172017401,-0.0005065621089227,53.585200401315056,22.39850931589536,35.53493710470809,-13.13642778881274,Normal,11851.0650390625,115.06438613592348,-0.0826948693208988,NIFTY50,3.87143694070356,3.72950573539129,5.75
2019-06-28,11788.849609375,-0.1078370615135691,-0.004460380187531,50.720070714409566,19.845401242178923,32.39702993220226,-12.551628690023335,Normal,11843.2125,113.60138401921928,-0.478540742213162,NIFTY50,3.87143694070356,3.72950573539129,5.75
2019-07-01,11865.599609375,-0.0843378766363609,0.0064892882200805,54.53290131319333,23.741451597619744,30.66591426528576,-6.924462667666013,Normal,11840.352490234374,112.20368345865704,0.2250115001788543,NIFTY50,3.87143694070356,3.72950573539129,5.75
2019-07-02,11910.2998046875,-0.0710228653333496,0.0037601309797355,56.63721426820297,30.08918239564082,30.55056789135677,-0.4613854957159518,Normal,11831.439990234376,97.57742723887068,0.8081768159358673,NIFTY50,3.87143694070356,3.72950573539129,5.75
2019-07-03,11916.75,-0.0700638366547222,0.0005414178862205,56.946860671095926,35.234124585451355,31.487279230175687,3.746845355275667,Normal,11826.194970703124,89.28173284501756,1.014261556214051,NIFTY50,3.87143694070356,3.72950573539129,5.75
2019-07-04,11946.75,-0.0614791104688218,0.0025143014062712,58.433565362712216,41.25669610640762,33.44116260542208,7.815533500985538,Normal,11831.344970703123,93.23095674368848,1.2378402338415095,NIFTY50,3.87143694070356,3.72950573539129,5.75
2019-07-05,11811.150390625,-0.1069097654025294,-0.0114152412136924,50.02488484605305,34.68801041221559,33.690532166780784,0.997478245434806,Normal,11828.369970703125,92.8592900266524,-0.1854373436753855,NIFTY50,3.87143694070356,3.72950573539129,5.75
2019-07-08,11558.599609375,-0.1895112352883538,-0.0216143187984928,38.82022902591216,8.999798211210873,28.752385375666805,-19.75258716445593,Crash,11810.16494140625,107.87017096176372,-2.332112110218325,NIFTY50,3.87143694070356,3.72950573539129,5.75
2019-07-09,11555.900390625,-0.1913114696598786,-0.000233551992236,38.72040699861547,-11.444178065485175,20.71307268743641,-32.157250752921584,Crash,11789.67998046875,115.43541260177692,-2.025198200228481,NIFTY50,3.87143694070356,3.72950573539129,5.75
2019-07-10,11498.900390625,-0.2100029875260733,-0.0049447502653284,36.581223795505565,-31.87812895958632,10.194832358031864,-42.07296131761818,Crash,11769.314990234376,128.93541998875492,-2.097287150675585,NIFTY50,3.87143694070356,3.72950573539129,5.75
2019-07-11,11582.900390625,-0.1851131558286022,0.0072784937042869,41.69349829882591,-40.82349642408735,-0.0088333983919799,-40.814663025695374,Normal,11752.75751953125,130.6223459034131,-1.3003680781529356,NIFTY50,3.87143694070356,3.72950573539129,5.75
2019-07-12,11552.5,-0.1955415330399894,-0.002628042532973,40.42346698753354,-49.79185256238088,-9.965437231189762,-39.82641533119112,Normal,11739.217529296877,136.81373837596158,-1.3647571619143886,NIFTY50,3.87143694070356,3.72950573539129,5.75
2019-07-15,11588.349609375,-0.1854072752105986,0.0030983856392325,42.64231548668447,-53.39111599623175,-18.65057298419816,-34.740543012033584,Normal,11735.027490234375,140.21674589996502,-1.046079624212788,NIFTY50,3.87143694070356,3.72950573539129,5.75
2019-07-16,11662.599609375,-0.163367502606215,0.0063868577322556,47.041618171397054,-49.67952904558842,-24.85636419647621,-24.82316484911221,Normal,11733.582470703124,140.83648127031918,-0.5040090514039538,NIFTY50,3.87143694070356,3.72950573539129,5.75
2019-07-17,11687.5,-0.1565789522595242,0.0021327874810327,48.46904805233703,-44.219086125049216,-28.72890858219081,-15.4901775428584,Normal,11733.3849609375,140.90143250361731,-0.3256529058802953,NIFTY50,3.87143694070356,3.72950573539129,5.75
2019-07-18,11596.900390625,-0.1860666163315219,-0.0077820399135673,43.83899936012845,-46.66435938673385,-32.31599874309942,-14.348360643634429,Normal,11721.64248046875,142.05367777567318,-0.8781334760001023,NIFTY50,3.87143694070356,3.72950573539129,5.75
2019-07-19,11419.25,-0.2423864351627613,-0.015437326885714,36.48025862929355,-62.219925332365165,-38.296784060952575,-23.92314127141259,Normal,11706.4,157.3119948193935,-1.8253534978669004,NIFTY50,3.87143694070356,3.72950573539129,5.75
2019-07-22,11346.2001953125,-0.2654656842442011,-0.0064176244949366,33.95619951780496,-79.52561041774607,-46.54254933231128,-32.98306108543479,Normal,11688.727490234374,176.76124256792207,-1.937796374056689,NIFTY50,3.87143694070356,3.72950573539129,5.75
2019-07-23,11331.0498046875,-0.2708753522567442,-0.001336175495625,33.439438149586195,-93.38649900552264,-55.91133926695355,-37.47515973856909,Normal,11665.457470703124,191.8257803290445,-1.7432884435137177,NIFTY50,3.87143694070356,3.72950573539129,5.75
2019-07-24,11271.2998046875,-0.2896408302029024,-0.0052870732659151,31.40928950378614,-107.94831771098144,-66.31873495575913,-41.6295827552223,Normal,11636.644970703124,205.80329321135025,-1.7752153540149236,NIFTY50,3.87143694070356,3.72950573539129,5.75
2019-07-25,11252.150390625,-0.2961570798003344,-0.0017003983413219,30.764640996882505,-119.65455835743887,-76.98589963609508,-42.66865872134379,Normal,11607.175,216.82219517511248,-1.6373997555382656,NIFTY50,3.87143694070356,3.72950573539129,5.75
2019-07-26,11284.2998046875,-0.2874780595986767,0.0028531055771835,33.24189822077429,-124.89790408563384,-86.56830052600284,-38.32960355963101,Normal,11581.947509765623,223.81143671409947,-1.329903911292725,NIFTY50,3.87143694070356,3.72950573539129,5.75
2019-07-29,11189.2001953125,-0.3166008563941068,-0.0084633169752627,29.840625670553425,-135.1688941751272,-96.28841925582772,-38.88047491929949,Normal,11548.1275390625,229.72016797407343,-1.5624546460827449,NIFTY50,3.87143694070356,3.72950573539129,5.75
2019-07-30,11085.400390625,-0.3478565537199803,-0.0093200823653439,26.63698912834927,-149.9559062240114,-107.02191664946446,-42.93398957454696,Normal,11506.882568359377,235.2580294120327,-1.7915740380371372,NIFTY50,3.87143694070356,3.72950573539129,5.75
2019-07-31,11118.0,-0.3392274384467866,0.0029364540769757,29.20752091359468,-157.23173421844876,-117.06388016326132,-40.16785405518743,Normal,11466.945068359377,229.7502912182948,-1.518801419180046,NIFTY50,3.87143694070356,3.72950573539129,5.75
2019-08-01,10980.0,-0.3800400326337019,-0.0124899804498931,25.18467373937071,-172.14890163040764,-128.0808844566906,-44.06801717371704,Normal,11418.607568359375,225.14219822741697,-1.948135764030945,NIFTY50,3.87143694070356,3.72950573539129,5.75
2019-08-02,10997.349609375,-0.3758528599156866,0.0015788630828991,26.554295158049143,-180.49031578786344,-138.56277072292517,-41.92754506493827,Normal,11377.917529296876,224.0002342747918,-1.6989621513297832,NIFTY50,3.87143694070356,3.72950573539129,5.75
2019-08-05,10862.599609375,-0.4149122352464053,-0.0123286385918026,23.028202215986227,-195.7180298338717,-149.99382254511448,-45.72420728875721,Normal,11343.117529296876,247.30460002525007,-1.943020549851532,NIFTY50,3.87143694070356,3.72950573539129,5.75
2019-08-06,10948.25,-0.391851164436207,0.007853965566277,29.44166472501508,-198.5856603347729,-159.71219010304617,-38.87347023172674,Normal,11312.735009765624,256.9265314234112,-1.4186351551407488,NIFTY50,3.87143694070356,3.72950573539129,5.75
2019-08-07,10855.5,-0.4186834425823502,-0.0085077621466028,26.83419784232452,-205.96815533878728,-168.96338315019435,-37.00477218859288,Normal,11280.564990234376,272.2152505906115,-1.5615032196474443,NIFTY50,3.87143694070356,3.72950573539129,5.4
2019-08-08,11032.4501953125,-0.3705255082780569,0.0161690837982416,38.0979542938202,-195.28926085445343,-174.2285586910462,-21.060702163407257,Normal,11253.04248046875,267.83009114007064,-0.8236277119469894,NIFTY50,3.87143694070356,3.72950573539129,5.4
2019-08-09,11109.650390625,-0.3493565106715788,0.0069731873754653,42.27340257632834,-178.53866685058165,-175.0905803229533,-3.4480865276283623,Normal,11230.9,259.9602088257323,-0.466416033140983,NIFTY50,3.87143694070356,3.72950573539129,5.4
2019-08-13,10925.849609375,-0.4030627462923293,-0.0166826297594268,36.04035055961545,-178.04252399170036,-175.6809690567027,-2.361554934997656,Normal,11197.775,254.15982314903044,-1.0698991967174611,NIFTY50,3.87143694070356,3.72950573539129,5.4
2019-08-14,11029.400390625,-0.3749268441161097,0.0094329646972824,41.29228652037264,-167.36437226189992,-174.01764969774214,6.653277435842227,Normal,11166.1150390625,231.651749448683,-0.5901731748751012,NIFTY50,3.87143694070356,3.72950573539129,5.4
2019-08-16,11047.7998046875,-0.3704507378728477,0.0016668253365152,42.200468667974526,-155.62325314938607,-170.33877038807094,14.715517238684868,Normal,11134.130029296875,197.5219544931853,-0.437066476133689,NIFTY50,3.87143694070356,3.72950573539129,5.4
2019-08-19,11053.900390625,-0.3694573216961279,0.0005520467691192,42.517982054630686,-144.1642298593888,-165.10386228233452,20.93963242294572,Normal,11106.980029296876,165.24646110184904,-0.321214979842505,NIFTY50,3.87143694070356,3.72950573539129,5.4
2019-08-20,11017.0,-0.3806759476098756,-0.0033438078514244,41.04910478191912,-136.48708630757756,-159.38050708738314,22.89342077980558,Normal,11086.867529296876,148.91097361057757,-0.4691899300825721,NIFTY50,3.87143694070356,3.72950573539129,5.4
2019-08-21,10918.7001953125,-0.4091721001262824,-0.0089626008590573,37.34757188483905,-136.75840171860546,-154.85608601362762,18.09768429502216,Normal,11065.492529296876,140.15106346705738,-1.047386515328714,NIFTY50,3.87143694070356,3.72950573539129,5.4
2019-08-22,10741.349609375,-0.4591986035819952,-0.0163761903599742,31.779665758672976,-149.56009555737546,-153.7968879223772,4.236792365001747,Crash,11036.00751953125,143.33705974546154,-2.055699417020998,NIFTY50,3.87143694070356,3.72950573539129,5.4
2019-08-23,10829.349609375,-0.4361734746034011,0.0081592615346459,36.81338888517829,-150.8655810942182,-153.2106265567454,2.345045462527196,Normal,11013.910009765625,139.15984275045005,-1.3262475491696957,NIFTY50,3.87143694070356,3.72950573539129,5.4
2019-08-26,11057.849609375,-0.3746920903787168,0.0208805429846769,47.620818266391225,-131.94121128867846,-148.95674350313203,17.01553221445357,Normal,11004.194970703124,127.98608981044222,0.4192224229315975,NIFTY50,3.87143694070356,3.72950573539129,5.4
2019-08-27,11105.349609375,-0.3620206304601982,0.0042863913515562,49.55247218729279,-111.82164849187576,-141.52972450088075,29.708076009005023,Normal,10995.2474609375,112.71779591380786,0.9767947247805632,NIFTY50,3.87143694070356,3.72950573539129,5.4
2019-08-28,11046.099609375,-0.3796259602243349,-0.0053495498840406,47.21354527150054,-99.51063321242144,-133.12590624318892,33.61527303076747,Normal,10988.092431640624,103.9597892259204,0.5579770617687214,NIFTY50,3.87143694070356,3.72950573539129,5.4
2019-08-29,10948.2998046875,-0.4079319307142133,-0.0088932138970112,43.55876556376209,-96.5329203820802,-125.8073090709672,29.274388688887,Normal,10981.23740234375,101.70129210144466,-0.3238660687161688,NIFTY50,3.87143694070356,3.72950573539129,5.4
2019-08-30,11023.25,-0.3878836665772388,0.006822503346491,46.94810421825998,-87.12093126919535,-118.07003351061284,30.94910224141748,Normal,10976.49990234375,97.09790924252016,0.4814737827102181,NIFTY50,3.87143694070356,3.72950573539129,5.4
2019-09-03,10797.900390625,-0.4519065287436514,-0.0206549716202419,39.30551266227583,-96.7306416150077,-113.8021551314918,17.071513516484103,Normal,10967.394921875,104.9710729882917,-1.6146784673612464,NIFTY50,3.87143694070356,3.72950573539129,5.4
2019-09-04,10844.650390625,-0.4399534722782469,0.0043201998863098,41.43545029793642,-99.4279287336376,-110.92730985192097,11.499381118283369,Normal,10959.7599609375,108.18178687068917,-1.0640383528707191,NIFTY50,3.87143694070356,3.72950573539129,5.4
2019-09-05,10847.900390625,-0.439735719479958,0.000299642034456,41.58891177241694,-100.14884680397518,-108.7716172423318,8.622770438356639,Normal,10959.025,108.92399750171644,-1.0202031868436388,NIFTY50,3.87143694070356,3.72950573539129,5.4
2019-09-06,10946.2001953125,-0.4137310574376198,0.0090208330367241,46.18240247891669,-91.73079139336733,-105.36345207253892,13.632660679171607,Normal,10958.922509765624,108.93563341152527,-0.1167874464461447,NIFTY50,3.87143694070356,3.72950573539129,5.4
2019-09-09,11003.0498046875,-0.3987597762071139,0.0051801074294417,48.69524171046527,-79.55507211704207,-100.20177608143958,20.646703964397503,Normal,10966.3,106.53265565478748,0.3449628140932317,NIFTY50,3.87143694070356,3.72950573539129,5.4
2019-09-11,11035.7001953125,-0.3903957043868819,0.00296300057966,50.135297152333,-66.50449084365937,-93.46231903388356,26.957828190224177,Normal,10966.4625,106.64129207692888,0.6492578434116654,NIFTY50,3.87143694070356,3.72950573539129,5.4
2019-09-12,10982.7998046875,-0.4058935897803739,-0.0048050950254965,47.79454680986598,-59.74176470105158,-86.71820816731716,26.97644346626558,Normal,10960.119970703125,101.31621169338612,0.2238519739862706,NIFTY50,3.87143694070356,3.72950573539129,5.4
2019-09-13,11075.900390625,-0.3808706437732731,0.0084412171097482,52.03860677330574,-46.33568733845459,-78.64170400154464,32.30601666309005,Normal,10967.622509765624,104.16065688463132,1.0395276306610148,NIFTY50,3.87143694070356,3.72950573539129,5.4
2019-09-16,11003.5,-0.4019237951338591,-0.0065582079983637,48.72149986363439,-41.0798380889737,-71.12933081903046,30.049492730056755,Normal,10966.327490234376,103.51113660919884,0.3591160428077254,NIFTY50,3.87143694070356,3.72950573539129,5.4
2019-09-17,10817.599609375,-0.4542692686283006,-0.0170390027633122,41.420630322445945,-51.32352196799548,-67.16816904882347,15.844647080827997,Normal,10954.81748046875,106.7237433916264,-1.2857295549522094,NIFTY50,3.87143694070356,3.72950573539129,5.4
2019-09-18,10840.650390625,-0.4487289739804029,0.0021285921026311,42.56980036279968,-56.92550801887592,-65.11963684283396,8.194128823958039,Normal,10944.15498046875,106.9559953439468,-0.9677306027670672,NIFTY50,3.87143694070356,3.72950573539129,5.4
2019-09-19,10704.7998046875,-0.4860443771515103,-0.0126107725834496,37.85635047195813,-71.50288846949115,-66.3962871681654,-5.106601301325753,Normal,10928.544970703126,117.97929547736705,-1.8964782346793096,NIFTY50,3.87143694070356,3.72950573539129,5.4
2019-09-20,11274.2001953125,-0.338494992941698,0.0518247259951442,58.56480205771536,-36.68681192402619,-60.45439211933756,23.76758019531137,Bubble,10946.319970703124,140.96001136243262,2.3260513491754606,NIFTY50,3.87143694070356,3.72950573539129,5.4
2019-09-23,11600.2001953125,-0.2471088385487299,0.0285054094215263,65.6271746555148,17.014522257451972,-44.96060924397966,61.97513150143163,Bubble,10989.2625,195.5007139476274,3.1249895868726245,NIFTY50,3.87143694070356,3.72950573539129,5.4
2019-09-24,11588.2001953125,-0.2515530792292123,-0.001035000333708,65.18673262998712,57.93705448217224,-24.38107649874928,82.31813098092152,Bubble,11027.205029296874,232.8938739127794,2.408801728403225,NIFTY50,3.87143694070356,3.72950573539129,5.4
2019-09-25,11440.2001953125,-0.2963630828306444,-0.0128538704574952,59.85159164497309,77.53234833934766,-3.998391531129892,81.53073987047756,Normal,11046.32255859375,250.5644041539759,1.5719616601115658,NIFTY50,3.87143694070356,3.72950573539129,5.4
2019-09-26,11571.2001953125,-0.2593193973410478,0.011385783826013,62.75711435483147,102.45136947144783,17.291560669385653,85.15980880206217,Bubble,11069.615087890625,276.6366983241755,1.8131546192548,NIFTY50,3.87143694070356,3.72950573539129,5.4
2019-09-27,11512.400390625,-0.2775314803286721,-0.0050945199509384,60.63594491045336,116.11669939222156,37.05658841395284,79.06011097826872,Normal,11092.930126953124,293.6757449254063,1.428344937980565,NIFTY50,3.87143694070356,3.72950573539129,5.4
2019-09-30,11474.4501953125,-0.2894775547040987,-0.0033019077276591,59.244132964812266,122.47252122097598,54.13977497535747,68.33274624561851,Normal,11119.237646484376,303.4417780586842,1.170611875202725,NIFTY50,3.87143694070356,3.72950573539129,5.4
2019-10-01,11359.900390625,-0.3236828278969914,-0.0100331967125401,55.13066021727675,116.91857930295372,66.69553584087672,50.223043462077015,Normal,11136.070166015625,307.15156507403816,0.7287289080080761,NIFTY50,3.87143694070356,3.72950573539129,5.4
2019-10-03,11314.0,-0.3376201350438216,-0.0040487479027005,53.52689051997387,107.5732252227026,74.8710737172419,32.702151505460705,Normal,11161.875146484375,298.8118474290526,0.50909913654526,NIFTY50,3.87143694070356,3.72950573539129,5.4
2019-10-04,11174.75,-0.3780670666534453,-0.0123841280362274,48.88116190743354,87.91719880401433,77.48029873459639,10.436900069417945,Normal,11178.380126953123,289.3338821311752,-0.0125464979296106,NIFTY50,3.87143694070356,3.72950573539129,5.15
2019-10-07,11126.400390625,-0.3922725123833995,-0.0043360709453904,47.34465256861635,67.65832381012297,75.5159037497017,-7.857579939578741,Normal,11192.305126953124,279.11276121593374,-0.2361222612718073,NIFTY50,3.87143694070356,3.72950573539129,5.15
2019-10-09,11313.2998046875,-0.341552517923224,0.0166583095543536,53.4376156742307,65.92430579072061,73.59758415790549,-7.673278367184878,Normal,11210.660107421874,274.1022383691051,0.3744577128458596,NIFTY50,3.87143694070356,3.72950573539129,5.15
2019-10-10,11234.5498046875,-0.3646629335324836,-0.0069851734480923,50.771766085679786,57.53241924229224,70.38455117478284,-12.852131932490607,Normal,11222.235107421877,269.726740066791,0.0456561973150143,NIFTY50,3.87143694070356,3.72950573539129,5.15
2019-10-11,11305.0498046875,-0.3457029284699539,0.006255677219734,53.0308110184186,55.92587087253014,67.4928151143323,-11.566944241802162,Normal,11235.702587890624,266.6293812409919,0.2600884286424403,NIFTY50,3.87143694070356,3.72950573539129,5.15
2019-10-14,11341.150390625,-0.3362834086315852,0.0031882272704231,54.19006893178226,56.90966608926647,65.37618530931914,-8.466519220052675,Normal,11253.6201171875,260.71480446786927,0.3357318876315951,NIFTY50,3.87143694070356,3.72950573539129,5.15
2019-10-15,11428.2998046875,-0.3123988257137818,0.0076549797105181,56.95225134178429,63.983992624867824,65.09774677242888,-1.1137541475610533,Normal,11271.240087890625,259.978885860264,0.6041248937473075,NIFTY50,3.87143694070356,3.72950573539129,5.15
2019-10-16,11464.0,-0.3029840758761205,0.0031189722795879,58.067656517917285,71.64527266914592,66.40725195177228,5.238020717373644,Normal,11294.265087890624,255.36970282755888,0.6646634672398513,NIFTY50,3.87143694070356,3.72950573539129,5.15
2019-10-17,11586.349609375,-0.2687235759823775,0.0106159568508184,61.727678523197866,86.59131250959763,70.44406406333735,16.147248446260278,Normal,11332.702587890624,237.0448079427528,1.0700382922777725,NIFTY50,3.87143694070356,3.72950573539129,5.15
2019-10-18,11661.849609375,-0.2476085382510927,0.0064951495568105,63.82594574090742,103.33716922209533,77.02268509508895,26.31448412700638,Normal,11373.762548828125,217.6572108849444,1.323581513222463,NIFTY50,3.87143694070356,3.72950573539129,5.15
2019-10-22,11588.349609375,-0.2701441241541608,-0.0063225475319826,60.35676433490927,109.41626300855752,83.50140067778267,25.91486233077484,Normal,11417.9400390625,155.53337908661052,1.0956462935046622,NIFTY50,3.87143694070356,3.72950573539129,5.15
2019-10-23,11604.099609375,-0.2664165115034083,0.0013582008758651,60.84785671452046,114.18858705198544,89.63883795262323,24.549749099362216,Normal,11434.435009765624,156.97377755529604,1.080846764674496,NIFTY50,3.87143694070356,3.72950573539129,5.15
2019-10-24,11582.599609375,-0.2735495036993049,-0.0018545120164874,59.75956797581778,114.91119321647238,94.69330900539308,20.21788421107931,Normal,11433.55498046875,156.04212197290985,0.9551563835572848,NIFTY50,3.87143694070356,3.72950573539129,5.15
2019-10-25,11583.900390625,-0.2740242327468968,0.0001122984698912,59.80640682046456,114.27157440555312,98.60896208542508,15.66261232012802,Normal,11433.339990234375,155.82064727576426,0.9662416568208044,NIFTY50,3.87143694070356,3.72950573539129,5.15
2019-10-29,11786.849609375,-0.2162967016891844,0.0173682334074765,66.38134498676334,128.65788966018408,104.61874760037688,24.03914205980719,Bubble,11450.6724609375,174.75322537932593,1.9237249996833048,NIFTY50,3.87143694070356,3.72950573539129,5.15
2019-10-30,11844.099609375,-0.2002624808479743,0.0048453501784329,67.9729125398591,143.02998406583356,112.30099489346824,30.72898917236533,Bubble,11464.317431640626,194.2284855922049,1.955337171972556,NIFTY50,3.87143694070356,3.72950573539129,5.15
2019-10-31,11877.4501953125,-0.191269123025047,0.0028118405572833,68.89668308080442,155.32064626395186,120.90492516756495,34.4157210963869,Bubble,11482.569921875,215.0242372106898,1.83644540987526,NIFTY50,3.87143694070356,3.72950573539129,5.15
2019-11-01,11890.599609375,-0.1882949575561647,0.0011064782775295,69.27300059452907,164.22900271175058,129.5697406764021,34.65926203534849,Normal,11503.377392578124,233.5353358085933,1.658088337921782,NIFTY50,3.87143694070356,3.72950573539129,5.15
2019-11-04,11941.2998046875,-0.1741063811098943,0.0042548242520918,70.74283329798443,173.38138869764043,138.33207028064976,35.04931841699067,Normal,11532.44736328125,250.3182640852127,1.6333304439466303,NIFTY50,3.87143694070356,3.72950573539129,5.15
2019-11-05,11917.2001953125,-0.1823372320635406,-0.0020202122992972,69.05196854022404,176.65372923561335,145.99640207164248,30.65732716397088,Normal,11562.607373046874,258.80783369014654,1.3701008088115143,NIFTY50,3.87143694070356,3.72950573539129,5.15
2019-11-06,11966.0498046875,-0.1686933378437971,0.0040907060383537,70.58661118420204,181.1012158267822,153.01736482267043,28.08385100411178,Normal,11602.17236328125,256.8711622158908,1.4165756804589231,NIFTY50,3.87143694070356,3.72950573539129,5.15
2019-11-07,12012.0498046875,-0.1558621411966919,0.0038368392142123,71.994903240837,186.1913980184181,159.65217146182,26.539226556598123,Normal,11646.454833984377,246.672048249212,1.482109437603427,NIFTY50,3.87143694070356,3.72950573539129,5.15
2019-11-08,11908.150390625,-0.1883465865034322,-0.0086872239057793,64.48481446997741,179.7693208585224,163.67560134116047,16.093719517361933,Normal,11676.19736328125,240.1638495740061,0.9658115813648896,NIFTY50,3.87143694070356,3.72950573539129,5.15
2019-11-11,11913.4501953125,-0.1877255242050414,0.0004449579074941,64.68716639304725,173.1119021372815,165.56286150038468,7.5490406368968195,Normal,11710.1423828125,221.72598920353155,0.9169327115432307,NIFTY50,3.87143694070356,3.72950573539129,5.15
2019-11-13,11840.4501953125,-0.2105189261401353,-0.0061463783728446,59.64609398623722,160.09982875582864,164.4702549514735,-4.370426195644853,Normal,11736.91240234375,201.65542806714384,0.5134391568883283,NIFTY50,3.87143694070356,3.72950573539129,5.15
2019-11-14,11872.099609375,-0.2020958312118113,0.0026694246816312,61.062854409531575,150.60542447898297,161.6972888569754,-11.091864377992437,Normal,11763.45986328125,180.66922073379803,0.6013185071176114,NIFTY50,3.87143694070356,3.72950573539129,5.15
2019-11-15,11895.4501953125,-0.1961169852971929,0.0019649138125061,62.1195331102714,143.31321232001392,158.02047354958313,-14.707261229569212,Normal,11786.8173828125,164.53502068280062,0.660241279024896,NIFTY50,3.87143694070356,3.72950573539129,5.15
2019-11-18,11884.5,-0.2003209147074282,-0.0009209603886071,61.27967854552652,135.09322183070435,153.43502320580737,-18.341801375103017,Normal,11807.8423828125,147.0505652641107,0.5213010711643248,NIFTY50,3.87143694070356,3.72950573539129,5.15
2019-11-19,11940.099609375,-0.1848082983016566,0.0046674203321069,63.94515068332856,131.5488309207849,149.05778474880287,-17.50895382801798,Normal,11825.5298828125,140.11827303226974,0.8176644208005229,NIFTY50,3.87143694070356,3.72950573539129,5.15
2019-11-20,11999.099609375,-0.1682256215128462,0.0049291639974579,66.5746671137477,131.9793072059383,145.64208924022995,-13.662782034291638,Normal,11842.3923828125,139.67590649612646,1.1219345590346688,NIFTY50,3.87143694070356,3.72950573539129,5.15
2019-11-21,11968.400390625,-0.1784160684813092,-0.002561738649308,63.96078507259318,128.36359673469087,142.18639073912215,-13.822794004431271,Normal,11861.394921875,128.71759699259312,0.8313196583071476,NIFTY50,3.87143694070356,3.72950573539129,5.15
2019-11-22,11914.400390625,-0.1955250332133133,-0.0045220903960493,59.53300628723545,119.76024982149649,137.70116255559702,-17.94091273410055,Normal,11876.9099609375,113.92300005200316,0.3290856953414655,NIFTY50,3.87143694070356,3.72950573539129,5.15
2019-11-25,12073.75,-0.1494935396252796,0.0132858891358918,66.83021423726689,124.36659643712484,135.0342493319026,-10.667652894777774,Normal,11901.46748046875,99.11623466438454,1.738186686718004,NIFTY50,3.87143694070356,3.72950573539129,5.15
2019-11-26,12037.7001953125,-0.1613642216732913,-0.0029902665544935,64.01771417894795,123.68250641518534,132.76390074855914,-9.081394333373794,Normal,11924.157470703123,70.36383431550479,1.6136517532609174,NIFTY50,3.87143694070356,3.72950573539129,5.15
2019-11-27,12100.7001953125,-0.1435291875966888,0.0052199103527662,66.65846595947693,126.7626922223244,131.5636590433122,-4.80096682098781,Bubble,11939.85,73.07497581876628,2.2011665896602586,NIFTY50,3.87143694070356,3.72950573539129,5.15
2019-11-28,12151.150390625,-0.1293835856965489,0.0041605293507918,68.64309356613843,131.75587113065376,131.60210146078057,0.1537696698732134,Bubble,11955.2025390625,83.42181917898084,2.3488801070388443,NIFTY50,3.87143694070356,3.72950573539129,5.15
2019-11-29,12056.0498046875,-0.1592629639609978,-0.0078572552326699,61.24273060565508,126.58004295121827,130.5976897588681,-4.01764680764984,Normal,11964.13251953125,84.21609153320641,1.0914456309101894,NIFTY50,3.87143694070356,3.72950573539129,5.15
2019-12-02,12048.2001953125,-0.1626101165067153,-0.0006513050314763,60.661406695724274,120.4562196359784,128.56939573429017,-8.113176098311754,Normal,11972.012548828125,84.34672782168472,0.9032673637967524,NIFTY50,3.87143694070356,3.72950573539129,5.15
2019-12-03,11994.2001953125,-0.1797625900073583,-0.0044920715009142,56.67582351915162,109.97793960681884,124.8511045087959,-14.873164901977065,Normal,11974.657568359376,84.16216671832407,0.2322020417859617,NIFTY50,3.87143694070356,3.72950573539129,5.15
2019-12-04,12043.2001953125,-0.1662094259964842,0.0040769856204158,59.28961881692804,104.42398300725472,120.76568020848768,-16.341697201232947,Normal,11980.957568359376,84.35048367250494,0.7379048020019002,NIFTY50,3.87143694070356,3.72950573539129,5.15
2019-12-05,12018.400390625,-0.1745950359827652,-0.0020613602474655,57.40203851870752,96.90424361079204,115.99339288894856,-19.089149278156512,Normal,11983.57509765625,84.67516013971586,0.4112810995726154,NIFTY50,3.87143694070356,3.72950573539129,5.15
2019-12-06,11921.5,-0.2044422879618014,-0.0080953486219982,50.62068003303831,82.1784423402205,109.23040277920296,-27.051960438982448,Normal,11979.047607421877,85.48940149796151,-0.673154875499359,NIFTY50,3.87143694070356,3.72950573539129,5.15
2019-12-09,11937.5,-0.200679982608475,0.0013412131605239,51.6366592369052,70.98098046338782,101.58051831603991,-30.599537852652105,Normal,11980.515087890624,84.45398496581926,-0.5093316544865657,NIFTY50,3.87143694070356,3.72950573539129,5.15
2019-12-10,11856.7998046875,-0.2254091895929389,-0.0067831796188954,46.445948403638894,54.96151776614533,92.256718206061,-37.29520043991568,Normal,11977.682568359374,87.70895174236476,-1.3782260678129397,NIFTY50,3.87143694070356,3.72950573539129,5.15
2019-12-11,11910.150390625,-0.2108028162402361,0.0044894843560396,50.022715373325006,46.04020179305007,83.01341492345883,-36.97321313040875,Normal,11981.167578125,83.24008050758839,-0.85316096605079,NIFTY50,3.87143694070356,3.72950573539129,5.15
2019-12-12,11971.7998046875,-0.1937190034000477,0.0051628573460297,53.8577682220434,43.44379408358327,75.09949075548371,-31.655696671900444,Normal,11986.152587890623,79.25449878645264,-0.1810973941277184,NIFTY50,3.87143694070356,3.72950573539129,5.15
2019-12-13,12086.7001953125,-0.1609723678873177,0.0095518227839611,60.01607544986391,50.08032867350266,70.0956583390875,-20.015329665584844,Normal,11995.715087890623,79.2724499810002,1.1477519294998713,NIFTY50,3.87143694070356,3.72950573539129,5.15
2019-12-16,12053.9501953125,-0.171719619510805,-0.0027132674192033,57.65414150772068,52.09664120208981,66.49585491168797,-14.399213709598158,Normal,12004.18759765625,75.73679100437262,0.6570465555291001,NIFTY50,3.87143694070356,3.72950573539129,5.15
2019-12-17,12165.0,-0.1399188694354133,0.0091705529807056,62.97505024802597,61.94135320152782,65.58495456965593,-3.6436013681281167,Bubble,12015.4326171875,82.14541597282764,1.8207635939414373,NIFTY50,3.87143694070356,3.72950573539129,5.15
2019-12-18,12221.650390625,-0.1240231742479228,0.0046460249046105,65.36588086152362,73.46768176146907,67.16150000801856,6.306181753450503,Bubble,12026.56015625,94.03025223360665,2.074760300443761,NIFTY50,3.87143694070356,3.72950573539129,5.15
2019-12-19,12259.7001953125,-0.1136463945138738,0.0031084751792857,66.9113746425405,84.69635457681943,70.66847092177875,14.027883655040682,Bubble,12041.125146484375,106.30666143240138,2.056080455194361,NIFTY50,3.87143694070356,3.72950573539129,5.15
2019-12-20,12271.7998046875,-0.1110604762375036,0.0009864549951019,67.40940860299212,93.49375819053604,75.23352837553021,18.26022981500581,Bubble,12058.9951171875,113.66755222880276,1.8721674156547592,NIFTY50,3.87143694070356,3.72950573539129,5.15
2019-12-23,12262.75,-0.1148516170744974,-0.000737719270985,66.60195100742854,98.59893320409536,79.90660934124325,18.69232386285212,Normal,12068.4451171875,122.47410722425572,1.5864976460429967,NIFTY50,3.87143694070356,3.72950573539129,5.15
2019-12-24,12214.5498046875,-0.1304365286674572,-0.0039383639534341,62.32019158583178,97.63004980569713,83.45129743413403,14.178752371563093,Normal,12077.28759765625,126.45693507418191,1.0854462584494042,NIFTY50,3.87143694070356,3.72950573539129,5.15
2019-12-26,12126.5498046875,-0.1578848754006119,-0.0072306004913641,55.32677750421193,88.73841694592011,84.50872133649125,4.229695609428859,Normal,12078.580078125,126.8403425230848,0.3781898220100562,NIFTY50,3.87143694070356,3.72950573539129,5.15
2019-12-27,12245.7998046875,-0.1236694655551676,0.009785757510884,61.61319013933052,90.27359442676789,85.66169595454659,4.611898472221299,Normal,12083.312548828126,131.37512350683124,1.2368190531210064,NIFTY50,3.87143694070356,3.72950573539129,5.15
2019-12-30,12255.849609375,-0.1217036044943415,0.0008203370378256,62.09726229280325,91.24930371672964,86.7792175069832,4.470086209746427,Normal,12093.3025390625,136.68227090181992,1.1892330237127702,NIFTY50,3.87143694070356,3.72950573539129,5.15
2019-12-31,12168.4501953125,-0.1490094836813945,-0.007156789574995,55.53801485950855,84.00183718146582,86.22374144187972,-2.221904260413908,Normal,12099.3150390625,137.23755165517272,0.5037626758579276,NIFTY50,3.87143694070356,3.72950573539129,5.15
2020-01-01,12182.5,-0.145849174556195,0.0011539431631088,56.33646337729996,78.48711890604318,84.67641693471242,-6.189298028669242,Normal,12108.730029296876,136.1010716979227,0.5420234373088351,NIFTY50,-5.77772470686801,6.62343677628535,5.15
2020-01-02,12282.2001953125,-0.1173540186449992,0.0081505799340132,61.60556693821752,81.22532251682605,83.98619805113515,-2.7608755343090934,Normal,12120.680029296876,140.46693223610168,1.1498803557846389,NIFTY50,-5.77772470686801,6.62343677628535,5.15
2020-01-03,12226.650390625,-0.1350731180670228,-0.0045330481423355,57.44599364216919,78.013670584196,82.79169255774733,-4.778021973551319,Normal,12131.092529296877,140.2044394245655,0.6815608815264242,NIFTY50,-5.77772470686801,6.62343677628535,5.15
2020-01-06,11993.0498046875,-0.2061231533562362,-0.0192907284731414,43.9937225849767,55.97356981479607,77.42806800915707,-21.45449819436101,Normal,12134.67001953125,135.4056689720802,-1.0458957584187325,NIFTY50,-5.77772470686801,6.62343677628535,5.15
2020-01-07,12052.9501953125,-0.1896956084145323,0.0049821604032702,47.39545054173048,42.84618789643537,70.51169198661273,-27.665504090177365,Normal,12140.442529296875,128.8603659401302,-0.6789700878625873,NIFTY50,-5.77772470686801,6.62343677628535,5.15
2020-01-08,12025.349609375,-0.1987116346106361,-0.0022925703434345,46.00876874715952,29.871170274256656,62.38358764414152,-32.512417369884865,Normal,12148.87001953125,113.9869838953384,-1.0836360954130118,NIFTY50,-5.77772470686801,6.62343677628535,5.15
2020-01-09,12215.900390625,-0.1445848788790293,0.0157215247601045,55.65507777018863,34.565778102758486,56.82002573586492,-22.25424763310643,Normal,12164.15751953125,99.92088284774889,0.5178384099407003,NIFTY50,-5.77772470686801,6.62343677628535,5.15
2020-01-10,12256.7998046875,-0.1335107602623939,0.003342455210374,57.41380237741148,41.11260896935892,53.67854238256372,-12.565933413204805,Normal,12178.40751953125,90.96538563520298,0.8617814854391382,NIFTY50,-5.77772470686801,6.62343677628535,5.15
2020-01-13,12329.5498046875,-0.1129984967982413,0.0059179352344971,60.42072576876112,51.57679145493785,53.25819219703855,-1.6814007421006991,Normal,12190.55,94.22936370470434,1.4751219707170882,NIFTY50,-5.77772470686801,6.62343677628535,5.15
2020-01-14,12362.2998046875,-0.1042888404361177,0.0026526987425187,61.73071240753537,61.799990935604,54.96655194475164,6.833438990852358,Normal,12205.96748046875,95.91355795416808,1.6299293609090546,NIFTY50,-5.77772470686801,6.62343677628535,5.15
2020-01-15,12343.2998046875,-0.1110464210273172,-0.0015381131440847,60.48005545837941,67.58967724170543,57.4911770041424,10.09850023756303,Normal,12214.882470703124,100.10023744409288,1.2828874062970848,NIFTY50,-5.77772470686801,6.62343677628535,5.15
2020-01-16,12355.5,-0.1084666729387813,0.00098791814997,61.026075912987984,72.32873847805968,60.45868929892586,11.870049179133815,Normal,12221.574951171877,104.934263156539,1.276275687268496,NIFTY50,-5.77772470686801,6.62343677628535,5.15
2020-01-17,12352.349609375,-0.1104699629693053,-0.0002550113176078,60.79250169270936,74.96610585294547,63.36017260972979,11.605933243215688,Normal,12226.207421875,108.68401165304044,1.1606324203664118,NIFTY50,-5.77772470686801,6.62343677628535,5.15
2020-01-20,12224.5498046875,-0.1497921077493317,-0.010400087859252,52.08364232253518,65.983248512297,63.88478779024324,2.0984607220537583,Normal,12223.844921875,108.1530415637184,0.0065174571358258,NIFTY50,-5.77772470686801,6.62343677628535,5.15
2020-01-21,12169.849609375,-0.166923251690673,-0.0044846594550091,48.857483620486754,53.82990312347101,61.8738108568888,-8.043907733417782,Normal,12219.19990234375,108.38889342240354,-0.4553076557062512,NIFTY50,-5.77772470686801,6.62343677628535,5.15
2020-01-22,12106.900390625,-0.1863527055143024,-0.0051859791637364,45.374269466192,38.67301503395356,57.23365169230176,-18.560636658348194,Normal,12213.817431640626,111.26663784185637,-0.9609083467372068,NIFTY50,-5.77772470686801,6.62343677628535,5.15
2020-01-23,12180.349609375,-0.1660278276530561,0.0060483951593072,49.865518423313695,32.21643908023907,52.23020916988922,-20.01377008965015,Normal,12216.507421875,109.68489909495514,-0.3296516913298841,NIFTY50,-5.77772470686801,6.62343677628535,5.15
2020-01-24,12248.25,-0.1472094147604396,0.0055591042118478,53.65873412558408,32.20728464692911,48.2256242652972,-16.01833961836809,Normal,12216.629931640626,109.72070094521423,0.2881868971577461,NIFTY50,-5.77772470686801,6.62343677628535,5.15
2020-01-27,12119.0,-0.1863585866159625,-0.0106086006564749,46.45372524286651,21.52253647670659,42.88500670757908,-21.36247023087249,Normal,12209.787451171876,111.40042562366304,-0.8149650296541605,NIFTY50,-5.77772470686801,6.62343677628535,5.15
2020-01-28,12055.7998046875,-0.2056720753083485,-0.0052286132506335,43.386001308663126,7.864412939759859,35.88088795401524,-28.016475014255377,Normal,12204.154931640624,116.3388794984056,-1.2751981761622393,NIFTY50,-5.77772470686801,6.62343677628535,5.15
2020-01-29,12129.5,-0.1854379317168867,0.0060946462552533,47.72163540266118,2.9531988210437703,29.295350127420942,-26.34215130637717,Normal,12201.504931640626,117.4563604358415,-0.6130356106169079,NIFTY50,-5.77772470686801,6.62343677628535,5.15
2020-01-30,12035.7998046875,-0.2136167331244876,-0.0077549764050795,43.192704156751454,-8.40293265098262,21.75569357174023,-30.15862622272285,Normal,12189.184912109376,121.40292665862704,-1.263438301229577,NIFTY50,-5.77772470686801,6.62343677628535,5.15
2020-01-31,11962.099609375,-0.235710817189567,-0.0061422398476357,39.97886802854244,-23.08364459671793,12.7878259380486,-35.87147053476653,Normal,12175.957373046876,131.1285946311513,-1.6309010576482603,NIFTY50,-5.77772470686801,6.62343677628535,5.15
2020-02-03,11707.900390625,-0.3092958065527803,-0.0214794247492997,31.32212058898112,-54.60056576962416,-0.6898524034859506,-53.91071336613821,Crash,12161.69990234375,163.55525528292526,-2.7745944997838583,NIFTY50,-5.77772470686801,6.62343677628535,5.15
2020-02-04,11979.650390625,-0.2357533082387055,0.0229455485200191,45.02645688211944,-56.9930189305087,-11.9504857088905,-45.0425332216182,Normal,12158.034912109377,166.90731622069148,-1.0687639435080718,NIFTY50,-5.77772470686801,6.62343677628535,5.15
2020-02-05,12089.150390625,-0.2056821676079218,0.009098978920125,49.40730498042388,-49.482912216893965,-19.456971010491195,-30.02594120640277,Normal,12161.224951171876,164.83471030509037,-0.4372535397033354,NIFTY50,-5.77772470686801,6.62343677628535,5.15
2020-02-06,12137.9501953125,-0.1926437438090246,0.0040285357723643,51.271023842240005,-39.14215573153342,-23.39400795469964,-15.748147776833784,Normal,12157.32744140625,164.3948474732574,-0.1178701546403568,NIFTY50,-5.77772470686801,6.62343677628535,5.15
2020-02-07,12098.349609375,-0.2050035754317684,-0.0032678768209591,49.6719375574164,-33.7533800900801,-25.46588238177573,-8.287497708304368,Normal,12149.404931640624,163.162166995386,-0.3129115235829709,NIFTY50,-5.77772470686801,6.62343677628535,5.15
2020-02-10,12031.5,-0.2251219476052867,-0.0055408368875527,47.0066669381624,-34.47948334005196,-27.26860257343098,-7.210880766620978,Normal,12134.50244140625,159.4107034890105,-0.6461450777886493,NIFTY50,-5.77772470686801,6.62343677628535,5.15
2020-02-11,12107.900390625,-0.2043592676035041,0.0063299538920958,50.289577519090656,-28.560821012079032,-27.527046261160592,-1.0337747509184396,Normal,12121.782470703123,150.15846938703243,-0.0924495310507197,NIFTY50,-5.77772470686801,6.62343677628535,5.15
2020-02-12,12201.2001953125,-0.1786606973398086,0.0076761591804553,54.03447459028354,-16.15549350355832,-25.25273570964014,9.097242206081823,Normal,12114.677490234377,142.2805574286292,0.6081133405843347,NIFTY50,-5.77772470686801,6.62343677628535,5.15
2020-02-13,12174.650390625,-0.1872958263560612,-0.0021783703582191,52.81515851822284,-8.370044763936676,-21.87619752049945,13.506152756562772,Normal,12105.635009765623,131.5089194358914,0.524796197515857,NIFTY50,-5.77772470686801,6.62343677628535,5.15
2020-02-14,12113.4501953125,-0.2058870983066744,-0.0050395315698233,50.013539252286,-7.0570159499711735,-18.9123612063938,11.855345256422623,Normal,12093.6900390625,118.08486219117428,0.1673386061797618,NIFTY50,-5.77772470686801,6.62343677628535,5.15
2020-02-17,12045.7998046875,-0.2261797172082466,-0.0056003863896707,47.04292005684501,-11.34448019458432,-17.3987850040319,6.054304809447579,Normal,12084.7525390625,114.36513018893837,-0.3405997467116705,NIFTY50,-5.77772470686801,6.62343677628535,5.15
2020-02-18,11992.5,-0.2422132860433443,-0.0044345808537079,44.78587390536177,-18.8261590485472,-17.68425981293496,-1.141899235612236,Normal,12075.88505859375,114.29524382284656,-0.72955842959655,NIFTY50,-5.77772470686801,6.62343677628535,5.15
2020-02-19,12125.900390625,-0.2056758683777433,0.0110622386930189,51.10847676158605,-13.831703524745537,-16.913748555297076,3.0820450305515408,Normal,12076.83505859375,114.64503227173198,0.4279760846065756,NIFTY50,-5.77772470686801,6.62343677628535,5.15
2020-02-20,12080.849609375,-0.2194732888178941,-0.0037221711517002,49.06510068866543,-13.354836834874732,-16.201966211212607,2.847129376337876,Normal,12071.86005859375,112.04604949978857,0.0802308588422628,NIFTY50,-5.77772470686801,6.62343677628535,5.15
2020-02-24,11829.400390625,-0.2921744611105744,-0.0210335307220503,39.55845452721791,-32.88765859540581,-19.53910468805125,-13.34855390735456,Normal,12050.917578125,116.40074976250722,-1.903056363055752,NIFTY50,-5.77772470686801,6.62343677628535,5.15
2020-02-25,11797.900390625,-0.3016851241884889,-0.0026664085715663,38.55075180041504,-50.32918380840965,-25.69712051212293,-24.632063296286724,Normal,12034.86259765625,128.0749758632775,-1.8501834994231223,NIFTY50,-5.77772470686801,6.62343677628535,5.15
2020-02-26,11678.5,-0.3353415047949187,-0.0101720381463894,34.91961628285023,-72.94546197320233,-35.14678880433881,-37.79867316886352,Crash,12015.997607421876,150.63007434464228,-2.240572534337862,NIFTY50,-5.77772470686801,6.62343677628535,5.15
2020-02-27,11633.2998046875,-0.3483411987133886,-0.0038778860778288,33.62829673962082,-93.43919449791974,-46.805269943055,-46.63392455486475,Crash,11991.18759765625,170.50436790974325,-2.098994866560827,NIFTY50,-5.77772470686801,6.62343677628535,5.15
2020-02-28,11201.75,-0.465618010642284,-0.0378016423222764,24.36437569402036,-142.8563289638878,-66.01548174722156,-76.84084721666623,Crash,11949.485107421877,244.82029583390536,-3.05422025929241,NIFTY50,-5.77772470686801,6.62343677628535,5.15
2020-03-02,11132.75,-0.4836524572758958,-0.0061788013630017,23.26100535508391,-185.44973825815032,-89.9023330494073,-95.54740520874302,Crash,11908.017626953126,305.3305921110823,-2.5391089100926894,NIFTY50,-5.77772470686801,6.62343677628535,5.15
2020-03-03,11303.2998046875,-0.441886034432472,0.0152034864709549,31.51642678642213,-203.1021430206547,-112.5422950436568,-90.5598479769979,Normal,11887.78759765625,331.56409983450106,-1.76281989895919,NIFTY50,-5.77772470686801,6.62343677628535,5.15
2020-03-04,11251.0,-0.4559112663238359,-0.0046376876143074,30.435161457934512,-218.78988452736849,-133.79181294039915,-84.99807158696933,Normal,11851.355078125,359.77137447135027,-1.6687127457184836,NIFTY50,-5.77772470686801,6.62343677628535,5.15
2020-03-05,11269.0,-0.4520066025980058,0.0015985793812774,31.30864456818354,-227.151620642002,-152.46377448071974,-74.68784616128221,Normal,11810.34755859375,377.54273993674576,-1.433870927260974,NIFTY50,-5.77772470686801,6.62343677628535,5.15
2020-03-06,10989.4501953125,-0.5237075218230001,-0.0251198535301779,25.87473907587849,-253.4144852579739,-172.65391663617058,-80.76056862180329,Normal,11752.92255859375,410.95705179988255,-1.8577911242487344,NIFTY50,-5.77772470686801,6.62343677628535,5.15
2020-03-09,10451.4501953125,-0.5815250497807823,-0.0501949959864756,19.029565646262668,-314.020268244758,-200.92718695788807,-113.0930812868699,Crash,11670.577587890624,494.5878055740448,-2.464936213223333,NIFTY50,-5.77772470686801,6.62343677628535,5.15
2020-03-11,10458.400390625,-0.5908256632876456,0.0006647771623133,19.326485250023023,-357.3704214630943,-232.21583385892933,-125.154587604165,Crash,11591.922607421877,555.503626497496,-2.040530723343504,NIFTY50,-5.77772470686801,6.62343677628535,5.15
2020-03-12,9590.150390625,0.8231377291705725,-0.0866689498179394,12.941799398503932,-456.5237275861437,-277.0774126043722,-179.44631498177142,Crash,11466.035107421874,699.1350665395953,-2.683150662262818,NIFTY50,-5.77772470686801,6.62343677628535,5.15
2020-03-13,9955.2001953125,-0.2204413047296757,0.0373584765423917,24.269675341241424,-499.8846100426799,-321.6388520920338,-178.24575795064612,Normal,11353.735107421877,753.1315537993576,-1.8569596573853813,NIFTY50,-5.77772470686801,6.62343677628535,5.15
2020-03-16,9197.400390625,1.2189254881429863,-0.0791741694511037,18.800759467584115,-588.6113871555772,-375.0333591047425,-213.5780280508347,Crash,11204.872607421876,867.8349418548022,-2.3131958855060097,NIFTY50,-5.77772470686801,6.62343677628535,5.15
2020-03-17,8967.0498046875,1.786402176509868,-0.025364151715096,17.509175937427287,-669.7943916104905,-433.9855656058921,-235.8088260045984,Crash,11047.552587890625,973.2462806205496,-2.1376940499341845,NIFTY50,-5.77772470686801,6.62343677628535,5.15
2020-03-18,8468.7998046875,3.129518596426889,-0.0571679271151332,15.093782594855512,-765.5127638573813,-500.29100525619,-265.2217586011913,Crash,10868.702587890624,1100.4946278624484,-2.180749203532768,NIFTY50,-5.77772470686801,6.62343677628535,5.15
2020-03-19,8263.4501953125,3.5506955576046053,-0.0245465995477513,14.222934085683406,-848.1631637860592,-569.8654369621638,-278.29772682389535,Normal,10682.25009765625,1210.476393308944,-1.9982214570345704,NIFTY50,-5.77772470686801,6.62343677628535,5.15
2020-03-20,8745.4501953125,1.436942582937428,0.0566913879444369,25.14057596159624,-864.8019310944401,-628.8527357886192,-235.9491953058209,Bubble,10513.227587890626,1234.066968957923,-1.4324809244921943,NIFTY50,-5.77772470686801,6.62343677628535,5.15
2020-03-23,7610.25,5.107633698561462,-0.139037564610512,19.00521042615337,-958.5399902231492,-694.7901866755252,-263.7498035476241,Crash,10289.697607421876,1335.862256998161,-2.005781354615788,NIFTY50,-5.77772470686801,6.62343677628535,5.15
2020-03-24,7801.0498046875,5.0145978715281165,0.0247622921384646,22.431626180258675,-1005.83745964837,-756.9996412700942,-248.83781837827576,Bubble,10088.280078125,1393.921658809422,-1.6408599859127466,NIFTY50,-5.77772470686801,6.62343677628535,5.15
2020-03-25,8317.849609375,1.0022174680796785,0.0641454460311805,30.95207910348733,-990.205151164304,-803.6407432489361,-186.56440791536784,Bubble,9914.2775390625,1386.4650049073873,-1.1514375941959942,NIFTY50,-5.77772470686801,6.62343677628535,5.15
2020-03-26,8641.4501953125,0.306094280017094,0.0381666543961638,35.71383527227813,-940.8589350844576,-831.0843816160406,-109.77455346841714,Bubble,9762.425048828123,1348.8756324852595,-0.831043890570004,NIFTY50,-5.77772470686801,6.62343677628535,5.15
2020-03-27,8660.25,0.2475888220156333,0.0021731751069639,35.990015757787845,-889.9756311142428,-842.862631515681,-47.11299959856183,Bubble,9613.77255859375,1294.573902576837,-0.7365532061906793,NIFTY50,-5.77772470686801,6.62343677628535,4.4
2020-03-30,8281.099609375,0.802115084869327,-0.0447678278737022,32.91846367439098,-870.2132374425437,-848.3327527010536,-21.880484741490136,Normal,9467.7400390625,1270.522998308359,-0.933977921901025,NIFTY50,-5.77772470686801,6.62343677628535,4.4
2020-03-31,8597.75,0.2042887536109139,0.0375247784776983,37.70050757930671,-819.5530603856005,-842.5768142379629,23.02375385236246,Bubble,9340.9900390625,1221.165499008947,-0.6086317044378398,NIFTY50,-5.77772470686801,6.62343677628535,4.4
2020-04-01,8253.7998046875,0.677230796948029,-0.0408268644244904,34.798668030243846,-797.9600248771894,-833.6534563658083,35.6934314886189,Normal,9188.5150390625,1151.658045473632,-0.811625671395009,NIFTY50,-5.77772470686801,6.62343677628535,4.4
2020-04-03,8083.7998046875,0.9329365127172627,-0.0208116418506999,33.42908389228283,-785.5100964888097,-824.0247843904087,38.51468790159902,Normal,9030.155029296877,1067.8311147142638,-0.8862405408205454,NIFTY50,-5.77772470686801,6.62343677628535,4.4
2020-04-07,8792.2001953125,-0.2451303750414272,0.0840029521628222,43.42192178528463,-710.2936246077261,-801.2785524338723,90.9849278261462,Normal,8906.3150390625,929.1329103845914,-0.122818643570342,NIFTY50,-5.77772470686801,6.62343677628535,4.4
2020-04-08,8748.75,-0.2076566180137792,-0.0049541539879532,42.99561125465259,-646.7349385764483,-770.3698296623875,123.63489108593922,Normal,8794.280029296875,789.2971267660417,-0.0576842709201584,NIFTY50,-5.77772470686801,6.62343677628535,4.4
2020-04-09,9111.900390625,-0.5504379218615257,0.0406704613937413,47.6239900611244,-560.5987865809857,-728.4156210461072,167.81683446512147,Normal,8727.3025390625,692.127124881484,0.555675161016635,NIFTY50,-5.77772470686801,6.62343677628535,4.4
2020-04-13,8993.849609375,-0.4608382170026243,-0.0130403274235616,46.307731694451256,-496.1417635893176,-681.9608495547493,185.81908596543167,Normal,8654.075,565.1670131545346,0.6011932782108323,NIFTY50,-5.77772470686801,6.62343677628535,4.4
2020-04-15,8925.2998046875,-0.4105344326525376,-0.0076510483286485,45.520959838279815,-445.4555702963953,-634.6597937030785,189.20422340668324,Normal,8620.832470703124,525.3613165224227,0.579538927608464,NIFTY50,-5.77772470686801,6.62343677628535,4.4
2020-04-16,8992.7998046875,-0.4706232251581244,0.0075343167835424,46.485126357991,-395.28313315468586,-586.7844615934,191.50132843871413,Normal,8572.712451171876,432.5930074953624,0.9710914097938298,NIFTY50,-5.77772470686801,6.62343677628535,4.4
2020-04-17,9266.75,-0.6793361909365883,0.0300084893471159,50.32743059371845,-329.61601573206826,-535.3507724211337,205.73475668906545,Normal,8576.179931640625,438.10657929518936,1.576260437518058,NIFTY50,-5.77772470686801,6.62343677628535,4.4
2020-04-20,9261.849609375,-0.6787328655491452,-0.0005289542483047,50.2579176780302,-274.80202594104776,-483.24102312511656,208.4389971840688,Normal,8590.919921875,456.521655950238,1.469655773729895,NIFTY50,-5.77772470686801,6.62343677628535,4.4
2020-04-21,8981.4501953125,-0.4764184071132145,-0.0307424095868608,46.315871798248,-251.0929897514616,-436.8114164503856,185.718426698924,Normal,8616.55244140625,463.6405410602557,0.7870272799522676,NIFTY50,-5.77772470686801,6.62343677628535,4.4
2020-04-22,9187.2998046875,-0.625328372614704,0.0226607133769272,49.45053833393438,-213.2350240145879,-392.09613796322606,178.86111394863815,Normal,8662.744921875,472.5454545909744,1.1100622759487615,NIFTY50,-5.77772470686801,6.62343677628535,4.4
2020-04-23,9313.900390625,-0.706609614731034,0.0136858755813272,51.33268382562022,-171.0450038437957,-347.88591113934,176.8409072955443,Normal,8691.167431640624,494.3731505355435,1.2596415446708278,NIFTY50,-5.77772470686801,6.62343677628535,4.4
2020-04-24,9154.400390625,-0.6157926320842655,-0.0172732692247864,48.86416310512285,-148.76456064623562,-308.0616410407192,159.29708039448354,Normal,8768.374951171874,433.5091625487007,0.8904666217055087,NIFTY50,-5.77772470686801,6.62343677628535,4.4
2020-04-27,9282.2998046875,-0.6926932387229379,0.0138746591837446,50.90303528792983,-119.41024806599673,-270.3313624457747,150.92111437977798,Normal,8842.437451171874,383.1565177076283,1.14799653193233,NIFTY50,-5.77772470686801,6.62343677628535,4.4
2020-04-28,9380.900390625,-0.7510174874707066,0.010566409007242,52.47619025346477,-87.18548066406038,-233.70218608943185,146.51670542537147,Normal,8895.589990234375,380.2779806932427,1.276199057084265,NIFTY50,-5.77772470686801,6.62343677628535,4.4
2020-04-29,9553.349609375,-0.8401468897112465,0.0182160885502695,55.18105121836375,-47.18795621053323,-196.39934011365213,149.2113839031189,Normal,8941.1849609375,402.23704477146754,1.5219002237481714,NIFTY50,-5.77772470686801,6.62343677628535,4.4
2020-04-30,9859.900390625,-0.8718893937640109,0.0315842287594642,59.58463334583552,9.141083460584923,-155.2912553988047,164.43233885938963,Bubble,9001.16748046875,445.2825063653877,1.9285125687187792,NIFTY50,-5.77772470686801,6.62343677628535,4.4
2020-05-04,9293.5,-0.7461234424613494,-0.0591608351265545,49.84069880924161,7.986412914189714,-122.63572173620582,130.62213465039554,Normal,9051.7875,415.67741379666,0.5814905789378297,NIFTY50,-5.77772470686801,6.62343677628535,4.4
2020-05-05,9205.599609375,-0.6968478870381439,-0.0095032789725698,48.51475276188723,-0.0212537223214894,-98.11282813342896,98.09157441110747,Normal,9082.17998046875,402.753718051131,0.3064394526348748,NIFTY50,-5.77772470686801,6.62343677628535,4.4
2020-05-06,9270.900390625,-0.7325524609202562,0.0070685522845568,49.58772934722986,-1.085645275459683,-78.70739156183511,77.62174628637543,Normal,9133.035009765625,353.9013829453982,0.3895587514012228,NIFTY50,-5.77772470686801,6.62343677628535,4.4
2020-05-07,9199.0498046875,-0.6957128652412797,-0.007780307756411,48.39268564549091,-7.638868928626834,-64.49368703519346,56.85481810656663,Normal,9188.797509765624,253.49679719879467,0.0404434889717154,NIFTY50,-5.77772470686801,6.62343677628535,4.4
2020-05-08,9251.5,-0.7230218975389882,0.0056855039177872,49.35224369956824,-8.502047162688541,-53.29535906069248,44.79331189800394,Normal,9211.7625,235.86863588957348,0.1684730140153231,NIFTY50,-5.77772470686801,6.62343677628535,4.4
2020-05-11,9239.2001953125,-0.7174631035942557,-0.0013303775813467,49.12158588946843,-10.062617980256618,-44.64881084460532,34.586192864348696,Normal,9236.285009765625,209.18280054026133,0.0139360671113793,NIFTY50,-5.77772470686801,6.62343677628535,4.4
2020-05-12,9196.5498046875,-0.6984093028972049,-0.0046269304709594,48.27897172455771,-14.57292407829118,-38.63363349134249,24.06070941305132,Normal,9240.51748046875,207.3822447957871,-0.21201272955911,NIFTY50,-5.77772470686801,6.62343677628535,4.4
2020-05-13,9383.5498046875,-0.7930982861084975,0.0201297429354734,52.15425103883805,-3.023187555914774,-31.51154430425695,28.488356748342177,Normal,9260.002490234376,201.2017066873864,0.6140470500336448,NIFTY50,-5.77772470686801,6.62343677628535,4.4
2020-05-14,9142.75,-0.6824661199582247,-0.0259969199371075,47.24524903612645,-13.14889763390056,-27.83901497018568,14.690117336285113,Normal,9270.875,187.5771333396121,-0.6830523407564137,NIFTY50,-5.77772470686801,6.62343677628535,4.4
2020-05-15,9136.849609375,-0.6546659875017216,-0.000645571123658,47.12819305692257,-21.40298771484231,-26.551809519117,5.148821804274689,Normal,9278.077490234376,178.90278334141507,-0.789411311672316,NIFTY50,-5.77772470686801,6.62343677628535,4.4
2020-05-18,8823.25,-0.4847955536950104,-0.0349253614900618,41.27489229073824,-52.6424517715368,-31.76993796960096,-20.87251380193584,Crash,9255.902490234375,205.83885281001093,-2.101899055149288,NIFTY50,-5.77772470686801,6.62343677628535,4.4
2020-05-19,8879.099609375,-0.5267022037605874,0.0063098736505969,42.64120276566172,-72.06266187411529,-39.828482750503824,-32.23417912361147,Normal,9236.764990234376,222.38458838468992,-1.6083190991664875,NIFTY50,-5.77772470686801,6.62343677628535,4.4
2020-05-20,9066.5498046875,-0.6449681130056104,0.0208916388393265,47.09067251059836,-71.50340734979181,-46.16346767036143,-25.339939679430387,Normal,9241.019970703124,218.013599959474,-0.8002719373839802,NIFTY50,-5.77772470686801,6.62343677628535,4.4
2020-05-21,9106.25,-0.6707081321735702,0.0043691955994809,48.01051853864299,-67.08342418073698,-50.34745897243654,-16.735965208300442,Normal,9236.96748046875,219.810600386486,-0.5946823321482808,NIFTY50,-5.77772470686801,6.62343677628535,4.4
2020-05-22,9039.25,-0.6400011208864268,-0.0073847846008156,46.53998157427127,-68.20072028269533,-53.9181112344883,-14.282609048207028,Normal,9223.2349609375,223.3028611747017,-0.8239256764093066,NIFTY50,-5.77772470686801,6.62343677628535,4.0
2020-05-26,9029.0498046875,-0.6390811006971229,-0.0011290709703029,46.30743569416868,-69.11256933015284,-56.95700285362121,-12.155566476531623,Normal,9216.967431640624,227.064009840877,-0.8275975883840648,NIFTY50,-5.77772470686801,6.62343677628535,4.0
2020-05-27,9314.9501953125,-0.7838655945808259,0.0311735219299972,53.34428480066009,-46.23250458152143,-54.81210319920126,8.579598617679835,Normal,9218.599951171876,227.6750023658821,0.4231920199380825,NIFTY50,-5.77772470686801,6.62343677628535,4.0
2020-05-28,9490.099609375,-0.8533864595716444,0.0186284514925432,57.05734198873356,-13.807628746904811,-46.61120830874198,32.80357956183717,Normal,9224.059912109376,233.01870668442288,1.141709612292728,NIFTY50,-5.77772470686801,6.62343677628535,4.0
2020-05-29,9580.2998046875,-0.8756013824693524,0.009459777532853,58.87261261966726,18.94928532220365,-33.499109582552855,52.448394904756505,Normal,9225.407421875,235.09186069325943,1.5095902587438077,NIFTY50,-5.77772470686801,6.62343677628535,4.0
2020-06-01,9826.150390625,-0.889612028243207,0.0253383526597206,63.41239368803375,64.00960051868788,-13.99736756230471,78.00696808099258,Bubble,9223.719921875,230.37147464870205,2.6150393388272515,NIFTY50,-5.77772470686801,6.62343677628535,4.0
2020-06-02,9979.099609375,-0.8698494688491831,0.015445627746472,65.93188351876714,110.7848894131548,10.959083832787195,99.8258055803676,Bubble,9257.99990234375,285.67336722302184,2.5242104787048474,NIFTY50,-5.77772470686801,6.62343677628535,4.0
2020-06-03,10061.5498046875,-0.8590070867728589,0.0082283421862785,67.24146403684995,152.74691322249055,39.316649710727866,113.43026351176267,Bubble,9300.797412109376,336.92809634923924,2.257907253272148,NIFTY50,-5.77772470686801,6.62343677628535,4.0
2020-06-04,10029.099609375,-0.8635932068838499,-0.0032303807470656,66.16347901831529,181.29381756986004,67.7120832825543,113.58173428730574,Bubble,9338.707373046876,374.0023399844877,1.8459569968379352,NIFTY50,-5.77772470686801,6.62343677628535,4.0
2020-06-05,10142.150390625,-0.848546953903869,0.0112092175696585,68.08319054094798,210.6118953483437,96.2920456957122,114.31984965263156,Bubble,9385.86240234375,412.8987238064425,1.8316549426676865,NIFTY50,-5.77772470686801,6.62343677628535,4.0
2020-06-08,10167.4501953125,-0.8452684991840381,0.0024914146063167,68.51371709753256,233.19998178406783,123.67363291338336,109.5263488706845,Normal,9431.659912109377,446.6306463686759,1.6474245311768403,NIFTY50,-5.77772470686801,6.62343677628535,4.0
2020-06-09,10046.650390625,-0.8620809889515292,-0.0119521758820678,64.0697842922632,238.6031991955715,146.659546169821,91.9436530257505,Normal,9472.032421875,464.4563039000922,1.2371841310471372,NIFTY50,-5.77772470686801,6.62343677628535,4.0
2020-06-10,10116.150390625,-0.8528895531287474,0.0068939108220717,65.4579500187699,245.66152395734207,166.4599417273252,79.20158223001687,Normal,9518.012451171877,480.97420490136415,1.2435967113367092,NIFTY50,-5.77772470686801,6.62343677628535,4.0
2020-06-11,9902.0,-0.882279173304707,-0.0213964383678064,58.019624859698034,231.30876690935656,179.42970676373147,51.87906014562509,Normal,9543.9349609375,487.2756830169984,0.7348305108219584,NIFTY50,-5.77772470686801,6.62343677628535,4.0
2020-06-12,9972.900390625,-0.8731330859825177,0.0071346965257769,59.65427466485637,223.0836036092605,188.1604861328373,34.92311747642324,Normal,9585.44248046875,486.65986811096127,0.796157512761886,NIFTY50,-5.77772470686801,6.62343677628535,4.0
2020-06-15,9813.7001953125,-0.8945021476250758,-0.016092064938005,54.52070428085516,201.3973933793077,190.8078675821314,10.589525797176291,Normal,9619.285009765625,477.2662504178935,0.4073516310374885,NIFTY50,-5.77772470686801,6.62343677628535,4.0
2020-06-16,9914.0,-0.8816993804146405,0.0101685110713787,57.02963226806176,190.11276985935365,190.66884803757583,-0.556078178222208,Normal,9673.822509765623,442.5748115494415,0.5426822403053635,NIFTY50,-5.77772470686801,6.62343677628535,4.0
2020-06-17,9881.150390625,-0.8862108130257192,-0.0033189583187083,55.941151714652165,176.4845316544397,187.8319847609486,-11.347453106508908,Normal,9723.925048828123,402.8041110638365,0.3903270534693175,NIFTY50,-5.77772470686801,6.62343677628535,4.0
2020-06-18,10091.650390625,-0.8588287002222244,0.0210794466700883,61.06886509130843,180.58794010751808,186.38317583026253,-5.795235722744451,Normal,9775.180078125,379.2867295286912,0.8343827712961419,NIFTY50,-5.77772470686801,6.62343677628535,4.0
2020-06-19,10244.400390625,-0.8383295479702246,0.0150228650029494,64.31447618560537,193.93006422195504,187.89255350860105,6.037510713353981,Normal,9832.08759765625,358.44995080375963,1.1502660051820717,NIFTY50,-5.77772470686801,6.62343677628535,4.0
2020-06-22,10311.2001953125,-0.8292676774977075,0.0064994490975027,65.66264689261882,207.5020254921328,191.81444790530745,15.687577586825398,Normal,9895.685107421876,321.2889777624332,1.293275265103752,NIFTY50,-5.77772470686801,6.62343677628535,4.0
2020-06-23,10471.0,-0.8071344469941614,0.0153788292551106,68.70821862425097,228.5181958014764,199.15519748454125,29.362998316935148,Bubble,9967.7826171875,275.03827454121387,1.829626744320975,NIFTY50,-5.77772470686801,6.62343677628535,4.0
2020-06-24,10305.2998046875,-0.8310175197123227,-0.0159512242577638,62.51628048611825,229.16141113798403,205.15644021522985,24.00497092275421,Normal,10017.30009765625,237.96981897941683,1.2102362739375776,NIFTY50,-5.77772470686801,6.62343677628535,4.0
2020-06-25,10288.900390625,-0.8334992668025939,-0.0015926248529521,61.92150994168561,225.74561335803264,209.2742748437904,16.471338514242234,Normal,10057.24013671875,210.24863602377243,1.1018395091041455,NIFTY50,-5.77772470686801,6.62343677628535,4.0
2020-06-26,10383.0,-0.8206006622015243,0.0091041711267076,64.03582910723532,228.00334047934663,213.02008797090167,14.983252508444991,Normal,10097.375146484375,190.05765303641377,1.5028326876208495,NIFTY50,-5.77772470686801,6.62343677628535,4.0
2020-06-29,10312.400390625,-0.8307500184854102,-0.0068227607980759,61.28632987291298,221.54200866722204,214.7244721101657,6.817536557056286,Normal,10121.687646484375,184.5574154534441,1.033351836186356,NIFTY50,-5.77772470686801,6.62343677628535,4.0
2020-06-30,10302.099609375,-0.8323802957104232,-0.0009993724909477,60.875628106166765,213.1333016643639,214.4062380210053,-1.2729363566414804,Normal,10137.837646484377,185.55294753017668,0.8852565538680591,NIFTY50,-5.77772470686801,6.62343677628535,4.0
2020-07-01,10430.0498046875,-0.8147649729444755,0.0123433241068104,64.0943348171824,214.323267009966,214.3896438187975,-0.0663768088315066,Normal,10156.262646484374,195.6025143123969,1.399711855267157,NIFTY50,-5.77772470686801,6.62343677628535,4.0
2020-07-02,10551.7001953125,-0.7977410621631462,0.0115959587525375,66.8838640795486,222.5174503133876,216.0152051177156,6.50224519567206,Normal,10182.39267578125,211.94480126680733,1.7424702909619685,NIFTY50,-5.77772470686801,6.62343677628535,4.0
2020-07-03,10607.349609375,-0.7899389951606711,0.0052601173388212,68.10461636614052,230.84085259526,218.98033461322444,11.86051798203556,Normal,10205.65263671875,231.8847053732828,1.7323133580958114,NIFTY50,-5.77772470686801,6.62343677628535,4.0
2020-07-06,10763.650390625,-0.7675444195201637,0.014627632603289,71.30418671915004,247.19981012270728,224.62422971512103,22.575580407586244,Bubble,10235.462646484377,262.95578458880016,2.008656112914892,NIFTY50,-5.77772470686801,6.62343677628535,4.0
2020-07-07,10799.650390625,-0.7624466955800112,0.0033390095340367,72.00086846262525,260.07136020691723,231.71365581348027,28.35770439343696,Bubble,10273.112646484376,287.28094089247963,1.8328321485750496,NIFTY50,-5.77772470686801,6.62343677628535,4.0
2020-07-08,10705.75,-0.7765595950512686,-0.0087327820609896,67.40410833390607,259.70150235742767,237.3112251222697,22.390277235157924,Normal,10302.592626953125,300.28346133936793,1.3425893362513348,NIFTY50,-5.77772470686801,6.62343677628535,4.0
2020-07-09,10813.4501953125,-0.761027388424654,0.0100097674252966,69.78668182991093,265.043634980535,242.8577070939228,22.185927886612205,Normal,10348.16513671875,305.4071411445083,1.5234910907783694,NIFTY50,-5.77772470686801,6.62343677628535,4.0
2020-07-10,10768.0498046875,-0.7679592583606245,-0.0042073495908376,67.54534740102,262.5869426555564,246.8035542062496,15.78338844930687,Normal,10387.922607421877,305.7401107045858,1.2433016930281484,NIFTY50,-5.77772470686801,6.62343677628535,4.0
2020-07-13,10802.7001953125,-0.7630671698085321,0.0032127228240942,68.38004392344493,260.4338736456102,249.5296180941217,10.904255551488518,Normal,10437.372607421876,287.40822877893527,1.2711103973700837,NIFTY50,-5.77772470686801,6.62343677628535,4.0
2020-07-14,10607.349609375,-0.7921854334116858,-0.0182490007348894,59.14459578163409,240.19556629926228,247.66280773514984,-7.4672414358875585,Normal,10472.040087890626,261.6147147377958,0.5172091394782158,NIFTY50,-5.77772470686801,6.62343677628535,4.0
2020-07-15,10618.2001953125,-0.7908209861825007,0.0010224080867197,59.47201694375834,222.4676449910221,242.6237751863243,-20.15613019530221,Normal,10508.892578125,223.0710227137777,0.490012624041055,NIFTY50,-5.77772470686801,6.62343677628535,4.0
2020-07-16,10739.9501953125,-0.7734619282894615,0.0114009234448232,63.05025433480586,215.7552548493386,237.2500711189272,-21.4948162695886,Normal,10541.307568359374,205.67410218845703,0.965812539544291,NIFTY50,-5.77772470686801,6.62343677628535,4.0
2020-07-17,10901.7001953125,-0.7500253850054116,0.0149483065306169,67.19429100409748,220.9406442842137,233.98818575198453,-13.047541467770827,Normal,10574.17255859375,208.23338521190712,1.5728872504543143,NIFTY50,-5.77772470686801,6.62343677628535,4.0
2020-07-20,11022.2001953125,-0.7323097336554946,0.0109926802508403,69.90243034092997,232.09796484675644,233.6101415709389,-1.5121767241824955,Bubble,10609.72255859375,221.25954764216087,1.864225255426457,NIFTY50,-5.77772470686801,6.62343677628535,4.0
2020-07-21,11162.25,-0.7114477929635065,0.0126261109917779,72.72100820308526,249.3665284551971,236.7614189477906,12.605109507406524,Bubble,10644.28505859375,250.50593628354315,2.06767531776163,NIFTY50,-5.77772470686801,6.62343677628535,4.0
2020-07-22,11132.599609375,-0.7162043538251021,-0.0026598437419676,71.20075542787717,257.688972731552,240.9469297045429,16.74204302700909,Normal,10685.650048828124,259.7194952402955,1.7208933820441616,NIFTY50,-5.77772470686801,6.62343677628535,4.0
2020-07-23,11215.4501953125,-0.7032891857041276,0.0074146036213252,72.90523259921966,267.88194336209745,246.3339324360538,21.548010926043645,Bubble,10731.9775390625,267.7374288023176,1.805771641315676,NIFTY50,-5.77772470686801,6.62343677628535,4.0
2020-07-24,11194.150390625,-0.7073179507751834,-0.0019009541040186,71.7298620386477,271.1159736148056,251.2903406718042,19.82563294300144,Normal,10772.53505859375,273.46735194270804,1.5417391839870482,NIFTY50,-5.77772470686801,6.62343677628535,4.0
2020-07-27,11131.7998046875,-0.7170953475709302,-0.0055854955772852,68.26060982487678,265.58628136063635,254.14952880957065,11.436752551065725,Normal,10813.505029296875,262.0445858129144,1.2146588505280924,NIFTY50,-5.77772470686801,6.62343677628535,4.0
2020-07-28,11300.5498046875,-0.6872921705670887,0.0150455200834502,72.18207637413265,271.68881556195083,257.65738616004666,14.031429401904177,Normal,10863.4275390625,254.4872971917448,1.7176584860958592,NIFTY50,-5.77772470686801,6.62343677628535,4.0
2020-07-29,11202.849609375,-0.7070600840976015,-0.0086832044688866,67.01926861135269,265.5800867139824,259.2419262708338,6.338160443148581,Normal,10902.067529296875,243.66089555862496,1.2344290181998296,NIFTY50,-5.77772470686801,6.62343677628535,4.0
2020-07-30,11102.150390625,-0.7227084439630668,-0.0090293569074517,62.0898831605892,249.7345057879229,257.3404421742516,-7.605936386328722,Normal,10929.5900390625,232.850541658462,0.7410777330963093,NIFTY50,-5.77772470686801,6.62343677628535,4.0
2020-07-31,11073.4501953125,-0.7272746092620516,-0.002588449519166,60.71912131546558,232.1844253133695,252.3092388020752,-20.124813488705712,Normal,10952.895068359376,221.97231720273348,0.5431088365988356,NIFTY50,-5.77772470686801,6.62343677628535,4.0
2020-08-03,10891.599609375,-0.7549942300658773,-0.0165585548501213,52.76962346905626,201.28178645865228,242.10374833339063,-40.82196187473838,Normal,10959.292529296876,218.04001535148592,-0.3104609941104299,NIFTY50,-5.77772470686801,6.62343677628535,4.0
2020-08-04,11095.25,-0.7251552671601852,0.0185252747319563,59.210152288112056,191.0221229447434,231.8874232556612,-40.86530031091783,Normal,10974.072509765623,216.6633797710141,0.5592892087368173,NIFTY50,-5.77772470686801,6.62343677628535,4.0
2020-08-05,11101.650390625,-0.7244079072282963,0.0005766923029565,59.39754741976465,181.3176072165279,221.7734600478346,-40.455852831306686,Normal,10993.867529296876,208.801047715531,0.5161988529625001,NIFTY50,-5.77772470686801,6.62343677628535,4.0
2020-08-06,11200.150390625,-0.7097723712581249,0.0088334248392406,62.27033554269719,179.50560649252475,213.31988933677263,-33.814282844247884,Normal,11013.2025390625,209.11908285118773,0.8939779622863712,NIFTY50,-5.77772470686801,6.62343677628535,4.0
2020-08-07,11214.0498046875,-0.7078786606441704,0.0012402330418245,62.6716959541667,177.14908503576953,206.08572847657203,-28.9366434408025,Normal,11035.5025390625,205.3468165625906,0.8694912763382353,NIFTY50,-5.77772470686801,6.62343677628535,4.0
2020-08-10,11270.150390625,-0.6995540554515876,0.004990233307851,64.32143247125646,177.75927496596523,200.42043777445068,-22.661162808485443,Normal,11058.875048828126,204.0531645259369,1.035393605816975,NIFTY50,-5.77772470686801,6.62343677628535,4.0
2020-08-11,11322.5,-0.6893661654341291,0.0046342241532836,65.83863071211414,180.38763449143696,196.413877117848,-16.026242626410976,Normal,11094.632568359377,182.26167906473205,1.2502212906734806,NIFTY50,-5.77772470686801,6.62343677628535,4.0
2020-08-12,11308.400390625,-0.6928352932742627,-0.0012460495124746,65.03645391956522,179.26643582773067,192.9843888598245,-13.717953032093844,Normal,11129.142578125,149.74665161409868,1.1970739283169576,NIFTY50,-5.77772470686801,6.62343677628535,4.0
2020-08-13,11300.4501953125,-0.6949960052399076,-0.0007032817179241,64.55881440288866,175.71087786596215,189.52968666105207,-13.818808795089891,Normal,11157.167578125,123.16542365329914,1.1633347488076646,NIFTY50,-5.77772470686801,6.62343677628535,4.0
2020-08-14,11178.400390625,-0.7146112742101688,-0.0108591854891072,57.568850564328464,161.18661438391064,183.86107220562377,-22.674457821713133,Normal,11171.002587890624,107.50368630926316,0.068814409890028,NIFTY50,-5.77772470686801,6.62343677628535,4.0
2020-08-17,11247.099609375,-0.7044278038715336,0.0061269031823474,60.18219182727295,153.45060073690183,177.7789779118794,-24.32837717497756,Normal,11182.24755859375,102.7781018431312,0.630990936962747,NIFTY50,-5.77772470686801,6.62343677628535,4.0
2020-08-18,11385.349609375,-0.6790974777274906,0.0122171240273108,64.87112073929632,156.66938661760105,173.5570596530237,-16.887673035422665,Normal,11193.4025390625,112.17122603359994,1.711197043125878,NIFTY50,-5.77772470686801,6.62343677628535,4.0
2020-08-19,11408.400390625,-0.6746814698478426,0.0020225534725844,65.59852945241121,159.24463005270445,170.6945737329599,-11.449943680255444,Normal,11207.192578125,120.91516630717416,1.6640411508747406,NIFTY50,-5.77772470686801,6.62343677628535,4.0
2020-08-20,11312.2001953125,-0.6954203072361083,-0.0084681538079335,60.01335081425236,151.7734276472711,166.91034451582215,-15.136916868551054,Normal,11212.030078125,123.17711995323968,0.8132201599252014,NIFTY50,-5.77772470686801,6.62343677628535,4.0
2020-08-21,11371.599609375,-0.6837107757393383,0.0052371781043135,62.15590577030102,148.9287245750984,163.3140205276774,-14.385295952579014,Normal,11220.9025390625,128.113394578072,1.1762788021409136,NIFTY50,-5.77772470686801,6.62343677628535,4.0
2020-08-24,11466.4501953125,-0.664088765277631,0.0083064125099262,65.34875453121458,152.56920367225393,161.1650571565927,-8.595853484338761,Normal,11237.63505859375,137.3820270087281,1.66553909343769,NIFTY50,-5.77772470686801,6.62343677628535,4.0
2020-08-25,11472.25,-0.6633449019244287,0.0005056785922225,65.5402025982678,154.1454129835911,159.76112832199237,-5.615715338401287,Normal,11246.220068359376,146.5775281040918,1.5420503713237037,NIFTY50,-5.77772470686801,6.62343677628535,4.0
2020-08-26,11549.599609375,-0.6472286307423557,0.0067196947024521,68.07364435020557,159.79403113510853,159.76770888461562,0.0263222504929103,Normal,11263.557568359374,160.97741492885305,1.7769079043917266,NIFTY50,-5.77772470686801,6.62343677628535,4.0
2020-08-27,11559.25,-0.6456478622894892,0.0008352117348219,68.38592860295921,163.1684037978648,160.44784786726547,2.720555930599346,Normal,11286.412548828124,169.0990940694672,1.613476717147828,NIFTY50,-5.77772470686801,6.62343677628535,4.0
2020-08-28,11647.599609375,-0.6269779480888611,0.0076141344216117,71.16654948368809,171.00050616130102,162.5583795260726,8.44212663522842,Bubble,11315.12001953125,179.46064220255798,1.8526602031685504,NIFTY50,-5.77772470686801,6.62343677628535,4.0
2020-08-31,11387.5,-0.6847281039983156,-0.0225838540823065,55.64857181566873,154.43935819206854,160.9345752592718,-6.495217067203271,Normal,11339.9150390625,149.64691492379313,0.3179815698955931,NIFTY50,-5.77772470686801,6.62343677628535,4.0
2020-09-01,11470.25,-0.6677127292826353,0.0072404643072113,58.73168148104124,146.30524672680622,158.0087095527787,-11.70346282597248,Normal,11358.6650390625,140.5973636200183,0.7936490277233939,NIFTY50,-5.77772470686801,6.62343677628535,4.0
2020-09-02,11535.0,-0.654360311574289,0.0056291647324288,61.015342010201664,143.43031327992685,155.09303029820833,-11.662717018281484,Normal,11380.33251953125,132.0352124527064,1.1714108501484046,NIFTY50,-5.77772470686801,6.62343677628535,4.0
2020-09-03,11527.4501953125,-0.6564993111699949,-0.000654727047062,60.59429832352545,138.94107543872815,151.86263932631232,-12.92156388758417,Normal,11396.697509765623,128.7703794936547,1.015394115176293,NIFTY50,-5.77772470686801,6.62343677628535,4.0
2020-09-04,11333.849609375,-0.6959007993127428,-0.0169373758997622,50.89540245156963,118.3965708394844,145.16942562894675,-26.772854789462343,Normal,11402.6875,122.45868837605738,-0.5621315362582219,NIFTY50,-5.77772470686801,6.62343677628535,4.0
2020-09-07,11355.0498046875,-0.6928971538458307,0.0018687730149809,51.80512564329858,102.6423840035859,136.6640173038746,-34.0216333002887,Normal,11406.932470703125,119.04650704323385,-0.4358184654404227,NIFTY50,-5.77772470686801,6.62343677628535,4.0
2020-09-08,11317.349609375,-0.6988903861921402,-0.0033256497797895,50.030091034922734,86.12222336359628,126.55565851581896,-40.43343515222267,Normal,11406.674951171875,119.24416934950617,-0.7490960965568192,NIFTY50,-5.77772470686801,6.62343677628535,4.0
2020-09-09,11278.0,-0.7051103886626455,-0.0034829865290936,48.1747034250002,69.05862754607188,115.05625232186956,-45.99762477579768,Normal,11405.154931640624,120.7471065740546,-1.053068145882575,NIFTY50,-5.77772470686801,6.62343677628535,4.0
2020-09-10,11449.25,-0.6768751665467009,0.0150703002864904,55.8487013785331,68.56368919848319,105.75773969719228,-37.1940504987091,Normal,11412.594921875,118.51973749114724,0.3092740407709615,NIFTY50,-5.77772470686801,6.62343677628535,4.0
2020-09-11,11464.4501953125,-0.674141759380334,0.0013267344350831,56.46490276808074,68.60711559839365,98.32761487743257,-29.72049927903892,Normal,11426.897412109374,105.292150380243,0.3566532079315584,NIFTY50,-5.77772470686801,6.62343677628535,4.0
2020-09-14,11440.0498046875,-0.6798266171159381,-0.0021306206077892,55.13464420971933,65.91282175247397,91.84465625244086,-25.93183449996688,Normal,11436.544921875,96.41646189730092,0.0363514979032653,NIFTY50,-5.77772470686801,6.62343677628535,4.0
2020-09-15,11521.7998046875,-0.6630108712860988,0.007120536611649,58.64954771575366,69.57213202416096,87.39015140678488,-17.818019382623916,Normal,11443.367431640623,97.42555878921868,0.8050492501312141,NIFTY50,-5.77772470686801,6.62343677628535,4.0
2020-09-16,11604.5498046875,-0.6458034493423488,0.0071563696439827,61.90309353284575,78.2474077980005,85.561602685028,-7.314194887027511,Normal,11453.17490234375,103.40935119942074,1.4638415248523318,NIFTY50,-5.77772470686801,6.62343677628535,4.0
2020-09-17,11516.099609375,-0.6654721497006292,-0.0076512233913988,56.762061609019,77.09671189447727,83.86862452691786,-6.771912632440589,Normal,11463.369873046877,98.7243068704292,0.5341109803620114,NIFTY50,-5.77772470686801,6.62343677628535,4.0
2020-09-18,11504.9501953125,-0.6683560730921217,-0.0009686278452831,56.12926342755276,74.42716256457243,81.98033213444877,-7.553169569876346,Normal,11470.03740234375,96.68214594353688,0.361108999267958,NIFTY50,-5.77772470686801,6.62343677628535,4.0
2020-09-21,11250.5498046875,-0.7120896630323134,-0.0223603955336918,44.05953750111125,51.19341426405299,75.82294856036962,-24.629534296316635,Normal,11459.2423828125,108.44173746829912,-1.924467303799947,NIFTY50,-5.77772470686801,6.62343677628535,4.0
2020-09-22,11153.650390625,-0.7269139004167315,-0.0086501653643637,40.488247597458766,24.677066590409595,65.59377216637762,-40.91670557596802,Crash,11443.31240234375,128.05726106280937,-2.2619725684799503,NIFTY50,-5.77772470686801,6.62343677628535,4.0
2020-09-23,11131.849609375,-0.7303821287310422,-0.0019564998051874,39.7084116033535,1.8818365288334464,52.85138503886879,-50.96954851003535,Crash,11422.42490234375,143.0055074404394,-2.031916799356639,NIFTY50,-5.77772470686801,6.62343677628535,4.0
2020-09-24,10805.5498046875,-0.7792691667269479,-0.0297504608662972,30.301156174801704,-42.028733682846,33.87536129452584,-75.90409497737184,Crash,11384.739892578124,194.93204045819567,-2.971241087556543,NIFTY50,-5.77772470686801,6.62343677628535,4.0
2020-09-25,11050.25,-0.7445021467417847,0.0223931791940379,41.49492096902429,-56.43239865358737,15.8138093049032,-72.24620795849057,Normal,11354.872412109376,198.2712704827576,-1.5363920923473668,NIFTY50,-5.77772470686801,6.62343677628535,4.0
2020-09-28,11227.5498046875,-0.7187005047340349,0.0159175097829387,48.01012473731544,-52.93064293019415,2.064918857883727,-54.99556178807788,Normal,11346.87490234375,200.10335762171687,-0.5963173185820657,NIFTY50,-5.77772470686801,6.62343677628535,4.0
2020-09-29,11222.400390625,-0.7196928349688668,-0.0004587461538228,47.84348006419633,-49.994683380613424,-8.347001589815704,-41.64768179079772,Normal,11334.482421875,199.734921544159,-0.561153905303535,NIFTY50,-5.77772470686801,6.62343677628535,4.0
2020-09-30,11247.5498046875,-0.7161565213923524,0.0022384940193966,48.77859465030309,-45.11846912589135,-15.701295097030831,-29.41717402886052,Normal,11320.109912109376,194.82858037063053,-0.3724305093423234,NIFTY50,-5.77772470686801,6.62343677628535,4.0
2020-10-01,11416.9501953125,-0.6910761331281399,0.0149488005669281,54.67353355632544,-27.27048127958915,-18.015132333542496,-9.255348946046652,Normal,11314.584912109374,190.14992336624377,0.5383398604161523,NIFTY50,-5.77772470686801,6.62343677628535,4.0
2020-10-05,11503.349609375,-0.6781928098387519,0.0075391529809943,57.36841912828583,-6.083979351949893,-15.628901737223975,9.544922385274084,Normal,11323.059912109376,194.7748151395979,0.9256314638851494,NIFTY50,-5.77772470686801,6.62343677628535,4.0
2020-10-06,11662.400390625,-0.6457807791010831,0.013731761801546,61.86351371904305,23.27227655263596,-7.84866607925199,31.12094263188795,Normal,11338.42744140625,209.0344634943285,1.5498542384018923,NIFTY50,-5.77772470686801,6.62343677628535,4.0
2020-10-07,11738.849609375,-0.6298164169260859,0.0065337954785306,63.83725711304312,52.10549419522795,4.142165975643999,47.96332821958395,Normal,11359.50244140625,227.2516871266804,1.6692820755926212,NIFTY50,-5.77772470686801,6.62343677628535,4.0
2020-10-08,11834.599609375,-0.6095162858614143,0.0081235907124039,66.19695422344721,81.74000381041878,19.66173354259896,62.07827026781983,Normal,11387.332421875,249.71644672512872,1.7911002393539648,NIFTY50,-5.77772470686801,6.62343677628535,4.0
2020-10-09,11914.2001953125,-0.5925466941107884,0.0067035711010205,68.06271133678887,110.3763187254808,37.80465057917533,72.57166814630548,Bubble,11410.579931640625,276.03915640772897,1.8244522633158369,NIFTY50,-5.77772470686801,6.62343677628535,4.0
2020-10-12,11930.9501953125,-0.589382759387687,0.0014048980594053,68.45724325984143,132.89051053955336,56.82182257125094,76.06868796830241,Normal,11433.904931640624,299.53971663918486,1.6593634702225415,NIFTY50,-5.77772470686801,6.62343677628535,4.0
2020-10-13,11934.5,-0.5891524205930525,0.0002974848313881,68.54592523371409,149.2985881405857,75.3171756851179,73.9814124554678,Normal,11458.62744140625,319.79355250570103,1.4880617663023914,NIFTY50,-5.77772470686801,6.62343677628535,4.0
2020-10-14,11971.0498046875,-0.5815858475721516,0.0030578533826602,69.49684898423362,163.3681651177103,92.9273735716364,70.44079154607391,Normal,11481.08994140625,339.6271222387496,1.4426405643092914,NIFTY50,-5.77772470686801,6.62343677628535,4.0
2020-10-15,11680.349609375,-0.6472057539731617,-0.0245833094439902,55.20228844602238,149.3398333213809,104.2098655215853,45.129967799795565,Normal,11484.879931640626,341.4951535420436,0.572393709564926,NIFTY50,-5.77772470686801,6.62343677628535,4.0
2020-10-16,11762.4501953125,-0.6300837244837806,0.0070043614485633,57.83979772729494,143.1964311247266,112.00717864221356,31.18925248251301,Normal,11497.1974609375,347.07772604378897,0.7642459151686823,NIFTY50,-5.77772470686801,6.62343677628535,4.0
2020-10-19,11873.0498046875,-0.6066234276921266,0.0093588387501093,61.1574996585086,145.57411697635143,118.72056630904116,26.85355066731028,Normal,11515.60244140625,357.1249246036284,1.0009028736316268,NIFTY50,-5.77772470686801,6.62343677628535,4.0
2020-10-20,11896.7998046875,-0.6019460698082337,0.0019983305148122,61.851731006431926,147.6725988603721,124.51097281930736,23.161626041064736,Normal,11547.91494140625,361.09501593332016,0.9661857624356542,NIFTY50,-5.77772470686801,6.62343677628535,4.0
2020-10-21,11937.650390625,-0.5934933526008754,0.0034278639199247,63.07422305656227,150.8925661792182,129.78729149128952,21.10527468792867,Normal,11587.11494140625,358.5877991643275,0.9775442723808718,NIFTY50,-5.77772470686801,6.62343677628535,4.0
2020-10-22,11896.4501953125,-0.6031749859629801,-0.0034572511936285,60.95269024009592,148.40913392627044,133.5116599782857,14.897473947984736,Normal,11625.344970703123,348.1008669941669,0.7788122648195468,NIFTY50,-5.77772470686801,6.62343677628535,4.0
2020-10-23,11930.349609375,-0.5962626329846061,0.002845488039808,62.08277745614919,147.4763794775081,136.3046038781302,11.171775599377897,Normal,11681.5849609375,295.582835820069,0.8416072189960692,NIFTY50,-5.77772470686801,6.62343677628535,4.0
2020-10-26,11767.75,-0.6327894242324088,-0.0137228017193982,54.00864102366369,132.09403744383417,135.462490591271,-3.3684531474368384,Normal,11717.4599609375,255.787258679421,0.1966088511294015,NIFTY50,-5.77772470686801,6.62343677628535,4.0
2020-10-27,11889.400390625,-0.6070301999072357,0.0102845406889033,58.37080195116168,128.2413044764944,134.0182533683157,-5.776948891821292,Normal,11750.552490234377,230.6472075442056,0.601992549005882,NIFTY50,-5.77772470686801,6.62343677628535,4.0
2020-10-28,11729.599609375,-0.6426895167698933,-0.0135317515260312,51.46537330679066,111.01370145961664,129.4173429865759,-18.403641526959262,Normal,11775.912451171876,194.58408859199105,-0.2380093980550722,NIFTY50,-5.77772470686801,6.62343677628535,4.0
2020-10-29,11670.7998046875,-0.655847321681124,-0.0050255491286022,49.160774326799086,91.5605955714982,121.84599350356038,-30.285397932062185,Normal,11797.074951171877,152.57801063482145,-0.8276103873617842,NIFTY50,-5.77772470686801,6.62343677628535,4.0
2020-10-30,11642.400390625,-0.6624082201664483,-0.0024363388871728,48.04180612809751,73.01065228013431,112.07892525887516,-39.06827297874085,Normal,11808.3474609375,129.6166285204604,-1.280291519743591,NIFTY50,-5.77772470686801,6.62343677628535,4.0
2020-11-02,11669.150390625,-0.6572383965916506,0.0022950006194009,49.21437647741627,59.77909383499173,101.61895897409848,-41.83986513910675,Normal,11816.6375,113.3663315293194,-1.3009780539370883,NIFTY50,-5.77772470686801,6.62343677628535,4.0
2020-11-03,11813.5,-0.6270654491824474,0.0122943045330826,55.102579334414415,60.24631353512086,93.34442988630296,-33.0981163511821,Normal,11824.19248046875,107.42580812236616,-0.0995336284235356,NIFTY50,-5.77772470686801,6.62343677628535,4.0
2020-11-04,11908.5,-0.6070342753489419,0.0080094855297475,58.51182996710608,67.50414875846946,88.17637366073626,-20.672224902266805,Normal,11832.675,107.02952622995188,0.7084493659916935,NIFTY50,-5.77772470686801,6.62343677628535,4.0
2020-11-05,12120.2998046875,-0.5613125333141643,0.0176292858444438,64.90939896342613,89.31691976313232,88.40448288121547,0.9124368819168468,Bubble,11846.960009765626,124.87765892756283,2.188860659859336,NIFTY50,-5.77772470686801,6.62343677628535,4.0
2020-11-06,12263.5498046875,-0.5298462137081726,0.0117497155151759,68.45268974742915,116.8161914076627,94.08682458650492,22.729366821157768,Bubble,11864.427490234377,155.46495991862463,2.5672814932833643,NIFTY50,-5.77772470686801,6.62343677628535,4.0
2020-11-09,12461.0498046875,-0.4856839861435278,0.0159763315871394,72.56575955979193,152.78495191083857,105.82645005137168,46.95850185946691,Bubble,11890.932470703125,204.7720629468936,2.784155835418975,NIFTY50,-5.77772470686801,6.62343677628535,4.0
2020-11-10,12631.099609375,-0.4470539209506245,0.0135542320664769,75.5246347510992,192.78969225836045,123.21909849276943,69.57059376559101,Bubble,11925.762451171877,263.41752632001953,2.6776394420553022,NIFTY50,-5.77772470686801,6.62343677628535,4.0
2020-11-11,12749.150390625,-0.4071783073184856,0.0093026374903675,77.35089304014515,231.352560353902,144.84579086499593,86.506769488906,Bubble,11964.66748046875,321.51219986963247,2.439978671025062,NIFTY50,-5.77772470686801,6.62343677628535,4.0
2020-11-12,12690.7998046875,-0.4343261883545403,-0.0045873272404132,74.39598770720472,254.2743896376869,166.7315106195341,87.54287901815277,Bubble,12015.189990234376,352.39129113043174,1.9172148445719068,NIFTY50,-5.77772470686801,6.62343677628535,4.0
2020-11-13,12719.9501953125,-0.4284557466634965,0.0022943363271255,74.91161370755843,271.6607612387961,187.71736074338656,83.94340049540955,Normal,12063.064990234376,380.1926138884623,1.7277695070394916,NIFTY50,-5.77772470686801,6.62343677628535,4.0
2020-11-17,12874.2001953125,-0.3674093515722348,0.0120536814263418,77.49437002679376,294.4915565246938,209.07219989964804,85.41935662504576,Bubble,12113.122509765624,417.8958252456913,1.8212138996588907,NIFTY50,-5.77772470686801,6.62343677628535,4.0
2020-11-18,12938.25,-0.3337243051672192,0.0049627164920273,78.48482101264273,314.13228874342167,230.0842176684028,84.0480710750189,Normal,12165.19501953125,452.9383849894459,1.7067552808242648,NIFTY50,-5.77772470686801,6.62343677628535,4.0
2020-11-19,12771.7001953125,-0.4191919483660631,-0.0129562393724881,69.87357882788031,312.6544473585964,246.5982636064415,66.05618375215488,Normal,12206.897509765626,468.9967145890143,1.2042785545775423,NIFTY50,-5.77772470686801,6.62343677628535,4.0
2020-11-20,12859.0498046875,-0.3992591742220435,0.0068160274319264,71.63157101217426,314.90164078377893,260.258939041909,54.64270174186993,Normal,12255.027490234375,484.5940041298141,1.246450243514193,NIFTY50,-5.77772470686801,6.62343677628535,4.0
2020-11-23,12926.4501953125,-0.3716879917086317,0.0052277864790618,72.94354844482473,318.45030906380816,271.89721304628887,46.553096017519294,Normal,12304.83251953125,500.39865852625286,1.2422448885294874,NIFTY50,-5.77772470686801,6.62343677628535,4.0
2020-11-24,13055.150390625,-0.3152051847751168,0.0099071069585315,75.29322762609576,327.8682236207951,283.0914151611901,44.77680845960498,Normal,12369.2025390625,510.37792077358273,1.34399985509327,NIFTY50,-5.77772470686801,6.62343677628535,4.0
2020-11-25,12858.400390625,-0.4025353825989898,-0.0151853972050902,65.87482174892432,315.81538489910963,289.63620910877404,26.17917579033559,Normal,12417.6525390625,508.4229075017573,0.8668921975372978,NIFTY50,-5.77772470686801,6.62343677628535,4.0
2020-11-26,12987.0,-0.3724420823084607,0.0099515324761854,68.63639784806404,313.0319002109027,294.31534732919977,18.71655288170291,Normal,12480.52255859375,496.46487736508783,1.0201677188007794,NIFTY50,-5.77772470686801,6.62343677628535,4.0
2020-11-27,12968.9501953125,-0.3778952688460728,-0.0013908030691388,67.80697876779325,305.8439218024978,296.6210622238594,9.222859578638406,Normal,12545.430078125,469.1381241432698,0.9027620979661868,NIFTY50,-5.77772470686801,6.62343677628535,4.0
2020-12-01,13109.0498046875,-0.3255273718570955,0.0107447624239941,70.76049063817396,307.90295118420363,298.87744001592824,9.025511168275386,Normal,12618.762548828125,433.8549700342031,1.1300717744934985,NIFTY50,-5.77772470686801,6.62343677628535,4.0
2020-12-02,13113.75,-0.3218660358795008,0.0003584815807498,70.85708984624678,306.3822296570888,300.3783979441604,6.003831712928445,Normal,12690.992529296876,384.9318798029706,1.098265674746181,NIFTY50,-5.77772470686801,6.62343677628535,4.0
2020-12-03,13133.900390625,-0.3222484692026951,0.0015354055912646,71.29492876437547,303.30668435485313,300.96405522629897,2.342629128554165,Normal,12757.012548828125,336.7241464119777,1.1192777405863787,NIFTY50,-5.77772470686801,6.62343677628535,4.0
2020-12-04,13258.5498046875,-0.2727084255109253,0.0094459089596483,73.90651836392229,307.3841256603082,302.2480693131008,5.136056347207386,Normal,12824.5150390625,289.7107645203132,1.498165821845281,NIFTY50,-5.77772470686801,6.62343677628535,4.0
2020-12-07,13355.75,-0.2280410121676307,0.0073043911126538,75.75862160506092,314.82961091702964,304.7643776338866,10.065233283143016,Normal,12886.287548828124,262.04548044802533,1.79153042582236,NIFTY50,-5.77772470686801,6.62343677628535,4.0
2020-12-08,13392.9501953125,-0.2137016288411899,0.0027814599606117,76.44763929307192,320.04270342609016,307.82004279232734,12.222660633762814,Bubble,12942.757568359377,241.68447458896023,1.862728781891268,NIFTY50,-5.77772470686801,6.62343677628535,4.0
2020-12-09,13529.099609375,-0.1571537545849961,0.0101144285625281,78.82036124654324,331.3407467880188,312.52418359146566,18.816563196553147,Bubble,12996.16005859375,247.57076820317067,2.152675595140898,NIFTY50,-5.77772470686801,6.62343677628535,4.0
2020-12-10,13478.2998046875,-0.1824185359113614,-0.0037619219695161,75.75382623662587,332.36412116445354,316.49217110606327,15.871950058390269,Normal,13038.520068359376,254.21050277881764,1.729982559810937,NIFTY50,-5.77772470686801,6.62343677628535,4.0
2020-12-11,13513.849609375,-0.181920942028166,0.0026340862816878,76.44448259483276,332.2141667488195,319.6365702346145,12.57759651420497,Normal,13076.755029296875,265.64734558891683,1.6453941186919234,NIFTY50,-5.77772470686801,6.62343677628535,4.0
2020-12-14,13558.150390625,-0.1700036478088158,0.0032728147749187,77.31179928938644,331.8447301211981,322.0782022119312,9.766527909266928,Normal,13120.12255859375,270.0844837325971,1.6218178326191028,NIFTY50,-5.77772470686801,6.62343677628535,4.0
2020-12-15,13567.849609375,-0.1740096801955336,0.0007151234360649,77.50707179879299,328.5473059956112,323.37202296866724,5.17528302694393,Normal,13162.517529296874,270.51042003062577,1.4983972892143531,NIFTY50,-5.77772470686801,6.62343677628535,4.0
2020-12-16,13682.7001953125,-0.1310529898176916,0.0084292806418641,79.73161729413962,331.38159530538724,324.9739374360113,6.407657869375953,Normal,13202.942529296875,285.1704354652192,1.6823541515899474,NIFTY50,-5.77772470686801,6.62343677628535,4.0
2020-12-17,13740.7001953125,-0.1069404989025515,0.0042299704380164,80.76614266838087,334.45254453321286,326.86965885545163,7.582885677761226,Normal,13243.0650390625,301.9276860529228,1.6481931907455925,NIFTY50,-5.77772470686801,6.62343677628535,4.0
2020-12-18,13760.5498046875,-0.1058295932760691,0.0014435425896574,81.1212855572509,334.63057849908,328.42184278417733,6.208735714902673,Normal,13292.50751953125,301.6411874826237,1.551652441970355,NIFTY50,-5.77772470686801,6.62343677628535,4.0
2020-12-21,13328.400390625,-0.3074783770340494,-0.0319086621563026,56.61273938026204,296.48315238189207,322.0341047037203,-25.55095232182822,Normal,13315.975048828124,283.8781171693245,0.0437699880525288,NIFTY50,-5.77772470686801,6.62343677628535,4.0
2020-12-22,13466.2998046875,-0.2750648993888523,0.0102931274150866,60.693663070546194,274.2173654929902,312.4707568615743,-38.25339136858406,Normal,13342.967529296877,270.22845728686195,0.4564000276984196,NIFTY50,-5.77772470686801,6.62343677628535,4.0
2020-12-23,13601.099609375,-0.2431649835072171,0.0099603894022997,64.23499072475894,264.40093721615267,302.85679293248995,-38.45585571633728,Normal,13370.264990234376,267.18172422180714,0.8639611104125993,NIFTY50,-5.77772470686801,6.62343677628535,4.0
2020-12-24,13749.25,-0.1862741263108034,0.010833634066335,67.68130999579724,265.51515206659315,295.38846475931064,-29.87331269271749,Normal,13414.807470703125,251.1320704511164,1.3317396248758904,NIFTY50,-5.77772470686801,6.62343677628535,4.0
2020-12-28,13873.2001953125,-0.1317725934644252,0.0089746583951646,70.263105698386,273.25006358897554,290.96078452524364,-17.710720936268103,Normal,13459.11748046875,249.85428785689336,1.6572968124562242,NIFTY50,-5.77772470686801,6.62343677628535,4.0
2020-12-29,13932.599609375,-0.107634066924426,0.0042724542962582,71.44054276368817,280.9346334124748,288.9555543026899,-8.020920890215109,Normal,13507.299951171875,243.1813799295141,1.7488989425358037,NIFTY50,-5.77772470686801,6.62343677628535,4.0
2020-12-30,13981.9501953125,-0.0932236125570731,0.0035358361641822,72.41770642127621,287.6905723699183,288.7025579161356,-1.0119855462173175,Normal,13550.944970703124,246.25600797739548,1.7502323218401956,NIFTY50,-5.77772470686801,6.62343677628535,4.0
2020-12-31,13981.75,-0.1025778470039363,-1.4318227638304822e-05,72.40688352524103,289.6891919000227,288.89988471291304,0.7893071871096708,Normal,13594.344970703123,241.59347528372345,1.603540943487455,NIFTY50,-5.77772470686801,6.62343677628535,4.0
