Date,Open,High,Low,Close,Volume,log_return,rsi,macd,macd_signal,macd_diff,bb_width,roc,atr
2023-04-20,17638.599609375,17684.44921875,17584.349609375,17624.44921875,215100,0.00032342232975522987,58.47452218071312,116.0117056819654,95.94420462017885,20.067501061786544,7.152399848488111,3.760516371883609,167.30017681101808
2023-04-21,17639.75,17663.19921875,17553.94921875,17624.05078125,230200,-2.260734499433094e-05,58.45052734379027,110.89821320411647,98.93500633696638,11.963206867150092,6.901644203880837,3.966278269946666,163.15373561023105
2023-04-24,17707.55078125,17754.5,17612.5,17743.400390625,255700,0.006749146939408538,63.30758142282351,115.14888493709441,102.177782056992,12.971102880102407,6.8595067043933895,3.879824610151398,161.64275449521455
2023-04-25,17761.55078125,17807.44921875,17716.849609375,17769.25,297400,0.0014557975062981768,64.28149050709143,119.22902239954419,105.58803012550244,13.64099227404175,6.827605561911168,2.358904938147151,156.56824412948495
2023-04-26,17767.30078125,17827.75,17711.19921875,17813.599609375,233000,0.002492753268886545,65.95128601590359,124.6048365735478,109.39139141511151,15.213445158436286,6.6491076476047395,2.388479223045146,153.70985392380746
2023-04-27,17813.099609375,17931.599609375,17797.900390625,17915.05078125,241400,0.005678996739265909,69.46756521338705,135.48962963353915,114.61103905879705,20.878590574742105,6.177705765012798,2.039066836796559,152.28052283996405
2023-04-28,17950.400390625,18089.150390625,17885.30078125,18065.0,290300,0.008335179280697748,73.77799313753783,154.43532108073123,122.57589546318388,31.859425617547345,5.827821926241917,2.64700055988587,155.96402902103804
2023-05-02,18124.80078125,18180.25,18101.75,18147.650390625,265200,0.004564732669242972,75.80549420409577,174.1120584059572,132.88312805173857,41.22893035421865,5.232183499891092,2.970937929502852,153.0558840909639
2023-05-03,18113.80078125,18116.349609375,18042.400390625,18089.849609375,226200,-0.003190111363585117,71.63403445411785,182.93323406354466,142.8931492540998,40.04008480944486,4.569768734951401,2.073934037469123,149.64117808446647
2023-05-04,18081.0,18267.44921875,18066.69921875,18255.80078125,226600,0.009131894646700034,75.75858507145144,200.99797247403694,154.51411389808723,46.48385857594971,4.80734744585616,2.4892792711889067,153.2918082212903
2023-05-05,18117.30078125,18216.94921875,18055.44921875,18069.0,239700,-0.010285117822267788,64.4061405069267,197.95919554522698,163.2031302275152,34.75606531771177,4.574508795829466,1.351806147632937,156.65321924119812
2023-05-08,18120.599609375,18286.94921875,18100.30078125,18264.400390625,228400,0.010756068652657526,69.54683093313257,208.90993771017384,172.34449172404692,36.56544598612692,4.869533688811387,3.148785885405619,161.03150492039825
2023-05-09,18303.400390625,18344.19921875,18229.650390625,18265.94921875,245400,8.479678637020549e-05,69.58432877358025,215.2323922173564,180.9220718227088,34.31032039464759,5.089249146393677,3.4303152279302904,157.71131372072696
2023-05-10,18313.599609375,18326.75,18211.94921875,18315.099609375,220500,0.0026872067245805376,70.81255474736079,221.65392030312432,189.0684415187919,32.58547878433242,5.315718318904707,3.952321301880099,154.6462756871036
2023-05-11,18357.80078125,18389.69921875,18270.400390625,18297.0,248900,-0.0009887229108728535,69.69641588701019,222.7152179665827,195.79779680835009,26.917421158232628,5.517548654522986,3.8160102077658014,152.1214580040962
2023-05-12,18273.75,18342.75,18194.55078125,18314.80078125,241700,0.0009724068345624825,70.19399966445437,222.4286591648306,201.1239692796462,21.304689885184416,5.745947020067142,3.9193600187244124,151.84129805737504
2023-05-15,18339.30078125,18458.900390625,18287.900390625,18398.849609375,216100,0.004578622613795238,72.49082057928979,226.37409757041314,206.1739949377996,20.20010263261355,6.047291099961684,3.694045134078791,153.20977676756254
2023-05-16,18432.349609375,18432.349609375,18264.349609375,18286.5,219500,-0.0061250587396132535,65.25238955932264,217.9231292192817,208.52382179409602,9.399307425185668,6.000195179663959,2.9109275855762062,154.26622128416525
2023-05-17,18300.44921875,18309.0,18115.349609375,18181.75,229900,-0.005744738948538704,59.30632543101071,200.46242034908937,206.9115415050947,-6.449121156005333,5.731549533207069,2.0666816291932855,157.07937623708202
2023-05-18,18287.5,18297.19921875,18104.849609375,18129.94921875,272100,-0.0028531199312594804,56.561461907984494,180.36564970606923,201.60236314528964,-21.23671343922041,5.288378887383025,1.1995413249116436,159.59867860407616
2023-05-19,18186.150390625,18218.099609375,18060.400390625,18203.400390625,260900,0.004043187469679982,59.42883571187622,168.42422032386094,194.96673458100392,-26.542514257142983,4.776734635256035,0.7661244983393302,159.46300290021355
2023-05-22,18201.099609375,18335.25,18178.849609375,18314.400390625,262600,0.0060792457091855085,63.36451736925883,166.00373610333918,189.17413488547098,-23.170398782131798,4.1845223699758485,0.9188517323771146,159.24424488055544
2023-05-23,18362.900390625,18419.75,18324.19921875,18348.0,270400,0.0018329197446846867,64.48751662407373,164.8958755832391,184.3184830250246,-19.422607441785487,3.7665997814381873,1.4270455321597284,155.39462805873004
2023-05-24,18294.80078125,18392.599609375,18262.94921875,18285.400390625,232600,-0.003417628155656871,60.75111232493538,157.15503738420375,178.88579389686043,-21.730756512656683,3.195450813717412,0.16213810464781633,153.55575395632076
2023-05-25,18268.900390625,18338.099609375,18202.400390625,18321.150390625,235900,0.0019532029433287895,62.101592694016304,152.1511893663337,173.5388729907551,-21.387683624421385,2.5838365649656327,1.3954861399358016,152.28028715586927
2023-05-26,18368.349609375,18508.55078125,18333.150390625,18499.349609375,198700,0.009679423693686186,68.01022013152127,160.71220122565137,170.97353863773435,-10.26133741208298,2.4060277406647965,1.2863779468533658,154.7888659750929
2023-05-29,18619.150390625,18641.19921875,18581.25,18598.650390625,265300,0.005353443226476252,70.74715988892711,173.5094984661373,171.48073060341494,2.0287678627223613,2.730202208548105,1.8214283193861185,153.86463336080055
2023-05-30,18606.650390625,18662.44921875,18575.5,18633.849609375,234400,0.0018907797884415813,71.67234710129588,184.36646961220322,174.0578784051726,10.308591207030616,3.1206927784823604,1.7403672750807238,149.0849608886005
2023-05-31,18594.19921875,18603.900390625,18483.849609375,18534.400390625,696500,-0.005351312266430236,65.38070224909525,182.83833018690348,175.81396876151877,7.024361425384711,3.107903946746984,1.2974825961906324,149.15032082512906
2023-06-01,18579.400390625,18580.30078125,18464.55078125,18487.75,265600,-0.0025201353688439534,62.6044656313145,175.8360435766299,175.818383724541,0.0176598520888831,3.1763699784081814,0.9443139503163958,146.76458362333415
2023-06-02,18550.849609375,18573.69921875,18478.400390625,18534.099609375,270900,0.002503906967370625,64.22966047815248,172.0434967685651,175.06340633334582,-3.0199095647807326,3.0023207148871056,0.7351003072011869,143.088458230596
2023-06-05,18612.0,18640.150390625,18582.80078125,18593.849609375,256100,0.0032186023111129003,66.26502676907532,171.8779003033451,174.4263051273457,-2.548404824000613,3.1522409572390857,1.6807459567167036,140.44290987483913
2023-06-06,18600.80078125,18622.75,18531.599609375,18599.0,220800,0.00027695595857881204,66.44228192593953,170.20029434423122,173.5811029707228,-3.3808086264915858,3.2646478553126412,2.294883605813522,136.92201564270778
2023-06-07,18665.599609375,18738.94921875,18636.0,18726.400390625,260100,0.006826497990157328,70.56262071495024,177.10932033102654,174.28674644278357,2.822573888242971,3.591254762133427,3.2898667540565976,137.13824443608578
2023-06-08,18725.349609375,18777.900390625,18615.599609375,18634.55078125,286500,-0.004916887367083021,64.42130710543887,173.1770006801562,174.0647972902581,-0.8877966101019013,3.6818035485180354,2.368515669451782,138.9355684942225
2023-06-09,18655.900390625,18676.650390625,18555.400390625,18563.400390625,221800,-0.003825505177262602,60.06056273630146,162.4467817507866,171.7411941823638,-9.2944124315772,3.681832823318366,1.3595858706215749,137.67231360177806
2023-06-12,18595.05078125,18633.599609375,18559.75,18601.5,179500,0.0020503013499982166,61.561044069211725,155.22795477050386,168.43854629999186,-13.210591529488,3.7456840462588845,1.381621975147155,133.11354901415106
2023-06-13,18631.80078125,18728.900390625,18631.80078125,18716.150390625,233200,0.00614458574708609,65.73304047922309,156.9490992116407,166.14065688232162,-9.191557670680908,3.838878926894487,2.355704500847831,132.70546627206883
2023-06-14,18744.599609375,18769.69921875,18690.0,18755.900390625,261400,0.002121582036807868,67.06761197418376,159.67992064886857,164.84850963563102,-5.168588986762444,3.7591405263213833,2.372940512635403,128.9193057347782
2023-06-15,18774.44921875,18794.099609375,18669.05078125,18688.099609375,263000,-0.0036214536561356998,62.58993247621375,154.5911295880178,162.79703362610837,-8.20590403809058,3.354786079473294,1.0203061404080191,128.64284304836548
2023-06-16,18723.30078125,18864.69921875,18710.5,18826.0,272800,0.007351956368470602,67.36269602840557,159.84306371170533,162.20623964322778,-2.3631759315224485,3.204341473490034,1.2223984246168735,132.0683263574108
2023-06-19,18873.30078125,18881.44921875,18719.150390625,18755.44921875,219800,-0.003754557931873424,62.938647827922466,156.50827098853551,161.06664591228935,-4.558374923753831,3.0728903707987127,0.6525737403924372,134.2276479122386
2023-06-20,18752.349609375,18839.69921875,18660.650390625,18816.69921875,211600,0.0032603966930515953,65.08267508769578,156.99801149330597,160.25291902849267,-3.254907535186703,3.017372003473016,1.5231074228211414,137.42916078457873
2023-06-21,18849.400390625,18875.900390625,18794.849609375,18856.849609375,217500,0.0021314905059401927,66.45271974815734,158.79544035466824,159.9614232937278,-1.1659829390595462,2.7775130737284868,1.9964550006085109,133.40213367496597
2023-06-22,18853.599609375,18886.599609375,18759.5,18771.25,252700,-0.004549778379793411,60.96095165280513,151.5655888246256,158.28225639990737,-6.716667575281775,2.3626237750126946,1.2795355351659141,132.95195336782555
2023-06-23,18741.849609375,18756.400390625,18647.099609375,18665.5,210600,-0.005649543898520234,54.922281903575644,135.7380346193313,153.77341204379218,-18.035377424460876,2.2262447527158105,0.3853445743095284,132.32327031476657
2023-06-26,18682.349609375,18722.05078125,18646.69921875,18691.19921875,171300,0.0013758829522746805,56.06137758637123,123.8407371266403,147.7868770603618,-23.946139933721497,2.2013680040325623,0.4957213761492553,128.25386261371182
2023-06-27,18748.55078125,18829.25,18714.25,18817.400390625,222500,0.006729211402828641,61.241009411584315,123.17553215086446,142.86460807846234,-19.689075927597884,2.2910437359066247,0.4859449659399429,128.95364251630383
2023-06-28,18908.150390625,19011.25,18861.349609375,18972.099609375,398800,0.008187463868637099,66.46039948964828,133.59132881200276,141.00995222517042,-7.418623413167666,2.5393813072163742,1.8114138198847278,133.5890687204964
2023-06-30,19076.849609375,19201.69921875,19024.599609375,19189.05078125,247900,0.011370386219451868,72.12881084727641,157.53609114551728,144.31518000923978,13.220911136277493,3.1890208638788464,3.3703436733550696,140.44696448153238
2023-07-03,19246.5,19345.099609375,19234.400390625,19322.55078125,226100,0.006933003527425256,74.93591936456775,185.15052213451054,152.48224843429395,32.66827370021659,4.025568467916587,3.8763044982931483,141.56138331320864
2023-07-04,19406.599609375,19434.150390625,19300.0,19389.0,226900,0.0034330468644171055,76.21976593455243,209.97657500754212,163.98111374894359,45.99546125859854,4.804707212244455,3.5950213870478045,141.0320266926223
2023-07-05,19405.94921875,19421.599609375,19339.599609375,19398.5,224400,0.0004898485434720244,76.40583933226182,227.79212554900369,176.7433161089556,51.048809440048075,5.364116028954773,3.4261197596048163,136.81545335743502
2023-07-06,19385.69921875,19512.19921875,19373.0,19497.30078125,268300,0.005080291021865595,78.30696142295382,247.03580011227314,190.80181290961912,56.23398720265402,6.063309084349073,4.330034560973012,136.9857223140468
2023-07-07,19422.80078125,19523.599609375,19303.599609375,19331.80078125,237100,-0.008524585713268293,68.36920578598213,246.09525112209667,201.86050055211464,44.234750569982026,6.227863101440596,2.686714019175608,142.91531357732916
2023-07-10,19400.349609375,19435.849609375,19327.099609375,19355.900390625,268200,0.0012458539412885826,68.98642085281281,244.4763254403697,210.38366552976566,34.09265991060403,6.239051019585472,3.201475821089496,140.47493403609135
2023-07-11,19427.099609375,19515.099609375,19406.44921875,19439.400390625,251300,0.004304651710725516,71.09125019085705,247.08285004368372,217.7235024325493,29.35934761113441,6.309897790531103,3.3093007686199614,141.8123829442277
2023-07-12,19497.44921875,19507.69921875,19361.75,19384.30078125,327900,-0.00283845407345589,67.8203179426467,241.9138295400844,222.56156785405636,19.352261686028044,6.347107878785066,2.797133046088297,142.10787121606856
2023-07-13,19495.19921875,19567.0,19385.80078125,19413.75,310400,0.0015180775225879406,68.65054211408076,237.4563998202866,225.54053424730242,11.915865572984188,6.386543941656904,3.4227875074915093,145.00725318277793
2023-07-14,19493.44921875,19595.349609375,19433.5,19564.5,291200,0.007735121594226721,72.55408979766258,243.283696765513,229.08916675094454,14.194530014568471,6.447540710941291,4.816372451849669,147.62099291079377
2023-07-17,19612.150390625,19731.849609375,19562.94921875,19711.44921875,268700,0.007482946045497489,75.72693391770976,256.79922382498626,234.6311781657529,22.168045659233343,6.793212865238566,5.458451263932495,149.14094989037994
2023-07-18,19787.5,19819.44921875,19690.19921875,19749.25,286400,0.0019158704007220429,76.48015712361104,267.47727203311297,241.20039693922493,26.276875093888037,6.964631577979373,4.952063462704742,147.7201677553528
2023-07-19,19802.94921875,19851.69921875,19727.44921875,19833.150390625,259700,0.00423928389630214,78.10423575486715,279.4879988325556,248.85791731789107,30.63008151466454,7.202094004681089,4.538510755153924,146.04372720139904
2023-07-20,19831.69921875,19991.849609375,19758.400390625,19979.150390625,274700,0.007334449485705515,80.61298440611647,297.35978764884203,258.55829138408126,38.80149626476077,7.579401991223339,4.117450197937993,152.2869765977277
2023-07-21,19800.44921875,19887.400390625,19700.0,19745.0,312500,-0.011788954585924888,67.29581779945877,289.2945222254348,264.705537552352,24.58898467308279,7.308956731433014,2.1863015061134243,161.34864902824714
2023-07-24,19748.44921875,19782.75,19658.30078125,19672.349609375,265600,-0.0036862180542648424,63.77544941826473,273.8833056503936,266.5410911719603,7.342214478433277,6.586013954807364,1.461393622027954,158.71297543694376
2023-07-25,19729.349609375,19729.349609375,19615.94921875,19680.599609375,369700,0.00041928243166748923,64.00571775945409,259.3459330557016,265.10205954870855,-5.756126493006946,5.677136369646896,1.45423413859319,155.47636223609064
2023-07-26,19733.349609375,19825.599609375,19716.69921875,19778.30078125,244700,0.0049520574860006375,66.70495662742371,252.7945701404169,262.64056166705024,-9.845991526633327,4.905349443126441,1.4412251375340617,154.72805064779845
2023-07-27,19850.900390625,19867.55078125,19603.55078125,19659.900390625,334900,-0.006004368496797154,60.75856691176017,235.3358407393789,257.179617481516,-21.843776742137095,4.195406769041679,1.6972014820948562,162.5331898872414
2023-07-28,19659.75,19695.900390625,19563.099609375,19646.05078125,258700,-0.0007047080421790248,60.08384924338571,217.87064697657843,249.3178233805285,-31.447176403950067,3.837294754350663,1.499028124599845,160.40944641315272
2023-07-31,19666.349609375,19772.75,19597.599609375,19753.80078125,295100,0.005469577389253641,63.48159443390831,210.29967582935205,241.51419387029324,-31.214518040941186,3.7135474957756767,1.6173358452795963,161.46237099971322
2023-08-01,19784.0,19795.599609375,19704.599609375,19733.55078125,298000,-0.0010256449710540406,62.406456688305326,200.35604116039758,233.28256332831413,-32.926522167916545,3.6193770525044044,1.8017157489519648,156.42934449973367
2023-08-02,19655.400390625,19678.25,19423.55078125,19526.55078125,290700,-0.010545154493387934,52.59962099264592,173.76936395639132,221.3799234539296,-47.610559497538276,3.5007950682876356,0.5810355096259096,167.398677035467
2023-08-03,19463.75,19537.650390625,19296.44921875,19381.650390625,315700,-0.007448355676119346,47.02847929999251,139.40006303209884,204.98395136956344,-65.5838883374646,3.6235895958994373,-0.9345989387666436,172.67028380971936
2023-08-04,19462.80078125,19538.849609375,19436.44921875,19517.0,280800,0.006959118337332752,52.128911997953665,121.6810631921835,188.32337373408748,-66.64231054190398,3.405967521517609,-0.9864785515873449,171.5652077340251
2023-08-07,19576.849609375,19620.44921875,19524.80078125,19597.30078125,216600,0.004105960861445235,54.9032373716292,112.81773745502142,173.22224647827426,-60.40450902325284,3.166526081883645,-0.769392350342418,166.69977994945188
2023-08-08,19627.19921875,19634.400390625,19533.099609375,19570.849609375,260300,-0.0013506471779916257,53.797240432972934,102.4777991643059,159.07335701548058,-56.595557851174675,3.045689466034894,-1.32253714656441,162.02842289949103
2023-08-09,19578.80078125,19645.5,19467.5,19632.55078125,266500,0.0031477485221408875,56.02269026377815,98.13090054862914,146.8848657221103,-48.75396517348116,2.792424768220465,-1.7348065488192035,163.1692498352417
2023-08-10,19605.55078125,19623.599609375,19495.400390625,19543.099609375,312200,-0.004566679886024027,52.104358109521186,86.47120387055111,134.8021333517985,-48.33092948124738,2.6110525881949123,-1.0225393295771081,161.31075989165302
2023-08-11,19554.25,19557.75,19412.75,19428.30078125,235500,-0.005891456761763215,47.51160506514126,67.19294578093832,121.28029583762645,-54.08735005668814,2.7833838386678953,-1.24056776628602,160.14570561367782
2023-08-14,19383.94921875,19465.849609375,19257.900390625,19434.55078125,243900,0.0003216439248586792,47.78147276561823,51.821741342853784,107.38858493867193,-55.56684359581814,2.9399104028633114,-1.2502100190473506,163.56024226627227
2023-08-16,19369.0,19482.75,19317.19921875,19465.0,0,0.0015655309306883672,49.153090210758776,41.61721125497934,94.23431020193341,-52.61709894695407,2.9994872395870322,-1.5840631847757711,163.7024236222528
2023-08-17,19450.55078125,19461.55078125,19326.25,19365.25,268700,-0.005137758290060533,44.984469182685174,25.19067387838004,80.42558293722274,-55.2349090588427,3.06100023842657,-1.4987379629120943,161.92010764923475
2023-08-18,19301.75,19373.80078125,19253.599609375,19310.150390625,256100,-0.0028493381372506382,42.82399506667755,7.63839599638959,65.86814554905611,-58.22974955266652,2.8002825930867576,-1.7097603704943085,158.94018366536082
2023-08-21,19320.650390625,19425.94921875,19296.30078125,19393.599609375,262600,0.0043122099570484,46.97741464593171,0.45648181823708,52.78581280289231,-52.32933098465523,2.787030526702742,-1.823452488277078,156.84791608212075
2023-08-22,19417.099609375,19443.5,19381.30078125,19396.44921875,208700,0.00014692476375842436,47.11868206433695,-4.948256824973214,41.238998877319204,-46.18725570229242,2.8162713357746174,-1.708266121170144,150.08729484411214
2023-08-23,19439.19921875,19472.05078125,19366.599609375,19444.0,225200,0.0024485198272942723,49.53486364384669,-5.333123561671528,31.92457438952106,-37.25769795119258,2.7691393530560635,-0.4227617164689825,146.89900034631842
2023-08-24,19535.150390625,19584.44921875,19369.0,19386.69921875,268300,-0.0029513155310064644,46.76212396419274,-10.1448834857365,23.510682814469547,-33.65556630020605,2.5768068987239285,0.02604952634705527,151.79544451801
2023-08-25,19297.400390625,19339.55078125,19229.69921875,19265.80078125,466500,-0.0062556798015631025,41.485681761144285,-23.443489454894006,14.119848360596837,-37.56333781549084,2.6946512286241364,-1.287079052876979,152.16719848100928
2023-08-28,19298.349609375,19366.849609375,19249.69921875,19306.05078125,248200,0.0020870149074536447,43.760860413835296,-30.38463670189958,5.218951348097554,-35.603588049997136,2.7104271871258234,-1.486174056575473,149.66599791986576
2023-08-29,19374.849609375,19377.900390625,19309.099609375,19342.650390625,307400,0.0018939637920959618,45.823665628550096,-32.55696685465591,-2.336232292453139,-30.22073456220277,2.4225257072442146,-1.16601590275716,144.10768445237537
2023-08-30,19433.44921875,19452.80078125,19334.75,19347.44921875,233000,0.00024806491573087567,46.102810146747856,-33.50510285776181,-8.570006405514874,-24.93509645224694,2.0677271250450295,-1.4521880812975423,142.2464770807771
2023-08-31,19375.55078125,19388.19921875,19223.650390625,19253.80078125,562600,-0.004852103039648143,41.59832317697665,-41.33665054843004,-15.123335234097908,-26.213315314332135,2.166853637831898,-1.4803118947734408,143.83950215536444
2023-09-01,19258.150390625,19458.55078125,19255.69921875,19435.30078125,333000,0.009382556025202547,51.490758089950674,-32.52277309184865,-18.60322280564806,-13.91955028620059,2.1602556378116033,0.03602991367498082,148.19025200140985
2023-09-04,19525.05078125,19545.150390625,19432.849609375,19528.80078125,296800,0.004799298621963187,55.65768526030812,-17.78799419461575,-18.440177083441597,0.6521828888258483,2.1718379661324225,0.4849610421195338,145.62671837630916
2023-09-05,19564.650390625,19587.05078125,19525.75,19574.900390625,256800,0.002357814188949651,57.591924990120134,-2.3634778526866285,-15.224837237290604,12.861359384603976,2.135725952929891,0.5646051406370409,139.60343715300135
2023-09-06,19581.19921875,19636.44921875,19491.5,19611.05078125,287600,0.0018450694598145603,59.09863667356936,12.631983238312387,-9.653473142170007,22.285456380482394,2.2018124292718033,1.2692879319915829,139.98527869564413
2023-09-07,19598.650390625,19737.0,19550.05078125,19727.05078125,304900,0.005897607236551244,63.57119671339138,33.49017089379049,-1.0247443349779077,34.5149152287684,2.421522561359774,2.1589701902446263,143.33984584238382
2023-09-08,19774.80078125,19867.150390625,19727.05078125,19819.94921875,288100,0.004698136818212182,66.71068163323972,56.86110300684231,10.552425133386137,46.308677873456176,2.9572595704643323,2.1984036896837846,143.10840038042784
2023-09-11,19890.0,20008.150390625,19865.349609375,19996.349609375,248800,0.008860770587058942,71.69838417101633,88.59549860958214,26.16103982862534,62.434458780956795,3.855431429716585,3.0928361364465267,146.32931263004016
2023-09-12,20110.150390625,20110.349609375,19914.650390625,19993.19921875,328100,-0.00015756069892455075,71.49236631594854,112.19768054352608,43.368367971605494,68.82931257192058,4.496828651783663,2.824517685404238,149.8557344957516
2023-09-13,19989.5,20096.900390625,19944.099609375,20070.0,251400,0.003833986143147051,73.49203393355371,135.5373705283164,61.80216848294768,73.73520204536871,5.158604004991943,3.524585456967013,150.06609497819792
2023-09-14,20127.94921875,20167.650390625,20043.44921875,20103.099609375,275100,0.0016478497893743786,74.3278315194541,154.91929168559,80.42559312347615,74.49369856211385,5.682197449373618,4.346036988713607,148.21860047082666
2023-09-15,20156.44921875,20222.44921875,20129.69921875,20192.349609375,438200,0.004429787863222843,76.48116163142501,175.458753655701,99.43222522992113,76.02652842577987,6.177202780019176,4.590782642019008,146.15652967826762
2023-09-18,20155.94921875,20195.349609375,20115.69921875,20133.30078125,264900,-0.0029286010148227575,72.16814302701675,184.84094693107545,116.513969570152,68.32697736092345,6.493844480621651,4.087601102526325,141.4060911744628
2023-09-20,19980.75,20050.650390625,19878.849609375,19901.400390625,378100,-0.011585098803333688,58.270258960894424,171.58604216043022,127.52838408820766,44.057658072222566,6.469214085276404,2.863174187004222,149.48073979592976
2023-09-21,19840.55078125,19848.75,19709.94921875,19742.349609375,275100,-0.00802404589005525,51.01401801643318,146.55793715881373,131.33429470232886,15.223642456484868,6.3819085458273594,2.5374149949695406,152.47862780157766
2023-09-22,19744.849609375,19798.650390625,19657.5,19674.25,246400,-0.0034553806166447805,48.243885636944405,119.84639959020569,129.03671567990423,-9.190316089698541,6.223639827929716,1.2294598444317553,151.66946800325067
2023-09-25,19678.19921875,19734.150390625,19601.55078125,19674.55078125,188400,1.5287950028248088e-05,48.257250094031555,97.5767797761655,122.7447284991565,-25.167948722991,5.882262902417843,0.7463335902322151,150.3073352440899
2023-09-26,19682.80078125,19699.349609375,19637.44921875,19664.69921875,204900,-0.0005008515772894238,47.82168449954794,78.23120622070928,113.84202404346706,-35.61081782275778,5.561494125278968,0.45874475135519627,143.99255348558347
2023-09-27,19637.05078125,19730.69921875,19554.0,19716.44921875,203600,0.002628162551917123,50.35648309782995,66.31109923314943,104.33583908140355,-38.024739848254114,5.245446491413792,0.5374441108518814,146.32874386161322
2023-09-28,19761.80078125,19766.650390625,19492.099609375,19523.55078125,352800,-0.009831803841213342,42.138970729648086,40.82839248525488,91.63434976217383,-50.805957276918946,5.013254689270032,-1.0315784262765773,155.48746081792655
2023-09-29,19581.19921875,19726.25,19551.05078125,19638.30078125,243500,0.005860311697675281,47.61539762427951,29.551874178665457,79.21785464547216,-49.6659804668067,4.460061375525208,-0.9164929510927181,158.8597292416461
2023-10-03,19622.400390625,19623.19921875,19479.650390625,19528.75,221700,-0.005594042173129665,43.39283027179967,11.641128007649968,65.70250931790773,-54.06138131025776,4.3258824909240925,-2.3384248550834132,158.84477648331423
2023-10-04,19446.30078125,19457.80078125,19333.599609375,19436.099609375,277100,-0.004755597219883326,40.14995191155552,-9.915084660613502,50.57899052220348,-60.494075182816985,4.458830300763421,-2.7864455472065797,161.4380346362918
2023-10-05,19521.849609375,19576.94921875,19487.30078125,19545.75,234900,0.005625729970019748,45.35484655120968,-17.94382314388713,36.874427788985365,-54.818250932872495,4.489123256630811,-2.6121076233183858,159.9674328319138
2023-10-06,19621.19921875,19675.75,19589.400390625,19653.5,159100,0.005497568008546022,49.9601205346008,-15.434215708915872,26.41269908940512,-41.846914798320995,4.4588981408451955,-2.2364690923847936,157.82690191534854
2023-10-09,19539.44921875,19588.94921875,19480.5,19512.349609375,165100,-0.007207861089913015,44.65141607243902,-24.551970780274132,16.21976511546927,-40.771735895743404,4.617738400236863,-3.3676120568172334,158.91069463568078
2023-10-10,19565.599609375,19717.80078125,19565.44921875,19689.849609375,216600,0.0090556762901256,51.61421451147596,-17.256172379995405,9.524577616376334,-26.78074999637174,4.629543018248131,-2.20257560691679,162.2350144384893
2023-10-11,19767.0,19839.19921875,19756.94921875,19811.349609375,213700,0.00615173136873013,55.72044359379523,-1.6511317828553729,7.289435736529993,-8.940567519385365,4.5165559030001505,-0.45248464672074257,161.31462836252578
2023-10-12,19822.69921875,19843.30078125,19772.650390625,19794.0,217900,-0.0008761245971014768,55.00263772866112,9.209841518695612,7.673516892963117,1.5363246257324947,4.3920001337323935,0.2616223076126304,154.83861138127395
2023-10-13,19654.55078125,19805.400390625,19635.30078125,19751.05078125,255000,-0.002172167428733089,53.17638247831012,14.188047122264834,8.976422938823461,5.211624183441373,4.137243054764046,0.39036192612170734,155.92868266654008
2023-10-16,19737.25,19781.30078125,19691.849609375,19731.75,181000,-0.0009776805295215437,52.33541741081351,16.387000049591734,10.458538360977116,5.928461688614618,3.769452278982846,0.2907269364671406,151.18028903857294
2023-10-17,19843.19921875,19849.75,19775.650390625,19811.5,185800,0.004033563661320618,55.46914126418532,24.284903339670564,13.223811356715807,11.061091982954757,3.097153654851701,0.7465193320120942,148.81026839296058
2023-10-18,19820.44921875,19840.94921875,19659.94921875,19671.099609375,198900,-0.007112043473065063,49.32131124639688,18.995937111500098,14.378236507672664,4.6177006038274335,2.338482547607187,-0.2300090085788536,151.10953493632056
2023-10-19,19545.19921875,19681.80078125,19512.349609375,19624.69921875,230300,-0.002361596586600212,47.44959121645885,10.934226573914202,13.689434520920972,-2.7552079470067703,2.091102980355788,0.5180842288029942,152.41965186051195
2023-10-20,19542.150390625,19593.80078125,19518.69921875,19542.650390625,198300,-0.004189660467809165,44.25164522497179,-2.0517406387152732,10.541199488993724,-12.592940127708998,2.11635587292172,-0.48706042182796094,149.10396244190392
2023-10-23,19521.599609375,19556.849609375,19257.849609375,19281.75,176000,-0.01344022395196905,35.95372008217939,-33.01511658862364,1.829936273470251,-34.845052862093894,2.669834125613402,-1.2648018946425141,159.81082226748222
2023-10-25,19286.44921875,19347.30078125,19074.150390625,19122.150390625,225300,-0.008311683270009834,32.00060013603607,-69.62952394580134,-12.461955770384067,-57.16756817541727,3.4875364083257807,-1.6152892044171592,167.90650572159066
2023-10-26,19027.25,19041.69921875,18837.849609375,18857.25,300400,-0.013949914095014037,26.744475021285055,-118.65418168067481,-33.700400952442216,-84.9537807282326,4.802469244245534,-3.522504892367906,176.2203825450485
2023-10-27,18928.75,19076.150390625,18926.650390625,19047.25,205200,0.010025278863763394,34.99210823439961,-140.55493424582892,-55.07130761111956,-85.48362663470937,5.266528597187686,-3.0846922939934363,179.26895455075933
2023-10-30,19053.400390625,19158.5,18940.0,19140.900390625,180100,0.004904693073893485,38.65806310505446,-148.6411914564669,-73.78528438018903,-74.85590707627789,5.549569483895033,-1.9036621738856692,182.07117208284794
2023-10-31,19232.94921875,19233.69921875,19056.44921875,19079.599609375,206000,-0.003207746304394414,37.18007023870755,-158.17275226016864,-90.66277795618495,-67.50997430398368,5.839982355248943,-3.0993126514762177,181.7268026483588
2023-11-01,19064.05078125,19096.05078125,18973.69921875,18989.150390625,194100,-0.004751896973195711,35.05069418945449,-171.0532831347482,-106.7408789918976,-64.3124041428506,6.242809351758044,-4.150142392928769,177.4857140663332
2023-11-02,19120.0,19175.25,19064.150390625,19133.25,245600,0.007559875254064636,40.86172865831189,-167.7004164551763,-118.93278648455336,-48.76762997062295,6.412198654522282,-3.3381327675053045,178.10099230266655
2023-11-03,19241.0,19276.25,19210.900390625,19230.599609375,189500,0.005075080802081226,44.47596110711457,-155.39662994462924,-126.22555517656853,-29.171074768060706,6.462527416936944,-2.635055611163093,175.5937785667618
2023-11-06,19345.849609375,19423.0,19309.69921875,19411.75,180700,0.009375812778954773,50.53414833384284,-129.53526599112593,-126.88749733948002,-2.6477686516459045,6.374716143094569,-1.6217517452836165,176.79425085663595
2023-11-07,19404.05078125,19423.5,19329.099609375,19406.69921875,198700,-0.0002602258142791332,50.36913081008118,-108.20023956326986,-123.15004578423799,14.949806220968128,6.358663846995524,-2.0432616472755725,170.9089751258048
2023-11-08,19449.599609375,19464.400390625,19401.5,19443.5,195000,0.0018944969651071763,51.60904733867561,-87.31603699656262,-115.98324402670292,28.667207030140304,6.224148832789636,-1.1570253513765385,163.19407623289018
2023-11-09,19457.400390625,19463.900390625,19378.349609375,19395.30078125,208400,-0.0024820150223140987,49.85236209631961,-73.80366739875535,-107.54732870111341,33.74366130235806,5.909984377489116,-1.1689271511525954,157.6481265912552
2023-11-10,19351.849609375,19451.30078125,19329.44921875,19425.349609375,152200,0.0015480850435944918,50.97277385229477,-59.978928092506976,-98.03364857939214,38.05472048688516,5.579198760481649,-0.6002296459556556,155.09122915616555
2023-11-13,19486.75,19494.400390625,19414.75,19443.55078125,189300,0.0009365417093074231,51.677040616470954,-47.012113750377466,-87.82934161358921,40.81722786321174,5.2807845599837995,0.8391395036757556,149.7025978325109
2023-11-15,19651.400390625,19693.19921875,19579.650390625,19675.44921875,291500,0.011856190289938534,59.63325929219644,-17.81815748516965,-73.8271047879053,56.00894730273565,5.197518609257964,2.8934968966474885,156.84158638018866
2023-11-16,19674.69921875,19875.25,19627.0,19765.19921875,282700,0.004551150068331243,62.22548829333906,12.417200357769616,-56.57824375877032,68.99544411653994,5.111092278977472,4.814854863514033,163.37075878160377
2023-11-17,19674.75,19806.0,19667.44921875,19731.80078125,236800,-0.0016911889743673853,60.66428612096458,33.3001016551425,-38.60257467598776,71.90267633113027,5.202362092525063,3.59396123456142,161.5979032436321
2023-11-20,19731.150390625,19756.44921875,19670.5,19694.0,173800,-0.0019175662679732529,58.864167398526156,46.2664138350774,-21.62877697377473,67.89519080885213,5.291888375198833,2.889621690136907,156.1944257798012
2023-11-21,19770.900390625,19829.099609375,19754.05078125,19783.400390625,195000,0.004529201141300913,61.75464790662723,63.02960794231694,-4.697099990556396,67.72670793287334,5.587555451987109,3.6887607479151643,154.68765317945827
2023-11-22,19784.0,19825.55078125,19703.849609375,19811.849609375,184500,0.0014370018446946907,62.653958967057015,77.71433179622545,11.785186366799973,65.92914542942547,5.934243600268194,4.332469867404753,152.33147594342554
2023-11-23,19828.44921875,19875.150390625,19786.75,19802.0,170000,-0.0004972811112830416,62.10942854191385,87.54810008722416,26.93776911088481,60.61033097633935,6.08174926216205,3.4952242823357245,147.76496984925228
2023-11-24,19809.599609375,19832.849609375,19768.849609375,19794.69921875,145900,-0.0003687570669664962,61.68150751805066,93.6725217529638,40.284719639300604,53.3878021136632,5.693779832012985,2.9333438417593545,141.78175771716283
2023-11-28,19844.650390625,19916.849609375,19800.0,19889.69921875,229600,0.004787784883390938,65.0553566299663,104.9817122688255,53.22411816520559,51.757594103619915,5.641257376681505,2.4621645073215968,140.37951721057976
2023-11-29,19976.55078125,20104.650390625,19956.30078125,20096.599609375,236200,0.010348656573869122,71.03657372384211,129.15069084514107,68.40943270119269,60.741258143948386,5.947091101368077,3.554959979791128,145.70606397232407
2023-11-30,20108.5,20158.69921875,20015.849609375,20133.150390625,486600,0.0018171025823992028,71.94997628069346,149.53042936396378,84.6336320337469,64.89679733021687,6.040538017870753,3.5469457177205754,145.50203150108663
2023-12-01,20194.099609375,20291.55078125,20183.69921875,20267.900390625,265800,0.00667064331563437,75.07123547845175,174.54269823923823,102.61544527484517,71.92725296439306,5.993190811476251,4.499025919817481,146.42334286708046
2023-12-04,20601.94921875,20702.650390625,20507.75,20686.80078125,381100,0.020457480483773903,81.83738572072295,225.5666699920621,127.20569021828857,98.36097977377352,6.976314374398125,6.493840251226174,167.01810409086042
2023-12-05,20808.900390625,20864.05078125,20711.150390625,20855.099609375,421000,0.008102650447744338,83.7461493719997,276.3977034381023,157.04409286225132,119.35361057585101,8.081884504851617,7.259727628999735,167.74895379865612
2023-12-06,20950.75,20961.94921875,20852.150390625,20937.69921875,359200,0.003952820545223537,84.6014806322333,319.66189844211476,189.56765397822403,130.09424446389073,9.164072310750528,6.415355430854004,163.6096591076807
2023-12-07,20932.400390625,20941.25,20850.80078125,20901.150390625,275000,-0.0017471243957791426,82.53191060513765,346.9999008490486,221.05410335238895,125.94579749665962,9.80867018517961,5.747228547018108,158.38391336784636
2023-12-08,20934.099609375,21006.099609375,20862.69921875,20969.400390625,292400,0.0032600507599202964,83.35095127785074,369.90859332343825,250.8250013465988,119.08359197683944,10.349474721358055,6.272106753434385,157.31366174335736
2023-12-11,20965.30078125,21026.099609375,20923.69921875,20997.099609375,212900,0.001320063516009915,83.68529172832142,385.8511408509694,277.8302292474729,108.02091160349647,10.619937933038894,6.616734078272571,153.39128523490328
2023-12-12,21018.55078125,21037.900390625,20867.150390625,20906.400390625,244900,-0.004328963470418101,78.1510868754483,386.70931145400755,299.6060456887799,87.10326576522766,10.569368414026826,5.676476125571262,154.63119343241019
2023-12-13,20929.75,20950.0,20769.5,20926.349609375,260300,0.0009537608817135473,78.48805804364522,384.5661142888239,316.5980594087887,67.9680548800352,10.36715372148139,5.62542126037852,156.47896533009518
2023-12-14,21110.400390625,21210.900390625,21074.44921875,21182.69921875,334400,0.012175662163725103,82.27178196635914,398.9539928783415,333.06924610269925,65.88474677564227,10.634437297121888,6.972524082163418,165.62695218151697
2023-12-15,21287.44921875,21492.30078125,21235.30078125,21456.650390625,508800,0.012849864921501506,85.25628449672317,427.5337178159534,351.9621404453501,75.57157737060334,11.219966135288114,8.395940516745823,175.91085291855146
2023-12-18,21434.80078125,21482.80078125,21365.349609375,21418.650390625,249700,-0.0017725827811074615,83.16486162188632,442.0217220512277,369.9740567665256,72.04766528470208,11.434080433142999,7.687150796295899,171.73516141544064
2023-12-19,21477.650390625,21505.05078125,21337.75,21453.099609375,249800,0.001607082806947435,83.55862387422299,451.08352376488983,386.1959501661985,64.88757359869135,11.396943994792304,6.749898123895533,171.41841997505202
2023-12-20,21543.5,21593.0,21087.349609375,21150.150390625,363900,-0.014222122733049722,68.40603181961805,428.87578373980796,394.73191688092044,34.14386685888752,10.944599419066705,5.051370402883227,195.292132164334
2023-12-21,21033.94921875,21288.349609375,20976.80078125,21255.05078125,277500,0.004947534816775346,70.40715716109683,414.95720623452144,398.77697475164064,16.1802314828808,10.443297252640122,4.870511358352691,203.59618187581012
2023-12-22,21295.849609375,21390.5,21232.44921875,21349.400390625,284700,0.004429103580375731,72.1177461664872,406.8499453331169,400.3915688679359,6.458376465181004,9.791474256825799,3.203006672619788,200.34293897396654
2023-12-26,21365.19921875,21477.150390625,21329.44921875,21441.349609375,219500,0.004297627887901326,73.7125250654311,403.19661654617084,400.9525784035829,2.2440381425879536,8.932394410831392,2.8110630540285833,196.58281275261177
2023-12-27,21497.650390625,21675.75,21495.80078125,21654.75,256500,0.009903547502138933,77.00046257918311,412.762881659859,403.31463905483815,9.448242605020823,8.199627724588309,3.4246875636071374,199.2840683149252
2023-12-28,21715.0,21801.44921875,21678.0,21778.69921875,393100,0.0057075621422148105,78.66929653963768,425.44165517730653,407.7400422793318,17.701612897974712,7.762703311038095,4.198567120585936,195.52800763171626
2023-12-29,21737.650390625,21770.30078125,21676.900390625,21731.400390625,270900,-0.0021741548367498844,76.39142153149137,426.75370335135085,411.54277449373564,15.210928857615215,6.981803493389223,3.6338664234799722,188.8330662383794
2024-01-01,21727.75,21834.349609375,21680.849609375,21741.900390625,154000,0.0004830551173010514,76.55372287634827,423.75597809339524,413.9854152136676,9.770562879727663,6.169273887004122,3.5471602988321957,186.30927579278088
2024-01-02,21751.349609375,21755.599609375,21555.650390625,21665.80078125,263700,-0.0035062758581720864,72.65522804620844,410.5075808831025,413.2898483475546,-2.7822674644521044,5.903244461748761,3.632382315635435,187.28355743258226
2024-01-03,21661.099609375,21677.0,21500.349609375,21517.349609375,311900,-0.006875448193459907,65.63352786383453,383.60737470400636,407.35335361884495,-23.745978914838588,5.653954868275211,2.824190606732634,186.52404551775496
2024-01-04,21605.80078125,21685.650390625,21564.55078125,21658.599609375,339200,0.006543017882762483,68.73016625182426,369.4279268462669,399.7682682643293,-30.340341418062394,5.55039143838658,2.2466465945178213,185.2223837843439
2024-01-05,21705.75,21749.599609375,21629.19921875,21710.80078125,309300,0.0024072823978970102,69.81273572721548,358.2728640093301,391.4691874133295,-33.19632340399943,5.352718580292126,1.1844830670123854,180.5922414158193
2024-01-08,21747.599609375,21763.94921875,21492.900390625,21513.0,231500,-0.009152465005292239,61.170873809726345,329.6712810714562,379.10960614495485,-49.438325073498675,5.034409461693104,0.44050212153561774,187.0534261807608
2024-01-09,21653.599609375,21724.44921875,21517.849609375,21544.849609375,228600,0.001479387172036867,61.986831293342114,306.0464053743017,364.49696599082426,-58.45056061652258,4.698722308028263,0.4276771267118215,188.79598279284932
2024-01-10,21529.30078125,21641.849609375,21448.650390625,21618.69921875,217000,0.003421854015216792,63.882060143113776,289.9403159848007,349.58563598961956,-59.64532000481887,4.107130275285877,2.2153451368964667,189.1104996469315
2024-01-11,21688.0,21726.5,21593.75,21647.19921875,212500,0.001317434984659037,64.61526424062734,276.2909261100067,334.926694013697,-58.635767903690294,3.3678753899993112,1.8449658932169248,185.08474967215065
2024-01-12,21773.55078125,21928.25,21715.150390625,21894.55078125,294700,0.011361703346499745,70.25840245041809,282.1800937168264,324.37737395432293,-42.19728023749656,3.348893601489737,2.5534693277118348,191.93946621342562
2024-01-15,22053.150390625,22115.55078125,21963.55078125,22097.44921875,345500,0.009224398809286917,73.93103328100939,299.76401669975166,319.45470250340867,-19.690685803657004,3.9497577860382105,3.059973468685607,194.01521862675236
2024-01-16,22080.5,22124.150390625,21969.80078125,22032.30078125,292400,-0.002952587985615914,70.90348852882659,304.92745403167646,316.54925280906224,-11.621798777385777,4.246676386618491,1.743500992853762,191.18196082305576
2024-01-17,21647.25,21851.5,21550.44921875,21571.94921875,456000,-0.021115770473744744,54.05769067363128,268.77472383268105,306.994347013786,-38.219623181104964,4.190934108200043,-0.9493220780697595,211.94407522855178
2024-01-18,21414.19921875,21539.400390625,21285.55078125,21462.25,387300,-0.0050982455047793645,50.95115320531669,228.63604057041812,291.3226857251125,-62.68664515469436,3.7439547201696017,-1.2385321966692602,217.26224396222665
2024-01-19,21615.19921875,21670.599609375,21575.0,21622.400390625,343100,0.007434254509367264,55.01550341966184,207.35834506641913,274.5298175933738,-67.17147252695469,3.3619600564304757,-0.5496299672660069,216.62562720599615
2024-01-23,21716.69921875,21750.25,21192.599609375,21238.80078125,449700,-0.017900098054810153,45.32704708425433,157.7241892078273,251.16869191626452,-93.44450270843723,3.5621504920504705,-1.9708479936247452,240.98453887878213
2024-01-24,21185.25,21482.349609375,21137.19921875,21453.94921875,407500,0.010079006802925212,50.58342804364936,134.20244172080493,227.77544187717263,-93.5730001563677,3.5493632698240516,-0.29464776924652825,248.42495686065485
2024-01-25,21454.599609375,21459.0,21247.05078125,21352.599609375,418100,-0.004735247364061254,48.231037253076764,106.15948050053339,203.4522496018448,-97.29276910131142,3.7588148513714525,-1.4128337266438356,245.81954699560808
2024-01-29,21433.099609375,21763.25,21429.599609375,21737.599609375,376700,0.01786996821930258,56.5058054846164,113.69095555017702,185.49999079151127,-71.80903524133424,3.737359896179314,0.12343546603837915,257.5931786834218
2024-01-30,21775.75,21813.05078125,21501.80078125,21522.099609375,375100,-0.009963166019046519,51.5398715743951,101.10517724946476,168.62102808310198,-67.51585083363722,3.7474761407388057,0.04229818888578999,261.4258087774631
2024-01-31,21487.25,21741.349609375,21448.849609375,21725.69921875,410600,0.009415559590485083,55.517392318508875,106.33389326315955,156.16360111911348,-49.82970785595393,3.7399205600236676,0.8394099409090576,263.6453938647872
2024-02-01,21780.650390625,21832.94921875,21658.75,21697.44921875,332500,-0.00130114950214822,54.844742408039686,106.9651221255881,146.32390532040841,-39.35878319482032,3.747082265401075,0.36426798487348283,257.2563813565881
2024-02-02,21812.75,22126.80078125,21805.55078125,21853.80078125,442800,0.007180149098767169,57.88601158294128,118.71318821865862,140.80176190005847,-22.08857368139985,3.8143595254866436,0.9544032020597353,269.5488942954033
2024-02-05,21921.05078125,21964.30078125,21726.94921875,21771.69921875,440800,-0.0037639297855089193,55.762179598277186,120.01524426629112,136.644458373305,-16.629214107013894,3.845874541081752,-0.5611056546782741,267.24908488144587
2024-02-06,21825.19921875,21951.400390625,21737.55078125,21929.400390625,371000,0.007217294659854949,58.882781969517914,132.2478290199433,135.7651325026327,-3.5173034826893854,3.9971166078925013,-0.7604897129140507,263.43483663098544
2024-02-07,22045.05078125,22053.30078125,21860.150390625,21930.5,346300,5.014190025218764e-05,58.9045503763847,140.41238330391934,136.69458266289,3.717800641029328,4.075877506376729,-0.46205243047804984,258.4145190591293
2024-02-08,22009.650390625,22011.05078125,21665.30078125,21717.94921875,491100,-0.009739290405751649,53.05723531856144,128.25335487052143,135.0063371044163,-6.752982233894869,4.032006830682916,0.6768048567122488,264.6527676977629
2024-02-09,21727.0,21804.44921875,21629.900390625,21782.5,349200,0.0029678235415700974,54.53336312372066,122.4148239199094,132.48803446751492,-10.073210547605527,4.032270863173254,1.4921548299921956,258.2167720139941
2024-02-12,21800.80078125,21831.69921875,21574.75,21616.05078125,287400,-0.007670764664605448,50.15386220971006,103.16743522446995,126.62391461890594,-23.456479394435988,4.04169649446059,-0.029365885656955328,258.12623249513734
2024-02-13,21664.30078125,21766.80078125,21543.349609375,21743.25,365800,0.005867234081485647,53.24406147278262,97.05882124400523,120.7108959439258,-23.652074699920576,3.9646465720085025,2.375130422595879,255.64944245084183
2024-02-14,21578.150390625,21870.849609375,21530.19921875,21840.05078125,359100,0.004442111482625561,55.504784645293064,98.88878633060449,116.34647402126156,-17.457687690657067,3.6420400159945734,1.7996759410736405,261.720938748996
2024-02-15,21906.55078125,21953.849609375,21794.80078125,21910.75,345400,0.003231907943473083,57.134959829452,104.83540564254872,114.04426034551899,-9.208854702970271,3.471726072441651,2.613969262927313,254.38721656156773
2024-02-16,22020.30078125,22068.650390625,21968.94921875,22040.69921875,343900,0.005913324803860001,60.033384878796376,118.66605183404681,114.96861864322456,3.6974331908222524,3.734652086433896,1.3943563908697587,247.49530042324145
2024-02-19,22103.44921875,22186.650390625,22021.05078125,22122.25,0,0.0036931806134258504,61.77996708925919,134.6551839432359,118.90593170322683,15.74925224000907,3.9567340140796805,2.788530866029331,241.64560820550992
2024-02-20,22099.19921875,22215.599609375,22045.849609375,22196.94921875,295700,0.003370967472487328,63.359489517662865,151.6066617758661,125.44607771775469,26.160584058111397,4.337614651392689,2.1690901418413064,236.51020761940208
2024-02-21,22248.849609375,22249.400390625,21997.94921875,22055.05078125,364500,-0.006413220819374543,58.42041461761198,151.84048943076778,130.72496006035732,21.115529370410457,3.8856514412165177,1.6481272010120718,237.5774193519448
2024-02-22,22081.55078125,22252.5,21875.25,22217.44921875,343500,0.007336344949249518,62.065113458326415,163.24817289906787,137.22960262809943,26.01857027096844,3.93327820166208,1.6640054567167144,247.5540322553773
2024-02-23,22290.0,22297.5,22186.099609375,22212.69921875,226000,-0.000213818777795819,61.894218981076534,169.94652122438856,143.77298634735726,26.1735348770313,3.6325622517544573,2.02556537075529,237.82877213892178
2024-02-26,22169.19921875,22202.150390625,22075.150390625,22122.05078125,207800,-0.004089278221713085,58.579277388637855,166.0265880465122,148.22370668718827,17.80288135932392,3.6976713377585515,0.8785027734153625,230.6659189950702
2024-02-27,22090.19921875,22218.25,22085.650390625,22198.349609375,252200,0.003443060208267885,60.49705184960786,167.14989064308975,152.00894347836856,15.140947164721183,3.513760825813992,1.2213566009666903,223.6611825936366
2024-02-28,22214.099609375,22229.150390625,21915.849609375,21951.150390625,203000,-0.011198396451173726,52.08325724270822,146.40553316869045,150.88826141643295,-4.4827282477425,3.4020640006673544,1.0737716048883097,230.06401106909112
2024-02-29,21935.19921875,22060.55078125,21860.650390625,21982.80078125,360200,0.0014408171929075416,52.98485360669849,131.00920980505543,146.91245109415746,-15.903241289102027,3.2394107035496993,0.9195490933088489,227.90946675165605
2024-03-01,22048.30078125,22353.30078125,22047.75,22338.75,351500,0.0160624736924449,61.710509855424924,145.84839032010132,146.69963893934624,-0.8512486192449273,3.530942602939601,3.343345304207359,238.09450484082348
2024-03-04,22403.5,22440.900390625,22358.30078125,22405.599609375,298800,0.0029880715530739466,63.09577193435361,161.14517135388087,149.58874542225317,11.5564259316277,3.7801508699575472,3.0462309423614222,228.38421096826465
2024-03-05,22371.25,22416.900390625,22269.150390625,22356.30078125,296200,-0.0022027147028049303,61.333501612004916,167.36074659996666,153.14314565779586,14.217600942170805,3.9874752887848293,2.363776555149808,222.62462447053147
2024-03-06,22327.5,22497.19921875,22224.349609375,22474.05078125,312300,0.0052531495595052715,63.925204154797676,179.71641670330428,158.45779986689755,21.25861683640673,4.309238782038836,2.570887720639412,226.2121233922792
2024-03-07,22505.30078125,22525.650390625,22430.0,22493.55078125,379900,0.0008672911404987264,64.35134371548516,188.90429024063997,164.54709794164603,24.357192298993937,4.366513004816032,2.054615227972258,216.88628533747354
2024-03-11,22517.5,22526.599609375,22307.25,22332.650390625,277900,-0.007178885448103384,58.23821936354337,181.1146524181495,167.86060883694674,13.254043581202751,4.237355910376098,0.9510804309010159,217.06223705443972
2024-03-12,22334.44921875,22452.55078125,22256.0,22335.69921875,299200,0.00013650954899359894,58.31901800891215,173.19088653963263,168.92666437748392,4.264222162148712,3.721736875420286,0.6250859009164934,215.5971330684083
2024-03-13,22432.19921875,22446.75,21905.650390625,21997.69921875,493300,-0.015248393356596964,47.37569726710139,138.04615958022987,162.75056341803312,-24.704403837803255,3.3664225116905357,-0.26003822466261184,238.84730994745058
2024-03-14,21982.55078125,22204.599609375,21917.5,22146.650390625,426700,0.006748394232673185,51.67886213557423,120.82008624787704,154.36446798400192,-33.544381736124876,3.064268661806727,-0.3186631706814059,242.29390276370412
2024-03-15,22064.849609375,22120.900390625,21931.69921875,22023.349609375,661500,-0.005583024746448362,48.1676002038277,96.1110481100186,142.71378400920526,-46.602735899186655,2.9228482881277844,-0.8524385420713201,240.34085055736813
2024-03-18,21990.099609375,22123.69921875,21916.55078125,22055.69921875,356300,0.001467800056624233,49.14389566554663,78.2374281161392,129.81851283059206,-51.58108471445286,2.91002994983781,-0.2999340484121736,237.96996391041327
2024-03-19,21946.44921875,21978.30078125,21793.099609375,21817.44921875,344200,-0.010860963960358783,42.7564125595884,44.33658705978087,112.72212767642984,-68.38554061664897,3.2701761466061603,-1.715895088273296,239.7292243007409
2024-03-20,21843.900390625,21930.900390625,21710.19921875,21839.099609375,312400,0.0009918508439663014,43.47539000930348,18.99793548930029,93.97728923900392,-74.97935374970363,3.544107649955206,-0.5104551663855175,238.37007769890224
2024-03-21,21989.900390625,22080.94921875,21941.30078125,22011.94921875,353200,0.007883528864675105,48.98445969696131,12.717787736197351,77.72538893844262,-65.00760120224527,3.5707342927176,0.13259655941958887,238.61861567576634
2024-03-22,21932.19921875,22180.69921875,21883.30078125,22096.75,388700,0.0038450866714008036,51.48280525748054,14.417246687629813,65.06376048828007,-50.646513800650254,3.574751522688477,-1.0833193441889095,242.8171743774973
2024-03-26,21947.900390625,22073.19921875,21947.55078125,22004.69921875,328400,-0.004174507484794188,48.695095543180386,8.241350248576055,53.69927844033926,-45.45792819176321,3.6195266883676704,-1.7892865962723639,236.1301775469618
2024-03-27,22053.94921875,22193.599609375,22052.849609375,22123.650390625,409100,0.005391158338500764,52.29025663662406,12.797748797773238,45.518972511826064,-32.721223714052826,3.619323326274295,-1.040647971690028,232.75662133825023
2024-03-28,22163.599609375,22516.0,22163.599609375,22326.900390625,410500,0.009145057280234776,57.739549034184535,32.43540864346505,42.902259738153866,-10.466851094688813,3.6814804971213873,-0.6547568662956254,244.15612048373237
2024-04-01,22455.0,22529.94921875,22427.75,22462.0,0,0.006032745520934439,60.93361906804952,58.22858210640334,45.96752421180376,12.261057894599574,3.7622784578602624,-0.14026589913185186,241.2198853152515
2024-04-02,22458.80078125,22497.599609375,22388.150390625,22453.30078125,289500,-0.00038736104211539534,60.615925887748325,77.0793805362664,52.18989547669629,24.889485059570106,3.808782274048836,0.5402421500121083,231.80769484630497
2024-04-03,22385.69921875,22521.099609375,22346.5,22434.650390625,309600,-0.0008309754048160305,59.89492908625897,89.48234665754353,59.648385712865746,29.833960944677784,3.8805890147924766,0.44301801750595804,227.72140302692605
2024-04-04,22592.099609375,22619.0,22303.80078125,22514.650390625,401000,0.0035595696965144527,61.983756386072095,104.56179479634739,68.63106752956207,35.93072726678531,3.9909564070508594,2.3500238217384597,233.96981843571706
2024-04-05,22486.400390625,22537.599609375,22427.599609375,22513.69921875,242200,-4.22476898839797e-05,61.94244732697813,115.10871287750706,77.92659659915108,37.18211627835598,4.125295579490423,1.6573559506785602,225.1148314045944
2024-04-08,22578.349609375,22697.30078125,22550.349609375,22666.30078125,227600,0.006755296273493474,65.87216064160874,134.23353159775797,89.18798359887246,45.04554799888551,4.374304227322792,2.9194068262954223,222.1495979114091
2024-04-09,22765.099609375,22768.400390625,22612.25,22642.75,232400,-0.0010395619844089984,64.76077930618054,145.80894227205135,100.51217533350824,45.296766938543115,4.552314469439064,2.6616738622865155,217.43536881952272
2024-04-10,22720.25,22775.69921875,22673.69921875,22753.80078125,276800,0.004892486360835239,67.54169610324871,162.0751076320048,112.82476179320756,49.250345838797244,4.966353289333976,4.291755434431336,211.40064381455682
2024-04-12,22677.400390625,22726.44921875,22503.75,22519.400390625,357200,-0.01035502147176367,57.26863386518249,154.27363784840782,121.11453700424761,33.15910084416021,5.060030421084687,3.1150587405991925,214.16136791708848
2024-04-15,22339.05078125,22427.44921875,22259.55078125,22272.5,355500,-0.011024443666037696,48.84174513942273,126.70751340572679,122.23313228454344,4.474381121183342,4.931034294585643,1.183678822173823,217.42481373551072
2024-04-16,22125.30078125,22213.75,22079.44921875,22147.900390625,317300,-0.005610032105390299,45.22507177335612,93.72659221524373,116.5318242706835,-22.805232055439774,4.930462087735834,0.23148377306617487,215.6838114151171
2024-04-18,22212.349609375,22326.5,21961.69921875,21995.849609375,456900,-0.006888920065700564,41.21434417174009,54.68932278149805,104.16332397284643,-49.47400119134838,4.95530382792505,-0.04021690679352404,226.33502354618017
2024-04-19,21861.5,22179.55078125,21777.650390625,22147.0,362500,0.006848265696137249,46.311527471716765,35.538908400001674,90.43844085827747,-54.8995324582758,4.899497497297972,0.105541395577714,238.875406908953
2024-04-22,22336.900390625,22375.650390625,22198.150390625,22336.400390625,279300,0.008515605079627573,51.93545828776477,35.23888375324532,79.39852943727105,-44.15964568402573,4.497315887849664,0.04254956950490549,238.14504860295636
2024-04-23,22447.05078125,22447.55078125,22349.44921875,22368.0,231500,0.0014137138340638612,52.8233731666921,37.12300554705871,70.94342465922858,-33.82041911216987,4.049620834317339,-0.4184845516872941,229.0740016045309
2024-04-24,22421.55078125,22476.44921875,22384.0,22402.400390625,235900,0.001536747364098986,53.823452223641766,40.920305856488994,64.93880089868067,-24.018495042191674,3.8201992204762605,-0.22669446742327173,220.45794568635012
2024-04-25,22316.900390625,22625.94921875,22305.25,22570.349609375,475000,0.007468967297299811,58.45403445751469,56.82672889543028,63.316386498030596,-6.489657602600317,3.7412654694772964,0.6048644235022537,227.61803661946797
2024-04-26,22620.400390625,22620.400390625,22385.55078125,22419.94921875,329900,-0.006685928069119567,53.29946226040877,56.64367613937793,61.98184442630007,-5.338168286922141,3.402494163261293,-0.4206202194213646,228.13457753057742
2024-04-29,22475.55078125,22655.80078125,22441.900390625,22643.400390625,292000,0.009917283345523465,59.07375026560105,73.67991146709392,64.32145783445884,9.358453632635076,3.317225823458878,0.5760988925666266,228.68579074267902
2024-04-30,22679.650390625,22783.349609375,22568.400390625,22604.849609375,361900,-0.0017039682453004383,57.74714323385481,83.11245618006433,68.07965750357994,15.03279867648439,3.3540473535792086,-0.27111248751200545,227.70460702891623
2024-05-02,22567.849609375,22710.5,22567.849609375,22648.19921875,445900,0.0019158763335262374,58.8657765338489,93.01356453860353,73.06643891058465,19.94712562801888,3.445657668958726,0.024066064192732776,221.62930585720792
2024-05-03,22766.349609375,22794.69921875,22348.05078125,22475.849609375,438100,-0.0076389620148829334,52.872413314785675,85.96217273787624,75.64558567604297,10.316587061833275,3.446652068023579,-1.221559310231996,237.7021009745502
2024-05-06,22561.599609375,22588.80078125,22409.44921875,22442.69921875,320300,-0.0014760226012829026,51.78037976198375,76.81347651664692,75.87916384416377,0.934312672483145,3.446018822893493,-0.3406004180596713,233.5342053692252
2024-05-07,22489.75,22499.05078125,22232.05078125,22302.5,297800,-0.0062665796554610105,47.32823962081322,57.5863440610774,72.2205998875465,-14.6342558264691,3.4869242908682008,0.13469525199236726,235.92461927142338
2024-05-08,22231.19921875,22368.650390625,22185.19921875,22302.5,277400,0.0,47.32823962081322,41.866096763285896,66.14969926269438,-24.283602499408488,3.517615426728573,0.6980328006190626,232.17651588596456
2024-05-09,22224.80078125,22307.75,21932.400390625,21957.5,331300,-0.015590012996666094,38.00292509084211,1.5511896580246685,53.22999734176044,-51.67880768373577,3.8409399555157937,-0.17434929796326099,242.40316542089568
2024-05-10,21990.94921875,22131.30078125,21950.30078125,22055.19921875,265800,0.004439599522660019,41.51714078537922,-22.258571275251597,38.13228361835803,-60.39085489360963,3.9282202987759107,-0.41450662053551274,238.01722503368885
2024-05-13,22027.94921875,22131.650390625,21821.05078125,22104.05078125,278200,0.002212518664983643,43.24934907727647,-36.76229270416661,23.153368353853104,-59.915661058019715,3.7248173205110686,-1.0402285297165492,243.20168105806823
2024-05-14,22112.900390625,22270.05078125,22081.25,22217.849609375,230200,0.005135117275633606,47.17452344345192,-38.628694512241054,10.796955780634274,-49.42565029287533,3.6745564921816856,-0.6712732055838698,239.31590250034907
2024-05-15,22255.599609375,22297.55078125,22151.75,22200.55078125,231900,-0.0007789037357247285,46.64635867088525,-41.030725585380424,0.4314195074313343,-41.46214509281176,3.7009767736682937,-0.9010177742357931,232.63625098246698
2024-05-16,22319.19921875,22432.25,22054.55078125,22403.849609375,368900,0.00911570311987133,53.26818028687065,-26.22750181122683,-4.9003647563002986,-21.32713705492653,3.645544287827155,-0.7376934911581575,242.99789153729077
2024-05-17,22415.25,22502.150390625,22345.650390625,22466.099609375,242700,0.0027746873362616406,55.10554462824038,-9.36483359146223,-5.793258523332685,-3.571575068129544,3.4051025094808605,0.20584520586872704,236.81947071319857
2024-05-21,22404.55078125,22591.099609375,22404.55078125,22529.05078125,347600,0.002798133238882937,56.94892817219034,8.975126258399541,-2.8395815669862405,11.814707825385781,3.3570507307546467,-0.5050019316990214,233.22871052832724
2024-05-22,22576.599609375,22629.5,22483.150390625,22597.80078125,290300,0.0030469687473969323,58.9321815340046,28.726090513890085,3.473552849189025,25.25253766470106,3.462820154656146,-0.031182813629853177,227.0230604459467
2024-05-23,22614.099609375,22993.599609375,22577.44921875,22967.650390625,369800,0.01623413013834582,67.58373899272354,73.37680239624024,17.45420275859927,55.92259963764097,4.130526117500686,1.4104925905567478,240.5321554587362
2024-05-24,22930.75,23026.400390625,22908.0,22957.099609375,261900,-0.00045948127907615604,67.14915139392181,106.681693231174,35.29970085311422,71.38199237805978,4.629123153242499,2.1411871335856585,231.80845797061218
2024-05-27,23038.94921875,23110.80078125,22871.19921875,22932.44921875,260000,-0.0010743358183047916,66.08002468025335,129.5931099524896,54.158382672989305,75.43472727950031,4.98274686933444,2.1822241399146542,232.36510829413987
2024-05-28,22977.150390625,22998.55078125,22858.5,22888.150390625,217900,-0.00193357757447097,64.10473022499738,142.5329959098999,71.83330532037142,70.69969058952849,5.239886627785328,2.6259405475843516,225.771227790987
2024-05-29,22762.75,22825.5,22685.44921875,22704.69921875,269900,-0.0080474093408375,56.563980175413015,136.4124940356778,84.74914306343271,51.6633509722451,5.2737904849551756,1.8033817677390425,224.12336665413082
2024-05-30,22617.44921875,22705.75,22417.0,22488.650390625,373400,-0.00956116224385675,49.22072554265213,112.82800634606974,90.36491571996012,22.46309062610962,5.253589138916492,2.418993012068769,228.73955475026432
2024-05-31,22568.099609375,22653.75,22465.099609375,22530.69921875,572100,0.0018680341105537352,50.565849679088984,96.41866460098026,91.57566549616416,4.842999104816101,5.215772116822527,2.1559542277711943,225.87604302703113
2024-06-03,23337.900390625,23338.69921875,23062.30078125,23263.900390625,569400,0.03202403067452011,66.9872834805364,140.95253689213496,101.45103977535834,39.50149711677662,6.034019254843019,5.24722649641601,267.45632566795746
2024-06-04,23179.5,23179.5,21281.44921875,21884.5,1006100,-0.06112419596275757,40.039445335178996,64.19981266136529,94.00079435255974,-29.80098169119445,6.516971097654019,-1.5003684660568612,389.955957539889
2024-06-05,22128.349609375,22670.400390625,21791.94921875,22620.349609375,638500,0.03307130264902321,51.29545498925121,62.0345438533659,87.60754425272097,-25.573000399355067,6.485900465106856,1.8909387981470758,424.84847284953986
2024-06-06,22798.599609375,22910.150390625,22642.599609375,22821.400390625,480400,0.008848783029735371,53.844867997237984,75.66940076899846,85.21991555597647,-9.550514786978013,6.535427683544924,1.8637456889340744,415.2022091638584
2024-06-07,22821.849609375,23320.19921875,22789.05078125,23290.150390625,473600,0.02033183181806326,59.20633492940276,122.88281401322092,92.75249524742537,30.13031876579555,6.708570211899523,3.6679743951020645,423.48408261643993
2024-06-10,23319.150390625,23411.900390625,23227.150390625,23259.19921875,304400,-0.0013298220789751808,58.72129248930627,156.00396664458458,105.40278952685722,50.60117711772736,6.776827860806319,3.2409196667427835,406.4316481438371
2024-06-11,23283.75,23389.44921875,23206.650390625,23264.849609375,305200,0.00024290193115634738,58.78767058426086,180.62650808204125,120.44753323789404,60.17897484414722,6.7569089402186675,2.951830731592555,390.45787528534873
2024-06-12,23344.44921875,23441.94921875,23295.94921875,23322.94921875,295600,0.002494199810096445,59.5086785568729,202.49397795518598,136.85682218135244,65.63715577383354,6.811789993231594,1.546953310774997,375.2179991488952
2024-06-13,23480.94921875,23481.05078125,23353.900390625,23398.900390625,268300,0.0032512085635553246,60.48199457553198,223.37777030787038,154.16101180665603,69.21675850121434,6.794086476843721,1.924462535631381,359.7096822454027
2024-06-14,23464.94921875,23490.400390625,23334.25,23465.599609375,223100,0.0028464728647632507,61.36040095886717,242.51483566615207,171.83177657855526,70.6830590875968,6.963797144989947,2.3248733074227688,345.1697328439454
2024-06-18,23570.80078125,23579.05078125,23499.69921875,23557.900390625,272200,0.0039257349959185015,62.599337535651166,262.1075863951046,189.88693854186513,72.22064785323946,7.186831840313467,2.9261866449214264,328.61840706044933
2024-06-19,23629.849609375,23664.0,23412.900390625,23516.0,328800,-0.0017801967265448713,61.63322277138663,271.1285697779567,206.13526478908346,64.99330498887326,7.296487492899692,3.57327253461262,323.08135008291725
2024-06-20,23586.150390625,23624.0,23442.599609375,23567.0,280300,0.0021663878659495613,62.39399211254969,279.1748835989638,220.74318855105955,58.43169504790424,7.423293571338496,4.795083700641009,312.96128155020887
2024-06-21,23661.150390625,23667.099609375,23398.19921875,23501.099609375,609900,-0.0028002164622532473,60.71857949882301,277.040484251047,232.00264769105706,45.037836559989955,7.6132652489836445,4.30701409309763,309.81407505555114
2024-06-24,23382.30078125,23558.099609375,23350.0,23537.849609375,239400,0.0015625352218749532,61.341987775778314,275.1427014656292,240.6306584459715,34.51204301965771,7.797390893730732,1.1775721789988294,302.54875607836897
2024-06-25,23577.099609375,23754.150390625,23562.05078125,23721.30078125,298100,0.007763664467508334,64.38088707726348,285.1545867666209,249.5354441101014,35.61914265651953,8.10529895605454,8.393158542575796,296.38818644777115
2024-06-26,23723.099609375,23889.900390625,23670.44921875,23868.80078125,287800,0.006198787876631016,66.65084515126776,301.515413292851,259.93143794665133,41.58397534619968,8.482398739707703,5.519150647245433,290.8926854068589
2024-06-27,23881.55078125,24087.44921875,23805.400390625,24044.5,515200,0.007334080659762657,69.17115793796049,324.91354368185785,272.92785909369263,51.98568458816521,8.82927237226843,5.359441526110062,290.26098131529756
2024-06-28,24085.900390625,24174.0,23985.80078125,24010.599609375,354800,-0.0014108969297394127,68.10174021874128,336.83838910849227,285.7099650966526,51.128424011839684,8.711746230128071,3.093364390811332,282.9708554177763
2024-07-01,23992.94921875,24164.0,23992.69921875,24141.94921875,0,0.00545557559691747,70.03481250962531,352.820634118154,299.1320989009529,53.68853521720109,8.610072249271138,3.7952725358162223,274.9944215486494
2024-07-02,24228.75,24236.349609375,24056.400390625,24123.849609375,0,-0.0007499973340487516,69.41060066182187,359.8777445987362,311.2812280405095,48.596516558226654,8.978063715643003,3.6922654322848065,268.20547849160306
2024-07-03,24291.75,24309.150390625,24207.099609375,24286.5,0,0.006719678910168409,71.83960026788003,374.2806088188663,323.8811041961809,50.39950462268541,7.119514544017516,4.131341933700964,262.2837144029171
2024-07-04,24369.94921875,24401.0,24281.0,24302.150390625,251200,0.0006441994597673961,72.06942204166054,382.5480622740215,335.61449581174907,46.93356646227244,6.57751471108885,3.860224134130235,252.12059194556588
2024-07-05,24213.349609375,24363.0,24168.849609375,24323.849609375,298400,0.0008924945580705119,72.40568235690307,386.3968815790722,345.7709729652137,40.62590861385854,6.17058693011886,3.657481650957307,247.97986327981116
2024-07-08,24329.44921875,24344.599609375,24240.55078125,24320.55078125,266300,-0.0001356303337513403,72.26324843009085,384.74580065334885,353.5659385028407,31.179862150508143,6.284584872564812,3.237344491568107,237.6990750544675
2024-07-09,24351.0,24443.599609375,24331.900390625,24433.19921875,250500,0.00462112711188291,74.13441829211854,388.05385134512835,360.46352107129826,27.59033027383009,6.373919399307794,3.900319862008845,229.50977170236268
2024-07-10,24459.849609375,24461.05078125,24141.80078125,24324.44921875,292300,-0.004460845993233708,69.27564148223871,377.5481491652354,363.8804466900857,13.667702475149667,6.2005746377591455,3.2140247751092628,235.91978800933677
2024-07-11,24396.55078125,24402.650390625,24193.75,24315.94921875,306400,-0.0003495037195243165,68.89556353995661,364.3365802303888,363.9716733981463,0.3649068322424682,5.973807668419518,3.4672829055621817,233.9898310533127
2024-07-12,24387.94921875,24592.19921875,24331.150390625,24502.150390625,325800,0.007628403248955412,72.46009691490242,364.6873068243949,364.11480008339606,0.5725067409988469,5.92095878787634,4.096809170137293,237.00841454950464
2024-07-15,24587.599609375,24635.05078125,24522.75,24586.69921875,305400,0.0034447298074261035,73.92150892818088,367.5507477746869,364.80198962165423,2.748758153032668,5.91990112190037,3.6481913259328334,229.57212712632574
2024-07-16,24615.900390625,24661.25,24587.650390625,24613.0,283200,0.0010691440871768358,74.37700629979811,367.70363992634157,365.38231968259174,2.321320243749824,5.930891814640566,3.1178743564469373,218.49917384944533
2024-07-18,24543.80078125,24837.75,24504.44921875,24800.849609375,350900,0.007603152387120198,77.41169033295219,378.6182263779119,368.0295010216558,10.588725356256134,5.986790829648921,3.145624194202416,226.69928866377066
2024-07-19,24853.80078125,24854.80078125,24508.150390625,24530.900390625,343800,-0.010944347737899481,65.42069519905013,361.3203923142937,366.6876792801834,-5.367286965889662,5.654935188986511,2.1669628818717515,235.26722451814416
2024-07-22,24445.75,24595.19921875,24362.30078125,24509.25,324200,-0.0008829659721330775,64.55700028310045,341.92325022240766,361.73479346862825,-19.811543246220594,5.0418384169290675,1.5214213977582782,235.09802544541958
2024-07-23,24568.900390625,24582.55078125,24074.19921875,24479.05078125,436400,-0.0012329157000276177,63.301621745163004,320.42044338149935,353.4719234512025,-33.05148006970313,4.264751742622389,1.4724066748325355,254.6161352350325
2024-07-24,24444.94921875,24504.25,24307.25,24413.5,366600,-0.00268142363114976,60.54925071444525,294.6928777696012,341.71611431488225,-47.023236545281065,3.6391445212180775,0.5229242583328186,250.50069700395875
2024-07-25,24230.94921875,24426.150390625,24210.80078125,24406.099609375,391800,-0.0003031729363163769,60.2308510532172,270.5872852002285,327.4903484919515,-56.903063291723015,3.1612283809647015,0.4277367108636621,247.98990503046167
2024-07-26,24423.349609375,24861.150390625,24410.900390625,24834.849609375,383800,0.01741480789992859,70.05546628338057,282.819800592315,318.55623891202424,-35.73643831970924,3.3086086141652267,2.1008187774810456,262.7799676175716
2024-07-29,24943.30078125,24999.75,24774.599609375,24836.099609375,355000,5.0331230625744864e-05,70.0786744399841,289.2803776021574,312.7010666500509,-23.420689047893518,3.2685487506735216,2.11980737098464,260.09214068953077
2024-07-30,24839.400390625,24971.75,24798.650390625,24857.30078125,385000,0.0008532792280141148,70.49634460652426,292.7367023309271,308.70819378622616,-15.971491455299088,3.343195933115153,1.735759442318733,253.87838845277858
2024-07-31,24886.69921875,24984.599609375,24856.5,24951.150390625,333600,0.0037684255675633532,72.33714584905253,299.59519678559445,306.8855943860998,-7.290397600505344,3.4247476237764127,2.5764249222626603,244.89418994722297
2024-08-01,25030.94921875,25078.30078125,24956.400390625,25010.900390625,431300,0.002391816490734086,73.47196405107181,306.320852591547,306.77264602718924,-0.4517934356422302,3.6877552390244026,2.8580055239592452,236.4839185670642
2024-08-02,24789.0,24851.900390625,24686.849609375,24717.69921875,345000,-0.011792190883304469,60.38173193817871,284.7101378444604,302.3601443906435,-17.65000654618308,3.581630894274676,0.8797139217930569,242.73869447298816
2024-08-05,24302.849609375,24350.05078125,23893.69921875,24055.599609375,487000,-0.02715175314145156,42.12837581054807,211.7170433449537,284.2315241815055,-72.5144808365518,3.9531700612366896,-2.1601094341691036,284.257359153489
2024-08-06,24189.849609375,24382.599609375,23960.400390625,23992.55078125,312300,-0.0026244033870099497,40.861625071268385,147.08645545821855,256.80251043684814,-109.71605497862959,4.3838154648469105,-2.5208191555275667,294.1103491246684
2024-08-07,24289.400390625,24337.69921875,24184.900390625,24297.5,317600,0.012630066341245293,48.86972954025145,119.10018945911361,229.26204624130125,-110.16185678218764,4.4623059945025645,-2.0295659919034716,297.75592686576357
2024-08-08,24248.55078125,24340.5,24079.69921875,24117.0,311900,-0.007456478381555143,44.98663291637916,81.41750026369846,199.6931370457807,-118.27563678208224,4.660994686988329,-1.6872613073068476,295.11627360749475
2024-08-09,24386.849609375,24419.75,24311.19921875,24367.5,215100,0.010333291215294636,50.826279177837606,70.9490970449151,173.9443290456076,-102.99523200069248,4.630890075086624,-0.5783530707793997,295.661539778388
2024-08-12,24320.05078125,24472.80078125,24212.099609375,24347.0,279900,-0.0008416385761983504,50.355200489256326,60.30349227755141,151.21616169199635,-90.91266941444493,4.683489942900577,-0.5394440431127573,293.16437064243166
2024-08-13,24342.349609375,24359.94921875,24116.5,24139.0,239700,-0.00857984886239657,45.72448479767432,34.683106864056754,127.90955072640843,-93.22644386235167,4.889622656321608,-1.1243779056669465,289.61328836440083
2024-08-14,24184.400390625,24196.5,24099.69921875,24143.75,303300,0.0001967576418212346,45.84695814928381,14.593823627114034,105.24640530654955,-90.65258167943551,5.050062899599187,-1.0749346006693543,275.8409664276579
2024-08-16,24334.849609375,24563.900390625,24204.5,24541.150390625,271600,0.016325768935141063,54.996569238542264,30.38950098560599,90.27502444236085,-59.885523456754854,4.922653467743176,-1.1826092099189938,286.1487824417538
2024-08-19,24636.349609375,24638.80078125,24522.94921875,24572.650390625,243600,0.0012827353541420893,55.63641218539075,44.93153309285481,81.20632617245964,-36.274793079604834,4.930531225264687,-1.060751176285968,273.9846953030571
2024-08-20,24648.900390625,24734.30078125,24607.19921875,24698.849609375,238300,0.0051226163083365125,58.20048193339192,65.87999697354462,78.14106033267664,-12.261063359132024,4.9897366673537835,-0.6374431933274131,265.9608163974816
2024-08-21,24680.55078125,24787.94921875,24654.5,24770.19921875,257100,0.0028846181820890576,59.62141583695165,87.23354865957299,79.95955799805591,7.273990661517075,5.085664362955734,-0.7252217594864465,256.49570227980433
2024-08-22,24863.400390625,24867.349609375,24784.44921875,24811.5,220300,0.0016659691560852782,60.459327062730864,106.26407399866002,85.22046119817674,21.043612800483288,5.183690310277483,-0.7972539473218748,245.11389430446116
2024-08-23,24845.400390625,24858.400390625,24771.650390625,24823.150390625,206800,0.0004694458708691634,60.70702859764776,120.89241904069422,92.35485276668024,28.537566274013983,5.264958952318568,0.42662211778598047,233.80218756842822
2024-08-26,24906.099609375,25043.80078125,24874.69921875,25010.599609375,210300,0.007523018148105455,64.55448544768083,145.928895779718,103.0696613692878,42.859234410430204,5.426302385425387,3.9699696349610645,232.8627735010405
2024-08-27,25024.80078125,25073.099609375,24973.650390625,25017.75,223300,0.0002858535502177548,64.69649173316535,164.45176318032463,115.34608173149516,49.10568144882947,5.585894977515298,4.272989679576653,223.3332338759662
2024-08-28,25030.80078125,25129.599609375,24964.650390625,25052.349609375,220400,0.0013820469762269526,65.41845774282692,179.84996986107944,128.246859357412,51.60311050366744,5.760377574860463,3.1066966123057926,219.16294708125432
2024-08-29,25035.30078125,25192.900390625,24998.5,25151.94921875,354000,0.003967777356455909,67.48012635182738,197.8097875826279,142.1594450024552,55.65034258017272,5.973139488395639,4.29136799249492,217.3941930486647
2024-08-30,25249.69921875,25268.349609375,25199.400390625,25235.900390625,638200,0.003332202116407902,69.14963480000034,216.32358682933773,156.9922733678317,59.33131346150603,6.231787281936383,3.5637648122499233,210.18035001840295
2024-09-02,25333.599609375,25333.650390625,25235.5,25278.69921875,222800,0.0016945136137639853,69.99533863399836,231.77762566987076,171.94934382823953,59.828281841631224,6.67353737824157,3.8267516275105766,202.1782100617313
2024-09-03,25313.400390625,25321.69921875,25235.80078125,25279.849609375,212100,4.550726442364936e-05,70.01912895904113,241.33591944755608,185.82665895210286,55.50926049545322,6.695240644225624,4.726167651414722,193.87251202160763
2024-09-04,25089.94921875,25216.0,25083.80078125,25198.69921875,253800,-0.003215245383183467,66.04120394414667,239.6008088309536,196.581488927873,43.0193199030806,6.396925881116329,4.369450556562257,194.02796317184993
2024-09-05,25250.5,25275.44921875,25127.75,25145.099609375,222200,-0.0021293438665674616,63.476095180334895,231.23514581844938,203.5122203059883,27.722925512461075,6.311849710222537,2.46096539541486,190.7187671417178
2024-09-06,25093.69921875,25168.75,24801.30078125,24852.150390625,311700,-0.011718747382249265,51.664723969895945,198.67652463123522,202.5450811710377,-3.8685565398024835,5.799376451252213,1.1374434403976028,203.34237082802366
2024-09-09,24823.400390625,24957.5,24753.150390625,24936.400390625,254400,0.003384315433638339,54.2985228137887,177.62431116966764,197.5609271707637,-19.93661600109607,5.5534945176057455,0.961788848496945,203.41431643852198
2024-09-10,24999.400390625,25130.5,24896.80078125,25041.099609375,251300,0.0041898603137641086,57.40478046242543,167.45827748987358,191.54039723458567,-24.082119744712088,5.257509745929403,1.0936544685516287,205.5775237464847
2024-09-11,25034.0,25113.69921875,24885.150390625,24918.44921875,279200,-0.004909997784499106,52.87124561854763,147.80100310410853,182.79251840849025,-34.99151530438172,4.473313648550432,0.4310469691473712,207.21833120209294
2024-09-12,25059.650390625,25433.349609375,24941.44921875,25388.900390625,380100,0.018703624424743968,64.46402227465416,168.24453114968492,179.88292095672918,-11.638389807044263,3.7263463611635754,2.2791224767895204,229.195621160872
2024-09-13,25430.44921875,25430.5,25292.44921875,25356.5,250800,-0.0012769785942554214,63.30900789755462,179.75957716232006,179.85825219784735,-0.09867503552729318,3.5547171831356827,1.3830151856708879,222.68527545295257
2024-09-16,25406.650390625,25445.69921875,25336.19921875,25383.75,168700,0.0010740980826790941,63.89492899662657,188.90658384273775,181.66791852682545,7.2386653159123,3.3418235287837357,1.46296129747879,214.60061292059882
2024-09-17,25416.900390625,25441.650390625,25352.25,25418.55078125,216000,0.0013700476615561017,64.67085442901686,196.6963911838866,184.6736130582377,12.022778125648898,3.262596762723534,1.461743818783215,205.65773989948462
2024-09-18,25402.400390625,25482.19921875,25285.55078125,25377.55078125,215700,-0.0016142974615182065,62.95430326835257,197.28730700747474,187.1963518480851,10.090955159389637,3.1509286305736586,0.8969545880437012,205.01421829952145
2024-09-19,25487.05078125,25611.94921875,25376.05078125,25415.80078125,314500,0.0015061029073179838,63.91655437863781,198.55326889766366,189.4677352580008,9.085533639662856,3.0600608250975547,0.7128748641432743,207.22023395669848
2024-09-20,25525.94921875,25849.25,25426.599609375,25790.94921875,533100,0.014652566289984728,71.68485227385051,227.2087751489853,197.0159432361977,30.192831912787597,3.4956303290698196,2.02640964856312,223.37944715622
2024-09-23,25872.55078125,25956.0,25847.349609375,25939.05078125,209200,0.005725960454112572,74.05919045616173,258.88476622738017,209.3897078344342,49.495058392945964,4.2119825492533565,2.6076150849826893,219.21311387720428
2024-09-24,25921.44921875,26011.55078125,25886.849609375,25940.400390625,384100,5.20286681844374e-05,74.0805200780734,280.8595455554387,223.68367537863512,57.175870176803556,4.713660290591931,2.943410552411017,212.46226087704684
2024-09-25,25899.44921875,26032.80078125,25871.349609375,26004.150390625,278500,0.0024545416621303915,75.12112794502323,299.9610445098406,238.93914920487623,61.021895304964346,5.182512178179403,3.416374540547514,208.81861166261493
2024-09-26,26005.400390625,26250.900390625,25998.400390625,26216.05078125,370900,0.008115692736807522,78.24728342893862,328.41198175178215,256.83371571425744,71.57826603752471,5.897741074240973,5.488057850879196,211.938710829571
2024-09-27,26248.25,26277.349609375,26151.400390625,26178.94921875,490300,-0.0014162255444679923,76.43625847606607,344.00034660797974,274.26704189300193,69.7333047149778,6.413118484957502,4.982871660146042,205.7966042524588
2024-09-30,26061.30078125,26134.69921875,25794.099609375,25810.849609375,343100,-0.014160691857076434,61.28168539419097,322.9291497034901,283.9994634550996,38.92968624839051,6.4861920315465875,3.0739464800172653,218.58610461835457
2024-10-01,25788.44921875,25907.599609375,25739.19921875,25796.900390625,247400,-0.0005405862138807384,60.78982214936678,301.6275147389606,287.5250737118718,14.102441027088787,6.524395693869634,3.525304340424224,215.0014107616864
2024-10-03,25452.849609375,25639.44921875,25230.30078125,25250.099609375,423400,-0.02142424417261006,45.405296493217,237.88141345918848,277.59634166133515,-39.714928202146666,6.496323884861181,-0.5466986719174848,240.11556780549452
2024-10-04,25181.900390625,25485.05078125,24966.80078125,25014.599609375,374900,-0.009370461848646757,40.63544629347914,166.44066273048156,255.36520587516443,-88.92454314468287,6.602141134238558,-1.348373752785282,259.9823129622449
2024-10-07,25084.099609375,25143.0,24694.349609375,24795.75,374300,-0.008787371273170997,36.76974421792768,91.11371639482604,222.51490797909676,-131.40119158427072,6.673561110501863,-2.3164426059979317,273.4586042238703
2024-10-08,24832.19921875,25044.0,24756.80078125,25013.150390625,333200,0.008729434677965052,42.61032871658382,48.40102645071238,187.6921316734199,-139.29110522270753,6.597733528022352,-1.594899701850995,274.4400766900224
2024-10-09,25065.80078125,25234.05078125,24947.69921875,24981.94921875,290600,-0.0012481693673798233,42.01055822574891,11.896107211581693,152.53292678105228,-140.6368195694706,6.652274387615731,-1.5588642336292242,275.2908971050208
2024-10-10,25067.05078125,25134.05078125,24979.400390625,24998.44921875,261400,0.0006602588660852999,42.47171580701663,-15.523941847128299,118.92155305541617,-134.44549490254445,6.570385457734698,-1.6420948766953385,266.6737180707336
2024-10-11,24985.30078125,25028.650390625,24920.05078125,24964.25,210500,-0.0013689902517646816,41.73095889447099,-39.55811805441408,87.22561883345013,-126.78373688786421,6.822962509715848,-3.205385004399103,255.38271030675264
2024-10-14,25023.44921875,25159.75,25017.5,25127.94921875,206400,0.006535939888908111,46.537577318167706,-44.8788811877057,60.80471882921897,-105.68360001692467,6.922143117465991,-3.126951596418106,251.1053738562703
2024-10-15,25186.30078125,25212.05078125,25008.150390625,25057.349609375,257200,-0.0028135592532655376,44.820389584999,-54.16800768173562,37.810173527028056,-91.97818120876367,7.066119972559839,-3.4041524724080174,247.73358933975098
2024-10-16,25008.55078125,25093.400390625,24908.44921875,24971.30078125,226800,-0.003439985380697183,42.749884516690734,-67.6928080880898,16.709577204004486,-84.4023852920943,7.264128314521498,-3.971864467248129,243.24913094941164
2024-10-17,25027.400390625,25029.5,24728.900390625,24749.849609375,252800,-0.008907784090014885,37.89776019205563,-95.18335421884694,-5.6690090805658,-89.51434513828114,7.641399043656036,-5.592761412117964,247.34559369409652
2024-10-18,24664.94921875,24886.19921875,24567.650390625,24854.05078125,290900,0.004201335956550517,41.27527505845561,-107.32447660227263,-26.000102584907168,-81.32437401736546,7.876386654084548,-5.060930545489868,252.43153901058963
2024-10-21,24956.150390625,24978.30078125,24679.599609375,24781.099609375,242000,-0.002939498473548445,39.64945822556704,-121.43314771775113,-45.08671161147596,-76.34643610627516,7.989719015540531,-3.9896013327123296,255.73651278661893
2024-10-22,24798.650390625,24882.0,24445.80078125,24472.099609375,279500,-0.012547572909439223,33.610435434313345,-155.75266898808331,-67.21990308679743,-88.53276590128588,8.194793262804502,-5.135503727926373,268.6267060697176
2024-10-23,24378.150390625,24604.25,24378.099609375,24435.5,284600,-0.0014966842167451323,32.96989054462341,-183.78585057181408,-90.53309258380077,-93.25275798801331,8.273173284256712,-3.2261243400107253,265.59268353795204
2024-10-24,24412.69921875,24480.650390625,24341.19921875,24399.400390625,216700,-0.0014784351216731097,32.315706684603256,-206.53448474770994,-113.73337101658261,-92.80111373112733,8.130426105620003,-2.459360646809773,256.5825755620269
2024-10-25,24418.05078125,24440.25,24073.900390625,24180.80078125,372600,-0.00899959570008371,28.61331729331839,-239.4419648670264,-138.87508978667137,-100.56687508035503,7.649764929698957,-2.4800589566760434,264.42307797723925
2024-10-28,24251.099609375,24492.599609375,24134.900390625,24339.150390625,278600,0.006527218917237164,34.47011395368288,-249.86361760447107,-161.07279535023133,-88.79082225423974,6.638948103125871,-2.6945826074456303,271.0856594610079
2024-10-29,24328.849609375,24484.5,24140.849609375,24466.849609375,332000,0.0052329430871703615,38.82870897917928,-244.9944492494251,-177.8571261300701,-67.13732311935499,5.899502002169004,-2.06188718448117,276.2688545441502
2024-10-30,24371.44921875,24498.19921875,24307.30078125,24340.849609375,285200,-0.00516313130612327,36.265589585652684,-248.43889627325552,-191.9734801587072,-56.46541611454833,4.9642859418096235,-2.630561614525151,270.1709676124252
2024-10-31,24349.849609375,24372.44921875,24172.599609375,24205.349609375,287000,-0.00558232586918934,33.6900348744671,-259.11544141986815,-205.4018724109394,-53.713569008928744,4.990942227310493,-3.0399486891254495,265.1480134526091
2024-11-01,24302.75,24368.25,24280.19921875,24304.349609375,38800,0.004081663627652918,37.19933768460607,-256.62993757268487,-215.64748544328853,-40.982452129396336,5.054317675236451,-3.277623662023503,257.8446118220656
2024-11-04,24315.75,24316.75,23816.150390625,23995.349609375,285500,-0.012795285302364113,31.581350870126727,-276.40762045511656,-227.79951244565416,-48.6081080094624,5.571480581835904,-4.238277457735041,275.18425450441805
2024-11-05,23916.5,24229.05078125,23842.75,24213.30078125,289500,0.009042055940529129,38.62245015274745,-271.3665933848897,-236.51292863350128,-34.853664751388436,5.5781385302833115,-3.035484641509558,283.1211492719596
2024-11-06,24308.75,24537.599609375,24204.05078125,24484.05078125,351100,0.011119815807918394,46.050086997286385,-242.72628336251728,-237.7555995793045,-4.970683783212792,5.399334483551277,-1.0739411847751916,286.72312633289107
2024-11-07,24489.599609375,24503.349609375,24179.05078125,24199.349609375,322200,-0.011696159889418445,40.49997954974226,-240.23238713145474,-238.25095708973456,-1.9814300417201878,5.305350633650505,-2.634182965333399,289.4071050323274
2024-11-08,24207.69921875,24276.150390625,24066.650390625,24148.19921875,298700,-0.0021159463488489003,39.57707037707884,-239.62116184779006,-238.52499804134567,-1.0961638064443946,5.21175532662924,-2.553964112171866,283.69945467287545
2024-11-11,24087.25,24336.80078125,24004.599609375,24141.30078125,273400,-0.00028571169910344984,39.44651365227036,-236.96185885519662,-238.21237020411587,1.2505113489192468,4.764381198184328,-1.3517386468886163,287.16386304445575
2024-11-12,24225.80078125,24242.0,23839.150390625,23883.44921875,255800,-0.010738381367723213,34.82249849811603,-252.74729472874242,-241.11935510904118,-11.627939619701237,4.5634403566163275,-2.259216227415031,295.4271306394946
2024-11-13,23822.44921875,23873.599609375,23509.599609375,23559.05078125,304600,-0.013675649189030194,30.049971847465017,-288.11242845042943,-250.51796977731883,-37.59445867311061,4.890953932734958,-3.444140412966411,301.0287362634593
2024-11-14,23542.150390625,23675.900390625,23484.150390625,23532.69921875,257700,-0.0011191584619590343,29.693956432992735,-314.6389407286624,-263.34216396758757,-51.29677676107485,5.342803987757205,-2.6802320087039613,293.22311224464073
2024-11-18,23605.30078125,23606.80078125,23350.400390625,23453.80078125,263300,-0.003358348106569627,28.601363990806874,-338.13008421470295,-278.29974801701064,-59.830336197692304,5.5614408315135835,-3.637553469064477,290.59291784323784
2024-11-19,23529.55078125,23780.650390625,23464.80078125,23518.5,297500,0.002754783503889256,30.848388190509183,-347.5203007298114,-292.14385855957084,-55.37644217024058,5.561761681111161,-3.8760593395384237,293.18268152407796
2024-11-21,23488.44921875,23507.30078125,23263.150390625,23349.900390625,420300,-0.007194627306794726,28.344955998670727,-364.36650415213444,-306.58838767808356,-57.778116474050876,6.04109040377724,-4.071136524208797,290.48031922771526
2024-11-22,23411.80078125,23956.099609375,23359.0,23907.25,367600,0.02358904203763299,44.40638237375886,-328.9518342433912,-311.0610769911451,-17.89075725224609,5.892029249555017,-1.2315443246460804,313.03166919359273
2024-11-25,24253.55078125,24351.55078125,24135.44921875,24221.900390625,687200,0.013075438521712217,51.07388686618156,-272.35624307706894,-303.3201102083299,30.96386713126094,5.774450297019928,-0.33923647443828975,322.408034340479
2024-11-26,24343.30078125,24343.30078125,24125.400390625,24194.5,230700,-0.0011318641340202825,50.50582839263813,-227.0969792436008,-288.07548401538406,60.978504771783264,5.779710749521326,0.8299541113882826,314.94320264651617
2024-11-27,24204.80078125,24354.55078125,24145.650390625,24274.900390625,295000,0.0033175761911502914,52.186305208321976,-182.63573591403474,-266.9875343951142,84.35179848107947,5.736286371404685,0.25440401509694516,307.36871607355073
2024-11-28,24274.150390625,24345.75,23873.349609375,23914.150390625,366700,-0.0149725605075969,44.83115920080905,-174.49788731208173,-248.4896049785077,73.99171766642598,5.49047058107249,-2.327639309837702,319.15669282722564
2024-11-29,23927.150390625,24188.44921875,23927.150390625,24131.099609375,282100,0.009031098528695802,49.44570772896245,-148.82700970585574,-228.55708592397733,79.73007621812158,5.358918894466467,-0.28203237319055663,315.95255963420954
2024-12-02,24140.849609375,24301.69921875,24008.650390625,24276.05078125,220400,0.005988850983542634,52.315565158801796,-115.4554080162925,-205.93675034244035,90.48134232614785,5.405137331195294,0.5294455348071212,314.31657881212317
2024-12-03,24367.5,24481.349609375,24280.0,24457.150390625,339500,0.007432322879372628,55.6992784208516,-73.54714260547917,-179.45882879504813,105.91168618956897,5.55524700957224,1.3083371614354486,306.52959662018577
2024-12-04,24488.75,24573.19921875,24366.30078125,24467.44921875,348000,0.0004210081782723239,55.890968403048376,-39.05332851460844,-151.3777287389602,112.32440022435176,5.811221182820456,2.4452079540568348,299.41308525445817
2024-12-05,24539.150390625,24857.75,24295.55078125,24708.400390625,361500,0.009799651742121284,60.227094030509626,7.637967786096851,-119.57458943394879,127.21255722004564,6.294649922268706,4.878590483321746,318.18352336128254
2024-12-06,24729.44921875,24751.05078125,24620.5,24677.80078125,226700,-0.0012391968835286232,59.42811058882339,41.691430888800824,-87.32138536939887,129.01281625819968,6.515940339670104,4.866001778442928,304.7811846390481
2024-12-09,24633.900390625,24705.0,24580.05078125,24619.0,248100,-0.002385583169878571,57.84019463157006,63.20571793919589,-57.215964707679916,120.42168264687581,6.8127871603175,4.968061379976893,291.93604421840183
2024-12-10,24652.650390625,24677.80078125,24510.650390625,24610.05078125,261000,-0.00036357470666444975,57.587989327080116,78.62744996797846,-30.04728177254824,108.67473174052671,7.077397980949451,4.6412431968450365,283.0227832474446
2024-12-11,24620.5,24691.75,24583.849609375,24641.80078125,187300,0.0012892918089711122,58.282983244826504,92.34672776866864,-5.568479864304866,97.9152076329735,7.341424932356936,5.53278758800915,270.51404091726994
2024-12-12,24604.44921875,24675.25,24527.94921875,24548.69921875,266100,-0.003785351792322941,55.41537172670099,94.61616005959877,14.468448120475863,80.1477119391229,7.429579392499046,2.68307404134729,261.7130937981792
2024-12-13,24498.349609375,24792.30078125,24180.80078125,24768.30078125,310100,0.008905773422254015,60.36852653391514,112.83403182531765,34.14156486144422,78.69246696387343,7.366894954168683,2.2558114013072332,286.697872812595
2024-12-16,24753.400390625,24781.25,24601.75,24668.25,187600,-0.004047649614185296,57.248007273484234,117.84017636455246,50.881287162065874,66.95888920248659,7.046310140858957,1.9580896484738268,279.04088189740963
2024-12-17,24584.80078125,24624.099609375,24303.44921875,24336.0,264900,-0.01356025614827435,48.3162189663776,93.9151878825869,59.48806730617008,34.427120576416826,6.322777741971924,0.2516987027415229,285.16658899402324
2024-12-18,24297.94921875,24394.44921875,24149.849609375,24198.849609375,235300,-0.005651640286891943,45.18246625478441,63.159508333952544,60.222355511726576,2.9371528222259684,5.584169918749574,1.190505261945705,282.26894759266446
2024-12-19,23877.150390625,24004.900390625,23870.30078125,23951.69921875,271100,-0.01026582529903898,40.13117311099334,18.62771104987769,51.9034266193568,-33.27571556947911,4.422370992833036,-0.7434405954517814,285.57465334497414
2024-12-20,23960.69921875,24065.80078125,23537.349609375,23587.5,442700,-0.015322359236337606,34.08408056579313,-45.52708445531243,32.417324404422956,-77.94440885973539,4.995550576406052,-2.836337703584857,302.9229760971188
2024-12-23,23738.19921875,23869.55078125,23647.19921875,23753.44921875,189800,0.007010839504245724,38.622404742058166,-82.03387163794469,9.527085195949429,-91.56095683389411,5.440593391186715,-2.8772819426450646,301.43210503661027
2024-12-24,23769.099609375,23867.650390625,23685.150390625,23727.650390625,177700,-0.0010866989549987555,38.18227927328702,-111.75922256720514,-14.730176356681486,-97.02904621052366,5.855520228321674,-3.023604224170921,292.9369546768524
2024-12-26,23775.80078125,23854.5,23653.599609375,23750.19921875,177700,0.0009498673594489271,38.838311743422295,-131.97593888566553,-38.1793288624783,-93.79661002318723,6.204132321145496,-3.8780380628709823,286.3629143874344
2024-12-27,23801.400390625,23938.849609375,23800.599609375,23813.400390625,176800,0.002657545248501766,40.73669566867473,-141.2695583145396,-58.79737475289056,-82.47218356164905,6.297975915617372,-3.502744828387482,279.38344840440334
2024-12-30,23796.900390625,23915.349609375,23599.30078125,23644.900390625,364900,-0.007101000468431965,37.40339094958178,-160.38257002303362,-79.11441380691917,-81.26815621611445,6.695211995091277,-3.9566985229903735,282.0024040987317
2024-12-31,23560.599609375,23689.849609375,23460.44921875,23644.80078125,193600,-4.2127301519090045e-06,37.40144261936684,-173.53737629723037,-97.99900630498142,-75.53836999224895,7.059115416533388,-3.9221780100324226,278.24511742203657
2025-01-01,23637.650390625,23822.80078125,23562.80078125,23742.900390625,154900,0.004140304217561321,40.67872463539657,-174.0406046667922,-113.2073259773436,-60.833278689448605,7.221036759255854,-3.6478681026793107,276.94189474903396
2025-01-02,23783.0,24226.69921875,23751.55078125,24188.650390625,283200,0.018599976157659907,52.776741779587226,-136.89309863534436,-117.94448050894377,-18.94861812640059,7.149846774217089,-1.466671716153494,291.7173899901744
2025-01-03,24196.400390625,24196.44921875,23976.0,24004.75,312300,-0.007631803596810856,48.39191438339517,-120.89900856215536,-118.5353861195861,-2.363622442569266,6.892189748310276,-3.082774179761335,286.62680633016197
2025-01-06,24045.80078125,24089.94921875,23551.900390625,23616.05078125,278100,-0.016325128725884954,40.69574481122941,-137.99760491721463,-122.42782987911181,-15.569775038102819,6.844507988113022,-4.265398715960799,304.5855221726504
2025-01-07,23679.900390625,23795.19921875,23637.80078125,23707.900390625,262300,0.0038817437019732417,43.00252274397806,-142.49428444847217,-126.4411207929839,-16.053163655488277,6.679826267212646,-2.5809484277407955,295.6257304103183
2025-01-08,23746.650390625,23751.849609375,23496.150390625,23688.94921875,266400,-0.0007996806978147784,42.634037723689744,-145.9052318724098,-130.33394300886908,-15.571288863540701,6.444825350948894,-2.107126573601486,292.77383672029555
2025-01-09,23674.75,23689.5,23503.05078125,23526.5,269200,-0.006881216315863482,39.50878049728283,-159.87380092965395,-136.24191459302608,-23.631886336627872,6.182104177467145,-1.7752361319615404,285.1792211509887
2025-01-10,23551.900390625,23596.599609375,23344.349609375,23431.5,261000,-0.004046174437066828,37.76531607919731,-176.57426043684973,-144.30838376179082,-32.265876675058905,6.005140312885597,-0.6613672496025437,282.8271339259181
2025-01-13,23195.400390625,23340.94921875,23047.25,23085.94921875,316500,-0.014857097422370331,32.19936124944937,-215.21172823665256,-158.48905265676316,-56.7226755798894,5.695764160482978,-2.810118201583553,290.0716243597811
2025-01-14,23165.900390625,23264.94921875,23134.150390625,23176.05078125,311200,0.003895278043635164,34.893834032486,-235.84310425374133,-173.9598629761588,-61.88324127758253,5.102238047714179,-2.324712309453707,282.137936905511
2025-01-15,23250.44921875,23293.650390625,23146.44921875,23213.19921875,228000,0.0016015971562733668,36.02274203299743,-246.35620891951112,-188.4391321648293,-57.91707675468183,4.877606548666711,-2.2610336656715546,272.4995965461888
2025-01-16,23377.25,23391.650390625,23272.05078125,23311.80078125,299400,0.004238654922064901,39.04395367256444,-243.91984196055637,-199.53527412397472,-44.38456783658165,4.6062270372507905,-2.106375406901035,265.78185192681815
2025-01-17,23277.099609375,23292.099609375,23100.349609375,23203.19921875,272900,-0.004669537131428157,36.972969322240026,-247.89466665698637,-209.20715263057707,-38.6875140264093,4.688093244692593,-1.8680610388620233,261.90108906597396
2025-01-20,23290.400390625,23391.099609375,23170.650390625,23344.75,301500,0.006081952909099664,41.34037178592105,-236.89203489029023,-214.74412908251972,-22.147905807770513,4.778137644668423,-1.2689926382798544,258.9402411862615
2025-01-21,23421.650390625,23426.30078125,22976.849609375,23024.650390625,312900,-0.013806721311582606,35.371321822943074,-251.10712659142155,-222.0167285843001,-29.09039800712145,5.14885881299704,-3.025114826677218,272.54816480688567
2025-01-22,23099.150390625,23169.55078125,22981.30078125,23155.349609375,276000,0.0056604403518015324,39.22961608322069,-248.95653851862153,-227.4046905711644,-21.551847947457134,5.292372510595275,-4.271841399016148,266.52686732067957
2025-01-23,23128.30078125,23270.80078125,23090.650390625,23205.349609375,275600,0.0021570002277194853,40.688401451217075,-240.44588930467216,-230.01293031786597,-10.432958986806199,5.331778249952782,-3.3301758636311565,260.35711898527387
2025-01-24,23183.900390625,23347.30078125,23050.0,23092.19921875,264300,-0.00488797436469754,38.4396102625884,-240.06411963642677,-232.02316818157814,-8.040951454848624,5.370735218260197,-2.2182013722460012,262.99595200418287
2025-01-27,22940.150390625,23007.44921875,22786.900390625,22829.150390625,257400,-0.011456619090824587,33.76722285951797,-258.01319100447654,-237.22117274615783,-20.792018258318706,5.79165612800573,-3.7065703226401734,266.01758601281267
2025-01-28,22960.44921875,23137.94921875,22857.650390625,22957.25,361900,0.005595545512054291,37.736311781805085,-258.9167602343805,-241.56029024380237,-17.35646999057812,5.95680750398835,-3.088778704337185,269.0733890208261
2025-01-29,23026.75,23183.349609375,22976.5,23163.099609375,226300,0.008926687592645893,43.58671962728209,-240.25301503434457,-241.29883520191083,1.0458201675662622,5.831179070846231,-1.5446428097039508,266.0038333318385
2025-01-30,23169.5,23322.05078125,23139.19921875,23249.5,361900,0.003723148074350194,45.885082730260116,-216.00015769061793,-236.2390996996523,20.23894200903436,4.813722085496157,-0.7767321767705866,260.06438541527865
2025-01-31,23296.75,23546.80078125,23277.400390625,23508.400390625,304900,0.011074194280356322,52.17306770466727,-173.88406840917378,-223.7680934415566,49.88402503238282,4.041838195177571,1.8299060085079484,262.7241279749016
2025-02-01,23528.599609375,23632.44921875,23318.30078125,23482.150390625,281000,-0.001117246011978889,51.5194155316323,-140.99956463129638,-207.21438767950457,66.21482304820819,3.904627587163579,1.3207582787255634,266.39729294098004
2025-02-03,23319.349609375,23381.599609375,23222.0,23361.05078125,329700,-0.005170435671733403,48.50054117517337,-123.28888732377163,-190.429287608358,67.14040028458638,3.527414168991609,0.6369288485689463,265.95108563269577
2025-02-04,23509.900390625,23762.75,23423.150390625,23739.25,376700,0.016059657410686868,56.97900432335311,-77.83826073156888,-167.9110822330002,90.07282150143132,3.6232763657545566,1.833617328669878,275.6473808553604
2025-02-05,23801.75,23807.30078125,23680.44921875,23696.30078125,267000,-0.0018108456539069108,55.85442173344421,-44.76789825070591,-143.28244543654137,98.51454718583545,3.8596179842474148,2.1251447175505667,265.0191081156918
2025-02-06,23761.94921875,23773.55078125,23556.25,23603.349609375,307000,-0.003930316218479903,53.398092766518026,-25.762802915262,-119.7785169322855,94.0157140170235,4.020363505529572,1.10774203782435,261.6106561967138
2025-02-07,23649.5,23694.5,23443.19921875,23559.94921875,368100,-0.0018404311807618838,52.242834319174975,-14.041317184757645,-98.63107698277994,84.5897597980223,4.086991560586539,2.3248944893554557,260.8742365576628
2025-02-10,23543.80078125,23568.599609375,23316.30078125,23381.599609375,234200,-0.0075988318246352615,47.677907674858766,-18.92512122428161,-82.68988583108028,63.764764606798664,4.070253911171218,0.9770960223740143,260.2617073839012
2025-02-11,23383.55078125,23390.05078125,22986.650390625,23071.80078125,268000,-0.013338245144624153,40.979573662485436,-47.249089353827,-75.60172653562962,28.35263718180262,4.151602116189108,-0.5755087959159472,270.48589904397966
2025-02-12,23050.80078125,23144.69921875,22798.349609375,23045.25,279700,-0.001151451956867338,40.45500291853248,-71.01979235442559,-74.68533969938882,3.6655473449632296,4.258542835059745,-0.20331202890315875,275.9047354961954
2025-02-13,23055.75,23235.5,22992.19921875,23031.400390625,265700,-0.0006011552347958088,40.16617312560998,-89.93903229245188,-77.73607821800144,-12.202954074450446,4.355572188978626,0.8859287206897363,273.5758816214672
2025-02-14,23096.44921875,23133.69921875,22774.849609375,22929.25,254500,-0.00444513112662715,38.010605132317295,-111.88560149839759,-84.56598287408067,-27.319618624316917,4.535952200280171,-0.1219658277886071,279.666862175291
2025-02-17,22809.900390625,22974.19921875,22725.44921875,22959.5,207400,0.001318406118349223,39.05368780989357,-125.39205199880234,-92.73119669902502,-32.660855299777324,4.591637795746491,-0.8789825749080463,277.4585148770559
2025-02-18,22963.650390625,22992.5,22801.5,22945.30078125,210600,-0.0006186376571162799,38.72429913969447,-135.67776084386423,-101.32050952799287,-34.357251315871366,4.724249007055865,-1.3084118744489128,271.28290667155187
2025-02-19,22847.25,23049.94921875,22814.849609375,22932.900390625,207000,-0.0005405787764224007,38.41954165138871,-143.17938428122943,-109.69228447864019,-33.48709980258924,4.865682694600266,-2.4480610779009266,268.69838543608387
2025-02-20,22821.099609375,22923.849609375,22812.75,22913.150390625,240800,-0.0008615791713867465,37.907840631392396,-149.00054926171288,-117.55393743525472,-31.446611826458152,4.986091133713582,-2.4231170933440884,258.0878143781493
2025-02-21,22857.19921875,22921.0,22720.30078125,22795.900390625,242800,-0.005130286241460248,34.933210082534615,-161.2165554514213,-126.28646103848806,-34.930094412933244,5.026334259720609,-2.4191993584406735,253.98862897613864
2025-02-24,22609.349609375,22668.05078125,22518.80078125,22553.349609375,214300,-0.010697116011174177,29.73507526032391,-188.29905503935152,-138.68897983866077,-49.610075200690744,5.5429103036222385,-4.995525935423402,255.63941329034304
2025-02-25,22516.44921875,22625.30078125,22513.900390625,22547.55078125,250300,-0.00025714910818764225,29.621589949443177,-207.83426402517216,-152.51803667596306,-55.3162273492091,6.064465810657855,-4.847803083715763,245.33662595710425
2025-02-27,22568.94921875,22613.30078125,22508.400390625,22545.05078125,289200,-0.00011088293493540093,29.569194380891545,-220.9705757488191,-166.20854449053428,-54.76203125828482,6.493565043282633,-4.483680687865823,235.30546629052537
2025-02-28,22433.400390625,22450.349609375,22104.849609375,22124.69921875,551300,-0.01882096814125905,22.39598259118584,-262.2766930451362,-185.42217420145468,-76.85451884368152,7.350767320928051,-6.091906169550517,249.94087383227355
2025-03-03,22194.55078125,22261.55078125,22004.69921875,22119.30078125,282400,-0.0002440302652016664,22.321091581515375,-292.080772060257,-206.75389377321517,-85.32687828704184,7.98009958831739,-5.39868464610468,250.43449445139686
2025-03-04,21974.44921875,22105.05078125,21964.599609375,22082.650390625,253300,-0.001658315891150207,21.788394870595127,-315.02666829506416,-228.408448677585,-86.61821961747916,8.563619665533729,-4.287269988170421,243.59639998165423
2025-03-05,22073.05078125,22394.900390625,22067.80078125,22337.30078125,305900,0.01146571185468711,33.63870834413679,-309.10018354831845,-244.5467956517317,-64.55338789658674,8.221013417459858,-3.0719962627873425,249.5609149383218
2025-03-06,22476.349609375,22556.44921875,22245.849609375,22544.69921875,372100,0.00924200854408832,41.42319750114419,-284.38981235302344,-252.51539899199008,-31.874413361033362,7.591493270026728,-2.113207028753289,253.9208216837988
2025-03-07,22508.650390625,22633.80078125,22464.75,22552.5,289800,0.00034595413741610534,41.70021013694144,-261.1666408341698,-254.24564736042603,-6.920993473743778,6.932019401355626,-1.6430977899407961,247.85867593852748
2025-03-10,22521.849609375,22676.75,22429.05078125,22460.30078125,293900,-0.004096583464717347,39.332650351402414,-247.35051375148396,-252.86662063863764,5.516106887153683,6.197907485293278,-2.1742599740848014,247.84728613934695
2025-03-11,22345.94921875,22522.099609375,22314.69921875,22497.900390625,347900,0.0016726478000064651,40.80856868752832,-230.70770444879236,-248.43483740066858,17.72713295187623,5.5832641568057655,-1.949856290359018,244.95822217403648
2025-03-12,22536.349609375,22577.400390625,22329.55078125,22470.5,369700,-0.001218651042867137,40.04402357092675,-217.22510490880813,-242.19289090229648,24.96778599348835,5.355871145025987,-2.016318837777841,245.16474983124817
2025-03-13,22541.5,22558.05078125,22377.349609375,22397.19921875,287500,-0.00326742167482874,37.993352944622536,-210.0336706691196,-235.76104685566114,25.727376186541534,5.135115426549426,-2.2517688012299844,240.560208548659
2025-03-17,22353.150390625,22577.0,22353.150390625,22508.75,251100,0.004968206335327962,42.79449669625264,-193.10717216885678,-227.23027191830028,34.1230997494435,4.817509761558499,-1.2596580337010637,239.36659432196907
2025-03-18,22662.25,22857.80078125,22599.19921875,22834.30078125,272600,0.014359703182661372,53.99095131343237,-151.6751560684388,-212.11924874832798,60.44409267988917,4.717301132605491,1.2457181604554826,247.2011791025427
2025-03-19,22874.94921875,22940.69921875,22807.94921875,22907.599609375,324000,0.0032048904937790478,56.075502151883626,-111.63848302174665,-192.02309560301174,80.38461258126509,4.65185992325298,1.5968422983857207,239.0260948809325
2025-03-20,23036.599609375,23216.69921875,22973.94921875,23190.650390625,313700,0.012280480863664548,63.03950616692797,-56.41893631255152,-164.9022637449197,108.48332743236818,5.053195622062192,2.863597938364036,244.03134591622305
2025-03-21,23168.25,23402.69921875,23132.80078125,23350.400390625,541000,0.0068649342763162065,66.28810828496115,0.23078189336956711,-131.87565461726186,132.10643651063143,5.735062519047427,5.5399676160851765,245.87899531506426
2025-03-24,23515.400390625,23708.75,23433.5,23658.349609375,311900,0.013101970335000056,71.49017819078647,69.17758389922528,-91.66500691396445,160.84259081318973,6.973743952709059,6.95794520516496,253.91261060505965
2025-03-25,23751.5,23869.599609375,23601.400390625,23668.650390625,338200,0.0004353025297464832,71.64777807768957,123.22909982803685,-48.68618556556419,171.91528539360104,8.024058302503967,7.182108904252376,254.93308261541253
2025-03-26,23700.94921875,23736.5,23451.69921875,23486.849609375,278600,-0.007710730752587225,64.83561129118522,149.6702069679559,-9.014907058860175,158.68511402681605,8.581992566512216,5.146319330981722,257.0664896607402
2025-03-27,23433.94921875,23646.44921875,23412.19921875,23591.94921875,510300,0.004464845602965276,66.80078267379496,177.06454513919743,28.20098338075135,148.86356175844608,9.161457777914197,4.645216109732003,255.43674039925878
2025-03-28,23600.400390625,23649.19921875,23450.19921875,23519.349609375,295400,-0.003082049047667123,64.13449559532964,190.7180942959967,60.70440556380042,130.01368873219627,9.529036080594542,4.287106127369471,251.4055446564546
2025-04-01,23341.099609375,23565.150390625,23136.400390625,23165.69921875,314300,-0.015150767296533939,53.03057738437465,171.03046667045055,82.76961778513045,88.2608488853201,9.173106762233946,3.1406455522130456,264.0730057524221
2025-04-02,23192.599609375,23350.0,23158.44921875,23332.349609375,341000,0.007168090205371445,56.824101362189715,166.95067029948768,99.6058282880019,67.34484201148578,8.795470568522557,3.709009304253652,258.8928468593919
2025-04-03,23150.30078125,23306.5,23145.80078125,23250.099609375,283200,-0.003531376595912815,54.48515606278791,155.29042333877078,110.74274729815569,44.54767604061509,8.166431122271508,3.4694359688257936,253.7254169497925
2025-04-04,23190.400390625,23214.69921875,22857.44921875,22904.44921875,466800,-0.014978235581472139,45.92930540883512,116.81196024745441,111.95658988801544,4.855370359438965,7.7474825772855915,2.2647921065744305,263.6486293551645
2025-04-07,21758.400390625,22254.0,21743.650390625,22161.599609375,647100,-0.032970136904421674,33.68632486681098,26.07516750214927,94.78030541084222,-68.70513790869295,8.226795132775447,-1.5422908452268562,327.7307864101527
2025-04-08,22446.75,22697.19921875,22270.849609375,22535.849609375,468300,0.01674631338889978,42.065143844970315,-15.45736433536149,72.73277146160147,-88.19013579696296,8.240887708770776,-1.307030045430899,342.57855947907035
2025-04-09,22460.30078125,22468.69921875,22353.25,22399.150390625,383800,-0.006084328049671031,40.07343790123171,-58.72572593927907,46.44107198142537,-105.16679792070444,8.305002147154799,-2.2195656787274896,331.15149161449386
2025-04-11,22695.400390625,22923.900390625,22695.400390625,22828.55078125,402200,0.018988950673859396,48.346785658237444,-57.7020381894763,25.612449947245036,-83.31448813672134,8.09381619718735,-1.5614034245515667,344.97995649917283
2025-04-15,23368.349609375,23368.349609375,23207.0,23328.55078125,388300,0.02166598602930882,55.969472182238704,-16.35639065684518,17.218681826426995,-33.57507248327217,7.868054961125025,-0.09357273969388741,358.8955901867319
2025-04-16,23344.099609375,23452.19921875,23273.05078125,23437.19921875,348400,0.004646504460063537,57.43927111816953,24.890432374781085,18.753031936097813,6.137400438683272,7.526319613034678,-0.9347667706177003,346.05650785196536
2025-04-17,23401.849609375,23872.349609375,23298.55078125,23851.650390625,505300,0.017528943393621495,62.57186388467556,89.98429965881951,32.99928548064216,56.98501417817735,7.619911726713835,0.7731746296463322,362.3238164428964
2025-04-21,23949.150390625,24189.55078125,23903.650390625,24125.55078125,406100,0.011418063566753105,65.53034405201471,161.807910034815,58.761010391476724,103.04689964333826,8.268009738712664,2.719399078623369,360.57928602733233
2025-04-22,24185.400390625,24242.599609375,24072.0,24167.25,440900,0.0017269335569158489,65.97134066227866,219.56243806404382,90.92129592599015,128.64114213805368,8.83522998990757,2.438547048044561,347.00930912359433
2025-04-23,24357.599609375,24359.30078125,24119.94921875,24328.94921875,415000,0.006668556323176313,67.69719155420327,275.20865909191707,127.77876855917555,147.42989053274152,9.600042983157579,3.442270397869706,339.3194700790519
2025-04-24,24277.900390625,24347.849609375,24216.150390625,24246.69921875,358800,-0.0033864737270896763,65.8672360069573,309.10859113264814,164.04473307387008,145.06385805877807,10.141421454916335,4.666381920063321,324.48945212697674
2025-04-25,24289.0,24365.44921875,23847.849609375,24039.349609375,387700,-0.008588438645809417,61.36389528963377,315.6050523411068,194.35679692731742,121.24825541378937,10.371630488255345,3.030127748968434,338.2830347875498
2025-04-28,24070.25,24355.099609375,24054.05078125,24328.5,320500,0.011956447831200931,64.96152009314287,340.16436163017715,223.51830986788937,116.64605176228778,10.866798468282015,4.638261378416473,336.6735323027248
2025-04-29,24370.69921875,24457.650390625,24290.75,24335.94921875,357600,0.00030614622903455367,65.05180577924877,356.1237084477689,250.0393895838653,106.08431886390358,11.333953664930512,6.249877420445229,324.5468793257445
2025-04-30,24342.05078125,24396.150390625,24198.75,24334.19921875,424500,-7.191266338548166e-05,65.0094256790006,364.4294792199762,272.9174075110875,91.5120717088887,11.735320661160415,9.803442204848459,315.4649872756913
2025-05-02,24311.900390625,24589.150390625,24238.5,24346.69921875,421100,0.0005135484625769229,65.18390314793311,367.7809579820205,291.8901176052741,75.89084037674638,12.096216616058502,8.035417527021833,317.97823037207047
2025-05-05,24419.5,24526.400390625,24400.650390625,24461.150390625,291500,0.004689876016656186,66.81552010810762,375.34553245533607,308.5812005752865,66.76433188004955,12.379707329954325,9.205706305999154,308.10129762227973
2025-05-06,24500.75,24509.650390625,24331.80078125,24379.599609375,302400,-0.0033394596535795407,64.49617871491148,370.48927597482543,320.9628156551943,49.526460319631155,12.582971566218228,6.79433768261338,298.7976056046169
2025-05-07,24233.30078125,24449.599609375,24220.0,24414.400390625,330100,0.001426437150093386,65.05366541032495,365.2385473108952,329.81796198633447,35.42058532456076,12.700712453970752,4.65459521920983,293.85489158821565
2025-05-08,24431.5,24447.25,24150.19921875,24273.80078125,411400,-0.005775526588332327,60.89350403072259,345.74654265470235,333.00367812000803,12.74286453469432,12.366562618376513,3.5695458091712178,294.08316942120024
2025-05-09,23935.75,24164.25,23935.75,24008.0,335600,-0.011010503428714508,53.8787458150248,305.3314163695977,327.469225769926,-22.137809400328308,10.562459644671893,0.6555085573300786,297.22371312325737
2025-05-12,24420.099609375,24944.80078125,24378.849609375,24924.69921875,368700,0.03747214018466671,67.69893245502726,343.3145865437182,330.6382979246845,12.676288619033699,9.731547135753022,3.3124567590021017,342.90778941802466
2025-05-13,24864.05078125,24973.80078125,24547.5,24578.349609375,423000,-0.013993290077199355,60.34187534711952,341.5320349460235,332.8170453289523,8.714989617071183,7.636522641610568,1.7010607718089563,348.8644316917372
2025-05-14,24613.80078125,24767.55078125,24535.55078125,24666.900390625,345500,0.003596321541244558,61.49403508815213,343.30722595984116,334.9150814551301,8.392144504711041,6.005806962511826,1.3890907035744293,340.5169722851846
2025-05-15,24694.44921875,25116.25,24494.44921875,25062.099609375,500800,0.015894449466611917,66.21196820845032,372.3115756748266,342.39438029906944,29.91719537575716,5.675043378842251,3.362933582293337,360.60867292552854
2025-05-16,25064.650390625,25070.0,24953.05078125,25019.80078125,432700,-0.0016891866264205442,65.28989232498522,387.4186488412706,351.3992340075097,36.01941483376095,5.158491641634278,4.0785261989477375,343.2044261987051
2025-05-19,25005.349609375,25062.94921875,24916.650390625,24945.44921875,255300,-0.002976133107706799,63.612934865248775,388.908468714224,358.90108094885255,30.007387765371448,5.0797491198060225,2.535911456727706,329.13974062201186
2025-05-20,24996.19921875,25010.349609375,24669.69921875,24683.900390625,414800,-0.010540184450815589,57.972110625960745,364.77940718347236,360.07674619577654,4.702660987695822,4.987104276843521,1.4297826180822064,329.9619299079396
2025-05-21,24744.25,24946.19921875,24685.349609375,24813.44921875,332700,0.0052345883147392296,59.870253692862256,352.05222096640136,358.47184114990154,-6.419620183500172,4.975183409131699,1.969450466365575,325.1288512091582
2025-05-22,24733.94921875,24737.5,24462.400390625,24609.69921875,403300,-0.008245170966734258,55.61584948411546,321.81522639785544,351.14051819949236,-29.325291801636922,4.936688413720369,1.0802285666611315,326.98027813171836
2025-05-23,24639.5,24909.05078125,24614.05078125,24853.150390625,270500,0.009843878373448323,59.33424377417408,313.8784697042902,343.68810850045196,-29.809638796161778,4.9487217130113965,1.6025411468392683,325.00679844373843
2025-05-26,24919.349609375,25079.19921875,24900.5,25001.150390625,302800,0.0059373186446142635,61.44871101091153,315.8895182240958,338.1283904451808,-22.23887222108499,4.78809354803479,2.549470833027902,317.93837199239994
2025-05-27,24956.650390625,25062.900390625,24704.099609375,24826.19921875,525700,-0.00702232377173064,57.63376066380722,299.9090266501662,330.48451768617787,-30.57549103601167,4.732005715296669,1.6867046560075607,320.85711551079993
2025-05-28,24832.5,24864.25,24737.05078125,24752.44921875,684400,-0.002975073210803887,56.05392471943381,278.08774092528984,320.00516233400026,-41.917421408710425,4.6186914851985135,1.9718726449700705,307.0244085993142
2025-05-29,24825.099609375,24892.599609375,24677.30078125,24833.599609375,345400,0.003273116733106363,57.43649028891688,264.2957363653404,308.86327714026834,-44.56754077492792,4.504117235405422,3.438852088366378,300.4725814225775
2025-05-30,24812.599609375,24863.94921875,24717.400390625,24750.69921875,853900,-0.0033438193068198903,55.51504944363494,243.8649809894232,295.8636179100993,-51.99863692067612,4.33958191107011,-0.6981027071697048,289.4780276156077
2025-06-02,24669.69921875,24754.400390625,24526.150390625,24716.599609375,311100,-0.001378673005562118,54.70438932267897,222.35869405257108,281.1626331385937,-58.80393908602264,4.251233072686838,0.5624869130646056,285.10459707163574
2025-06-03,24786.30078125,24845.099609375,24502.150390625,24542.5,349300,-0.007068758288164619,50.6386175612061,189.08674890629118,262.7474562921332,-73.66070738584204,4.123066578071898,-0.5043211293474072,289.2363557629475
2025-06-04,24560.44921875,24644.25,24530.44921875,24620.19921875,280900,0.0031609038835467354,52.341046002107596,167.0623791460239,243.6104408629114,-76.5480617168875,3.9873666211192433,-1.7632217472302198,276.70524329773696
2025-06-05,24691.19921875,24899.849609375,24613.099609375,24750.900390625,388400,0.005294655304090157,55.14359691077222,158.32927832506175,226.55420835534147,-68.22493003027972,3.6166513920046612,-1.0747503266553413,277.4227259193272
2025-06-06,24748.69921875,25029.5,24671.44921875,25003.05078125,335600,0.010135980900817266,60.02718057973716,169.79734413257393,215.20283551078796,-45.40549137821404,2.4710611244275733,0.23091010306081944,283.181872728661
2025-06-09,25160.099609375,25160.099609375,25077.150390625,25103.19921875,279200,0.003997448256890138,61.80579135541008,184.83633265261233,209.12953493915285,-24.29320228654052,2.6616683072955003,1.6986733113063874,274.1723695426852
2025-06-10,25196.05078125,25199.30078125,25055.44921875,25104.25,307300,4.18575835460567e-05,61.82498459031922,194.59644201843184,206.22291635500866,-11.62647433657682,2.7134187123497253,1.1719482393856784,264.8637404682077
2025-06-11,25134.150390625,25222.400390625,25081.30078125,25141.400390625,301200,0.001478750781646587,62.54168014306887,202.98919200426462,205.57617148485988,-2.586979480595261,2.8421059882275115,2.160535027871855,256.0234453901215
2025-06-12,25164.44921875,25196.19921875,24825.900390625,24888.19921875,328300,-0.010122141121121413,54.96730297548737,187.05305714838323,201.87154861756454,-14.81849146918131,2.744044618336213,0.14102368341287216,264.1859727283271
2025-06-13,24473.0,24754.349609375,24473.0,24718.599609375,318700,-0.006837783295332098,50.551073937068594,158.90650906729206,193.27854070751005,-34.37203164021798,2.704502524602076,-1.1301511203898507,274.9726331584466
2025-06-16,24732.349609375,24967.099609375,24703.599609375,24946.5,305800,0.00917755091754434,55.70147800480522,153.22355801011872,185.2675441680318,-32.04398615791308,2.705066379930144,0.48457188387960237,274.15315936141474
2025-06-17,24977.849609375,24982.05078125,24813.69921875,24853.400390625,242400,-0.0037389519699400583,53.260965990923815,139.59821659911177,176.13367865424783,-36.535462055136065,2.647835905650002,0.4078431632475763,266.5959024427422
2025-06-18,24788.349609375,24947.55078125,24750.44921875,24812.05078125,237600,-0.0016651260767121068,52.167704147410134,124.03368435716766,165.71367979483182,-41.67999543766416,2.6480396825791073,-0.08677287410587485,261.6320210182606
2025-06-19,24803.25,24863.099609375,24733.400390625,24793.25,274600,-0.0007580150449296773,51.64859008825798,108.92598356239978,154.35614054834542,-45.430156985945644,2.513908374877707,0.17191749159864328,252.20824942767058
2025-06-20,24787.650390625,25136.19921875,24783.650390625,25112.400390625,574700,0.012790324902965947,59.09057245226435,121.30743451592934,147.74639934186223,-26.438964825932885,2.675211373581989,1.6013561230318787,259.375433620337
2025-06-23,24939.75,25057.0,24824.849609375,24971.900390625,248500,-0.005610555258512813,55.071964062988286,118.41760338817039,141.88064015112388,-23.463036762953493,2.6578036920453147,1.7496196012019967,261.3879584510272
2025-06-24,25179.900390625,25317.69921875,24999.69921875,25044.349609375,450200,0.0028970292423300638,56.7069634822824,120.58342718108906,137.62119755711691,-17.03777037602785,2.7276325362313196,1.7227739989284077,267.4173062848824
2025-06-25,25150.349609375,25266.80078125,25125.05078125,25244.75,260600,0.00796997571939643,60.941142761338696,136.89248351108108,137.47545474790977,-0.5829712368286835,2.977444080679607,1.995279369966102,264.2054395413194
2025-06-26,25268.94921875,25565.30078125,25259.900390625,25549.0,428900,0.011979963629751521,66.32587616044496,172.38086116550767,144.45653603142935,27.924325134078316,3.730726363239013,2.183530416053916,268.23010680622514
2025-06-27,25576.650390625,25654.19921875,25523.55078125,25637.80078125,564000,0.00346967847107354,67.72446175241916,205.30451439999524,156.62613170514254,48.6783826948527,4.393144885772853,2.12961526473764,258.40284471292335
2025-06-30,25661.650390625,25669.349609375,25473.30078125,25517.05078125,271000,-0.004720968611190444,63.84160323498923,219.12726819453746,169.12635900302155,50.000909191515916,4.65565058915972,1.6443462013404102,253.94898638521454
2025-07-01,25551.349609375,25593.400390625,25501.80078125,25541.80078125,260700,0.0009694695897414579,64.29348643788433,229.43424318234975,181.1879358388872,48.24630734346255,4.644810720349469,1.592593826930602,242.35260231305637
2025-07-02,25588.30078125,25608.099609375,25378.75,25453.400390625,309800,-0.0034670116851196766,61.34460656020463,227.84299022342748,190.51894671579527,37.32404350763221,4.517617538679257,2.27096049379577,241.4238171031952
2025-07-03,25505.099609375,25587.5,25384.349609375,25405.30078125,293400,-0.0018915002785163046,59.73906851786323,220.16277487556727,196.4477123477497,23.715062527817565,4.423457610976397,2.778074740182917,238.69000092618126
2025-07-04,25428.849609375,25470.25,25331.650390625,25461.0,193500,0.0021900252291445488,61.0116094494705,216.0797771685502,200.3741253119098,15.7056518566404,4.521015720074593,2.0624135650291624,231.540687243954
2025-07-07,25450.44921875,25489.80078125,25407.25,25461.30078125,196100,1.181334092876479e-05,61.01877467340441,210.44239368392664,202.38777898631318,8.05461469761346,4.62484008832155,2.4459445430827538,220.8985511015287
2025-07-08,25427.849609375,25548.05078125,25424.150390625,25522.5,210400,0.0024007330644550996,62.52775632585916,208.5094252850431,203.61210824605917,4.897317038983942,4.755858277247542,2.863323249712487,213.97011106749096
2025-07-09,25514.599609375,25548.69921875,25424.349609375,25476.099609375,239100,-0.0018196736296237606,60.61196895138957,200.91735990517918,203.0731585778832,-2.155798672704009,4.837493077674742,2.754175468625533,207.56864666088447
2025-07-10,25511.650390625,25524.05078125,25340.44921875,25355.25,219600,-0.004754933244868607,55.81533787047571,183.0390793308652,199.0663427284796,-16.027263397614405,4.697069128913671,0.9670505630583246,205.85671207796415
2025-07-11,25255.5,25322.44921875,25129.0,25149.849609375,250000,-0.00813389240519248,48.75340513349062,150.5607476705809,189.3652237168999,-38.804476046318996,4.308257625964196,0.7125978238196323,207.3133755009667
2025-07-14,25149.5,25151.099609375,25001.94921875,25082.30078125,259500,-0.0026894675348791744,46.66247728261689,118.0104588251088,175.09427073854167,-57.08381191343287,4.205412847032983,0.15153586524280716,203.15887658125482
2025-07-15,25089.5,25245.19921875,25088.44921875,25195.80078125,241300,0.004514895720960817,50.503700541232284,100.21737829004996,160.11889224884334,-59.90151395879337,3.9328071632269173,-0.19389860763128966,200.28313093259376
2025-07-16,25196.599609375,25255.30078125,25121.05078125,25212.05078125,228800,0.0006447408512447503,51.04727094755348,86.43114848862024,145.38134349679873,-58.9501950081785,3.5457008755679946,-1.3188352528474696,195.5664787231228
2025-07-17,25230.75,25238.349609375,25101.0,25111.44921875,243400,-0.003998199509757984,47.564670806663734,66.61980507167755,129.6290358117745,-63.00923074009694,3.1079135227986736,-2.0530293022829906,191.40813091254262
2025-07-18,25108.55078125,25144.599609375,24918.650390625,24968.400390625,317000,-0.005712845317742711,43.06557167403083,38.927594680091715,111.48874758543795,-72.56115290534623,3.2673531703309897,-2.15013245585634,193.875351472361
2025-07-21,24999.0,25111.400390625,24882.30078125,25090.69921875,305200,0.004886187422514114,47.62671342785274,26.543831007995323,94.49976426994944,-67.95593326195412,3.1323836943802217,-1.7661306121812266,196.39136989397807
2025-07-22,25166.650390625,25182.0,25035.55078125,25060.900390625,483700,-0.0011883501967580668,46.64614935509851,14.161843767655228,78.4321801694906,-64.27033640183537,3.1143155782756837,-1.5420336535646753,192.82407338369393
2025-07-23,25139.349609375,25233.5,25085.5,25219.900390625,271500,0.006324502693684897,52.290486816458596,16.98322876434031,66.14238988846054,-49.15916112412023,3.123601125195206,-0.7297705003431094,191.37946881164436
2025-07-24,25243.30078125,25246.25,25018.69921875,25062.099609375,338700,-0.006276651657225533,46.97865309389378,6.4120780065932195,54.19632751208708,-47.78424950549386,3.1380126193803584,-1.5667114042064334,193.96313398581262
2025-07-25,25010.349609375,25010.349609375,24806.349609375,24837.0,278100,-0.009022252428611252,40.63711089796766,-19.899898725336243,39.37708226460242,-59.276980989938664,3.2738875298451777,-2.451959491832964,198.3764815582546
2025-07-28,24782.44921875,24889.19921875,24646.599609375,24680.900390625,262100,-0.006304795850755804,36.915625531516795,-52.740306328982115,20.953604545885515,-73.69391087486763,3.699336980851195,-3.2974810828680576,201.53527640230783
2025-07-29,24609.650390625,24847.150390625,24598.599609375,24821.099609375,284700,0.005664401180259817,42.04878219312465,-66.68495801184326,3.4258920343397588,-70.11085004618302,3.7483855109466204,-2.5710372075910914,204.89352674857156
2025-07-30,24890.400390625,24902.30078125,24771.94921875,24855.05078125,243900,0.001366900490246142,43.252984900841085,-74.14195678176475,-12.087677728881143,-62.0542790528836,3.777324702423984,-1.9727638999812662,199.56910073081644
2025-07-31,24642.25,24956.5,24635.0,24768.349609375,346300,-0.003494369971240235,40.91483312731572,-86.05574495014298,-26.881291173133512,-59.17445377700947,3.8847032057861934,-1.516907679073317,208.27845067861526
2025-08-01,24734.900390625,24784.150390625,24535.05078125,24565.349609375,263400,-0.008229715141942045,36.00690532484156,-110.60294941311076,-43.62562282112897,-66.9773265919818,4.130396647071849,-2.061019746089008,211.194247728357
2025-08-04,24596.05078125,24736.25,24554.0,24722.75,259300,0.006386974825463857,41.83313364666909,-116.01850067283522,-58.10419839147022,-57.914302281364996,4.054397269402962,-1.8774984980911222,209.12680146204576
2025-08-05,24720.25,24733.099609375,24590.30078125,24649.55078125,251800,-0.0029651959185494695,40.00883628523377,-124.77855970056771,-71.43907065328972,-53.33948904727799,3.864125809752509,-2.231075944120844,204.3890890808282
2025-08-06,24641.349609375,24671.400390625,24539.19921875,24574.19921875,225100,-0.003061596134311999,38.16383067098533,-136.23082677698767,-84.39742187802932,-51.83340489895835,3.7075960777163597,-2.1394623437298503,199.23280928041189
2025-08-07,24464.19921875,24634.19921875,24344.150390625,24596.150390625,616700,0.0008928622028389917,39.045684014607296,-141.89982200891973,-95.89790190420742,-46.00192010471231,3.5912510581542585,-1.490884454655615,205.71966776931103
2025-08-08,24544.25,24585.5,24337.5,24363.30078125,312600,-0.00951200879308063,33.575750972947816,-163.29914811503477,-109.37815114637289,-53.92099696866188,3.9602213090345852,-2.8990759928939056,209.5004336875745
2025-08-11,24371.5,24600.849609375,24347.44921875,24585.05078125,241100,0.009060632685991908,41.92035488205784,-160.51458425954115,-119.60543776900654,-40.90914649053461,4.00583270017609,-1.8987729968114393,212.6361448973906
2025-08-12,24563.349609375,24702.599609375,24465.650390625,24487.400390625,237000,-0.003979850901478695,39.56331573504213,-164.29349463048493,-128.54304914130222,-35.75044548918271,3.9832066510890156,-2.9044523913833236,214.37279302971984
2025-08-13,24586.19921875,24664.55078125,24535.25,24619.349609375,236000,0.0053739877432256436,44.134250238544794,-154.85602525294962,-133.8056443636317,-21.05038088931792,3.750651522261502,-1.7666117639815786,211.71405000081128
2025-08-14,24607.25,24673.650390625,24596.900390625,24631.30078125,270200,0.00048532037708285097,44.54336601487869,-144.74388567365168,-135.99329262563572,-8.750593048015958,3.5809791708031216,-0.8281967175987438,202.07376071503904
2025-08-18,24938.19921875,25022.0,24852.849609375,24876.94921875,363100,0.009923616908863717,52.27903702577672,-115.5758794713729,-131.90980999478316,16.33393052341026,3.525520955058186,0.7943341815822442,215.54700771753625
2025-08-19,24891.349609375,25012.650390625,24873.94921875,24980.650390625,252300,0.004159900285259885,55.124840049693425,-83.13389076478416,-122.15462614878336,39.02073538399921,3.4081222982993307,0.6428030335518947,210.05801944306936
2025-08-20,24965.80078125,25088.69921875,24929.69921875,25050.55078125,287100,0.002794273751954044,56.986831551326105,-51.19288394178875,-107.96227770738444,56.769393765595694,3.395949320875364,0.786560452926051,206.41101805427868
2025-08-21,25142.0,25153.650390625,25054.900390625,25083.75,226500,0.0013244115539841486,57.88072452069734,-22.936113180847315,-90.95704480207702,68.0209316212297,3.176034406171961,1.2734009152778538,199.0316317200445
2025-08-22,25064.150390625,25084.849609375,24859.150390625,24870.099609375,210200,-0.008553963109247331,50.59383482021025,-17.57957336750769,-76.28155051516316,58.70197714765547,2.9896477297396964,1.2405685440914576,200.93645936504132
2025-08-25,24949.150390625,25021.55078125,24894.349609375,24967.75,213000,0.003918729092601476,53.476758720416846,-5.392742371386703,-62.10378888640787,56.71104651502117,3.0835314268986007,0.9909900799870565,197.4017959728955
2025-08-26,24899.5,24919.650390625,24689.599609375,24712.05078125,750500,-0.010293981565065833,45.92062070464328,-16.180858130872366,-52.91920273530077,36.738344604428406,3.0778148300105266,0.2535543164849131,203.16955273376013
2025-08-28,24695.80078125,24702.650390625,24481.599609375,24500.900390625,326600,-0.00858114302373062,40.79455491107537,-41.29259413895488,-50.5938810160316,9.30128687707672,3.1736722438947247,-0.29827555100584247,205.11823981527726
2025-08-29,24466.69921875,24572.44921875,24404.69921875,24426.849609375,325500,-0.003026946376657732,39.14424033865326,-66.4036451380016,-53.75583384042561,-12.647811297575984,3.3001564179517917,-0.6883222722305772,202.44907982847172
2025-09-01,24432.69921875,24635.599609375,24432.69921875,24625.05078125,229300,0.008081328102276956,45.49940798875656,-69.5098891029229,-56.90664489292507,-12.603244209997825,3.3018726571831003,1.0743618130817596,202.89914555500945
2025-09-02,24653.0,24756.099609375,24522.349609375,24579.599609375,271600,-0.0018474345185382894,44.35548649233296,-74.77715504720254,-60.48074692378057,-14.296408123421969,3.2948442679911225,-0.022172709438360742,205.1027780153659
2025-09-03,24616.5,24737.05078125,24533.19921875,24715.05078125,340300,0.005495586709857895,48.51013770913215,-67.2465473605589,-61.83390701113625,-5.412640349422659,3.2941619973166754,0.9296633656227385,205.01340547855406
2025-09-04,24980.75,24980.75,24708.19921875,24734.30078125,314100,0.0007785744550393448,49.09188171325081,-59.044543647538376,-61.27603433841668,2.231490690878303,3.2919190780286733,0.4669139262364056,209.83750374794303
2025-09-05,24818.849609375,24832.349609375,24621.599609375,24741.0,210100,0.0002708106342015157,49.30653634290071,-51.411189457594446,-59.303065362252234,7.8918759046577875,3.260386906192686,0.4453651056606233,209.9026820516614
2025-09-08,24802.599609375,24885.5,24751.55078125,24773.150390625,213200,0.0012986346282709543,50.38769492255239,-42.28005527649657,-55.898463345101106,13.618408068604538,3.239867504660654,-0.4172490252412696,205.23106190511416
2025-09-09,24864.099609375,24891.80078125,24814.0,24868.599609375,226900,0.0038455266535053208,53.554708558654085,-27.03002608587485,-50.12477589325586,23.094749807381007,2.9973928578736286,-0.44855029592044404,199.04672824224886
2025-09-10,24991.0,25035.69921875,24915.05078125,24973.099609375,244100,0.004193282121674665,56.80569817314366,-6.437780696232949,-41.38737685385128,34.94959615761833,3.0418524853163653,-0.3091795168550592,196.76479118030252
2025-09-11,24945.5,25037.30078125,24940.150390625,25005.5,224600,0.0012965707489705478,57.79217192425278,12.353756461707235,-30.639150190739578,42.99290665244681,2.977277105442591,-0.31195495091443665,189.64947685492376
2025-09-12,25074.44921875,25139.44921875,25038.05078125,25114.0,225700,0.004329658895022681,61.00393865631343,35.59095786508624,-17.393128579574416,52.984086444660655,3.1168422096464736,0.980697280894925,185.67088699028636
2025-09-15,25118.900390625,25138.44921875,25048.75,25069.19921875,185400,-0.001785489719644452,59.007309823263896,49.81729598322636,-3.951043667014261,53.76833965024062,3.1643853919436844,0.4063210291275746,178.8157678302659
2025-09-16,25073.599609375,25261.400390625,25070.44921875,25239.099609375,240100,0.0067543940269436074,63.84071075378266,73.94887642783578,11.628940351955748,62.31993607588004,3.467163256747389,2.132760379907007,179.77186811917548
2025-09-17,25276.599609375,25346.5,25275.349609375,25330.25,268900,0.003604969810507005,66.14689374967335,99.28391931688384,29.15993614494137,70.12398317194247,3.83068937558543,3.38497604640008,174.60247686959153
2025-09-18,25441.05078125,25448.94921875,25329.75,25423.599609375,272200,0.0036785274558399,68.37168175556903,125.44856370354682,48.41766165666246,77.03090204688436,4.255506978034599,4.0805507707283235,170.6451012896207
2025-09-19,25410.19921875,25428.75,25286.30078125,25327.05078125,380400,-0.0038048357551339826,63.708256549619215,136.81641488308742,66.09741230194746,70.71900258113996,4.477561491251914,2.850755542540918,168.63110967964778
2025-09-22,25238.099609375,25331.69921875,25151.05078125,25202.349609375,254500,-0.00493579674708062,58.18787074992008,134.21601773876318,79.72113338931061,54.494884349452576,4.595518698379491,2.5336051436837663,169.48949023824437
2025-09-23,25209.0,25261.900390625,25084.650390625,25169.5,299200,-0.001304284606843299,56.79181169085924,128.02866062154135,89.38263883575677,38.64602178578458,4.676134717697923,1.8387549464181825,170.04381236408406
2025-09-24,25108.75,25149.849609375,25027.44921875,25056.900390625,244400,-0.004483689738311146,52.17125828213856,112.73969505965943,94.05405008053731,18.685644979122117,4.624586548463591,1.3042600727955438,168.04431014164948
2025-09-25,25034.5,25092.69921875,24878.30078125,24890.849609375,342500,-0.006649003929024595,46.20154475689294,86.2301617697558,92.48927241838102,-6.259110648625224,4.332899957435786,0.605673211976072,171.35531923867453
2025-09-26,24818.55078125,24868.599609375,24629.44921875,24654.69921875,291500,-0.009532730366893805,39.31214549350087,45.639696700513014,83.11935727480741,-37.4796605742944,4.031664537871417,-0.4781433528124301,177.7871100519835
2025-09-29,24728.55078125,24791.30078125,24606.19921875,24634.900390625,394400,-0.0008033674181471517,38.789894877388086,11.738546078457148,68.84319503553736,-57.104648957080215,4.020762964145485,-0.9397361428501979,178.30957094112753
2025-09-30,24691.94921875,24731.80078125,24587.69921875,24611.099609375,303000,-0.0009666077692868598,38.13404936736562,-16.854594891290617,51.70363705017177,-68.5582319414624,3.9820885778718442,-1.4495597489392296,175.86614176676127
2025-10-01,24620.55078125,24867.94921875,24605.94921875,24836.30078125,308900,0.009108779315782467,47.226178718824734,-21.0997874115601,37.1429521578254,-58.2427395693855,3.9006462844129746,-0.6766480124372638,182.0185602119926
2025-10-03,24759.55078125,24904.80078125,24747.55078125,24894.25,365900,0.0023305289834215856,49.29135689589164,-19.562609828732093,25.801839760513904,-45.36444958924599,3.8076849224299423,-0.875009954606992,180.24937733970742
2025-10-06,24916.55078125,25095.94921875,24881.650390625,25077.650390625,268800,0.007340173682814145,55.25874763461642,-3.5051021019753534,19.940451388016054,-23.445553489991408,3.702023726400384,0.03371137546619007,182.6814809672283
2025-10-07,25085.30078125,25220.900390625,25076.30078125,25108.30078125,288000,0.0012214730903828323,56.1867067151653,11.560555934396689,18.264472297292183,-6.7039163628954945,3.611399363159431,-0.5182388839117505,179.96134728206917
2025-10-08,25079.75,25192.5,25008.5,25046.150390625,227400,-0.0024783611817054724,53.75220810365313,18.274524022046535,18.266482642243055,0.008041379803479742,3.564993114584104,-1.121582334856545,180.2498224762071
2025-10-09,25074.30078125,25199.25,25024.30078125,25181.80078125,286300,0.005401403691044332,58.02693619124629,34.14761252778408,21.44270861935126,12.704903908432815,3.592520335032628,-0.9510802240444198,179.87120792433515
2025-10-10,25167.650390625,25330.75,25156.849609375,25285.349609375,232900,0.004103618794970308,60.99102273468494,54.454951776977396,28.04515725087649,26.409794526100907,3.6834111679673818,-0.164650721614504,179.44472097438262
2025-10-13,25177.30078125,25267.30078125,25152.30078125,25227.349609375,234300,-0.0022964532241035664,58.49908729206813,65.11791042774712,35.45970788625061,29.658202541496507,3.7255163649985525,0.0991971002207678,176.13072862799817
2025-10-14,25277.55078125,25310.349609375,25060.55078125,25145.5,292100,-0.0032497538671527296,55.079051695103004,66.20068229313256,41.607902767627,24.592779525505556,3.735914927922137,-0.0953535032479787,181.39273573492687
2025-10-15,25181.94921875,25365.150390625,25159.349609375,25323.55078125,289900,0.007055869574947451,60.4902973842534,80.49806522421204,49.385935258944016,31.112129965268025,3.795817396863325,1.0641794733907584,184.1254253699321
2025-10-16,25394.900390625,25625.400390625,25376.849609375,25585.30078125,372800,0.010283174673804386,66.81839556675563,111.66270352948413,61.84128891305204,49.821414616432094,4.105885026630694,2.7899858091362173,192.53429565600837
2025-10-17,25546.849609375,25781.5,25508.599609375,25709.849609375,422100,0.0048561734175648985,69.33518796509603,144.74245255321875,78.42152164108538,66.32093091213338,4.505092810957278,4.2797130934882945,198.27473101093636
2025-10-20,25824.599609375,25926.19921875,25788.5,25843.150390625,301100,0.0051714188632333265,71.80048567853984,179.64382875354568,98.66598306357744,80.97784568996823,5.143137666840079,4.904627097497048,199.56579375122664
2025-10-21,25901.19921875,25934.349609375,25825.80078125,25868.599609375,42500,0.000984272270986046,72.25902567129566,206.97112580504108,120.32701161187018,86.6441141931709,5.746977870078936,5.109483200502695,193.06458192078188
2025-10-23,26057.19921875,26104.19921875,25862.44921875,25891.400390625,448400,0.0008810194252249848,72.68753127418799,227.84162170515992,141.82993363052813,86.01168807463179,6.276194646474292,4.248215620627128,196.54211178358315
2025-10-24,25935.099609375,25944.150390625,25718.19921875,25795.150390625,284900,-0.0037243774174138414,67.91820855540553,233.91860143653685,160.24766719172987,73.67093424480697,6.576080794236101,3.6189095498960606,198.64275893297008
2025-10-27,25843.19921875,26005.94921875,25827.0,25966.05078125,266300,0.00660344071508198,71.494643054077,249.64710843904686,178.12755544119327,71.5195529978536,6.903835737236351,3.542598197146566,199.51104958954366
2025-10-28,25939.94921875,26041.69921875,25810.05078125,25936.19921875,395200,-0.0011502994876563522,70.02618737966469,256.7437102679214,193.8507864065389,62.89292386138251,6.837768889823454,3.297309701332898,201.80657729743342
2025-10-29,25982.0,26097.849609375,25960.30078125,26053.900390625,321900,0.004527837947802368,72.43062066172783,268.7671389698262,208.83405691919637,59.93308205062982,6.716216488968341,4.023572422439857,198.93827824940246
2025-10-30,25984.400390625,26032.05078125,25845.25,25877.849609375,257400,-0.006780108726120027,64.14245920648966,261.0803938477329,219.2833243049037,41.797069542829234,6.1997677603767105,2.764094729250927,199.63200056194515
2025-10-31,25863.80078125,25953.75,25711.19921875,25722.099609375,334400,-0.006036845980053782,57.837002412913726,239.65823862275647,223.35830716847425,16.299931454282216,5.778969718817151,1.727284798301017,202.69762775394906
2025-11-03,25696.849609375,25803.099609375,25645.5,25763.349609375,23300,0.001602394830084992,58.98693853744321,223.43394904622983,223.37343554402537,0.060513502204457836,5.348493103222182,2.124678209560355,199.47634072688126
2025-11-04,25744.75,25787.400390625,25578.400390625,25597.650390625,305100,-0.006452358545521922,52.7618767800577,194.95818393304216,217.69038522182873,-22.73220128878657,5.042539362594059,1.798136408601937,200.1566021035326
2025-11-06,25593.349609375,25679.150390625,25491.55078125,25509.69921875,371900,-0.0034418242922323408,49.76012274075014,163.41031796620518,206.83437177070402,-43.42405380449884,4.7408928596164,0.7350803175588929,199.25967405149456
2025-11-07,25433.80078125,25551.25,25318.44921875,25492.30078125,305600,-0.0006822649376453303,49.16424448426641,135.44319357092536,192.55613613074829,-57.112942559822926,4.306353847807652,-0.3634899616585878,201.65546742281637
2025-11-10,25503.5,25653.44921875,25503.5,25574.349609375,243600,0.0032134043686110675,52.07866251233541,118.53332235871494,177.7515733763416,-59.21825101762667,3.991905156757538,-0.5270353660512679,198.7621081426152
2025-11-11,25617.0,25715.80078125,25449.25,25694.94921875,297700,0.004704563337770722,56.065650816614166,113.55452232938842,164.912163166951,-51.35764083756257,3.759737341148852,-0.5734640306421862,203.60415622171413
2025-11-12,25834.30078125,25934.55078125,25781.150390625,25875.80078125,312600,0.007013755040664786,61.269557892682926,122.78658971576442,156.48704847671368,-33.70045876094926,3.441957397575047,0.02783750177334777,206.17539952730598
2025-11-13,25906.099609375,26010.69921875,25808.400390625,25879.150390625,385200,0.00012944111834060272,61.36084501925217,128.8876188749964,150.96716255637023,-22.07954368137382,2.8222171751312546,-0.04731300669405118,205.89850156999842
2025-11-14,25767.900390625,25940.19921875,25740.80078125,25910.05078125,518900,0.0011933141887742222,62.244915756743175,134.66381112795716,147.70649227068762,-13.042681142730459,2.426235132257483,0.44543407921653155,205.43421127928423
2025-11-17,25948.19921875,26024.19921875,25906.349609375,26013.44921875,281800,0.003982727442351947,65.12073392769265,145.9029959571635,147.34579300798282,-1.4427970508193084,2.4481526578570736,0.18254003236497657,199.17816828612106
2025-11-18,26021.80078125,26029.849609375,25876.5,25910.05078125,280000,-0.003982727442351953,60.183874026005356,144.79760448765956,146.83615530391816,-2.0385508162586063,2.453282605269822,-0.10081830911098404,195.90469979246956
2025-11-19,25918.099609375,26074.650390625,25856.19921875,26052.650390625,250100,0.005488550984983714,64.21329191694599,153.6569093037142,148.20030610387738,5.45660319983682,2.585925467400325,-0.004797746138807642,197.51516208407887
2025-11-20,26132.099609375,26246.650390625,26063.19921875,26192.150390625,240400,0.005340256999340202,67.66114321397333,169.97508932422716,152.55526274794735,17.419826576279803,2.8728872519944746,1.214555250897414,197.26407907807325
2025-11-21,26109.55078125,26179.19921875,26052.19921875,26068.150390625,235600,-0.0047454848460117445,61.94786611713221,170.93121225398136,156.23045264915416,14.700759604827198,2.973274548688343,1.3453442234702877,193.17029999213946
2025-11-24,26122.80078125,26142.80078125,25912.150390625,25959.5,464700,-0.00417664636992243,57.37622414405274,161.0651097444861,157.19738406822057,3.867725676265536,2.9914393322931905,0.761354379764435,195.84744932305807
2025-11-25,25998.5,26032.599609375,25857.5,25884.80078125,260500,-0.002881677226487561,54.4035808585839,145.54084548781975,154.86607635214042,-9.325230864320673,2.967425719848794,1.1217841725433022,194.36546075533963
2025-11-26,25842.94921875,26215.150390625,25842.94921875,26205.30078125,275300,0.012305756174877891,63.21062053612769,157.28632681963063,155.35012644563847,1.9362003739921647,3.1913148322857965,2.7268120903155246,207.0680115496011
2025-11-27,26261.25,26310.44921875,26141.900390625,26215.55078125,240300,0.0003910657620054032,63.45374163541803,165.5138540531625,157.38287196714327,8.13098208601923,3.3491832424464927,2.8371311252217852,204.31664130498672
2025-11-28,26237.44921875,26280.75,26172.400390625,26202.94921875,202500,-0.0004808059270205712,62.90336588751481,169.06847178253156,159.71999193022094,9.348479852310618,3.5303004690358604,2.457929992262908,197.46185330998767
2025-12-01,26325.80078125,26325.80078125,26124.19921875,26175.75,213800,-0.001038560391932615,61.66021511635801,167.7569842140001,161.3273903869768,6.429593827023325,3.605113266010197,1.8711879021700975,197.75754682355998
2025-12-02,26087.94921875,26154.599609375,25997.849609375,26032.19921875,254800,-0.005499206353098099,55.43353819450387,153.36636058664953,159.73518442691133,-6.368823840261797,3.587373156589784,0.6044197001753417,196.33917852366284
2025-12-03,26004.900390625,26066.44921875,25891.0,25986.0,265700,-0.0017762718275890193,53.55898658277614,136.6584829089552,155.11984412332012,-18.461361214364928,3.3993321070101676,0.4128791237818511,194.84703853982978
2025-12-04,25981.849609375,26098.25,25938.94921875,26033.75,248100,0.0018358417105443499,55.24361167031109,125.82002053573524,149.25987940580313,-23.439858870067894,3.0422422259967266,0.47741789390669914,192.30802016198479
2025-12-05,25999.80078125,26202.599609375,25985.349609375,26186.44921875,249300,0.005848298407896911,60.21389476078801,128.0756356075908,145.02303064616066,-16.94739503856985,2.6141180581408925,0.665040604747274,194.08959015041447
2025-12-08,26159.80078125,26178.69921875,25892.25,25960.55078125,320700,-0.008663963433110109,51.162084924763676,110.36291581366095,138.09100767966072,-27.728091865999772,2.142210849165348,0.19490505991807897,201.24027790752774
2025-12-09,25867.099609375,25923.650390625,25728.0,25839.650390625,276000,-0.004667959097577137,47.08266078945259,85.58325614390196,127.58945737250897,-42.00620122860701,1.9245594417087917,-0.8175751672338398,203.47674243199003
2025-12-10,25864.05078125,25947.650390625,25734.55078125,25758.0,207900,-0.003164890577820058,44.50191867731431,58.680263633192226,113.80761862464563,-55.1273549914534,2.070813055693201,-1.6575591700191068,204.16409007077644
2025-12-11,25771.400390625,25922.80078125,25693.25,25898.55078125,206100,0.005441754277616313,49.62100861097864,48.14572767883874,100.67524043548426,-52.529512756645516,2.055748258038685,-0.6506008551952878,205.97742515500667
2025-12-12,25971.19921875,26057.599609375,25938.44921875,26046.94921875,216300,0.0057136360690816825,54.40322939801253,51.18155660145203,90.77650366867782,-39.59494706722579,2.016147158146745,0.33686788555249525,202.62538251000618
2025-12-15,25930.05078125,26047.150390625,25904.75,26027.30078125,181600,-0.0007546316435640039,53.67670636273644,51.4093927191534,82.90308147877295,-31.493688759619545,2.015193704308961,0.5505161164045804,198.32359737536288
2025-12-16,25951.5,25980.75,25834.349609375,25860.099609375,264400,-0.006444791966669916,47.823881718165346,37.66404955388498,73.85527509379536,-36.19122553991038,2.0575241578770194,-1.3172952096851827,197.9398526967655
2025-12-17,25902.400390625,25929.150390625,25770.349609375,25818.55078125,206500,-0.0016079691231565723,46.46795154093237,23.15124967877273,63.71447001079083,-40.563220332018105,2.1733349054982725,-1.5143683354688244,195.14420473628226
2025-12-18,25764.69921875,25902.349609375,25726.30078125,25815.55078125,197600,-0.00011620227379163036,46.36573132921675,11.277674281707732,53.227110864974215,-41.94943658326648,2.1837945251201267,-1.478453567443431,193.78024926404782
2025-12-19,25911.5,25993.349609375,25880.44921875,25966.400390625,382900,0.005826355812965194,52.07467706330196,13.88008206284212,45.3577051045478,-31.477623041705677,2.1725867260626206,-0.7997845692100513,192.63871918268725
2025-12-22,26055.849609375,26180.69921875,26047.80078125,26172.400390625,253000,0.00790202570190833,58.56141280256768,32.19387639777415,42.72493936319307,-10.531062965418926,2.2479872399026988,0.538568296504194,194.1858698214239
2025-12-23,26205.19921875,26233.55078125,26119.05078125,26177.150390625,216600,0.00018147242687454733,58.70022254291742,46.55432635935722,43.4908167624259,3.0635095969313184,2.2762521276851784,0.7355898969637498,188.49402197703648
2025-12-24,26170.650390625,26236.400390625,26123.0,26142.099609375,188800,-0.0013398810760412456,57.17815503262558,54.47878379240137,45.688410168420994,8.79037362398038,2.224639746011589,0.4161890214625246,183.13019116617673
2025-12-26,26121.25,26144.19921875,26008.599609375,26042.30078125,142200,-0.0038248575837020187,52.96690356380303,52.10540336908525,46.971808808553845,5.133594560531407,2.114455063669432,-0.5504695817896035,179.73514960966412
2025-12-29,26063.349609375,26106.80078125,25920.30078125,25942.099609375,234300,-0.0038550524856079535,49.05993390282125,41.65886763578965,45.909220574001004,-4.250352938211357,2.007789359123737,-0.07107388448910087,180.21835320897384
2025-12-30,25940.900390625,25976.75,25878.0,25938.849609375,396900,-0.00012528683662081574,48.93385566382872,32.74025567795252,43.27542759479131,-10.535171916838792,1.9096420753001313,0.3839030995016516,174.39918512261855
2025-12-31,25971.05078125,26187.94921875,25969.0,26129.599609375,246300,0.007326926621050068,56.06966955158195,40.59615507648414,42.73957309112988,-2.1434180146457393,1.966571599448268,1.442657074986412,179.73492971207435
2026-01-01,26173.30078125,26197.55078125,26113.400390625,26146.55078125,425600,0.0006485241297397655,56.64939909390267,47.64065800180833,43.71979007326557,3.920867928542762,2.0373218697342415,0.9575825384775842,172.90746263442617
2026-01-02,26155.099609375,26340.0,26118.400390625,26328.55078125,357500,0.00693665088228735,62.3884323472671,67.1354604874432,48.4029241561011,18.732536331342097,2.3219562267162623,1.081130692638998,176.38547311589573
2026-01-05,26333.69921875,26373.19921875,26210.05078125,26250.30078125,338800,-0.002976484097528138,58.785067150710184,75.40192442362604,53.8027242096061,21.599200214019945,2.387995153592035,0.8567926496651878,175.4399705719032
2026-01-06,26189.69921875,26273.94921875,26124.75,26178.69921875,383000,-0.0027313741255683985,55.619482117060834,75.30741198703254,58.10366176509139,17.20375022194115,2.441531976635421,1.23201230539537,173.56563115605294
2026-01-07,26143.099609375,26187.150390625,26067.900390625,26140.75,338200,-0.0014506737349826563,53.96092150906759,71.34787155110462,60.75250372229404,10.59536782881058,2.379215998445111,1.2479368864653246,169.68594321633486
2026-01-08,26106.5,26133.19921875,25858.44921875,25876.849609375,328500,-0.010146667926064248,44.11025065354498,46.38070333575888,57.87814364498701,-11.497440309228132,2.242433749011593,0.23744923609966803,177.7298602187395
2026-01-09,25840.400390625,25940.599609375,25623.0,25683.30078125,348800,-0.007507725861466694,38.55165958463047,10.851184076323989,48.47275173125441,-37.62156765493042,2.509232587536623,-1.0902535781479026,187.72055658704383
2026-01-12,25669.05078125,25813.150390625,25473.400390625,25790.25,275800,0.00415550786875295,42.838162599969195,-8.577432469686755,37.062714891066186,-45.64014736075294,2.6390989516857264,-1.4601274049050805,198.57980254511213
2026-01-13,25897.349609375,25899.80078125,25603.30078125,25732.30078125,339500,-0.002249471049361169,41.16263792958842,-28.32426422260687,23.985319068331577,-52.30958329093845,2.8123538481328185,-1.6993813411192267,205.57410236331842
2026-01-14,25648.55078125,25791.75,25603.94921875,25665.599609375,393100,-0.002595483815978393,39.25922808909005,-48.793536267228774,9.429548001219505,-58.223084268448275,3.00256514764134,-1.8227304123235726,204.3045794266528
2026-01-16,25696.05078125,25873.5,25662.400390625,25694.349609375,434000,0.0011195495104741853,40.535594195614486,-61.98121623076804,-4.852604845178005,-57.128611385590034,3.117361758188796,-1.3360999659658286,204.78993870867757
2026-01-19,25653.099609375,25653.30078125,25494.349609375,25585.5,443100,-0.004245323404225256,37.336667977891594,-80.29026519814943,-19.940136915772293,-60.350128282377135,3.3582290365731247,-1.3745981040259803,204.44780022948632
2026-01-20,25580.30078125,25585.0,25171.349609375,25232.5,409800,-0.013892938636022806,29.26958158683007,-121.87951706491731,-40.328012945601294,-81.55150411931601,4.197036302169768,-2.723133909222043,219.42655668630871
2026-01-21,25141.0,25300.94921875,24919.80078125,25157.5,395600,-0.0029767833055262707,27.890745884031674,-159.05765437289665,-64.07394123106036,-94.98371314183629,4.877767540844811,-3.7203004405250124,230.9781196015724
2026-01-22,25344.150390625,25435.75,25168.5,25289.900390625,486400,0.005249059162526262,33.81793778088279,-175.8113472637924,-86.42142243760678,-89.38992482618563,5.173510545281085,-3.276341869304283,234.35468248717436
2026-01-23,25344.599609375,25347.94921875,25025.30078125,25048.650390625,393900,-0.009585172530157553,29.120886372822994,-206.17892605564703,-110.37292316121484,-95.80600289443218,5.726036237686617,-4.861264113087786,240.66137927380478
2026-01-27,25063.349609375,25246.650390625,24932.55078125,25175.400390625,618700,0.0050473933153695125,34.28513499287635,-217.51046013980158,-131.8004305569322,-85.71002958286937,6.0242082269426085,-4.094811711234857,245.90696713817587
2026-01-28,25258.849609375,25372.099609375,25187.650390625,25342.75,574900,0.006625350304204862,40.4539692253019,-210.55986461296925,-147.55231736813963,-63.007547244829624,6.140760877962319,-3.1932420009290112,242.39212796759188
2026-01-29,25345.0,25458.150390625,25159.80078125,25418.900390625,582400,0.003000314101836464,43.07270766765674,-196.64002368467845,-157.3698586314474,-39.27016505323104,6.175133482658882,-2.7613959407247304,246.38909092526387
2026-01-30,25247.55078125,25370.69921875,25213.650390625,25320.650390625,508400,-0.003872723399525638,40.592273047933766,-191.3308602943107,-164.16205896402008,-27.16880133029062,6.101727130728412,-2.1494085529967024,243.4505844306022
2026-02-02,24796.5,25108.099609375,24679.400390625,25088.400390625,449200,-0.00921468029121448,35.40230173932687,-203.51791621018856,-172.0332304132538,-31.48468579693477,6.133391221498852,-2.316292581284197,271.8648283998449
2026-02-03,26308.05078125,26341.19921875,25641.30078125,25727.55078125,637300,0.025156829049839922,53.153591294719284,-159.76053095242605,-169.57869052108825,9.818159568662196,5.584919308634104,-0.24311210147245568,341.9315426659274
2026-02-04,25675.05078125,25818.55078125,25563.94921875,25776.0,429800,0.0018813938963879184,54.18142497830379,-119.79215148036019,-159.62138271294265,39.82923123258246,5.094931773482035,0.16982243104293926,335.6936869397897
2026-02-05,25755.900390625,25757.650390625,25579.5,25642.80078125,343800,-0.005180965509696233,50.876487517117454,-97.73832003950884,-147.2447701782559,49.506450138747056,4.58671441360414,-0.08883029608500617,325.75128072980476
2026-02-06,25605.80078125,25703.94921875,25491.900390625,25693.69921875,375500,0.001982934332408332,52.0793689129144,-75.28557594722224,-132.85293133204917,57.567355384826925,4.0713440157095295,-0.0025312593425703776,317.6296769723187
2026-02-09,25888.69921875,25922.25,25780.900390625,25867.30078125,359400,0.006733857702297746,56.03381819170808,-42.98788170458283,-114.8799214065559,71.89203970197306,4.060577600744612,1.10140814621563,311.2668987064388
2026-02-10,25922.650390625,25989.44921875,25870.44921875,25935.150390625,460900,0.0026195535786092045,57.50963465675699,-11.781025562006107,-94.26014223764595,82.47911667563984,4.28585517520334,2.7847038170018825,297.7584371916932
2026-02-11,25997.44921875,26009.400390625,25899.80078125,25953.849609375,331400,0.0007207392533858182,57.92877508279918,14.294722775481205,-72.54916923502051,86.84389201050172,4.449580785091821,3.165456064294942,284.3185209190722
2026-02-12,25906.69921875,25906.69921875,25752.400390625,25807.19921875,419400,-0.005666453301894332,53.47371194981854,22.86293065071368,-53.46674925787367,76.32967990858735,4.500415552614056,2.0454759415215547,278.3992850498528
2026-02-13,25571.150390625,25630.349609375,25444.30078125,25471.099609375,453500,-0.013109031702560043,44.94290481672745,2.504002960075013,-42.27259881428394,44.77660177435895,4.474416473542997,1.6865148906709593,284.4349387962919
2026-02-16,25423.599609375,25697.0,25372.69921875,25682.75,275800,0.008275099528577884,50.31798271587606,3.4085323353865533,-33.13637258434984,36.544904919736396,4.468862048862773,2.015259346436971,287.2824989715567
2026-02-17,25637.94921875,25764.400390625,25570.30078125,25725.400390625,344100,0.0016592855446634625,51.34873481814146,7.480675886297831,-25.012962890220308,32.49363877651814,4.521585370853738,1.509900822227264,280.6265782860884
2026-02-18,25752.650390625,25828.05078125,25645.150390625,25819.349609375,310200,0.0036453498285502696,53.63085713988405,18.080376450270705,-16.394295022122108,34.474671472392814,4.505837404864221,1.5753994570815253,273.64613631029636
2026-02-19,25873.349609375,25885.30078125,25388.75,25454.349609375,298200,-0.014237559265090531,44.832152386814364,-2.937868138644262,-13.70300964542654,10.765141506782278,4.297808379342955,0.5280244254685585,289.56789666313233
2026-02-20,25406.55078125,25663.55078125,25379.75,25571.25,296600,0.00458203709696536,47.786712475199764,-10.046286520118883,-12.971665020365009,2.9253785002461257,4.183014974919136,1.924593046416106,289.1559598479086
2026-02-23,25678.400390625,25771.44921875,25609.349609375,25713.0,313700,0.00552802706402003,51.19959986147227,-4.19338027745107,-11.216008071782223,7.022627794331154,3.7440236055057086,-0.0565571957226666,282.8019069123437
2026-02-24,25641.80078125,25641.80078125,25327.599609375,25424.650390625,439100,-0.011277509359324957,44.78648676674737,-22.562230205247033,-13.485252498475187,-9.076977706771846,3.476660685099125,-1.3630881803809745,290.13037003467633
2026-02-25,25512.599609375,25652.599609375,25428.19921875,25482.5,414200,0.0022727508349003555,46.24133129105031,-32.08187620759054,-17.20457724029826,-14.87729896729228,3.369954671141618,-0.6251297688480731,285.688859228628
2026-02-26,25556.30078125,25572.94921875,25400.94921875,25496.55078125,405200,0.000551237474627977,46.609308964076156,-38.05382284808729,-21.374426361856067,-16.679396486231227,3.3205432848808156,-0.7673026597747776,277.5682264265832
2026-02-27,25459.849609375,25476.400390625,25141.30078125,25178.650390625,438900,-0.012546750821351201,39.94689959877203,-67.65861194279933,-30.631263478044723,-37.0273484647546,3.5135531212875613,-2.6622429469880005,283.11692453897007
