Date,Open,High,Low,Close,Volume,log_return,rsi,macd,macd_signal,macd_diff,bb_width,roc,atr
2023-04-20,12642.0,12650.2001953125,12453.849609375,12485.25,27411700,-0.011154774225317876,66.80131742254795,200.52156607552024,164.19942541109262,36.32214066442762,10.73676740714335,5.070375123603544,145.30277000137613
2023-04-21,12508.599609375,12562.5498046875,12489.650390625,12545.75,19991100,0.00483401524606494,68.70025327754932,200.510191913374,171.4615787115489,29.048613201825106,10.483846720719894,5.664435818685348,140.44541533609927
2023-04-24,12505.4501953125,12509.2998046875,12391.099609375,12454.349609375,18240500,-0.0073120346947473935,62.851264045219544,190.92506484857586,175.3542759389543,15.57078890962157,9.793825567930794,4.285950256437094,141.4600564281636
2023-04-25,12459.0498046875,12474.150390625,12365.849609375,12456.599609375,31949000,0.00018064345813237633,62.93492186714057,181.4190528764575,176.56723132645496,4.851821550002541,9.266010405724662,3.657718090808315,139.09153677258047
2023-04-26,12454.099609375,12476.2998046875,12404.349609375,12457.849609375,25611700,0.00010034337826007231,62.984793646736925,172.0035842045545,175.65450190207486,-3.650917697520356,8.647075529059121,3.2308669471800346,134.295726668289
2023-04-27,12450.75,12537.75,12402.0498046875,12519.349609375,27862600,0.004924501241811383,65.44806420376432,167.5726206102736,174.0381256437146,-6.465505033441019,7.807273850315221,2.77051524047928,134.39604585716123
2023-04-28,12551.849609375,12625.5,12518.0498046875,12613.9501953125,36666700,0.007527943678147527,68.87883127529282,169.73789393045263,173.1780793010622,-3.4401853706095835,7.316126993371717,2.7667501476258844,132.4713422468283
2023-05-02,12618.75,12669.75,12559.0498046875,12590.2998046875,22723700,-0.0018766991730671371,67.08543499581901,167.61335732027328,172.06513490490445,-4.451777584631174,6.510089474232172,2.3705645263746318,130.91626032294772
2023-05-03,12581.599609375,12634.7998046875,12549.2001953125,12586.7998046875,17230400,-0.0002780304385214054,66.80820850312634,163.759508325742,170.404009589072,-6.64450126333,5.692206909193955,2.3317057291666665,127.67935668380859
2023-05-04,12610.2001953125,12671.5,12589.4501953125,12654.650390625,17406400,0.005376137174001901,69.44434743505445,164.28648809625884,169.18050529050936,-4.894017194250523,5.019868098991992,0.6398036778712239,124.60941658585797
2023-05-05,12665.7998046875,12677.400390625,12590.150390625,12608.349609375,16127800,-0.003665505529126638,65.61470537319599,159.13364367890063,167.17113296818764,-8.03748928928701,4.200747082368837,1.0373447555303115,121.94088682972526
2023-05-08,12598.349609375,12671.5498046875,12580.400390625,12663.099609375,21775400,0.004332959711561705,67.87101539055502,157.6505474125479,165.26701585705968,-7.616468444511781,3.72385504979853,2.0921346074720306,119.7414959177806
2023-05-09,12686.5498046875,12728.0498046875,12623.150390625,12716.7001953125,25410300,0.004223884037030397,69.9499521866073,158.96782018563135,164.00717672277403,-5.03935653714268,3.5595399824482223,0.8673558624580807,118.68134721383198
2023-05-10,12755.099609375,12760.900390625,12646.2001953125,12716.900390625,21690200,1.574258523313575e-05,69.95777108351838,158.20424240958164,162.84658986013557,-4.6423474505539275,3.3399943935646546,0.7255319664051912,118.39697922087969
2023-05-11,12659.25,12671.099609375,12464.849609375,12557.0498046875,26226100,-0.012649602947189269,57.167144236466115,143.05148667082904,158.88756922227427,-15.83608255144523,2.779237300510166,0.5750770283935044,127.94367936581685
2023-05-12,12564.349609375,12591.650390625,12435.25,12486.7001953125,24910700,-0.005618151787623863,52.60842055086089,123.93751847327803,151.89755907247502,-27.960040599196986,2.832650386589821,-0.47067576420301693,129.97630159861563
2023-05-15,12485.0498046875,12498.400390625,12391.2998046875,12487.400390625,19657200,5.607371607039236e-05,52.648893895228994,107.60564992778018,143.03917724353605,-35.43352731575587,2.8205865508314725,0.2653754092877002,128.34232190853595
2023-05-16,12512.150390625,12609.0,12435.4501953125,12454.5,22406500,-0.0026381638280729676,50.46792295319493,90.95921862515206,132.62318551985925,-41.66396689470719,2.69457634043626,-0.01685539746673568,131.5714278213191
2023-05-17,12459.5498046875,12498.25,12341.2001953125,12398.5498046875,18738300,-0.004502488851274744,46.90912603766828,72.4173070824927,120.58200983238595,-48.16470274989325,2.909464497905824,-0.4760035362995125,133.39131188318916
2023-05-18,12451.25,12451.25,12220.9501953125,12241.349609375,19362000,-0.01275998132719331,38.6603468523373,44.524713432030694,105.37055055231491,-60.845837120284216,3.5822759789879255,-2.2205626384282957,140.31334708349706
2023-05-19,12223.349609375,12250.5,12101.150390625,12124.25,21213000,-0.009611953969286924,33.88093195861664,12.822858246547185,86.86101209116137,-74.03815384461419,4.584474188020828,-3.882211263958206,140.95879439003298
2023-05-22,12063.5,12258.650390625,12040.650390625,12244.2001953125,29234100,0.009844792192085103,41.81587302100086,-2.5922304720970715,68.97036357850968,-71.56259405060675,4.959215059298322,-2.748938585609721,146.46173764788776
2023-05-23,12253.150390625,12371.400390625,12246.599609375,12314.2001953125,24398700,0.005700712461630963,45.89647562449248,-9.055992511237491,53.36509236056025,-62.42108487179774,5.124152636900447,-2.1657578860790343,145.08591319536006
2023-05-24,12335.0498046875,12449.900390625,12325.7998046875,12440.4501953125,37671100,0.010200192095998518,52.38283944556555,-3.945766273971458,41.902920633653906,-45.848686907625364,5.131861031466644,-1.6926599210610107,144.41550477515577
2023-05-25,12441.0,12475.099609375,12403.2001953125,12455.5,22063900,0.0012090164386294596,53.10459510573507,1.3034924485200463,33.78303499662714,-32.47954254810709,5.132779687491417,-1.2122887936209188,139.23578400996607
2023-05-26,12447.5498046875,12628.150390625,12414.400390625,12601.5498046875,17410900,0.011657514336883624,59.517423891680906,17.05200159422202,30.436828316146112,-13.384826721924092,5.183892513539725,-0.4860563889265485,144.5582280092542
2023-05-29,12634.75,12644.2001953125,12487.0,12624.2001953125,23144700,0.001795815522805506,60.42136383807185,31.003121099038253,30.550086872724542,0.4530342263137115,5.195918540190708,-0.727389956351227,145.46122567377176
2023-05-30,12632.25,12657.150390625,12561.599609375,12604.7001953125,23023700,-0.001545846515800847,59.195882959503415,40.024617906525236,32.44499307948468,7.579624827040554,5.20962368908732,-0.8822920040736882,141.89619392921665
2023-05-31,12616.7001953125,12748.7998046875,12602.5,12678.400390625,30324600,0.005830013119780262,62.30752335214624,52.51583904380095,36.45916227234794,16.056676771453013,5.324541622686032,0.9663940800187022,142.2107375548083
2023-06-01,12708.7001953125,12827.650390625,12690.599609375,12812.7998046875,23279600,0.010544867122794115,67.21712123950327,72.42525799059695,43.652381415997745,28.772876574599202,5.654231079825293,2.611575550579949,142.71354201517914
2023-06-02,12823.4501953125,12925.349609375,12776.349609375,12900.599609375,24471400,0.006829135619192041,69.96907316418688,94.2024195565682,53.762389044111835,40.44003051245637,6.238413130451151,3.308929047075419,143.16257472838063
2023-06-05,12958.5,12985.400390625,12888.75,12934.5,17723000,0.002624368444050457,70.98195265201817,112.89507109479018,65.58892545424752,47.30614564054267,6.795254897423632,3.854028664338191,139.84027586385346
2023-06-06,12945.599609375,13028.400390625,12891.650390625,13012.900390625,14349100,0.0060430430819614165,73.230621655843,132.5079196022889,78.9727242838558,53.5351953184331,7.457768381127912,4.955019704846719,139.6195418735782
2023-06-07,13047.2001953125,13085.7001953125,13019.0498046875,13045.650390625,17226100,0.0025135716500822407,74.13238283412468,148.97658530357876,92.97349648780039,56.00308881577837,8.128648771742748,6.570360351721584,134.84670350314406
2023-06-08,13068.349609375,13087.599609375,12888.599609375,12911.349609375,18916800,-0.010348035572608062,64.53215894147698,149.4681945675129,104.2724361037429,45.195758463770005,8.450505391933177,6.491944733694869,139.42908182434806
2023-06-09,12917.7998046875,12949.5498046875,12849.849609375,12861.0498046875,14514000,-0.0039033904251800995,61.328767003821675,144.13749724005356,112.24544833100504,31.892048909048526,8.605615356172189,5.037892222728858,136.5913042163589
2023-06-12,12850.4501953125,12900.599609375,12796.0498046875,12856.0498046875,14580100,-0.0003888463426239913,61.00458808355911,137.91957201494915,117.38027306779387,20.539298947155288,8.710880453768008,4.4002013998542875,134.30262567858327
2023-06-13,12898.2001953125,13021.599609375,12879.75,12993.75,23721200,0.010653970154202745,66.28947069289595,142.4608761283016,122.39639367989541,20.064482448406196,8.951363167840269,4.447586670906658,136.53456703636303
2023-06-14,13031.7998046875,13036.5,12942.0,12976.7998046875,22054900,-0.0013053399213169457,65.11954567375216,143.04323982604546,126.52576290912543,16.51747691692003,8.996477268831446,4.185298098731484,133.5320979623371
2023-06-15,13004.2998046875,13191.7998046875,12999.7001953125,13160.599609375,25143700,0.014064355178755516,71.07985689208519,156.53147797084785,132.5269059214699,24.00457204937794,8.945134085041728,4.436357538177929,139.35123382217017
2023-06-16,13219.900390625,13278.5,13203.400390625,13241.9501953125,23166200,0.006162347498755152,73.25797496312212,171.80485684317682,140.3824961058113,31.422360737365523,8.448768002851843,4.893379306749089,137.81903073665802
2023-06-19,13272.900390625,13347.5498046875,13254.849609375,13264.650390625,14774200,0.0017127960855242072,73.84982165911259,183.6241310063342,149.0308230859159,34.59330792041831,8.086959978789423,5.235746864950628,135.5176434965396
2023-06-20,13302.5498046875,13316.400390625,13206.0,13238.849609375,10269000,-0.0019469722414212254,71.90202330709971,188.73348142183931,156.9713547531006,31.762126668738716,7.595535864434812,4.420504176255722,133.72355400571533
2023-06-21,13252.849609375,13307.7998046875,13178.25,13247.7001953125,17738900,0.0006683079776097546,72.17315628384266,191.29175448402384,163.83543469928526,27.456319784738582,7.275218862178429,3.394265088461726,133.42542905441422
2023-06-22,13224.150390625,13258.900390625,13151.2998046875,13166.849609375,23930400,-0.006121689676740623,65.91577671448137,184.6665170706765,168.00165117356352,16.664865897112975,6.631369944167662,2.0638575574930127,131.58079740320608
2023-06-23,13168.900390625,13230.349609375,13077.4501953125,13186.2998046875,22993300,0.001476119498175596,66.66454706709652,178.92292479659045,170.18590589816893,8.737018898421525,6.283384559378524,1.9467300992500676,133.1035557360128
2023-06-26,13193.7001953125,13406.0,13176.2001953125,13388.599609375,27132200,0.015225172398754639,73.24743968209793,188.52182780710245,173.85309027995564,14.668737527146817,6.2724646467538125,2.887128983333096,140.01043066111902
2023-06-27,13421.650390625,13449.650390625,13359.599609375,13426.900390625,23668400,0.002856617053223735,74.2828903657703,196.94927194289448,178.4723266125434,18.47694533035107,6.071657485745406,2.9224299945518837,136.44188427461052
2023-06-28,13409.2001953125,13651.650390625,13407.25,13622.75,29452000,0.014481002822405978,78.8011924179201,216.9308648547776,186.16403426099026,30.766830593787347,6.482131666353174,5.509884033412343,144.15320615678118
2023-06-30,13640.7998046875,13805.0498046875,13634.7001953125,13767.5,38003400,0.010569552856587828,81.40195624130519,241.660820955487,197.26339159988962,44.39742935559738,7.43467524759123,7.048026475895644,146.87796319468967
2023-07-03,13796.5498046875,13811.7001953125,13597.400390625,13614.0,19856800,-0.011212067128739856,71.3984397024127,246.0371589722199,207.0181450743557,39.01901389786423,7.7567730845494385,5.895669407224453,151.6938090156047
2023-07-04,13683.150390625,13713.9501953125,13578.349609375,13675.4501953125,17808800,0.004503593787017415,72.83752571460556,251.56408144362285,215.92733234820915,35.636749095413705,8.12152286910949,5.246369949494949,150.54429308145436
2023-07-05,13726.25,13788.650390625,13682.849609375,13772.0,16922000,0.007035276663500229,74.96858368940829,260.7294429396661,224.88775446650055,35.84168847316556,8.67588615987595,6.127860545596585,147.87685752652902
2023-07-06,13769.400390625,13904.650390625,13759.75,13871.599609375,21699500,0.007206010922679039,76.97540564200361,272.8842739999309,234.48705837318664,38.39721562674424,9.341359817290105,5.402489408564003,147.66425274784837
2023-07-07,13800.400390625,13917.5498046875,13730.349609375,13769.0,33461800,-0.007423867936721144,70.6883936585634,271.1129132679471,241.81222935213876,29.30068391580832,9.33817474495208,3.980152446684701,150.4882486453235
2023-07-10,13811.150390625,13821.0,13705.349609375,13751.7998046875,20959700,-0.0012499780292795281,69.66119235877262,265.26339382886545,246.50246224748412,18.760931581381328,8.999453960627383,3.672538662660876,147.9998302153004
2023-07-11,13795.5498046875,13915.5,13780.4501953125,13895.400390625,16313100,0.01038816779255784,73.1669722396969,269.1128097410801,251.02453174620334,18.08827799487679,8.705076785676855,4.959273657622548,149.12128486510034
2023-07-12,13918.2001953125,13970.2998046875,13873.75,13936.7001953125,22345500,0.002967784258550349,74.09414473553244,272.35649255630597,255.29092390822387,17.065568648082092,8.626954881238612,5.200902721544018,145.36617913812887
2023-07-13,13979.400390625,13980.0498046875,13841.4501953125,13876.5498046875,16425200,-0.004325311454147152,70.28499024891238,266.99574003910493,257.6318871344001,9.363852904704856,8.155202913004391,5.390053174201842,144.8828527264768
2023-07-14,13931.75,13961.2001953125,13852.900390625,13945.650390625,17781600,0.0049673086625478275,72.06191598503742,265.26533121820285,259.1585759511606,6.106755267042217,8.088576868712597,5.758632802111507,142.2697778665499
2023-07-17,13979.400390625,14076.900390625,13973.9501953125,14053.7001953125,18237700,0.007718060511345495,74.6178452337499,269.50598871287184,261.2280585035029,8.277930209368947,8.255381727324943,4.967663574551752,141.48265087608203
2023-07-18,14063.599609375,14076.4501953125,13926.7998046875,14017.150390625,14829400,-0.0026041124212114863,72.21125119508872,266.8414939121085,262.350745585224,4.4907483268845,8.226728203156561,4.396025760436321,142.0660608581476
2023-07-19,14026.349609375,14150.7998046875,14000.599609375,14092.599609375,19633300,0.005368201420404787,74.07038469501502,267.73173915182997,263.4269442985452,4.304794853284761,8.12607198660457,3.4490070607990306,142.64707046202992
2023-07-20,14137.849609375,14329.7001953125,14111.400390625,14299.0498046875,24869800,0.014543278630493059,78.34046421050381,281.84711223748855,267.1109778863339,14.736134351154647,8.328728986061552,3.8609028849645908,149.39375013884924
2023-07-21,14295.599609375,14363.900390625,14229.849609375,14274.0,16113300,-0.0017533872846210413,76.69019997286968,287.69595730402943,271.227973769873,16.467983534156417,7.930621431341675,4.847950639048039,148.29782378964572
2023-07-24,14261.25,14405.150390625,14236.2001953125,14332.0498046875,21208100,0.004058573956695409,77.85442112852749,293.6305530172285,275.70848961934416,17.922063397884358,7.39105137183877,4.801301602488092,149.7729931841353
2023-07-25,14406.7998046875,14425.349609375,14345.9501953125,14383.25,14983100,0.0035660605962146027,78.85744208314236,299.0182939796505,280.37045049140545,18.64784348824503,7.319531901642725,4.43835318036596,145.7391940058042
2023-07-26,14423.2998046875,14505.4501953125,14378.4501953125,14478.349609375,14203500,0.006590068106776276,80.61377936096427,307.41813629089665,285.7799876513037,21.63814863959294,7.336081416522072,4.374044934154049,144.40068014824675
2023-07-27,14658.7001953125,15105.650390625,14601.0498046875,14919.9501953125,63187000,0.030044853445697205,86.3035429478356,345.72326591106685,297.76864330325634,47.95462260781051,9.027814173800351,8.35899626198344,178.89354451265768
2023-07-28,14908.9501953125,15046.7001953125,14883.4501953125,14962.5498046875,33385000,0.002851142858377846,86.70879578169678,375.19280051050373,313.25347474470584,61.93932576579789,10.467636965881029,8.804302107330695,177.77614847603928
2023-07-31,14935.599609375,15017.349609375,14918.25,14992.150390625,27774300,0.0019763573248577177,86.99670178300902,396.3670660918524,329.8761930141352,66.4908730777172,11.290446498381161,7.892899586685961,172.1563956831079
2023-08-01,15016.849609375,15110.9501953125,14961.7998046875,15001.2998046875,18639200,0.0006100941563386449,87.08979056165657,409.16945459399903,345.734845330108,63.43460926389105,11.873623896714843,7.638821201973403,170.51310960752875
2023-08-02,14997.900390625,15012.2001953125,14831.900390625,14943.400390625,21450000,-0.0038670940660060684,83.03854017990051,409.9181595112768,358.57150816634174,51.34665134493508,12.196263858328525,7.688154483307643,171.21215925609812
2023-08-03,14925.849609375,15253.2001953125,14922.349609375,15099.2001953125,40804200,0.010372018292392258,85.05338707350785,418.26179411371595,370.50956535581656,47.75222875789939,12.77518278601166,8.271753359477424,182.6149040190554
2023-08-04,15098.5498046875,15302.25,15079.25,15241.0,33968000,0.009347389683493195,86.6121596417267,431.34397892985726,382.6764480706247,48.667530859232556,13.220759062549789,8.448307479075968,185.49955373198
2023-08-07,15276.0498046875,15498.099609375,15214.849609375,15479.25,30636400,0.01551125247174511,88.73745159199794,455.68365103447104,397.27788866339404,58.405762371077,13.859316626996446,10.430790628834849,192.48172846541001
2023-08-08,15555.2998046875,15640.25,15478.349609375,15578.5,41615200,0.006391341153627764,89.48622279178036,477.4775975433895,413.31783043939316,64.15976710399633,14.597806348830582,10.543834578515348,190.297347191095
2023-08-09,15631.5498046875,15733.150390625,15594.9501953125,15696.849609375,47958700,0.007568271866651359,90.31323552828547,498.5522811966075,430.36472059083604,68.18756060577147,15.288188921413179,9.775473362078051,187.7511360078025
2023-08-10,15711.400390625,15750.5,15513.650390625,15580.7001953125,34017700,-0.0074270490302265485,83.3812638512841,500.1167976812176,444.31513600891236,55.801661672305215,15.211066815930105,9.15440798173252,191.25816981974518
2023-08-11,15591.4501953125,15598.599609375,15340.4501953125,15355.5,39776500,-0.01455926531971204,71.86391151151211,477.6785337888905,450.987815564908,26.690718223982515,14.61125772868839,7.140989664840308,196.0361158370848
2023-08-14,15349.7998046875,15365.400390625,15207.0,15305.400390625,26959000,-0.0032679832179859643,69.56190828994313,450.65851735571414,450.9219559230692,-0.263438567355081,13.946119326564594,6.41127972207255,193.3478497505073
2023-08-16,15289.5,15416.0,15192.25,15398.7998046875,20634700,0.006083838794148088,71.40114734669187,431.8039447209667,447.09835368264874,-15.294408961682052,13.045960391580403,6.357424845691607,195.51943191118536
2023-08-17,15406.2998046875,15445.349609375,15324.7001953125,15358.4501953125,17135000,-0.00262374773573055,69.44876377213754,408.89222872113896,439.4571286903468,-30.56489996920783,11.998412121626476,2.93901785367733,190.17157349342213
2023-08-18,15363.5498046875,15450.599609375,15229.5,15271.5,18409100,-0.005677477653006654,65.30475496640965,379.3455156624859,427.4348060847746,-48.089290422288684,11.15174713744697,2.0648231708188627,192.38071891353482
2023-08-21,15262.5498046875,15375.25,15241.0498046875,15333.349609375,13238800,0.004041823068177102,66.82133769210179,356.80722765314204,413.3092903984481,-56.50206274530609,10.044670811860131,2.275852428503927,188.22496722774662
2023-08-22,15334.5498046875,15378.2001953125,15262.25,15302.599609375,15543600,-0.0020074462264512145,65.29321906750154,332.62985411131194,397.1734031410209,-64.54354902970897,8.785331185706008,2.008491321487702,183.0624835195147
2023-08-23,15344.599609375,15359.25,15266.2001953125,15282.5,15124700,-0.001314340154205596,64.25878786302138,308.2934261826849,379.39740774935376,-71.10398156666884,7.317310455570728,2.269226551593572,176.63300646008506
2023-08-24,15326.9501953125,15374.900390625,15171.650390625,15193.150390625,13896700,-0.0058636888294377855,59.728702970575476,278.58550467954046,359.23502713539114,-80.64952245585067,5.754199176242928,0.6222196811567976,178.5342202843647
2023-08-25,15173.2001953125,15182.7001953125,15000.0498046875,15025.2001953125,13728700,-0.011115889611545355,52.26946586599248,238.7375676401316,335.13553523633925,-96.39796759620765,5.5640354339796545,-1.4159163092152747,179.57467497387435
2023-08-28,15052.7998046875,15196.349609375,15024.099609375,15161.7998046875,14700500,0.009050289313554094,56.97575117935267,215.69385284270174,311.2471987576117,-95.55334591490998,5.292587812594126,-2.050811217032479,179.0514839043119
2023-08-29,15208.650390625,15256.5498046875,15100.2001953125,15121.099609375,14336500,-0.002688000198532979,55.228415828949124,191.9348715053402,287.38473330715743,-95.44986180181724,5.097734737517165,-2.936100334595757,177.42992143793248
2023-08-30,15178.900390625,15239.400390625,15102.599609375,15125.5,14328200,0.0002909676269647738,55.38771740366634,171.48402131646253,264.20459090901846,-92.72056959255593,4.903456432466098,-3.6398998754104093,174.52783999593728
2023-08-31,15162.2001953125,15184.900390625,15034.25,15095.900390625,23282400,-0.0019588515725367447,53.99597635019737,151.14581918054319,241.59283656332343,-90.44701738278025,4.597210676411049,-3.111540550875586,172.82230789801318
2023-09-01,15125.0,15151.2001953125,14991.599609375,15011.7998046875,16528900,-0.00558666415097412,50.14088485744887,126.77999219949015,218.6302676905568,-91.85027549106664,4.75358815621487,-2.2382872281104493,171.87789918654795
2023-09-04,15063.2998046875,15093.849609375,15007.0,15052.599609375,15072000,0.0027141623002118584,51.93378842267259,109.49985585379909,196.80418532320525,-87.30432946940616,4.94849642864404,-1.6517096893776642,165.80444991429454
2023-09-05,15099.349609375,15267.150390625,15052.599609375,15218.25,22553400,0.010944657735259341,58.464374820239605,107.92770206183195,179.0288886709306,-71.10118660909865,4.826874715295954,-1.1724927070779854,169.28633072398776
2023-09-06,15279.7001953125,15426.0,15218.25,15355.2998046875,22681800,0.00896531305857216,62.94952238655607,116.39876026756428,166.50286299025734,-50.10410272269306,4.503531690459642,-0.02051242530943337,172.03373567227436
2023-09-07,15372.75,15405.400390625,15283.599609375,15306.150390625,17970300,-0.003205944653381819,60.42935965953798,117.78839665433406,156.7599697230727,-38.97157306873862,3.6926496669295124,0.2268957903611302,168.44566749925477
2023-09-08,15327.2998046875,15345.4501953125,15206.0,15250.5498046875,13862400,-0.003639178768967854,57.61908844454955,113.09945082383274,148.0278659432247,-34.92841511939196,3.0885096764960687,-0.5399981530250584,166.374562343058
2023-09-11,15265.349609375,15351.9501953125,15248.150390625,15309.9501953125,20835700,0.0038874014122366367,59.77151591577511,112.87538538456465,140.99736983149268,-28.121984446928025,3.033713738264934,0.04803488377881056,161.90493679623242
2023-09-12,15358.0,15536.099609375,15275.5498046875,15328.650390625,30491600,0.0012206952848345593,60.452471992681566,112.9052598330345,135.37894783180104,-22.473687998766536,3.057839041639168,0.30198194421724195,168.95099878846582
2023-09-13,15368.0,15466.349609375,15321.599609375,15448.9501953125,32836500,0.0078174006446863,64.60344484787832,121.2385617283253,132.5508706111059,-11.312308882780599,3.1671146262230057,1.6836521597610354,167.22235601786113
2023-09-14,15484.349609375,15530.099609375,15413.099609375,15489.2998046875,19297000,0.002608397841012402,65.89641839129186,129.60463818641983,131.9616241261687,-2.356985939748853,3.429652615621934,3.08880815790919,163.6350448737282
2023-09-15,15525.5498046875,15601.0498046875,15513.849609375,15583.5498046875,26630100,0.006066407827298938,68.76638958182303,142.20079907881518,134.009459116698,8.191339962117183,3.965021004590131,2.78166184379779,159.92897023989048
2023-09-18,15593.7998046875,15667.4501953125,15482.0,15503.4501953125,15133300,-0.005153265779029534,63.8486767018953,144.05935174717342,136.0194376427931,8.03991410438033,4.198213444883882,2.52858982358958,161.751914887934
2023-09-20,15498.75,15514.25,15426.099609375,15460.2001953125,17776600,-0.0027936000815158095,61.29958828110969,140.42363829079113,136.9002777723927,3.5233605183984196,4.346946971441568,2.2128207022081914,156.49466315486728
2023-09-21,15432.849609375,15525.4501953125,15282.0,15306.7001953125,19728200,-0.009978338518338329,53.1839847227887,123.72986121481154,134.26619446087648,-10.536333246064942,4.351911891372243,1.3964043166210405,162.70577259469817
2023-09-22,15279.349609375,15312.650390625,14980.4501953125,15069.099609375,26497200,-0.015644390168946528,43.56870852484466,90.28677133730889,125.47030983616297,-35.18353849885408,4.482127244774929,0.38169843345238247,174.81251707454115
2023-09-25,15049.400390625,15130.349609375,14986.0498046875,15017.400390625,14354800,-0.003436708798617731,41.797959043426076,58.931857016334106,112.1626192721972,-53.2307622558631,4.496547427000571,-0.2338414603685955,172.63303761832393
2023-09-26,15032.900390625,15078.599609375,14964.400390625,14981.650390625,12500800,-0.0023834098741500375,40.57005403180464,30.84260098689265,95.8986156151363,-65.05601462824364,4.746577177247334,-1.5547097029881884,168.45919341344364
2023-09-27,15038.400390625,15185.5,15001.349609375,15159.7998046875,22311300,0.011821029672085313,48.66342781422269,22.695215749588897,81.25793564202681,-58.56271989243791,4.714379087676379,-1.273176053132612,170.98708026784053
2023-09-28,15195.7001953125,15217.650390625,14983.349609375,15023.150390625,25060500,-0.009054803909365826,43.74261276939282,5.152493820793097,66.03684727778007,-60.88435345698697,4.846218560031795,-1.8489299580731755,175.50948748085193
2023-09-29,15112.099609375,15513.650390625,15108.5498046875,15422.75,34937100,0.026251321330827058,57.33054578294514,23.226370050988407,57.47475183242174,-34.24838178143333,4.846900184583002,1.129140899953466,198.00880980364823
2023-10-03,15425.650390625,15441.0498046875,15260.650390625,15281.2998046875,17485900,-0.009213846180657846,52.49694223498866,25.838350148851532,51.1474714957077,-25.309121346856166,4.597739500458899,-0.18713575328136592,196.75099582213764
2023-10-04,15243.4501953125,15260.7001953125,14985.0,15067.150390625,18063700,-0.01411294264512952,46.15269577485481,10.50717502795851,43.019412202157866,-32.512237174199356,4.573715080204622,-1.7059557973866595,203.8616250268064
2023-10-05,15097.2001953125,15132.75,14988.75,15021.400390625,12487200,-0.0030410261757037346,44.904186529760715,-5.273741947417875,33.36078137224272,-38.634523319660595,4.79915083763737,-2.767500699285228,199.5857946677488
2023-10-06,15086.7998046875,15161.650390625,15082.0498046875,15128.4501953125,13415800,0.00710121293862092,48.420224839103774,-9.038023056218663,24.881020486550444,-33.9190435427691,4.837934664810451,-2.329670249302016,195.34752362005244
2023-10-09,15002.7001953125,15186.599609375,14993.0498046875,15103.849609375,13029300,-0.001627437642924509,47.66738843297073,-13.846688637257103,17.135478661788934,-30.982167299046036,4.909567260443211,-3.0782472628168915,195.21911512487011
2023-10-10,15114.25,15142.0498046875,15055.2998046875,15106.7001953125,11768900,0.00018871460230863164,47.768727706441396,-17.22896748052517,10.262589433326113,-27.491556913851284,4.977655805980203,-2.5591077792474746,187.47132118737937
2023-10-11,15136.75,15257.849609375,15136.4501953125,15176.599609375,14391400,0.004616375272730964,50.30970638917972,-14.10653790282413,5.3887639660960645,-19.495301868920194,4.974351889817613,-1.8343914202578508,184.876899249888
2023-10-12,15243.7998046875,15269.650390625,15137.0498046875,15186.2001953125,15167900,0.0006323913683329881,50.6647134243509,-10.73357296912036,2.16429657905278,-12.89786954817314,4.949959425800645,-0.7872369515468901,181.14287687043173
2023-10-13,15106.4501953125,15244.9501953125,15093.7998046875,15235.0498046875,13321800,0.003211547938457126,52.52334597883866,-4.071781769278459,0.9170809093865322,-4.988862678664992,4.770314036053719,1.1012615193628208,179.00055642432946
2023-10-16,15230.0,15249.9501953125,15147.150390625,15164.75,12828800,-0.004625025852379465,49.6258581470394,-4.41398924567693,-0.14913312162616021,-4.26485612405077,4.486756219100309,0.9811925202912403,173.55764558598452
2023-10-17,15222.599609375,15293.2001953125,15162.5,15211.9501953125,12514700,0.003107660344642014,51.558114036008284,-0.8665408988872514,-0.29261467707837846,-0.573926221808873,3.852038742828001,1.5372125145278632,170.49639913787846
2023-10-18,15231.900390625,15394.150390625,15212.650390625,15331.2998046875,33577200,0.00781516157131754,56.1394576458915,11.44344064373945,2.0545963870851875,9.388844256654263,3.461208696176024,1.131281429897057,171.33238457892284
2023-10-19,15296.2998046875,15310.849609375,15191.9501953125,15273.400390625,16492400,-0.003783698763183316,53.49623996081656,16.338846820086474,4.911446473685445,11.42740034640103,3.0678832657754516,1.665762463219201,169.04790063578548
2023-10-20,15239.150390625,15243.4501953125,15070.0498046875,15107.150390625,20329700,-0.010944611288215656,46.697471472675254,6.725973062864796,5.274351791521315,1.4516212713434804,2.9580748634163734,-2.046325132515278,171.4980924430508
2023-10-23,15060.7001953125,15218.0,14882.0498046875,14911.650390625,33988600,-0.013025354707458461,40.223681535041884,-16.47757159664434,0.9239671138881844,-17.401538710532524,3.2414583101542647,-2.4189657868574175,183.24467121944005
2023-10-25,14969.349609375,14990.599609375,14754.7998046875,14800.150390625,19617600,-0.007505470586546394,37.06743739232688,-43.363795229061,-7.933585354701652,-35.43020987435935,3.746103111277134,-1.7720670005798262,186.99860932430147
2023-10-26,14751.5,14761.2001953125,14544.25,14648.5498046875,20038600,-0.010296001124985665,33.24748250566455,-76.02782008447139,-21.5524323006556,-54.47538778381579,4.617698452963155,-2.4821293370902997,191.92016513149423
2023-10-27,14706.5,14818.9501953125,14667.9501953125,14738.5,12512400,0.006121776552986826,37.37152758924364,-93.57736448945616,-35.95741873841571,-57.61994575104045,5.105576277724187,-2.5775951289004126,190.38303838103033
2023-10-30,14786.650390625,14827.650390625,14687.400390625,14775.599609375,15361900,0.0025140274923632173,39.044244258142896,-103.30108583108813,-49.426152156950195,-53.874933674137935,5.426045631870942,-2.173286999602104,186.8021070680996
2023-10-31,14826.75,14871.25,14629.2001953125,14683.650390625,16552400,-0.006242488681460929,36.4460901858227,-117.07714608927927,-62.95635094341601,-54.120795145863255,5.5011648846007,-2.800411732661308,190.74837118377104
2023-11-01,14727.150390625,14785.9501953125,14642.599609375,14735.25,16363500,0.003507925966184279,38.90311750199542,-122.41993504695711,-74.84906776412424,-47.570867282832864,5.600872157731122,-2.908092858313046,187.3628150947517
2023-11-02,14820.9501953125,14894.900390625,14803.849609375,14834.4501953125,17642700,0.006709609283394787,43.43101797089812,-117.29737594275139,-83.33872939984968,-33.958646542901704,5.698426132731642,-2.316247616099346,185.38335620405516
2023-11-03,14921.650390625,14960.0498046875,14864.849609375,14882.349609375,13891100,0.003223729059650769,45.53013418601526,-108.12621682258577,-88.29622688439692,-19.82998993818886,5.747160439714328,-2.31505771122574,181.11308857340836
2023-11-06,14934.4501953125,15088.7998046875,14929.849609375,15072.2998046875,16585100,0.012682688340849877,52.98128128170198,-84.55590601322547,-87.54816271016263,2.9922566969371616,5.713393737962992,-0.6096387695972568,182.92288191191489
2023-11-07,15078.7998046875,15295.7998046875,15045.400390625,15271.75,20119500,0.013146107326183881,59.280022499871144,-49.214981325541885,-79.88152643323849,30.666545107696606,5.89988364997223,0.3931107052002252,187.74263420838525
2023-11-08,15335.849609375,15561.849609375,15314.400390625,15497.25,27393700,0.014657872367361895,64.99042338567732,-2.976764190458198,-64.50057398468243,61.523809794224235,6.526929049185794,1.082427435550906,195.05384672028632
2023-11-09,15558.650390625,15574.9501953125,15444.599609375,15491.849609375,22245900,-0.00034853485565834,64.75621424980795,32.85288205287725,-45.0298827771705,77.88276483004775,7.013314192461359,1.4302592295300973,190.4321852358016
2023-11-10,15491.7001953125,15529.099609375,15386.2998046875,15516.5,19746900,0.0015899198846909093,65.3696855013113,62.51656332411767,-23.52059355691287,86.03715688103054,7.488663477224451,2.7096414531560424,187.02987233949435
2023-11-13,15533.900390625,15607.849609375,15430.400390625,15497.150390625,22648300,-0.0012478126013517625,64.42175328570181,83.50134119817449,-2.1162066058953997,85.61754780406989,7.843950204502324,3.926460080958615,186.34553994024478
2023-11-15,15596.099609375,15600.75,15472.5498046875,15516.25,20101000,0.0012317005906529858,64.9618591688818,100.5144398109187,18.409922677467424,82.10451713345128,8.233596126036346,4.838461707987817,182.192301038263
2023-11-16,15535.4501953125,15715.25,15518.599609375,15651.099609375,20645700,0.008653315249714527,68.58766450470719,123.4555606706399,39.41905027610192,84.03651039453797,8.818736138342192,6.844020862506721,183.39285096410137
2023-11-17,15671.7001953125,15821.25,15658.7001953125,15804.5,15952200,0.00975353251106359,72.1218463626433,152.25954053172245,61.98714832722602,90.27239220449643,9.602608237596192,7.232757743325305,182.44696093987983
2023-11-20,15809.4501953125,15950.7998046875,15782.9501953125,15806.75,20352900,0.00014235438356904857,72.17130273735506,173.27109694104,84.24393804998883,89.02715889105119,10.315532264157708,6.978738040321176,181.40429297095986
2023-11-21,15849.9501953125,15997.599609375,15814.650390625,15968.900390625,13957900,0.010206041175482057,75.539133590987,200.69361706154996,107.53387385230107,93.15974320924889,11.26677199404568,8.752932450779321,182.0789584283913
2023-11-22,16008.900390625,16175.25,15987.099609375,16069.7998046875,22039000,0.006298616799399782,77.37406274836333,227.94034685825318,131.6151684534915,96.32517840476169,12.098975984569446,9.056852138155104,183.81257635314907
2023-11-23,16092.4501953125,16094.5498046875,15792.0,15817.4501953125,19340900,-0.01582794864122301,64.36873961287154,226.5594358729595,150.60402193738508,75.95541393557443,12.116889693460498,6.626467358464122,192.29380694845986
2023-11-24,15884.7001953125,16046.75,15880.900390625,15954.5,28670700,0.00862714777461584,67.55802577424137,233.82839959604462,167.248897469117,66.57950212692762,11.899116937688616,7.204174198068889,194.93709250124843
2023-11-28,15980.7998046875,16006.5,15884.349609375,15900.2998046875,16707400,-0.003402956411498751,65.07718893480856,232.5350832334061,180.30613462197482,52.22894861143129,11.558032969910936,5.493521298869673,189.7380423672307
2023-11-29,15952.5,16016.599609375,15903.75,15990.099609375,20373300,0.005631791616678128,67.2246616760233,236.0353459074522,191.45197687907032,44.583369028381895,11.21049074476742,4.703780571152619,184.49245396153563
2023-11-30,15973.2001953125,16279.099609375,15971.75,16238.900390625,32805600,0.015439866198404598,72.30587219578766,255.9352112257784,204.34862374841194,51.586587477366464,10.80081196749124,4.78569030392489,193.26796506249735
2023-12-01,16298.9501953125,16385.349609375,16222.849609375,16257.0498046875,15665900,0.001117026327316103,72.6391035666822,270.05744971975764,217.49038894268108,52.56706077707656,10.18928193621454,4.939372732158682,191.07025327231898
2023-12-04,16372.0498046875,16389.099609375,16183.0498046875,16228.400390625,17996000,-0.001763830965422899,71.18306561781716,275.75888046965883,229.14408724807666,46.614793221582175,9.427730429169834,4.588021722843425,192.1402212305462
2023-12-05,16248.2001953125,16304.7998046875,16174.150390625,16229.650390625,15021000,7.702249337406732e-05,71.21018127288991,277.1829771487028,238.7518652282019,38.43111192050088,8.419501448591586,4.726675430878736,187.74802071854288
2023-12-06,16297.400390625,16356.650390625,16106.9501953125,16169.5498046875,17480100,-0.003710008550295673,67.90186223014763,270.34559330793854,245.07061084414923,25.274982463789314,7.531491897430012,4.210423296141142,192.17317604668264
2023-12-07,16163.2998046875,16305.900390625,16137.5,16294.2001953125,19038800,0.007679396447403868,70.9194979667965,271.85142808873206,250.42677429306582,21.424653795666245,7.124609666190124,4.108980212178083,190.47511994513388
2023-12-08,16311.0498046875,16365.599609375,16079.2998046875,16163.150390625,18025500,-0.008075244249004524,64.096876710989,259.47907572723125,252.2372345798989,7.241841147332337,6.864942719681941,2.2692928635831566,197.31974028387432
2023-12-11,16077.900390625,16089.9501953125,15909.5498046875,16039.900390625,17800600,-0.0076545916492970125,58.406010379066245,236.99670193144266,249.18912805020767,-12.192426118765013,6.395247399712632,1.4750052390592627,201.33980068770475
2023-12-12,16109.7998046875,16167.9501953125,15914.2998046875,15963.5,17426500,-0.004774526133368971,55.13798271325882,210.5868713358068,241.4686767073275,-30.8818053715207,5.867620057051344,-0.03381817465760168,205.07627139751156
2023-12-13,15986.849609375,16168.5498046875,15938.75,16142.400390625,20396200,0.011144508645740346,60.68530599573238,201.7668144650288,233.52830425886776,-31.76148979383896,5.2216611626918095,0.45178276531063366,206.84223806108216
2023-12-14,16202.2998046875,16210.7001953125,16089.75,16155.7001953125,20964200,0.0008235657947649293,61.07069558559844,193.61812966140133,225.5462693393745,-31.928139677973178,4.426128561669278,2.1384609771064134,200.70709215046915
2023-12-15,16250.900390625,16258.2998046875,16150.5,16179.7998046875,23257200,0.0014905978777013267,61.80140035978195,186.94983400002457,217.82698227150453,-30.877148271479967,3.8649285646537668,1.4121395511454449,194.07085733168563
2023-12-18,16196.400390625,16438.75,16161.599609375,16332.150390625,31498800,0.009372043212781744,66.12957482385838,191.74822648826375,212.6112311148564,-20.86300462659264,3.8007647104750744,2.7159902092549726,200.00510970977953
2023-12-19,16407.80078125,16433.80078125,16228.2998046875,16391.25,19402800,0.003612074107577051,67.66037149131249,198.03698458174586,209.69638180823432,-11.659397226488466,3.7427117557521097,2.508742286944888,200.397671627831
2023-12-20,16461.75,16467.80078125,16086.0,16121.25,23821300,-0.01660937836703295,55.35215258709557,179.1687809845389,203.59086164349526,-24.42208065895636,3.635465284112202,-0.7244972737989182,213.35503660084305
2023-12-21,16048.400390625,16278.2001953125,15868.150390625,16238.150390625,19771000,0.007225158547964328,58.843078246362914,171.66957820485368,197.20660495576695,-25.53702675091327,3.6588304723855414,-0.11625365173606474,227.40466289274713
2023-12-22,16312.5,16500.900390625,16281.4501953125,16394.349609375,29445900,0.00957330340583624,63.00531678717664,176.29812250048417,193.0249084647104,-16.726785964226224,3.4078184183478015,1.0225851886540054,229.92932982897946
2023-12-26,16418.599609375,16580.650390625,16385.69921875,16562.599609375,24416100,0.010210378429034826,66.8895881494739,191.33703187739775,192.6873331472479,-1.3503012698501493,3.783945527479471,2.0514873132592366,227.4308899751238
2023-12-27,16609.0,16690.900390625,16530.44921875,16655.94921875,20504800,0.00562034516241708,68.84416080712712,208.38586667409618,195.82703985261756,12.558826821478618,4.121346318483805,3.008119706100255,222.64662439654353
2023-12-28,16698.099609375,16894.099609375,16617.349609375,16860.849609375,28726200,0.012226880277482335,72.65931112480172,235.7137784686729,203.80438757582866,31.909390892844243,5.063180112151561,3.4776141649806975,226.51115122536183
2023-12-29,16878.94921875,16909.099609375,16769.5,16831.80078125,15391600,-0.0017243425486523206,71.32582193509714,252.12105323258584,213.4677207071801,38.653332525405744,5.838332185826645,4.136881576087002,220.30318395033598
2024-01-01,16859.5,16914.099609375,16819.0,16858.75,20454600,0.0015998090783836715,71.84211991335306,264.2523765150545,223.624651868755,40.6277246462995,6.506558144220359,5.1050791428455575,211.36007148066912
2024-01-02,16903.94921875,17301.400390625,16878.5,17274.30078125,52400800,0.024350083225869224,78.32342788612547,303.8949015054204,239.6787017960881,64.21619970933233,8.124749884363123,8.211236766686504,227.88080856240705
2024-01-03,17311.849609375,17423.44921875,17241.05078125,17379.80078125,45015500,0.006088764167982598,79.60682369571542,339.90662448641524,259.72428633415353,80.1823381522617,9.570580595772588,7.665529045752349,224.63206777223513
2024-01-04,17426.5,17529.849609375,17326.75,17413.19921875,23777900,0.0019198371947379068,80.01031514215528,366.91162041754797,281.16175315083245,85.74986726671551,10.654416985485057,7.783624406464025,223.09403502957548
2024-01-05,17483.5,17484.599609375,17241.099609375,17358.599609375,25736100,-0.0031404561218571912,77.31708779309174,379.5325273602575,300.83590799271747,78.69661936754005,11.428363596853144,7.285626638878353,224.55160395603437
2024-01-08,17435.80078125,17438.44921875,17162.0,17195.94921875,18527100,-0.009414192771007841,69.78149279497458,372.1205853725223,315.09284346867844,57.02774190384389,11.62129683165332,5.288947306172485,228.25857644131764
2024-01-09,17319.25,17414.80078125,17240.349609375,17346.30078125,13718800,0.008705426660088047,72.45410791925664,374.06667472261324,326.8876097194654,47.179065003147855,11.714224151158371,5.826589071913368,227.58664687408069
2024-01-10,17401.05078125,17476.0,17271.650390625,17401.900390625,18500900,0.0032001459039163603,73.39131446740302,375.76381698724435,336.66285117302124,39.100965814223116,11.536401287603448,7.943865336900053,225.9268584812892
2024-01-11,17449.400390625,17470.75,17331.150390625,17380.55078125,14500300,-0.0012276082528339628,72.37305546788258,371.1081753699327,343.5519160124035,27.5562593575292,11.419855124703693,7.035286428216344,219.76062640226854
2024-01-12,17427.0,17430.150390625,17271.400390625,17347.44921875,16536600,-0.0019063333635424213,70.73440052401786,360.5908594262255,346.95970469516794,13.631154731057563,11.096918027529409,5.813585973730707,215.40272451639223
2024-01-15,17423.25,17603.849609375,17334.150390625,17520.44921875,22313100,0.009923249026866404,74.04234595426212,362.0420693344204,349.97617762301843,12.065891711401946,10.849556315613773,5.78320814344159,219.2810455330785
2024-01-16,17526.94921875,17531.849609375,17235.69921875,17320.150390625,25982000,-0.011498139361068194,64.89621771203689,343.07496751082,348.59593560057874,-5.520968089758753,10.452982170171959,3.987771355158149,224.7717130396443
2024-01-17,17285.349609375,17319.69921875,17130.44921875,17154.0,21665800,-0.00963920358985137,58.44673326135965,311.05085409477033,341.08691929941705,-30.036065204646718,9.935528700720946,1.7386454266337918,222.26667438502685
2024-01-18,17128.349609375,17382.349609375,16818.69921875,17331.25,22609500,0.010279847813721469,62.704937729155425,296.5555988076085,332.18065520105534,-35.62505639344687,8.70786108837296,2.96729521244315,246.65122554502494
2024-01-19,17416.44921875,17460.55078125,17308.099609375,17388.0,16428400,0.003269082744594578,63.97772771446595,286.34643185832465,323.0138105325092,-36.66737867418453,7.49094315707932,3.1393193445540155,239.9226502828803
2024-01-23,17361.94921875,17689.94921875,17347.349609375,17520.30078125,32186600,0.007579940113899664,66.82058684175605,285.6384980592193,315.53874803785124,-29.90024997863196,6.510063476597286,1.42408079560022,247.2567187894603
2024-01-24,17557.05078125,17796.0,17431.599609375,17763.69921875,24343100,0.013796751978396684,71.307008827183,301.24510906494106,312.6800202432692,-11.43491117832815,6.119288608614559,2.2088770885922036,255.6241239205703
2024-01-25,17721.05078125,17738.900390625,17438.900390625,17532.55078125,40101500,-0.013097807387434579,62.64399994335448,291.60032655870964,308.4640815063573,-16.863754947647635,5.313116193310504,0.6854085857553728,260.5651742208867
2024-01-29,17511.349609375,17676.900390625,17432.44921875,17623.599609375,20436700,0.005179692922992217,64.47480094922167,287.98394676398675,304.36805455788317,-16.38410779389642,4.962266468319727,1.526620844787959,259.4141740533234
2024-01-30,17674.0,17750.5,17452.69921875,17470.150390625,15607800,-0.008745158138046006,59.208119543383255,269.6277691126925,297.41999746884505,-27.792228356152577,4.166633063104092,1.5945683973991875,262.1560745673717
2024-01-31,17463.30078125,18003.150390625,17451.25,17938.650390625,29613800,0.02646389212229714,67.84450212531381,289.54668668945305,295.84533531296665,-6.2986486235136,4.103154040170138,3.414846870494047,282.8520971429166
2024-02-01,18004.599609375,18053.099609375,17734.75,17839.19921875,30756600,-0.00555938543559939,64.71243623571861,293.91957208646636,295.46018266766663,-1.5406105812002693,4.475488224296422,2.512937198287768,285.3876337309226
2024-02-02,17885.349609375,18084.69921875,17884.69921875,17972.099609375,19858400,0.007422294365298584,66.9108188735656,304.59785166861184,297.2877164678557,7.310135200756122,5.114009938630754,3.403510254480302,282.53851703585667
2024-02-05,18034.19921875,18379.80078125,17979.55078125,18292.94921875,35021200,0.01769516334340899,71.523268999121,335.08766517549157,304.8477062093829,30.239958966108645,6.449442197402373,5.450369031650231,291.47870666722406
2024-02-06,18301.30078125,18533.69921875,18286.900390625,18488.05078125,43955700,0.010608922670633639,73.90527224933814,370.7206902572325,318.0223030189528,52.69838723827968,7.897031811695158,5.5226983647456604,288.2872867713509
2024-02-07,18597.849609375,18640.80078125,18440.650390625,18564.849609375,32258500,0.004145367152999525,74.7988872756427,400.5399675334411,334.52583592185044,66.01413161159064,8.931749095017615,7.186422696558842,281.99179418946875
2024-02-08,18716.75,18729.650390625,18493.55078125,18520.30078125,25845900,-0.0024025168610113247,73.23225710174344,415.7843384545886,350.7775364283981,65.00680202619048,9.687931808268111,7.964910698670864,278.7137809884353
2024-02-09,18569.150390625,18666.19921875,18391.19921875,18617.099609375,38487200,0.005213022253609159,74.48286662682838,430.7114946853508,366.76432807978864,63.94716660556213,10.452065535879736,7.419254868373602,278.4485109178328
2024-02-12,18685.650390625,18850.30078125,18605.19921875,18669.55078125,34564600,0.002813404042598672,75.16008671912121,441.68230607343503,381.7479236785179,59.93438239491712,11.058526133180841,7.370317352484472,276.0665860308447
2024-02-13,18705.150390625,18780.05078125,18619.349609375,18753.94921875,23249700,0.004510458967500265,76.25224216750117,451.97689341654404,395.79371762612317,56.183175790420876,11.549092851662111,7.0412514768024685,267.8261993054272
2024-02-14,18714.44921875,18715.69921875,18398.30078125,18584.349609375,25481700,-0.009084547561277063,69.627202928104,441.3624059042595,404.90745528175046,36.454950622509045,11.768007479846814,4.619816967846338,274.0992163193253
2024-02-15,18627.69921875,18694.25,18516.25,18567.69921875,24878300,-0.0008963377399078497,68.99343845770719,426.68820468775084,409.26360516295057,17.42459952480027,11.583727613064523,5.904151942380389,267.23498658223065
2024-02-16,18648.5,18958.849609375,18621.0,18870.80078125,58210400,0.01619232528135091,73.6885155002322,434.5078217723858,414.31244848483766,20.195373287548136,11.308433173128005,7.076880997747716,276.08608687099985
2024-02-19,18938.69921875,19079.30078125,18897.19921875,19037.69921875,49978000,0.00880538749193628,75.85641731964151,448.99648177576455,421.2492551430231,27.747226632741445,11.35151816642634,8.972726582629724,271.25850923735703
2024-02-20,19059.55078125,19076.80078125,18802.19921875,18993.0,30848900,-0.002350692480091908,74.09558130306972,451.665477356466,427.33249958571173,24.33297777075427,11.129023080668302,5.877530284697551,271.49729875611723
2024-02-21,19015.75,19061.349609375,18830.099609375,18916.44921875,19920700,-0.004038617646818192,71.05366374242814,442.50277080451633,430.3665538294727,12.136216975043624,10.790889679834343,6.0386679177154425,268.62249170210885
2024-02-22,18999.849609375,19002.849609375,18755.650390625,18969.44921875,16427000,0.002797876611615633,71.91339996687809,434.50916571904236,431.19507620738665,3.314089511655709,10.717376111715843,5.549432904627018,267.0922579198154
2024-02-23,18984.94921875,19134.80078125,18957.75,19048.400390625,17348200,0.004153379856156911,73.19078862658493,429.5927974886072,430.8746204636308,-1.2818229750236014,10.132678648167916,4.129739621759152,260.6607238719714
2024-02-26,19065.05078125,19119.30078125,18797.25,18956.44921875,21964400,-0.004838927254885561,69.24102809758244,413.51016140363936,427.40172865163254,-13.89156724799318,9.363393663076153,2.5335198558359378,265.045727970402
2024-02-27,18946.44921875,19075.849609375,18897.44921875,19064.19921875,21569500,0.005667987943049568,71.20221133580336,404.79288058033126,422.8799590373723,-18.08707845704106,7.934731839308484,2.6897584407192565,258.8567753028733
2024-02-28,19094.400390625,19112.05078125,18874.55078125,18942.55078125,18650700,-0.006401434109072285,66.0796405442326,383.64592901699507,415.0331530332969,-31.387224016301843,7.252732348196601,2.2799305744941623,257.3312913526681
2024-02-29,18930.650390625,19056.44921875,18761.25,19003.150390625,30622200,0.003194019824225811,67.34017944951057,367.5399280668935,405.53450804001625,-37.99457997312277,6.068531309136283,2.0736354714221794,260.03614330962034
2024-03-01,19058.0,19060.44921875,18796.900390625,18822.30078125,22106700,-0.009562396843152823,60.155556355912374,336.30602767930395,391.6888119678738,-55.38278428856984,4.749891808451653,0.8181771580353622,260.28704936786175
2024-03-04,18933.900390625,19158.69921875,18933.69921875,18960.19921875,35839800,0.007299625478494056,63.36515367292282,319.0029209348395,377.15163376126696,-58.14871282642747,4.150586031923266,1.0997683612889035,265.7235770915859
2024-03-05,18965.25,19033.0,18833.849609375,19018.5,17565900,0.0030701855642631835,64.66123962921989,306.46176947197455,363.0136609034085,-56.551891431433944,3.914884801015427,2.336107529993893,260.9683494868298
2024-03-06,19022.900390625,19172.349609375,18811.30078125,19140.0,22859900,0.006368196370832878,67.26076768617494,302.83594687888035,350.9781180985029,-48.142171219622526,3.8890359053539143,3.0822385396682876,268.116955103842
2024-03-07,19158.150390625,19277.69921875,19123.099609375,19194.099609375,22676900,0.002822533767196142,68.37624109842574,300.85971913495814,340.954438305794,-40.094719170835845,3.753940850140975,1.713222622996631,260.0085732660676
2024-03-11,19313.19921875,19397.25,19173.80078125,19202.05078125,21482900,0.0004141650612244827,68.54586621403504,296.51707328419434,332.06696530147406,-35.54989201727972,3.7077306189003107,0.8632952995608426,257.3971908006342
2024-03-12,19219.30078125,19322.55078125,18910.650390625,18958.69921875,17064600,-0.01275419698590656,58.24803787842754,270.3229432212429,319.71816088542784,-49.39521766418494,3.473670746939134,-0.18059696335492023,268.43313364523175
2024-03-13,18961.19921875,19022.19921875,18495.0,18635.69921875,25027500,-0.017183833839649967,47.95094527345713,220.95349153977077,299.9652270162964,-79.01173547652564,3.661235183073615,-1.4841580296249275,286.9164254384295
2024-03-14,18632.05078125,18919.599609375,18517.599609375,18897.099609375,21832300,0.013929396440332595,54.89961902908403,200.60818600967468,280.0938188149721,-79.48563280529743,3.2311109941472247,-0.3814006856007573,295.1366807642559
2024-03-15,18876.80078125,18916.19921875,18588.849609375,18718.44921875,25159500,-0.009498823728793404,49.98787041005617,168.13068543327608,257.7011921386329,-89.57050670535682,2.8778859174116516,-1.7321725977441718,297.43760423645193
2024-03-18,18713.400390625,18851.69921875,18637.349609375,18814.349609375,16468500,0.005110229043287003,52.44734672434822,148.41950462774548,235.84485463645544,-87.42535000870996,2.931685761012999,-0.7496108988303989,291.50274746063394
2024-03-19,18820.849609375,18833.349609375,18370.30078125,18405.650390625,17045300,-0.021962151861939998,42.78963943699788,98.68209475585536,208.41230266033546,-109.7302079044801,3.877136031873328,-3.4543744563753025,303.75603893666005
2024-03-20,18463.099609375,18497.650390625,18189.94921875,18361.400390625,19088800,-0.0024070476377447666,41.890230057537075,55.059541782084125,177.7417504846852,-122.68220870260109,4.676796425945661,-3.0679626906437703,304.03783414654146
2024-03-21,18494.0,18611.55078125,18366.849609375,18582.599609375,18543700,0.011974981706246716,47.79723444858264,37.900390471782885,149.77347848210474,-111.87308801032185,4.905274639363973,-2.213058217217889,300.1887310378599
2024-03-22,18594.75,18881.25,18583.75,18815.599609375,21427200,0.012460654237090476,53.194480565618235,42.611592260331236,128.34110123775005,-85.72950897741882,4.8990980596389795,-0.03560229938348149,300.0788495797985
2024-03-26,18690.099609375,18890.30078125,18684.80078125,18809.44921875,23818000,-0.00032693064175822584,53.03859633090871,45.32647313016059,111.73817561623216,-66.41170248607156,4.838426138553553,-0.795086582481271,293.3232174669557
2024-03-27,18880.94921875,18913.150390625,18729.75,18768.400390625,21349500,-0.0021847362145052617,51.944494131861255,43.66242515062186,98.1230255231101,-54.460600372488244,4.839089275778255,-1.3150333063858874,285.4715869782446
2024-03-28,18824.19921875,19082.05078125,18773.94921875,18996.150390625,25843000,0.012061722248430507,57.21767380655448,60.02919752960952,90.50425992440998,-30.47506239480046,4.783889632276462,-0.7515653572361547,287.4843586672986
2024-04-01,19147.5,19234.19921875,19091.55078125,19207.900390625,15683600,0.011085325459667785,61.45284933170272,89.05981181480092,90.21537030248817,-1.1555584876872445,5.043143133356895,0.07190116510210912,283.95324934284866
2024-04-02,19235.150390625,19237.75,19124.55078125,19185.150390625,14635900,-0.001185110440547965,60.7569512204642,108.97485364149179,93.9672669702889,15.007586671202887,5.219180470183387,-0.08801346698604988,271.7565328719309
2024-04-03,19172.69921875,19272.650390625,19058.400390625,19153.05078125,25736400,-0.0016745499733812146,59.72918752992249,120.77527536592243,99.32886864941561,21.446406716506814,5.361437988181409,1.0251313144299894,267.6489233810787
2024-04-04,19220.69921875,19222.0,18952.650390625,19125.19921875,19276000,-0.0014552163390437094,58.799777234656865,126.42248654186187,104.74759222790487,21.674894313956997,5.459760906242295,2.626679011364906,267.7704009520731
2024-04-05,19084.19921875,19395.55078125,19076.599609375,19160.75,19821000,0.0018571195016974839,59.66258336161258,132.24218740287324,110.24651126289857,21.995676139974677,5.565486413600555,1.3951897173373684,271.42617030371076
2024-04-08,19246.5,19288.44921875,19138.19921875,19218.849609375,21521800,0.0030276320934787843,61.096459157621936,139.9294752936621,116.18310406905128,23.746371224610826,5.649540226867943,2.6733004683088604,262.7707295677314
2024-04-09,19275.849609375,19286.0,19138.19921875,19182.30078125,31028600,-0.001903528346895665,59.659746932285216,141.44206526885318,121.23489630901167,20.20716895984151,5.636714408277112,1.955694347742181,254.55859040217914
2024-04-10,19210.19921875,19225.400390625,19070.25,19117.0,32900500,-0.0034100280264123405,57.0772125890766,135.80608836601095,124.14913472041154,11.656953645599415,5.552342808508577,3.8648436446306134,247.4580047038092
2024-04-12,19068.19921875,19113.55078125,18765.80078125,18788.650390625,32400500,-0.017325006639112454,46.238630492402656,103.64965798354388,120.04923937303802,-16.399581389494145,5.573847232715566,2.326892235399137,254.86809142139424
2024-04-15,18613.75,18685.400390625,18545.55078125,18617.650390625,22073500,-0.009142908420449318,41.788147696995786,63.633655171259306,108.76612253268229,-45.13246736142298,5.593670676353799,0.18862151683189005,254.02748556093752
2024-04-16,18571.900390625,18726.75,18525.80078125,18695.599609375,18287500,0.004178104675616734,44.414563738435795,37.775087453130254,94.56791551677189,-56.792828063641636,5.672765964580244,-0.6377686732885685,250.23618078872772
2024-04-18,18790.400390625,18815.599609375,18479.19921875,18525.75,28575600,-0.009126524970355166,40.16240663924041,3.5357839351854636,76.36148920045461,-72.82570526526915,5.869983439918788,-1.508280308746082,256.3907672056043
2024-04-19,18413.5,18470.44921875,18298.25,18404.599609375,18901700,-0.0065610440467474,37.411157049221764,-32.994593673574855,54.49027262564872,-87.48486629922357,6.266397728232241,-1.9383686072240982,254.32714097663253
2024-04-22,18512.44921875,18691.650390625,18500.099609375,18643.0,20366200,0.01287012836749087,45.34537311264205,-42.22155814712096,35.147906471094785,-77.36946461821574,5.967917834909542,-1.8590629330839956,256.6645438533016
2024-04-23,18781.75,18788.599609375,18444.900390625,18463.75,29261400,-0.009661390140651992,41.12412697428538,-63.26864930848387,15.464595315179054,-78.73324462366293,5.787173164483138,-3.874189138278774,262.88130634592295
2024-04-24,18508.900390625,18643.150390625,18490.5,18586.19921875,44326200,0.006609977458392301,44.897750438082646,-69.26949645133209,-1.4822230381231751,-67.78727341320891,5.783082646837771,-3.121951924691104,256.91838379442845
2024-04-25,18631.849609375,18907.44921875,18605.099609375,18878.150390625,27269500,0.015585861488997073,52.68461266679197,-49.89206672477667,-11.164191775453876,-38.727874949322796,5.775334622606219,-1.4352825237330624,261.51349923768356
2024-04-26,18937.55078125,19056.69921875,18891.5,18994.650390625,64395200,0.006152191813215987,55.39350442857791,-24.84830193360176,-13.901013807083453,-10.947288126518307,5.78762555515821,-0.6826011412054327,255.5874513010633
2024-04-29,19096.69921875,19153.19921875,18998.05078125,19096.900390625,30387900,0.00536865753661019,57.68343209585703,3.2127479960508936,-10.478261446456584,13.691009442507477,5.831741176254491,-0.3332312637814282,248.65612107420162
2024-04-30,19168.80078125,19222.30078125,18938.849609375,18970.599609375,20955700,-0.006635646926503085,53.99609044465349,15.086012564908742,-5.365406644183519,20.45141920909226,5.824089693542671,-1.29170062228336,251.14148184568722
2024-05-02,18991.55078125,19182.400390625,18990.44921875,19124.44921875,29279500,0.008077188534907095,57.55535474876091,36.48941076626943,3.005556837907071,33.48385392836236,5.738888605217414,-0.3015882357373303,248.33143180313814
2024-05-03,19203.849609375,19267.150390625,19057.30078125,19133.400390625,22946200,0.0004679391094758211,57.76012004552103,53.55667479706244,13.115780429738146,40.4408943673243,5.6860913359471095,0.08578956230057017,245.58273020112827
2024-05-06,19193.900390625,19228.30078125,18969.5,19203.30078125,18285000,0.003646660560263575,59.407025663418494,71.89422991609536,24.87147032700959,47.022759589085766,5.741080333463456,2.206919507278174,246.5268767046191
2024-05-07,19264.94921875,19270.0,18703.849609375,18846.30078125,25453700,-0.018765530339111453,48.916948359309636,56.96332033794533,31.28984032919674,25.673480008748594,5.63958471797635,1.2281377393365271,269.357127698932
2024-05-08,18739.94921875,18885.55078125,18613.44921875,18850.849609375,22698600,0.00024133538476742763,49.040424394795636,44.979029090529366,34.027678081463264,10.951351009066101,5.480242639576249,0.8304093115160057,269.55315875615116
2024-05-09,18870.150390625,18920.30078125,18406.650390625,18437.05078125,21623700,-0.02219571559724519,39.6510798689967,2.0674524611786183,27.635632957406337,-25.56818049622772,5.554240884768516,-0.47878881421804786,286.9886753182118
2024-05-10,18469.599609375,18699.849609375,18449.69921875,18609.44921875,23062000,0.009307204836405293,44.425143036799525,-17.82370746165907,18.543764873593254,-36.36747233525232,5.367695625452209,1.1130348593438186,285.26082909012524
2024-05-13,18680.099609375,18971.75,18638.599609375,18939.0,27623700,0.01755381382075083,52.20813126676221,-6.915879182266508,13.451836062421304,-20.367715244687812,5.1922407382697235,1.5877272971088343,290.7636828158306
2024-05-14,18956.75,18978.75,18795.150390625,18860.849609375,20324300,-0.004134963645801045,50.40536960084282,-4.525265632233641,9.856415723490317,-14.381681355723957,5.201464513328964,2.1506985816803192,283.10910614148554
2024-05-15,18952.0,19032.849609375,18857.55078125,18886.55078125,37039200,0.0013617454754825124,51.00455650871937,-0.5504718963675259,7.7750381995187485,-8.325510095886274,5.140452664859882,1.615992376736183,275.40837199745084
2024-05-16,18961.400390625,19024.349609375,18727.25,18996.150390625,26942400,0.005786277735038294,53.58012097928622,11.312944706045528,8.482619500824105,2.8303252052214223,5.176938286948615,0.6250612351229042,276.9577460958472
2024-05-17,19028.5,19039.650390625,18933.55078125,18981.599609375,27534000,-0.0007662793062779445,53.180424319086676,19.317975793906953,10.649690759440675,8.668285034466278,5.008735331442521,-0.06870766758856138,264.75359347292954
2024-05-21,19080.5,19280.55078125,19021.55078125,19205.19921875,24381000,0.011710966707214675,58.32523503146025,43.206581800990534,17.161068967750648,26.045512833239886,4.775969469935895,0.5671016024054133,267.196277644506
2024-05-22,19305.900390625,19422.19921875,19051.55078125,19317.400390625,29246900,0.005825229361061003,60.66123932667871,70.3808642432814,27.805028022856796,42.5758362204246,5.007911469299814,1.8280960454123758,274.5857176341841
2024-05-23,19285.44921875,19285.44921875,18994.30078125,19216.349609375,41527100,-0.00524480554795955,57.53337918080505,82.80816435626548,38.805655289538535,44.002509066726944,4.658401877043332,0.48053875734574875,278.05099561567096
2024-05-24,19252.150390625,19256.849609375,19094.349609375,19119.5,52040700,-0.005052702178649643,54.62614839383481,83.87507549913062,47.81953933145695,36.055536167673665,4.3433462733729655,-0.07264987059911696,269.79735307169443
2024-05-27,19258.150390625,19313.400390625,19070.05078125,19111.94921875,41904500,-0.00039500366857524844,54.39536729407451,83.15279170224312,54.886189805614194,28.266601896628927,4.3476179713673195,-0.4757076064193879,267.90822852193054
2024-05-28,19171.30078125,19341.80078125,19131.19921875,19215.75,34224600,0.00541650227619219,57.07981332697236,89.9196938790119,61.89289062029374,28.02680325871816,4.461405218799458,1.9603275095639003,265.1898952346498
2024-05-29,19208.5,19415.0,19150.19921875,19321.349609375,25221400,0.005480426640974821,59.680045465119306,102.62057247045232,70.03842699032546,32.582145480126854,4.673395130934835,2.4959087242731415,265.1621013786034
2024-05-30,19274.349609375,19287.75,18910.80078125,18971.0,27119800,-0.018299184531889934,49.06048853684654,83.45382107519617,72.72150580729961,10.732315267896567,4.673301967796357,2.8960663236498347,275.5468675747746
2024-05-31,19015.5,19067.150390625,18732.349609375,18796.30078125,48740800,-0.009251413850449036,44.78142108923785,53.5499747988506,68.88719960560981,-15.33722480675921,4.75258540385717,1.0040682037582134,279.77928998014784
2024-06-03,19206.900390625,19213.0,18831.05078125,18864.150390625,24355900,0.0036032326046530243,46.72491198937903,34.92328373705095,62.09441643189804,-27.17113269484709,4.750246314046255,-0.3952141579544854,289.5592848922801
2024-06-04,18942.400390625,18977.80078125,17904.75,18603.150390625,43810900,-0.013932373907870948,40.77908101147501,-0.8887765961153491,49.49777782629537,-50.38655442241072,4.948457685032034,-1.366318188666897,345.52296320354577
2024-06-05,18789.75,19354.80078125,18655.900390625,19281.25,31637600,0.03580217888892002,56.32812192731239,25.15688601716829,44.629599464469955,-19.472713447301665,5.125853820482925,2.089842784537691,374.53206516222104
2024-06-06,19365.55078125,19365.599609375,19056.75,19232.099609375,40199400,-0.0025523834102557414,55.19686554340429,41.35551489775389,43.97478255112675,-2.6192676533728587,5.206952073968602,1.24208965447255,369.8404611774195
2024-06-07,19297.94921875,19596.69921875,19270.099609375,19578.0,35878800,0.01782574914383306,61.11549449405109,81.16865398627124,51.41355683815566,29.75509714811558,5.097036521609566,3.141992260391154,369.46611462010384
2024-06-10,19696.55078125,19809.900390625,19629.849609375,19774.69921875,26328300,0.009996816521811855,64.02580958045445,127.12739118967875,66.55632370846027,60.57106748121848,5.595742610788407,2.9653428403075255,359.6399914775964
2024-06-11,19853.650390625,19868.44921875,19666.150390625,19689.69921875,22222900,-0.004307686664682,61.870795537647744,154.90557684830856,84.22617433642993,70.67940251187862,6.094992545971166,1.9272718926801442,348.401336952411
2024-06-12,19763.150390625,19794.05078125,19658.05078125,19739.099609375,16038900,0.0025058037750178563,62.65746973948053,178.84457880338232,103.14985522982042,75.6947235735619,6.466659086778305,2.7203397660134585,333.22981288438166
2024-06-13,19842.55078125,19878.25,19706.55078125,19838.5,15582700,0.00502307368844073,64.25551332428765,203.4914681479131,123.21817781343896,80.27329033447415,6.893517350995622,3.7605585920133895,321.6919133033544
2024-06-14,19860.25,19918.650390625,19821.400390625,19895.650390625,17238200,0.0028766403445595707,65.17819511867168,225.0417235173045,143.58288695421206,81.45883656309243,7.368309501964247,4.100582117004271,305.66034806740055
2024-06-18,19907.5,19927.900390625,19710.900390625,19826.650390625,26093500,-0.0034741224975737895,63.06167236476392,233.8569751768846,161.63770459874658,72.21927057813801,7.583255208073002,3.1791649590830438,299.3274660625862
2024-06-19,19894.650390625,19904.5,19618.25,19644.5,21648800,-0.00922961108918957,57.73197301232379,223.56795913180395,174.02375550535805,49.54420362644589,7.677987416072265,1.6725042357714117,298.39336134383
2024-06-20,19594.75,19606.849609375,19477.69921875,19544.55078125,21838800,-0.005100885756228375,54.985836972774074,204.98582416335557,180.21616923695757,24.769654926398005,7.719733478564169,3.023302837225238,288.9938913371279
2024-06-21,19593.75,19757.75,19491.5,19528.400390625,34671900,-0.0008266788691603917,54.53443363557019,186.802800372825,181.53349546413105,5.269304908693954,7.7146932717023375,3.8949132485967466,287.36932767019016
2024-06-24,19511.849609375,19627.150390625,19442.44921875,19521.150390625,23369100,-0.0003713230978720679,54.31885575535681,169.84968714237766,179.1967337997804,-9.347046657402728,7.6304035918497775,3.482796661367332,280.03588797053374
2024-06-25,19579.900390625,19630.599609375,19455.849609375,19532.30078125,15140400,0.0005710322951443093,54.616003804267315,155.52121435194204,174.46162991021274,-18.9404155582707,7.519348975304964,4.994586245420251,272.5154674012099
2024-06-26,19528.849609375,19601.400390625,19433.349609375,19545.349609375,26775500,0.0006678410026986892,54.98503150882425,143.56381353348843,168.28206663486787,-24.718253101379446,7.468617639830935,1.3697224473257699,265.05370410469493
2024-06-27,19549.05078125,19631.150390625,19414.900390625,19514.80078125,32817000,-0.0015641944052009898,53.88045645292738,130.12248114970498,160.65014953783532,-30.527668388130337,7.452198053660802,1.4699444034555265,261.56772524007386
2024-06-28,19557.650390625,19797.900390625,19555.650390625,19731.55078125,23366000,0.011045725023411968,60.01763143501629,135.3992437418965,155.59996837864756,-20.200724636751062,7.188239263111706,0.7843026930738585,263.10571696399717
2024-07-01,19794.849609375,19823.349609375,19660.94921875,19758.25,24633900,0.0013522085343565208,60.71117959887887,140.12030033131668,152.5040347691814,-12.383734437864717,6.488663166183457,-0.08318315524315616,255.91247936835452
2024-07-02,19776.69921875,19818.75,19697.349609375,19786.400390625,20220600,0.0014237271085719419,61.470066270784926,144.46793650870677,150.89681511708648,-6.428878608379705,5.749054817275057,0.4911256936973112,246.3044730295435
2024-07-03,19813.55078125,19965.80078125,19707.900390625,19915.30078125,24458900,0.006493467017527517,64.82085965607524,156.51049816183877,152.01955172603692,4.490946435801845,3.69956181884778,0.8926505026162086,247.13275285779036
2024-07-04,19955.69921875,20238.599609375,19872.94921875,20192.599609375,33820200,0.013827861540007985,70.72011549278719,186.28266240531957,158.87217386189346,27.410488543426112,4.032997283436879,1.7849112048541977,255.59829841259105
2024-07-05,20237.5,20516.099609375,20230.099609375,20453.849609375,41392700,0.012854928419284069,74.97743950617351,228.3260086085611,172.762940811227,55.5630677973341,4.7250462826389485,2.805634436625546,260.4484199545488
2024-07-08,20493.19921875,20575.349609375,20283.0,20325.80078125,21632400,-0.006280056240915721,69.63317967892164,248.44922508706804,187.9001976663952,60.54902742067284,5.274715392347614,2.517572967650766,262.7270763417239
2024-07-09,20396.69921875,20670.849609375,20308.0,20645.80078125,20688400,0.015620893241393147,74.5208409713178,286.91101321026144,207.70236077516847,79.20865243509297,6.472583585151071,5.097104946677187,269.87868584410074
2024-07-10,20731.19921875,20743.099609375,20351.349609375,20725.94921875,20224200,0.003874553905348111,75.58097287656636,320.1688591676357,230.19566045366193,89.97319871397374,7.508105287604029,6.0446435977099595,278.5837797123792
2024-07-11,20781.80078125,20804.25,20525.5,20601.69921875,18049100,-0.006012941895179189,70.67181413160375,332.66524720640155,250.68957780420988,81.97566940219167,8.084357929337665,5.496091879805263,278.59565259006644
2024-07-12,20631.099609375,20653.349609375,20501.150390625,20612.650390625,16294600,0.0005314252068282956,70.85151882064459,339.53840542387843,268.4593433281436,71.07906209573486,8.590532638988723,5.591371298098247,269.56733588720454
2024-07-15,20705.80078125,20960.30078125,20675.19921875,20844.55078125,22877200,0.01118757672114871,74.42517270140226,359.5531513657879,286.6781049356725,72.87504643011545,9.375448936832477,6.718358552309886,275.14469693990424
2024-07-16,20869.94921875,20913.5,20729.849609375,20765.44921875,14584800,-0.0038020503623297235,71.21777210034847,364.82665215941597,302.3078143804212,62.51883777899479,9.85864245300265,6.242403608834782,268.6093893459825
2024-07-18,20737.0,20805.25,20563.69921875,20768.349609375,19401000,0.00013966411508446866,71.26666833928607,365.0321138320942,314.85267427075576,50.17943956133843,10.095994101761887,6.423579939024647,266.6766316248409
2024-07-19,20706.150390625,20722.19921875,20398.44921875,20425.400390625,15806500,-0.016650930899435798,58.591741474710055,333.67540551203274,318.6172205190112,15.058184993021541,9.807448530740587,3.5164474250768665,274.0497572677094
2024-07-22,20319.69921875,20716.44921875,20275.25,20641.55078125,15762200,0.010526829019265358,63.05200732140054,322.5483813736719,319.4034526899434,3.1449286837284944,9.549039893875994,4.470541577568864,285.9890045164445
2024-07-23,20644.849609375,20788.400390625,20329.44921875,20755.349609375,20708600,0.005497953407403055,65.17860987985658,319.2328315843697,319.36932846882866,-0.1364968844589498,9.243428109425198,4.8970464542358,298.3434450420556
2024-07-24,20790.55078125,20962.55078125,20670.25,20908.5,23302300,0.007351748907138119,67.85969429878955,325.21432280688896,320.5383273364407,4.6759954704482425,8.945136255342147,4.98711633662638,297.9118261997659
2024-07-25,20817.44921875,21139.30078125,20739.150390625,21105.5,30322500,0.009377895166386716,70.95735180902722,341.9096299150551,324.8125878521636,17.097042062891546,8.708766650724726,4.520965147058923,305.21458080156833
2024-07-26,21184.599609375,21703.30078125,21159.0,21603.099609375,37681000,0.02330313480664449,76.98989548303862,390.7881484266909,338.0076999670691,52.78044845962182,9.035278492714125,5.6187467002458185,326.1135951193134
2024-07-29,21701.55078125,21745.25,21474.75,21674.94921875,25966700,0.003320374986012075,77.70985201530326,430.3614505904916,356.47845009175364,73.88300049873794,9.492065572524861,6.63761517698507,322.14119546793387
2024-07-30,21667.400390625,21754.94921875,21516.5,21540.80078125,19478300,-0.006208332303740427,73.11033380607647,445.76047065511375,374.33485420442565,71.4256164506881,9.378550165735245,4.335021971212745,316.16319713093856
2024-07-31,21566.650390625,21824.69921875,21566.650390625,21777.150390625,32594600,0.010912425374356004,75.82522627097578,471.5994384546866,393.78777105447784,77.81166740020876,9.40170341434301,5.071908460163635,313.85857144301434
2024-08-01,21840.150390625,21875.150390625,21694.900390625,21790.349609375,26436500,0.0006059204293949343,75.97113407337685,487.52222055174207,412.5346609539307,74.98755959781136,9.329190846602991,5.769671608170973,304.3151020542276
2024-08-02,21620.400390625,22005.099609375,21528.650390625,21902.849609375,23537300,0.0051495541922689765,77.23244311287225,503.41588492348455,430.7109057478415,72.70497917564307,9.609830959113468,6.259259213637105,316.61039610392567
2024-08-05,21526.80078125,21878.80078125,21501.80078125,21583.05078125,29592400,-0.014708426897605717,66.53993400787132,484.6202352797118,441.4927716542156,43.127463625496205,9.577118693256713,3.542892373887435,322.6417126768596
2024-08-06,21669.650390625,21877.0,21537.44921875,21562.55078125,20225400,-0.0009502707483614053,65.91000317713366,462.7362335898033,445.74146404133313,16.994769548470174,9.22585388986486,3.8385953229476173,323.8495032892268
2024-08-07,21755.650390625,22050.30078125,21682.75,22036.94921875,30450900,0.021762504640578755,72.41755132136103,478.1610508288795,452.22538139884244,25.93566943003708,9.706885158602566,6.108331346667739,335.5566816257106
2024-08-08,22065.650390625,22301.05078125,22033.69921875,22114.25,29533100,0.0035016426100813324,73.31155442282031,490.96333690418396,459.9729724999108,30.99036440427318,10.18067449155941,8.268379454388374,330.68488740244555
2024-08-09,22239.69921875,22299.44921875,22155.25,22209.55078125,31725900,0.004300214621826814,74.41265913791077,503.00093575914434,468.5785651517575,34.422370607386824,10.457056393892945,7.596328476561517,320.2930539272708
2024-08-12,22209.05078125,22262.5,22109.19921875,22205.599609375,27752900,-0.00017792000480343212,74.27583364488483,506.38470535908345,476.1397931932227,30.24491216586074,10.519482799453657,6.987355198993783,308.3650344503229
2024-08-13,22303.80078125,22326.55078125,22152.55078125,22191.599609375,28333800,-0.0006306704346396856,73.7583244896726,502.1482319076458,481.34148093610736,20.806750971538463,10.649208721298969,6.136736778702442,298.7675319895856
2024-08-14,22276.849609375,22276.849609375,21945.900390625,22012.69921875,23797700,-0.008094297257405033,67.3049692960096,478.8353143456079,480.84024761800754,-2.004933272399626,10.371986776855826,4.298401927222762,301.06622390104377
2024-08-16,22127.599609375,22152.900390625,21933.69921875,22106.5,28790800,0.0042521588897419926,68.84416476182943,462.5960786990472,477.1914138342155,-14.595335135168284,10.032530762424487,2.3302229759961928,295.2187201848978
2024-08-19,22200.900390625,22292.5,22124.69921875,22237.849609375,17000600,0.005924091554986353,70.90940972986185,455.0793121602983,472.7689934994321,-17.689681339133813,8.946207225636629,2.597009039993786,287.4173830288336
2024-08-20,22313.94921875,22385.0,22179.75,22374.25,18579500,0.006114969564417536,72.91710920137541,454.88496142156146,469.192187083858,-14.30722566229656,8.109357819419763,3.8691654373196216,281.5482842410598
2024-08-21,22420.900390625,22588.650390625,22349.75,22577.900390625,20684500,0.009060824994438605,75.6222737299544,465.7944333265805,468.51263633240256,-2.7182030058220903,7.432720265148704,3.6770191950583238,278.50200612562696
2024-08-22,22660.30078125,22661.0,22501.94921875,22546.099609375,19003000,-0.0014094843770384583,74.37301815294117,466.49672724559423,468.1094545150409,-1.6127272694466797,6.673769719114632,3.468278451461141,269.9697757773679
2024-08-23,22565.599609375,22608.099609375,22450.849609375,22527.849609375,15638300,-0.000809780430319437,73.62136892271552,460.2749150482887,466.5425466216905,-6.267631573401843,5.9976571947832324,2.853509982246709,261.9183632218416
2024-08-26,22520.650390625,22607.349609375,22437.150390625,22554.94921875,19215600,0.0012022151837682157,74.04090964963292,452.3167698860343,463.69739127455927,-11.380621388524958,6.053343485906396,4.503063294204564,255.36699575956723
2024-08-27,22597.80078125,22758.5,22547.5,22729.0,20379500,0.007687122759119703,76.61357522630459,454.81154161205995,461.92022134205945,-7.108679729999494,6.315556563834949,5.409606825201317,252.19792463388384
2024-08-28,22815.69921875,23090.75,22710.55078125,22989.099609375,31534400,0.01137853138562251,79.83047763333795,472.33178412120105,464.0025338978878,8.329250223313238,6.656681632626059,4.320699662977255,261.3408742136064
2024-08-29,22969.0,23111.5,22774.25,22878.05078125,25275400,-0.0048422038063735025,75.08185138923368,471.81717547740845,465.565462213792,6.251713263616466,6.899107594909457,3.4538850797562657,266.76295462692025
2024-08-30,22918.69921875,23275.5,22915.30078125,23217.599609375,60547100,0.014732625174899004,79.16319631785922,493.123674362163,471.0771046434662,22.046569718696787,7.549375433642316,4.538807822155622,276.0976877785688
2024-09-02,23343.05078125,23384.849609375,22957.5,22987.44921875,19554600,-0.00996221408319302,70.70927717167301,485.8375819358298,474.02920010193895,11.808381833890849,7.735574416501273,3.5209569799002876,286.90139646402815
2024-09-03,23035.099609375,23219.349609375,22986.30078125,23014.30078125,18221600,0.001167414959194917,71.09708709046595,476.73449932903895,474.570259947359,2.1642393816799768,7.351319617291333,3.707263948325041,283.05478443981184
2024-09-04,22942.900390625,23214.5,22902.30078125,23184.400390625,30194000,0.007363859750054799,73.49146646887253,477.73878237267127,475.20396443242146,2.534817940249809,6.890717829039223,5.322841875188878,285.1365297476824
2024-09-05,23216.900390625,23404.849609375,23116.900390625,23156.69921875,42005900,-0.001195533787844678,72.43901185665663,470.8715171162876,474.3374749691947,-3.465957852907138,6.96000643251016,4.7506354183158805,285.3374361049908
2024-09-06,23154.69921875,23233.150390625,22988.900390625,23043.400390625,21128200,-0.0049047104318382904,68.14082018597212,451.08704075881906,469.6873881271196,-18.60034736830056,6.87184261707875,3.6224311046262185,282.4026192403486
2024-09-09,23019.0,23100.849609375,22884.55078125,23009.400390625,25519900,-0.0014765662717830966,66.85875609704865,427.7335388746651,461.2966182766287,-33.56307940196359,6.772532634782524,2.8387561175234923,277.68091987496655
2024-09-10,23126.30078125,23297.5,23109.75,23256.849609375,33430700,0.010696850435365191,71.11790586136476,424.3017182232652,453.897638265956,-29.595920042690807,6.823297893973734,3.007140641970054,278.4251119821118
2024-09-11,23293.150390625,23463.099609375,23175.75,23220.400390625,27832400,-0.0015684760274088415,69.69703300557579,413.8699926476911,445.89210914230307,-32.022116494611964,6.691548329221085,2.990764668535465,279.0625760816038
2024-09-12,23358.75,23488.69921875,23239.5,23429.599609375,66304500,0.008968944099222156,73.02783340968958,417.6687778930609,440.2474428924546,-22.57866499939371,6.352427648258107,4.0028232416143945,278.2937369418464
2024-09-13,23466.25,23521.150390625,23365.05078125,23457.650390625,41700300,0.0011965207853565302,73.44924828724282,418.1229451463514,435.822543343234,-17.69959819688256,5.98703837928662,4.002231009789114,269.565584972786
2024-09-16,23560.55078125,23573.849609375,23414.900390625,23448.75,20935300,-0.0003794957898153686,73.05920057428811,413.0038376721859,431.2588022090244,-18.254964536838486,5.634236392635157,3.166659333890624,261.6644159568727
2024-09-17,23472.94921875,23504.5,23367.55078125,23383.650390625,21509200,-0.002780111664646285,70.12585941900525,399.09341326026697,424.82572441927294,-25.732311159005974,5.268280655317426,1.7162515624974777,252.7561875849532
2024-09-18,23411.650390625,23414.150390625,22914.75,23025.19921875,21157800,-0.015447842518763952,56.64078797820675,355.0524640328658,410.8710723419915,-55.81860830912569,4.946217347711107,0.6431860778130513,270.3736306592423
2024-09-19,23108.650390625,23160.099609375,22802.599609375,22930.150390625,25531000,-0.004136578851726754,53.69236984542768,308.91902220618067,390.4806623148294,-81.5616401086487,4.547373347113953,-1.2380660515565585,276.5969427550107
2024-09-20,23014.400390625,23062.400390625,22857.05078125,23005.25,30086300,0.0032697952188229756,55.65647872312084,275.24499505899075,367.4335288636617,-92.18853380467095,4.010975272198794,0.07743695736141341,271.50784751358134
2024-09-23,23134.349609375,23292.05078125,23035.599609375,23134.25,24894600,0.005591752668649563,58.8825633123047,256.01611344726916,345.15004578038327,-89.1339323331141,3.381960549513633,0.5211942778106208,272.60019992332553
2024-09-24,23103.30078125,23240.599609375,23094.80078125,23188.400390625,22614300,0.0023379670564733827,60.191789826683426,242.35287709538534,324.5906120433837,-82.23773494799838,2.9958921298479697,0.01725298016168435,263.542959080588
2024-09-25,23241.900390625,23278.900390625,23087.69921875,23249.0,20101500,0.002609949879399126,61.66295132396366,233.7203630137592,306.41656223745883,-72.69619922369964,2.947931168947914,0.3985921325750259,258.37568856590315
2024-09-26,23275.400390625,23287.25,23022.150390625,23250.900390625,28665900,8.173740632099284e-05,61.71073971544429,224.44511547244474,290.022272884456,-65.57715741201127,2.738772197962581,0.9004747410647758,258.8559686236958
2024-09-27,23268.55078125,23557.44921875,23257.349609375,23519.099609375,43713700,0.011468982621317606,67.80937258855661,236.01521401731225,279.22086111102726,-43.205647093715015,3.019172293697774,2.2151781884662802,262.2626014452175
2024-09-30,23497.75,23578.5,23250.400390625,23281.19921875,22325200,-0.01016670601392629,58.854533865272714,223.41266503232328,268.0592218952865,-44.64655686296322,2.9176464800566233,0.10469865774590768,266.96524486877337
2024-10-01,23294.25,23328.650390625,23084.05078125,23296.55078125,20875300,0.0006591801044866872,59.22870020279907,212.21748588417177,256.89087469306355,-44.67338880889179,2.826846410876324,0.3279460704551199,265.367699476361
2024-10-03,23168.30078125,23356.0,23090.25,23178.75,29684200,-0.005069403814431414,55.08883160517872,191.6306879232652,243.83883733910392,-52.208149415838704,2.828120569333347,-1.070652565802389,265.3950066566209
2024-10-04,23140.0,23442.0,22983.5,23094.69921875,26995400,-0.0036327905140011696,52.280966563002984,166.61269913140495,228.39360969756416,-61.78091056615921,2.859552787954304,-1.547261408670562,279.1882204668623
2024-10-07,23145.19921875,23215.44921875,22852.69921875,22977.80078125,23222000,-0.005074553729670728,48.57281420408008,135.787759062212,209.87243957049373,-74.08468050828174,2.9298825000014377,-2.008419292073138,285.1569190049435
2024-10-08,22925.69921875,23345.55078125,22896.05078125,23307.94921875,16330800,0.014265904157933967,57.69831750115573,136.42635363407317,195.18322238320962,-58.75686874913646,2.8270126275606584,-0.32373547590050444,296.89571050459045
2024-10-09,23319.44921875,23907.900390625,23314.19921875,23783.80078125,21326100,0.020210238920247817,66.8333914734482,173.33162953927604,190.8129038144229,-17.48127427514686,3.502214294669035,3.2946579757809507,318.5425291739054
2024-10-10,23834.0,23885.94921875,23254.599609375,23305.150390625,22404500,-0.02033032654161678,54.163030585796754,162.08779312410115,185.06788167635855,-22.9800885522574,3.5024722160425306,1.6354013977741677,340.88589204541216
2024-10-11,23378.05078125,23592.900390625,23261.150390625,23582.25,21021800,0.011819927452020186,59.008057192476144,173.5361773857221,182.76154081823128,-9.22536343250917,3.6524669717672404,2.5081231458036752,340.2333283278827
2024-10-14,23624.099609375,23713.94921875,23475.849609375,23680.0,15731700,0.004136499611435772,60.590565538171276,188.3258097572434,183.87439460603372,4.451415151209687,3.905449802089419,2.3590563774490203,332.9380626883911
2024-10-15,23727.05078125,23808.849609375,23495.55078125,23555.69921875,16143300,-0.005263013789412018,57.54813590107001,187.85123365507752,184.66976241584248,3.1814712392350373,3.9918370801996512,1.5839765656000049,331.5352602195775
2024-10-16,23561.69921875,23591.80078125,23331.55078125,23467.349609375,18864100,-0.0037577194817503034,55.41812028889382,178.29082788522646,183.39397550971927,-5.103147624492806,4.033244204570688,0.9391784996128866,326.4434559181791
2024-10-17,23569.19921875,23577.94921875,23200.55078125,23254.0,12398900,-0.00913291649822612,50.552215349321436,151.74933511955896,177.06504743168722,-25.315712312128255,3.8979478274704644,0.013331136957817747,330.08309745973776
2024-10-18,23249.25,23426.55078125,23075.5,23356.19921875,16426000,0.004385279798970168,52.69490917040901,137.378025358772,169.12764301710416,-31.74961765833217,3.6112450214931355,-0.6926302168475272,331.5807891590422
2024-10-21,23412.69921875,23486.94921875,23074.55078125,23122.69921875,13240500,-0.010047654839921896,47.617904635464996,105.92611001503246,156.48733641668983,-50.561226401657365,3.4826141174738736,-0.68080685410891,337.3534783262535
2024-10-22,23126.25,23206.44921875,22790.849609375,22828.19921875,15953900,-0.012818205621912366,42.10752294228194,56.584283349537145,136.5067258032593,-79.92244245372214,3.9001695706970625,-2.0103901513049225,342.9424876868782
2024-10-23,22764.44921875,22896.150390625,22437.94921875,22471.599609375,16707100,-0.015744307251883114,36.58657773453867,-11.165370578972215,106.972306526813,-118.13767710578522,5.01223897063171,-3.050856455266138,351.17525084317265
2024-10-24,22493.150390625,22651.900390625,22464.099609375,22570.80078125,13218500,0.004404797764258121,38.983328521576055,-56.20485928417111,74.33687336461618,-130.54173264878727,5.679008230897854,-2.268479154189028,339.5056458722317
2024-10-25,22606.19921875,22752.19921875,22463.0,22574.55078125,34313300,0.00016613006118396356,39.07706780583211,-90.5525514687688,41.358988397939186,-131.91153986670798,6.218095573886409,-1.754954722773356,335.91232964921517
2024-10-28,22604.05078125,22948.69921875,22430.44921875,22857.25,19497400,0.012445153510416168,45.83300892643005,-93.87969397557754,14.311251923235844,-108.19094589881338,6.2359837950797425,-1.9336717036753992,348.9364489599855
2024-10-29,22978.650390625,23003.94921875,22360.5,22601.400390625,22346800,-0.011256485122041169,41.36250273612547,-115.82623094415248,-11.716244650241823,-104.10998629391067,6.5916368614583885,-4.971452634925985,369.973075373558
2024-10-30,22512.80078125,22569.0,22216.94921875,22374.94921875,28770600,-0.010069873940215154,37.844059526190904,-149.7653350896835,-39.32606273813016,-110.43927235155334,7.175522223421946,-3.991397421958682,371.00722512366104
2024-10-31,22639.80078125,22781.099609375,22550.5,22735.55078125,45931900,0.015987818516367873,45.756797332946995,-145.88313722547537,-60.63747763559921,-85.24565958987615,7.301053320493346,-3.590408967549746,373.51745123089955
2024-11-01,22886.44921875,22894.55078125,22724.30078125,22807.150390625,3063100,0.0031442872961865527,47.19424847806047,-135.46739356718535,-75.60346082191644,-59.86393274526891,7.374545390421759,-3.6860203098606417,358.9983475715496
2024-11-04,22817.0,22817.0,22421.25,22638.30078125,24876600,-0.00743090373123667,44.21830966854985,-139.23260719169048,-88.32929009587126,-50.90331709581922,7.5473107457809165,-3.8945922554901866,361.6234656021532
2024-11-05,22613.849609375,22788.150390625,22381.599609375,22661.25,24723200,0.0010132206751522145,44.728449342305865,-138.76515759901667,-98.41646359650034,-40.34869400251634,7.613268387276658,-3.4349835954758623,364.8325595769994
2024-11-06,22781.150390625,22979.349609375,22687.599609375,22920.349609375,31576100,0.011368727831597591,50.25931061880446,-116.1486381378163,-101.96289850476354,-14.185739633052762,6.978054686934537,-1.434808594757891,361.49449170542806
2024-11-07,23028.5,23032.55078125,22478.19921875,22526.94921875,25838000,-0.01731280964938004,43.19209840285525,-128.48787897291186,-107.26789459839321,-21.219984374518646,7.04512472941886,-3.550449250040181,375.2699967621832
2024-11-08,22603.44921875,22673.349609375,22428.80078125,22542.25,24374600,0.0006789906234445176,43.52472232710905,-135.4705508782099,-112.90842585435657,-22.56212502385334,6.693790846729987,-2.5103004336073305,365.9327704309558
2024-11-11,22671.05078125,22678.55078125,22285.94921875,22344.25,38076900,-0.008822308901119492,40.24111644986577,-155.19235307321287,-121.36521129812783,-33.82714177508504,6.177466665331126,-2.1199623067618365,367.83768415017323
2024-11-12,22317.599609375,22537.849609375,22094.19921875,22151.599609375,25734900,-0.008659306255130571,37.29308121944865,-184.2434560043548,-133.94086023937325,-50.30259576498156,5.916010125350618,-1.4240196762249988,373.25287746980376
2024-11-13,22089.30078125,22120.650390625,21757.19921875,21809.30078125,20036900,-0.015573190859905824,32.70809439366552,-232.21054053297848,-153.5947962980943,-78.61574423488418,6.195571675720762,-3.373828015143321,374.7634141237464
2024-11-14,21802.650390625,22012.0,21693.900390625,21752.0,17236600,-0.0026308128210775048,31.998869014594163,-271.7163181917822,-177.21910067683189,-94.49721751495031,6.644458073044196,-3.6437083033040696,370.7159994988359
2024-11-18,21802.650390625,21851.400390625,21475.94921875,21544.150390625,19208600,-0.009601371218379576,29.500101301485714,-316.152251655898,-205.00573087264513,-111.14652078325287,7.034414250358319,-5.74478386234127,371.0542260971333
2024-11-19,21505.349609375,21990.05078125,21495.75,21768.849609375,14903700,0.010375694806642246,35.37535296755986,-329.43913077557954,-229.89241085323204,-99.5467199223475,7.092512753835148,-3.6836247615671627,379.85755146519523
2024-11-21,21672.05078125,21857.849609375,21552.900390625,21740.099609375,13684900,-0.0013215673878894225,34.97374612426589,-338.38823400865294,-251.59157548431622,-86.79665852433672,7.380319646428717,-2.8373231293995604,374.5069562712527
2024-11-22,21769.349609375,22024.30078125,21721.55078125,21962.05078125,13496700,0.010157535874797877,40.58194057271207,-323.8378569162378,-266.04083177070055,-57.79702514553725,7.541925534566333,-3.402160816081505,369.38145939473463
2024-11-25,22163.849609375,22275.69921875,22064.900390625,22177.05078125,33792400,0.009742006193955021,45.48654241946288,-291.5965317650116,-271.15197176956275,-20.444559995448856,7.515332002773772,-2.7627283487112257,365.4005292593965
2024-11-26,22231.75,22250.55078125,21924.849609375,21961.75,20378800,-0.009755701786989208,41.768408324799765,-280.1881879796929,-272.95921501158875,-7.228972968104131,7.579201241627024,-2.9885228038420095,362.5648608747967
2024-11-27,21970.0,22037.69921875,21751.900390625,21828.599609375,24092900,-0.006081285130634047,39.61190856998266,-278.6786826937059,-274.1031085480122,-4.575574145693736,7.431103303795464,-3.6743356638534945,357.0815728212398
2024-11-28,21855.80078125,21884.5,21649.5,21728.599609375,25067900,-0.004591671525669902,38.02408411047789,-282.2974043905124,-275.74196771651225,-6.555436674000134,7.550726677935976,-5.199528019033987,348.3614604768655
2024-11-29,21817.650390625,22297.55078125,21796.30078125,22240.19921875,24565700,0.023272079863866976,49.23531513280197,-241.10415591917263,-268.81440535704434,27.71024943787171,7.520435537886677,-1.2729198135774529,364.1178684338751
2024-12-02,22323.94921875,22517.55078125,22269.400390625,22450.19921875,32213900,0.009398061015434975,52.99417232633747,-189.3304808385583,-252.91762045334713,63.58713961478884,7.2692873042303425,-0.4083477969146825,357.9202751528841
2024-12-03,22600.0,22603.900390625,22399.55078125,22445.69921875,37466500,-0.00020046374709863606,52.9037743535156,-146.96842223307613,-231.72778080929294,84.75935857621681,6.894793023339113,0.4540283014645826,346.9509418830352
2024-12-04,22497.849609375,22526.80078125,22292.099609375,22422.900390625,27212500,-0.0010162487925021633,52.41593302153211,-113.92263129877756,-208.16675090718988,94.24411960841232,6.70378517763659,1.2247457792401595,338.9331011681756
2024-12-05,22485.650390625,22528.30078125,22145.05078125,22463.400390625,28043000,0.0018045599786825595,53.24080423993449,-83.50302152063523,-183.23400502987894,99.73098350924371,6.5022182934474735,2.9991773506895085,342.09859394187737
2024-12-06,22548.55078125,22562.94921875,22398.05078125,22434.75,20141600,-0.0012762394114018405,52.546848969999836,-61.0038937782665,-158.78798277955644,97.78408900128994,5.798556623633007,3.1387918352335418,329.4414399103147
2024-12-09,22434.5,22463.25,22266.30078125,22309.099609375,25658000,-0.005616446596335674,49.49960925094539,-52.70456395842484,-137.57129901533014,84.8667350569053,5.608370984156653,3.5506121377748547,319.97770982743515
2024-12-10,22392.400390625,22419.19921875,22179.400390625,22291.44921875,18847500,-0.0007914876390623122,49.06913860891716,-47.009626582956116,-119.45896452885533,72.44933794589922,5.372546185446456,2.400676281717416,314.2506468486898
2024-12-11,22352.0,22397.150390625,22267.099609375,22302.599609375,14659400,0.0005000842556527465,49.36869688088952,-41.12256897017505,-103.79168541711928,62.66911644694423,5.3433363470978605,2.5873846491367165,301.09351359164054
2024-12-12,22402.30078125,22420.55078125,22187.75,22229.30078125,16683200,-0.0032919724367242104,47.39524430570087,-41.88876859440643,-91.41110205257671,49.52233345817028,5.366013244432122,1.216871787894068,296.21546128152335
2024-12-13,22184.400390625,22222.5,21798.0,22157.349609375,20793500,-0.0032420213854043737,45.47365566439811,-47.751397183539666,-82.67916107876931,34.927763895229646,5.23442441373162,-0.08883585139128022,305.86441270784314
2024-12-16,22212.19921875,22289.349609375,22067.099609375,22255.55078125,14374200,0.004422198552452342,48.54025320944722,-43.966737527633086,-74.93667636854207,30.96993884090898,5.037357630015768,1.3377840165287374,299.89195465728295
2024-12-17,22307.400390625,22350.5,22015.75,22074.55078125,18288900,-0.008166054190845715,43.66567373862528,-54.93924933536982,-70.93719096190762,15.997941626537795,4.4098469696677665,1.1267382071059122,302.3818150389056
2024-12-18,22105.849609375,22431.099609375,22099.849609375,22314.55078125,25838300,0.010813570458218767,50.73091454672449,-43.764559163821104,-65.50266460229032,21.73810543846922,4.125551572390184,2.6966817117021478,306.2508874021981
2024-12-19,22209.349609375,22726.900390625,22163.599609375,22697.900390625,29682500,0.017033459323538967,59.473856726023534,-3.930122991936514,-53.18815628021956,49.258033288283045,4.137569911789988,2.057990431529619,324.6115941056125
2024-12-20,22708.44921875,22791.0,22452.44921875,22501.849609375,28073700,-0.008674915711623985,54.178798827555696,11.684602262295812,-40.21360457171649,51.8982068340123,4.092470408585382,0.23006651353838556,325.60725033021157
2024-12-23,22603.80078125,22705.44921875,22363.55078125,22572.05078125,15744300,0.003114939156771493,55.69973640256394,29.385296986980393,-26.29382425997711,55.67912124695751,4.242082502926728,0.5629210356452264,326.77090655662505
2024-12-24,22603.099609375,22669.30078125,22470.400390625,22558.900390625,20214100,-0.0005827659579827178,55.32924457274446,41.86945346516222,-12.661168714949246,54.53062218011147,4.147785523529703,0.6065227853255839,317.6372982757947
2024-12-26,22571.400390625,22745.349609375,22451.19921875,22712.55078125,16984900,0.0067879856564385,58.77925956653889,63.43035419205262,2.5571358664511266,60.87321832560149,3.909352468102441,1.1091392500352788,315.95966201502364
2024-12-27,22756.30078125,23066.099609375,22691.05078125,23008.349609375,21018300,0.01293950699746182,64.4685497250824,103.19643245594852,22.68499518435061,80.51143727159791,3.7831837371206523,2.5567461610893814,320.18031673716484
2024-12-30,23037.19921875,23313.19921875,22980.80078125,23241.150390625,38732700,0.010067254670248903,68.18974233451998,151.7471665520934,48.49742945789917,103.24973709419423,4.853490102016116,4.1778951081392925,321.05303964879596
2024-12-31,23191.349609375,23511.94921875,23152.05078125,23412.25,21380100,0.0073349584408131,70.62474856112946,201.70515023509142,79.13897361333763,122.5661766217538,6.054533256379242,5.0279404010541455,323.82771092388197
2025-01-01,23441.80078125,23509.650390625,23321.650390625,23459.75,14507300,0.0020267970754592867,71.28197752613158,242.33656024045922,111.77849093876196,130.55806930169726,7.032558481246011,5.188410368711397,314.1257315721761
2025-01-02,23494.650390625,23566.75,23308.94921875,23553.400390625,17930800,0.0039840135671798975,72.58434744590318,278.8793022575919,145.19865320252796,133.68064905506395,7.933988885343167,5.956550871324992,310.1025208348778
2025-01-03,23569.94921875,23604.44921875,23208.849609375,23263.5,15237500,-0.012384591613761268,63.05194814079089,281.20558689628524,172.40003994127943,108.80554695500581,8.252606463409007,4.992250472759506,316.2094557306008
2025-01-06,23283.94921875,23301.849609375,22912.30078125,23073.05078125,15764700,-0.008220305049890199,57.69166872347833,264.6310222326247,190.84623639954847,73.7847858330762,8.325232978648414,3.6732409277811837,321.4479823302007
2025-01-07,23116.80078125,23413.19921875,23116.80078125,23228.55078125,36434300,0.006716855546335528,60.634343704238525,261.0340724564485,204.88380361092848,56.15026884552,8.387400352083866,5.227739451804388,322.7837291280435
2025-01-08,23338.69921875,23418.19921875,22897.5,23011.099609375,17390800,-0.009405467950748836,54.88538537180273,237.89466991863083,211.48597687246897,26.408693046161858,8.224252593075104,3.121500562360777,336.92054981532607
2025-01-09,23043.150390625,23085.30078125,22836.19921875,22868.099609375,15886800,-0.006233781997806879,51.4318672449851,205.64705060930282,210.31819161983574,-4.671141010532921,7.988443813059101,0.7498456501302563,330.6477650070885
2025-01-10,22826.650390625,22918.849609375,22336.80078125,22380.849609375,17004800,-0.021537244184774106,41.78428497970754,139.16931980445588,196.08841725675978,-56.9190974523039,7.8361354072047265,-0.5377335734640564,348.604983801225
2025-01-13,22256.94921875,22277.80078125,21848.55078125,21903.349609375,41642100,-0.021566089722058233,34.87933407631748,47.408484332794615,166.35243067196677,-118.94394633917216,8.22029719867212,-2.962518463012108,361.7259726814946
2025-01-14,21970.75,22250.0,21910.05078125,22203.900390625,29917500,0.013628391390837399,41.4390482346417,-1.0486148610434611,132.87222156536475,-133.92083642640821,8.27648615279147,-1.5736582628270768,360.64914539174504
2025-01-15,22281.849609375,22288.55078125,21834.0,21972.69921875,20173200,-0.010467228570673061,38.24733329898984,-57.44502691620073,94.80877186905167,-152.2537987852524,8.423986807739704,-3.257456943633003,367.3564050959061
2025-01-16,22083.55078125,22085.69921875,21810.30078125,21909.75,22794600,-0.002868994919349595,37.40263518973895,-105.99719595467468,54.64757830430639,-160.64477425898107,8.916962692103397,-4.774786666694963,360.78797883905565
2025-01-17,21950.30078125,22124.400390625,21836.94921875,22061.69921875,14997300,0.006911294773451967,40.80127784826951,-130.7073941790659,17.576583807631938,-148.28397798669783,9.339725282449866,-5.074839894116283,355.5496354844803
2025-01-20,22099.80078125,22213.900390625,21863.44921875,22182.400390625,18161100,0.005456161267917688,43.42877778105568,-138.94910962775975,-13.728554879446401,-125.22055474831335,9.552931884753907,-5.253017584277462,355.18545951237456
2025-01-21,22195.75,22395.80078125,21862.650390625,21882.900390625,14485200,-0.01359367151359023,38.82407576813366,-167.71456635106733,-44.525757173770586,-123.18880917729675,10.09461661014315,-6.721510712496936,367.89724030613354
2025-01-22,21962.94921875,22055.05078125,21829.44921875,22034.94921875,13897000,0.00692426596389172,42.17606416337415,-176.21107673854567,-70.8628210867256,-105.34825565182007,10.411919291735185,-6.446844815152006,357.7332633199812
2025-01-23,21980.30078125,22373.94921875,21959.94921875,22343.30078125,14838200,0.013896741078046754,48.356071591151434,-156.26193799097382,-87.94264446757525,-68.31929352339857,10.49257572207582,-3.9555493315709156,361.7523159399825
2025-01-24,22199.55078125,22249.75,21775.900390625,21872.400390625,29670100,-0.02130094890105366,41.12709295249023,-176.4162115805848,-105.63735789017716,-70.77885369040763,10.82092269558136,-5.203691536104502,376.44146413176946
2025-01-27,21786.0,21807.150390625,21225.650390625,21292.30078125,41383600,-0.026880044194113065,34.32039586813036,-236.4719080287905,-131.80426791789984,-104.66764011089066,11.627909432740264,-8.335647015753276,395.7492166937859
2025-01-28,21266.80078125,21272.55078125,20673.80078125,20796.599609375,37111500,-0.02355604867750455,29.78415823194611,-320.3723687229249,-169.51788807890483,-150.85448064402004,12.808013307533276,-9.623616591958891,411.65998692994407
2025-01-29,20816.0,21220.349609375,20783.94921875,21163.900390625,23491100,0.017507425458735234,36.48328404567759,-353.15503351208827,-206.2453171655415,-146.90971634654676,12.861135868589601,-7.452299263430473,413.4271586224481
2025-01-30,21245.599609375,21485.30078125,21198.5,21419.650390625,37536200,0.01201182477044937,40.72401099369903,-354.41318930403213,-235.87889159323964,-118.53429771079249,12.11689587519596,-4.294739634671278,406.8538180512018
2025-01-31,21413.099609375,21641.19921875,21304.849609375,21438.599609375,25033300,0.0008842740888750216,41.03812256014934,-349.848408564907,-258.6727949875731,-91.17561357733388,11.52476748575718,-2.1218215856860505,401.81780314575883
2025-02-03,21370.19921875,21397.80078125,21060.69921875,21361.599609375,14956500,-0.003598117975082793,40.10804176368694,-348.42758709049303,-276.6237534081571,-71.80383368233595,11.047485642790557,-3.793481174170817,400.1094165371332
2025-02-04,21486.849609375,21761.849609375,21459.650390625,21733.94921875,21478600,0.017280618781643067,46.43062601639489,-313.6406203773113,-284.02712680198795,-29.613493575323332,9.763629796300501,-1.0865756529187232,400.11945821305227
2025-02-05,21807.650390625,21929.900390625,21604.55078125,21868.5,28283100,0.006171727081830394,48.54449451004256,-272.0782266376118,-281.63734676911275,9.559120131500947,8.585740527562512,-0.1882723445041591,394.77875472461994
2025-02-06,21942.349609375,22170.849609375,21910.349609375,22009.05078125,31651200,0.006406522673766944,50.73156068304359,-225.20246293400123,-270.3503700020905,45.14790706808924,7.476755181325936,-0.23864180622703196,388.1766729139328
2025-02-07,22049.44921875,22143.80078125,21891.55078125,22077.0,16351900,0.0030825747079554298,51.79822794572381,-180.4895769077084,-252.37821138321408,71.88863447550568,7.170688750232536,-0.47515322403767274,378.46762484865184
2025-02-10,22028.849609375,22082.0,21608.599609375,21665.650390625,12622400,-0.018808267533197327,45.39137437241191,-176.21546607477285,-237.14566232152583,60.930196246752985,7.166757001903077,-0.9927843024550508,385.24853668981956
2025-02-11,21680.900390625,21704.94921875,21123.650390625,21249.5,16509000,-0.019394709397534144,40.00093747433147,-204.05583243985166,-230.527696345191,26.471863905339347,7.213946664575312,-3.5645610568580066,399.25212893518955
2025-02-12,21287.94921875,21306.5,20931.150390625,21142.05078125,20180100,-0.00506938042500025,38.722294330028234,-232.1141103476548,-230.84497914568377,-1.269131201971021,7.494240769341315,-5.3763318668120075,397.5448061094617
2025-02-13,21165.44921875,21611.19921875,21165.44921875,21427.099609375,34325400,0.013392472529353664,43.85007073162063,-228.71297871163188,-230.4185790588734,1.7056003472415284,7.4968790169501105,-2.035902659503553,402.65935120878584
2025-02-14,21466.80078125,21499.69921875,20673.099609375,20811.55078125,35511100,-0.029148299193720546,36.70674588069686,-272.54546894737723,-238.84395703657418,-33.70151191080305,8.024638420868936,-2.2578583918152635,432.9407982206582
2025-02-17,20755.55078125,21157.900390625,20652.94921875,21076.0,20315900,0.012626793754566292,41.14277461124122,-282.6855681326779,-247.61227925579493,-35.07328887688294,7.8817455601783175,1.34349074306863,438.0843963388255
2025-02-18,21060.55078125,21142.05078125,20835.55078125,20969.19921875,17862300,-0.005080295155676322,39.92572967959815,-295.92832277207344,-257.2754879590506,-38.65283481302282,8.06596499152961,-0.9199682869479343,428.68551088605227
2025-02-19,20590.599609375,20930.150390625,20299.94921875,20820.0,25280300,-0.007140594004540166,38.22461737772169,-314.8332297798952,-268.7870363232196,-46.04619345667561,8.16643925807217,-2.7995339778629456,445.8686886799057
2025-02-20,20746.30078125,20841.150390625,20682.099609375,20785.75,17502300,-0.0016464074190066576,37.826187948267325,-328.7891172671625,-280.78745251200814,-48.001664755154366,7.584448968480423,-3.045206409328676,425.38169529205527
2025-02-21,20824.69921875,20869.099609375,20303.349609375,20385.650390625,28767000,-0.019436414652363523,33.4410755057566,-367.893110578927,-298.2085841253919,-69.68452645353511,8.217983055399284,-4.568708507773376,435.4080027711942
2025-02-24,20256.599609375,20550.599609375,20222.150390625,20389.69921875,20893700,0.0001985919521031836,33.525058628301636,-394.01464485504766,-317.3697962713231,-76.64484858372458,8.999782474905475,-6.185024113520556,427.76808962682315
2025-02-25,20393.349609375,20500.849609375,20203.400390625,20249.150390625,25558900,-0.00691699641370457,32.0149070574799,-421.2019113337228,-338.13621928380303,-83.06569204991979,9.731819880135067,-7.404941396872214,418.4595988499072
2025-02-27,20292.80078125,20336.900390625,20051.650390625,20201.25,21215200,-0.0023683529731351296,31.494218140682605,-441.5235682391358,-358.8136890748696,-82.70987916426617,10.592251302697356,-8.213897088147508,408.94462750348526
2025-02-28,20223.900390625,20223.900390625,19755.80078125,19813.5,37023000,-0.01938096013082525,27.5833708242843,-483.3451106209941,-383.71997338409454,-99.62513723689955,11.909248087117815,-10.25275173257236,413.16998335145064
2025-03-03,19764.25,19908.94921875,19633.94921875,19879.80078125,18487800,0.003340656564442525,29.20223750621723,-505.3141187051151,-408.03880244829867,-97.27531625681644,12.811474393302746,-8.24276943999687,403.300698826347
2025-03-04,19795.19921875,19884.900390625,19635.150390625,19820.650390625,16193600,-0.002979836885852088,28.588216130179234,-521.4862887501695,-430.72829970867286,-90.75798904149661,13.637263147606612,-6.7241563772088755,392.33279176732225
2025-03-05,19761.599609375,20149.650390625,19713.099609375,20126.80078125,24003800,0.015327955886730651,36.07970311651081,-503.79167527407117,-445.3409748217525,-58.45070045231864,13.577347665168995,-4.802041251837228,395.4912195875135
2025-03-06,20293.599609375,20457.0,20200.44921875,20423.349609375,19934700,0.01462653588757842,42.384663052361304,-460.53084167143606,-448.37894819168923,-12.151893479746832,12.93068467537829,-4.684488420265845,390.82750524197684
2025-03-07,20458.599609375,20509.69921875,20327.75,20378.30078125,13936800,-0.0022081874629529415,41.71157465817952,-424.9824501617222,-443.69964858569585,18.717198423973628,11.83064700883651,-2.0817766275751692,375.9076276354071
2025-03-10,20429.94921875,20591.30078125,20198.30078125,20256.55078125,14297200,-0.0059924109302643795,39.868822486637576,-402.00029213944435,-435.3597772964456,33.359485157001245,10.245102991034186,-3.8880680335452644,377.1285113757352
2025-03-11,20150.25,20444.44921875,20101.44921875,20332.099609375,16926300,0.0037226621060589445,41.59314158767988,-373.38644082268365,-422.96511000169323,49.57866917900958,9.13416851511419,-3.038263897103546,374.69076056318266
2025-03-12,20357.0,20443.349609375,20178.30078125,20424.0,16809200,0.004509781223550864,43.707801111433,-339.3819798172699,-406.2484839648086,66.8665041475387,8.56551567468611,-1.9020172910662825,366.85919396045534
2025-03-13,20458.5,20499.5,20305.150390625,20386.849609375,10523300,-0.0018206139417460288,43.02957520468446,-311.8362711042828,-387.3660413927035,75.5297702884207,8.064474522336223,-1.9191051110736923,354.53708077577994
2025-03-17,20442.0,20775.55078125,20404.55078125,20703.94921875,15939200,0.015434399591519127,50.14127751273696,-261.4054903550277,-362.1739311851684,100.76844083014066,6.900092181560197,1.5613866716333957,356.9773729971528
2025-03-18,20807.80078125,21077.30078125,20712.25,21041.30078125,14698800,0.01616274457341322,56.37982163138391,-192.00397919416355,-328.13994078696743,136.13596159280388,7.214110275886027,3.195738963627276,358.14695796164193
2025-03-19,21133.25,21172.19921875,20915.30078125,21145.650390625,15593400,0.004947018890370848,58.12519246056704,-127.11731096477524,-287.935414822529,160.81810385775378,7.338770354387257,4.427346247648314,350.91492078581035
2025-03-20,21242.849609375,21364.94921875,21112.0,21340.599609375,11571400,0.009177114334984967,61.245103509965546,-59.28004278260778,-242.2043404145448,182.924297631937,7.998762841750205,5.639995591238166,343.91737064039535
2025-03-21,21417.5,21680.80078125,21358.0,21625.900390625,26136100,0.013280345124134134,65.31763321039169,17.303406779290526,-190.30279097577775,207.60619775506828,9.327673688066591,9.14730053057259,343.65192787143855
2025-03-24,21734.849609375,21807.80078125,21607.650390625,21771.150390625,13361500,0.006694028270245232,67.20700170401878,88.6943896921257,-134.50335484219707,223.19774453432277,10.738436384878616,9.513926372737401,333.4018180681215
2025-03-25,21840.400390625,21869.0,21427.80078125,21542.5,15394500,-0.010557988650319528,61.52501563272445,125.37681648631406,-82.52732057649484,207.9041370628089,11.495287871418814,8.68714989387745,341.1016324025414
2025-03-26,21568.94921875,21594.44921875,21299.900390625,21360.599609375,15007600,-0.00847964283383749,57.36960567406375,138.17724145770262,-38.386408169655354,176.56364962735796,11.871640746615117,6.130128884042014,337.7764320970027
2025-03-27,21247.099609375,21305.05078125,21042.849609375,21275.150390625,35173900,-0.004008341973952182,55.47415710965657,139.81493312807288,-2.746139910109708,142.5610730381826,11.995488028782555,4.1707202664689,336.3459726615025
2025-03-28,21277.30078125,21313.349609375,20999.94921875,21137.44921875,16678300,-0.006493431526782999,52.465857171316635,128.5199834538289,23.507084762678016,105.01289869115088,11.900490694893639,3.7252784010259075,334.707002516038
2025-04-01,21085.5,21218.44921875,20704.69921875,20771.80078125,19614900,-0.0174499765962551,45.422043479847595,89.03751238764016,36.61317028767044,52.42434209996972,11.147663276018246,2.5436215946346064,347.49578805060673
2025-04-02,20771.05078125,20983.900390625,20615.349609375,20952.849609375,14812400,0.008678321457943599,49.06821163022266,71.53192148948438,43.59692052803323,27.935000961451145,10.387976705735717,3.0530540963599067,348.99971613627764
2025-04-03,21571.849609375,21996.599609375,21372.400390625,21423.55078125,47527600,0.022216164055241083,57.09375078515679,94.55034778449772,53.78760597932613,40.762741805171586,9.587373058743404,4.894001083284372,398.6247364122578
2025-04-04,21430.94921875,21431.19921875,20089.44921875,20560.0,45409100,-0.04114338012717725,43.53901213478956,42.619988710393955,51.5540825255397,-8.934093815145744,9.079005514629202,0.8493239217567774,465.9908266685251
2025-04-07,19122.69921875,20150.0,19121.099609375,19995.5,29810800,-0.027840192349270893,37.30422853186413,-43.58322695974857,32.52662062848205,-76.10984758823062,9.690085478284228,-3.4218071695636265,535.4843669511304
2025-04-08,20103.0,20471.30078125,20077.900390625,20377.900390625,20693000,0.018943751218490283,43.23439826346292,-80.11980947812481,9.997334607160681,-90.11714408528549,9.690504956758925,-3.152848759313204,531.2212536867639
2025-04-09,20019.900390625,20137.900390625,19839.599609375,19976.30078125,26700,-0.019904389461011845,39.05629166467657,-139.86872690587552,-19.975877695446563,-119.89284921042895,10.110201200799999,-5.529977029665805,531.726934226995
2025-04-11,20608.349609375,20684.75,20379.25,20461.900390625,26200,0.024018029432182668,45.86824877679661,-146.34932041729553,-45.25056623981636,-101.09875417747918,9.985715324256445,-4.117500139799185,544.3499545500669
2025-04-15,20823.19921875,20957.25,20665.25,20912.19921875,19500,0.021768043936965305,51.303818906043595,-113.83763593430922,-58.96798017871494,-54.86965575559428,9.741045489338108,-3.3002148302893093,540.8499298947049
2025-04-16,20844.30078125,20972.099609375,20768.19921875,20874.30078125,24900,-0.0018139086973699018,50.84110433780296,-90.09146064496599,-65.19267627196515,-24.898784373000836,9.433559793127218,-4.119440605036643,516.7821056611546
2025-04-17,20886.69921875,21166.69921875,20862.80078125,21126.75,19600,0.012021235381911017,53.82838452705099,-50.32182482687858,-62.218505982947846,11.896681156069263,9.376865809446896,-1.9299059997679007,501.5761293639292
2025-04-21,21308.900390625,21380.400390625,21078.05078125,21351.05078125,16796200,0.010560945335034353,56.36552787647264,-0.6968703417442157,-49.914178854707124,49.21730851296291,9.491960347002498,-0.04470299663689728,487.3456636504343
2025-04-22,21378.80078125,21501.849609375,21202.30078125,21438.05078125,15100,0.004066461632043843,57.344605330726374,45.13119223597823,-30.90510463657006,76.03629687254829,9.643420944582843,0.7656838500976373,473.9316039700461
2025-04-23,21537.69921875,21759.55078125,21422.650390625,21738.94921875,20300,0.01393812950485867,60.63454519896777,104.52534804774041,-3.8190140997079673,108.34436214744838,10.01268090201046,2.845660295975726,464.1436601596857
2025-04-24,21769.150390625,22058.19921875,21679.400390625,21974.599609375,47700,0.010781676605725602,63.038864876990736,168.666380507977,30.678064821829025,137.98831568614798,10.470380415261427,5.790537088198563,458.04760072863667
2025-04-25,22008.5,22116.25,21323.19921875,21482.55078125,25900,-0.022646209081413765,55.426507441142284,177.74544380436782,60.091540618336786,117.65390318603104,10.18316281152411,2.5280626824047556,481.97639933730545
2025-04-28,21466.099609375,21961.900390625,21465.5,21908.099609375,17900,0.019615399578417077,59.93285856098345,216.7799959946533,91.42923169360009,125.3507643010532,10.605775113579204,2.2617577873649197,483.00668442928367
2025-04-29,21948.099609375,21980.849609375,21567.19921875,21676.650390625,17100,-0.010620751266232333,56.582279965386164,226.42900950847252,118.42918725657458,107.99982225189794,10.839956747235622,5.431178942728599,478.05266344326344
2025-04-30,21708.849609375,21970.0,21668.150390625,21772.44921875,22200,0.0044097108674116545,57.637932811388715,239.0504621174914,142.55344222875794,96.49701988873346,11.185045321570067,8.886745611512591,465.46673100981604
2025-05-02,21729.900390625,21863.0,21495.05078125,21627.44921875,16200,-0.006682068149521855,55.44070375982164,234.64789123147784,160.97233202930192,73.67555920217592,11.385988896317588,6.131882108423024,458.5011944198292
2025-05-05,21699.099609375,21802.05078125,21627.0,21775.75,16200,0.006833660239001383,57.236274776334824,240.35479526686686,176.84882467681493,63.50597059005193,11.559988707651593,9.007920127228886,438.25473633626996
2025-05-06,21672.849609375,21700.30078125,21359.30078125,21534.349609375,20900,-0.011147648825599762,53.459928179386246,222.82991917332038,186.04504357611603,36.78487559720435,11.59666643860903,5.241200466606526,436.6971993658221
2025-05-07,21320.80078125,21556.099609375,21313.400390625,21462.44921875,18100,-0.003344456313219157,52.3519996967952,200.824587150757,189.00095229104423,11.823634859712769,11.610078288068582,2.631239279255922,422.84020075040627
2025-05-08,21464.75,21517.94921875,21013.0,21115.05078125,19400,-0.01631876680774369,47.25608245597764,153.5826472510198,181.91729128303933,-28.334644032019526,11.269368376557063,1.1533320446175124,428.7051306075201
2025-05-09,20855.05078125,21107.30078125,20825.25,21071.75,17800,-0.002052812522118393,46.64659940272647,111.36530840078558,167.8068947065886,-56.441586305803014,9.944565842270398,-0.2603334635000651,418.7833913676973
2025-05-12,20949.69921875,21156.75,20576.05078125,21102.69921875,37000,0.0014676765140451962,47.171061903951774,79.48880899218784,150.14327756370844,-70.6544685715206,9.178830808667515,-1.16318192038631,430.3488076092903
2025-05-13,21226.30078125,21589.099609375,21225.80078125,21359.75,30300,0.012107352544100223,51.440588038573686,74.11396369778959,134.93741479052468,-60.8234510927351,7.1081993355553985,-0.36524207377325035,434.35249211041247
2025-05-14,21362.19921875,21508.400390625,21176.75,21480.5,19100,0.005637236933509186,53.347942848289634,78.69077762727466,123.68808735787468,-44.99730973060002,5.881601475426696,-1.1888763166486709,427.0166277185973
2025-05-15,21489.19921875,21671.349609375,21327.94921875,21650.650390625,21700,0.007889948297526903,55.97225223624514,94.95309004209048,117.94108789471784,-22.98799785262736,5.4733865938344906,-1.4741985042211823,421.0440393547689
2025-05-16,21717.0,21717.0,21504.5,21633.19921875,15500,-0.0008063595534167486,55.62662870443213,105.22001523128347,115.39687336203097,-10.176858130747505,4.849662573348055,0.7012595433103138,406.148036543714
2025-05-19,21723.849609375,22026.650390625,21662.5,21740.44921875,18600,0.0049454091342826245,57.36889486158257,120.62036955066651,116.44157259975809,4.178796950908421,4.628611293386794,-0.7652438760743008,405.24111763880586
2025-05-20,21819.650390625,21857.650390625,21427.75,21456.150390625,20500,-0.013163208943476987,51.586705381339996,108.63247431455602,114.87975294271769,-6.247278628161666,4.570855851173546,-1.0172235840246089,407.00249428067684
2025-05-21,21489.19921875,21947.5,21461.19921875,21723.650390625,23000,0.01239021103888651,56.072934287724685,119.34130312598427,115.77206297937101,3.5692401466132537,4.593179413474433,-0.22413109170545414,413.02728821598566
2025-05-22,21703.349609375,21741.69921875,21431.44921875,21521.75,18700,-0.009337495121043699,52.14530862056551,110.26538225173863,114.67072683384455,-4.405344582105926,4.536989477624967,-0.48872716186226745,405.68605334341527
2025-05-23,21389.349609375,21452.099609375,21172.849609375,21434.25,17100,-0.0040739417552736815,50.4945746025853,94.91797550124102,110.72017656732386,-15.802201066082844,4.191424660268646,-1.5682582689459605,401.6299345778142
2025-05-26,21541.650390625,21650.44921875,21443.30078125,21501.80078125,14400,0.003146578958970489,51.76409389958143,87.20063395311809,106.01626804448271,-18.81563409136463,4.188478379150476,-0.15114841504583837,388.384883447256
2025-05-27,21520.349609375,21590.80078125,21444.19921875,21524.94921875,15000,0.001076002242019382,52.21630604166707,82.00714332193093,101.21444309997237,-19.207299778041445,3.8654866111257284,0.29120628015463784,371.1146462367377
2025-05-28,21562.599609375,21574.55078125,21356.349609375,21393.30078125,16600,-0.006134865722598581,49.380935630475896,66.50174518271524,94.27190351652095,-27.77015833380571,3.824952384175883,1.3177803969436048,360.1922552108993
2025-05-29,21489.900390625,21610.69921875,21419.349609375,21589.349609375,19700,0.00912229403625655,53.43590904992199,69.23500933794276,89.26452468080532,-20.029515342862567,3.6644586864799504,2.4563674558354194,349.99269680297795
2025-05-30,21570.80078125,21641.55078125,21390.099609375,21442.05078125,28300,-0.006846135710521211,50.18315248060992,58.837118790466775,83.17904350273761,-24.34192471227084,3.6179853736197787,1.6080955283600977,342.9540164509795
2025-06-02,21445.5,21465.55078125,21261.0,21394.099609375,12400,-0.0022388189165727375,49.13459945516094,46.194950163066096,75.78222483480332,-29.58727467173722,3.3967246990540656,0.1608146601669027,333.06807107948094
2025-06-03,21514.55078125,21514.55078125,21303.849609375,21354.19921875,18000,-0.0018667597684984328,48.231519898625216,32.580741870508064,67.14192824194427,-34.56118637143621,3.4053644019424842,-0.587978777263099,324.32757827916083
2025-06-04,21338.69921875,21461.349609375,21311.69921875,21371.69921875,14900,0.0008191753301203227,48.677069054983555,22.939060252458148,58.301354644047045,-35.3622943915889,3.4191599104674486,-1.2884193631235636,311.8506363038636
2025-06-05,21407.30078125,21694.05078125,21405.900390625,21644.19921875,23600,0.01266990369500408,55.15006285740479,36.86151413857442,54.013386542952524,-17.151872404378103,3.2021303376783288,0.05084777285490924,312.60070246073053
2025-06-06,21686.849609375,21707.69921875,21557.0,21684.400390625,14500,0.0018556419442667534,56.03110400544538,50.5562764594506,53.321964526252145,-2.7656880668015447,2.8214295148147044,-0.25780896963555294,301.03631076710695
2025-06-09,21751.099609375,21840.94921875,21694.80078125,21826.80078125,17000,0.0065454823217198106,59.09627274828045,72.06922651615969,57.07141692423366,14.997809591926028,2.5684938739496985,1.7274785265624866,290.71577629267074
2025-06-10,21886.400390625,21976.900390625,21802.19921875,21948.0,21000,0.005537410851918161,61.5529344119272,97.77111393647283,65.2113563266815,32.55975760979133,2.9427448022664677,1.0327436012863644,282.4290188342657
2025-06-11,22016.400390625,22090.849609375,21962.30078125,22057.150390625,25900,0.00496081088245471,63.66918808851455,125.50087325937784,77.26925971322078,48.231613546157064,3.516939298455594,2.487717730319328,272.4590610157467
2025-06-12,22124.80078125,22354.75,21968.75,22036.150390625,26500,-0.0009525257223071744,62.95124906080027,144.1210451133993,90.6396167932565,53.48142832014281,3.937570131295599,2.8081243366341253,280.5691280860505
2025-06-13,21778.349609375,22008.900390625,21742.05078125,21985.150390625,22000,-0.0023170611459534156,61.14791789132206,152.9987177042858,103.11143697546235,49.887280728823455,4.209945297948292,2.2479494359211554,281.5355910352612
2025-06-16,21899.349609375,22058.599609375,21840.349609375,22039.44921875,18800,0.0024667506866695604,62.383452829260655,162.54211451105948,114.99757248258177,47.54454202847771,4.501311027101466,2.3902495414568885,277.0151916755996
2025-06-17,22029.150390625,22057.150390625,21516.94921875,21622.80078125,32500,-0.019085644228118256,49.401385761799645,134.92989061880144,118.98403610982571,15.945854508975728,4.428811834309916,1.0727657332857377,295.8141902612711
2025-06-18,21587.150390625,21724.099609375,21534.75,21588.400390625,21100,-0.0015921981782235678,48.50389628238852,109.01452859502388,116.99013460686535,-7.975606011841478,4.4277730638018955,-0.00439669914645233,288.20957734082316
2025-06-19,21583.849609375,21619.30078125,21394.849609375,21441.849609375,20600,-0.006811549915630901,44.772185506791686,75.77747860665113,108.74760340682252,-32.97012480017139,4.478895479383828,-0.0009382119138338891,283.6554055218358
2025-06-20,21443.650390625,21642.650390625,21424.75,21613.0,23500,0.00795038392616116,49.64467788610993,62.526516430785705,99.50338601161516,-36.97686958082946,4.3911708077275975,1.0231811322832056,278.9586187434904
2025-06-23,21531.30078125,21672.69921875,21460.75,21626.19921875,15300,0.0006105209808910365,50.01096620491233,52.48508469549779,90.0997257483917,-37.614641052893916,4.345199528627316,1.2737541558625673,274.17223302966966
2025-06-24,21728.19921875,21864.349609375,21655.75,21672.099609375,23900,0.002120194513950005,51.336627963005164,47.68131509867453,81.61604361844827,-33.93472851977374,4.306434472397127,1.4055990005766608,271.59924428647895
2025-06-25,21749.80078125,21832.400390625,21708.44921875,21804.80078125,25000,0.006104463877099686,55.04812293765312,53.96014960858156,76.08486481647495,-22.124715207893388,4.1739369234704915,0.7420074121331945,263.64935406958756
2025-06-26,21835.900390625,21860.80078125,21665.349609375,21808.19921875,29200,0.0001558451611619241,55.142479292821605,58.535634343028505,72.57501872178567,-14.039384378757163,4.1773644624549195,0.5709119269838008,258.77805534140276
2025-06-27,21850.849609375,22001.0,21823.599609375,21928.599609375,30600,0.005505693054306948,58.46856583867468,71.05793263961459,72.27160150535146,-1.2136688657368637,4.123220313417091,0.4663937200198795,254.06539290630258
2025-06-30,22036.25,22079.099609375,21934.19921875,22038.69921875,25100,0.005008260340849921,61.29481224606484,88.84194792024209,75.58567078832958,13.256277131912512,4.058259833567632,0.4132459392655367,246.66786484156668
2025-07-01,22097.900390625,22124.05078125,21856.19921875,22041.25,27300,0.00011573430995521412,61.360417352284124,101.96633049999218,80.8618027306621,21.104527769330076,3.8344654587939404,-0.0720872385752884,248.18098610288334
2025-07-02,22030.400390625,22176.099609375,21996.5,22110.80078125,26400,0.0031505145309407684,63.192392322951186,116.63516742999491,88.01647567052866,28.618691759466245,3.6070323072169237,0.33876330167341323,243.28231633660593
2025-07-03,22155.75,22238.349609375,22103.94921875,22204.25,26100,0.004217499726163904,65.55540747316866,134.25330877196393,97.26384229081572,36.98946648114821,3.8156877180561084,0.9965799891386206,235.50503592863407
2025-07-04,22261.150390625,22409.900390625,22196.650390625,22384.599609375,24900,0.00808949297678193,69.61030159954124,160.91360705246188,109.99379524314496,50.919811809316926,4.280942197615965,1.566057242171752,233.91539050516022
2025-07-07,22401.55078125,22418.19921875,22262.400390625,22365.05078125,14100,-0.000873697523797437,68.66668675140309,178.40808115909022,123.67665242633402,54.7314287327562,4.6639067664449,3.432719042778375,228.3356360494345
2025-07-08,22383.400390625,22400.150390625,21987.650390625,22165.900390625,20900,-0.008944417897887741,59.77675006433121,174.19479659267017,133.78028125960125,40.41451533306892,4.765950937347487,2.675047662404787,241.4902334744749
2025-07-09,22109.75,22267.19921875,22073.150390625,22208.5,24600,0.0019200089279728942,60.94161609998747,172.30692371621262,141.48560975092354,30.82131396528908,4.870006740265891,3.5754862784309345,238.10156166379812
2025-07-10,22175.94921875,22198.75,21973.75,22076.80078125,20200,-0.005947779722690519,55.58243245715096,158.35828878490065,144.86014555771897,13.498143227181686,4.886343220353149,2.1459343045852033,237.86216440209824
2025-07-11,22172.900390625,22346.80078125,22124.849609375,22225.900390625,33500,0.0067309743359394575,59.88358439718384,157.51920417307338,147.39195728078985,10.127246892283523,5.015479641706333,2.7730308308408476,240.15772408766267
2025-07-14,22166.5,22502.30078125,22118.650390625,22410.349609375,28500,0.008264595194560052,64.46753891518979,169.78060884559818,151.86968759375154,17.910921251846645,5.329118004013755,3.406453519993259,250.40720026890105
2025-07-15,22513.5,22688.650390625,22373.849609375,22665.69921875,25100,0.011329845783400115,69.63965172029401,197.82207013352672,161.0601641017066,36.76190603182013,5.785454438453573,3.94820593013759,255.00674176755098
2025-07-16,22678.599609375,22694.849609375,22562.25,22593.900390625,35700,-0.003172758441271633,66.69974394095355,211.8099515755348,171.21012159647225,40.59982997906255,5.905123270975888,3.6027787713874098,246.26337516808306
2025-07-17,22647.599609375,22794.19921875,22625.849609375,22680.349609375,23400,0.0038189179860765267,68.4279982014385,227.25156329989113,182.41840993715604,44.83315336273509,5.752412786202898,3.4281714901603153,242.98019323643425
2025-07-18,22713.55078125,22720.30078125,22511.650390625,22592.75,17600,-0.0038698352643125895,64.76029118508117,229.77192771156842,191.88911349203852,37.882814219529905,5.591038185204227,2.5139903936736285,240.52806447847465
2025-07-21,22567.94921875,22615.150390625,22439.150390625,22531.849609375,15400,-0.002699211876784628,62.26175993624002,224.26993786788444,198.3652783672077,25.90465950067673,5.2439817877843,2.225824802926331,235.91891701572646
2025-07-22,22529.099609375,22570.400390625,22275.5,22307.19921875,17800,-0.010020385187469824,53.98730451821274,199.48265041493505,198.5887527767532,0.8938976381818406,4.717733568908411,0.8882466060050899,240.13187941638884
2025-07-23,22326.05078125,22436.05078125,22297.400390625,22417.44921875,16000,0.004930177303520123,57.00705673530104,186.58397619492825,196.18779746038825,-9.603821265459999,4.360012806403137,0.9601730243084093,232.88320164557535
2025-07-24,22457.19921875,22618.69921875,22455.099609375,22541.05078125,22200,0.0054984874454188796,60.16354624227068,184.21181788928516,193.79260154616765,-9.580783656882488,3.981350179339835,0.6989232535098637,230.62368724231996
2025-07-25,22525.55078125,22715.94921875,22440.05078125,22662.69921875,23200,0.005382240684208983,63.0396865930732,189.95815818669143,193.02571287427241,-3.06755468758098,3.8326543936025104,1.3308641255111169,233.8575979750114
2025-07-28,22690.5,22908.400390625,22662.80078125,22761.150390625,36300,0.004334785663598606,65.22775631877894,200.14916605433245,194.45040351028442,5.698762544048037,3.888037060504342,2.6854311781160902,234.7035675392963
2025-07-29,22741.5,23115.05078125,22732.599609375,23072.44921875,25400,0.013584078828128307,71.06144929067018,230.68562670072424,201.6974481483724,28.988178552351854,4.407330008965663,3.8901736666141344,245.25696784898943
2025-07-30,23102.05078125,23162.44921875,22996.55078125,23073.900390625,23900,6.289433022388274e-05,71.08580204313267,252.09707109802912,211.77737273830377,40.31969835972535,4.793216902687936,4.516504086143878,239.58850139549017
2025-07-31,22772.900390625,22993.849609375,22701.849609375,22771.05078125,26200,-0.013212098914356993,59.779591499783294,241.8405749794183,217.7900131865267,24.050561792891614,4.742907658847048,2.4527707811331108,249.05009281366944
2025-08-01,22696.25,22705.94921875,21972.650390625,22011.69921875,29300,-0.0339159319458846,41.81935394996749,170.4737872798869,208.32676800519874,-37.85298072531185,5.126157724176925,-1.7788673428737194,288.28939980019305
2025-08-04,22038.5,22206.80078125,21890.55078125,22153.80078125,19000,0.006434979921261203,45.14095898952925,123.95265332977215,191.45194507011345,-67.4992917403413,5.283839626056733,-2.2584718545834073,290.28658552875066
2025-08-05,22142.650390625,22237.599609375,21879.650390625,21970.150390625,15300,-0.008324342958683683,41.818103381767884,71.44173199899524,167.44990245588983,-96.00817045689459,5.528586417506299,-2.760700849415162,295.1196307588399
2025-08-06,21966.5,21966.599609375,21487.30078125,21523.75,23900,-0.02052775502679326,35.06201982038415,-6.123741594903549,132.73517364573115,-138.8589152406347,6.615750420151441,-5.099566934792379,308.5289149457085
2025-08-07,21380.900390625,21712.349609375,21325.19921875,21684.80078125,23500,0.007454613688895192,38.89744075662635,-53.97726979131767,95.3926849583214,-149.36995474963908,7.13051481372706,-4.018763624392781,314.14473463708646
2025-08-08,21633.05078125,21676.150390625,21375.94921875,21402.150390625,18100,-0.013120187784457771,34.991317115721245,-113.40183421396432,53.63378112386425,-167.03561533782857,8.170124547847255,-5.013788207959445,313.76665091300885
2025-08-11,21391.75,21783.599609375,21324.05078125,21604.650390625,15300,0.009417184856863561,39.665950478229455,-142.51336663382972,14.40435157232546,-156.91771820615517,8.739484047408308,-3.1494264306138553,324.17966357100823
2025-08-12,21604.650390625,21900.0,21554.69921875,21753.5,22100,0.006866076749203022,42.915348391064136,-151.82342044131292,-18.841202830402217,-132.9822176109107,8.95398860754396,-2.9617518579886934,325.68831483379336
2025-08-13,21803.44921875,22171.05078125,21794.30078125,22130.30078125,17000,0.017173081403060408,50.223588163216924,-127.32925873274507,-40.538814010870794,-86.79044472187428,8.906305893608291,-1.8222309331811108,332.2499195778081
2025-08-14,22176.849609375,22370.44921875,22077.5,22151.849609375,19700,0.0009732512823276966,50.61299419602764,-104.96863567779656,-53.42477834425595,-51.54385733354061,8.77505701174391,-2.254142829342889,329.4427266615361
2025-08-18,22243.5,22253.30078125,22038.69921875,22141.150390625,18000,-0.00048311105403094946,50.40215986557833,-87.1069041740302,-60.1612035102108,-26.94570066381941,8.681588801670882,-2.7239396487418728,321.23978636428353
2025-08-19,22167.099609375,22177.44921875,22030.55078125,22066.75,12300,-0.0033659350573523165,48.87742119495182,-78.05507271325405,-63.739977350819444,-14.315095362434604,8.62306726112066,-4.358874990751787,308.7868328739775
2025-08-20,22069.55078125,22093.69921875,21899.650390625,21969.5,15500,-0.004416822872004758,46.88104391404218,-77.83150022730842,-66.55828192611725,-11.273218301191179,8.669757640193582,-4.786361958439075,300.59126110619343
2025-08-21,21958.650390625,22253.69921875,21867.75,22177.69921875,17200,0.009432116463376274,51.45270031530319,-60.16088324855082,-65.27880219060397,5.1179189420531515,8.624696208696738,-2.6057276328616945,306.68825808075104
2025-08-22,22213.19921875,22304.650390625,22171.599609375,22265.0,14700,0.003928694479526601,53.268860456242535,-38.66662376948079,-59.95636650637934,21.289742736898546,8.51012318602761,1.1507552358076627,294.2855811642689
2025-08-25,22361.599609375,22394.05078125,22259.599609375,22362.80078125,15200,0.004382960222255171,55.28691355022969,-13.583974975117599,-50.68188820012699,37.09791322500939,8.310843176047513,0.943404709935319,282.8688376436068
2025-08-26,22292.349609375,22292.349609375,21941.150390625,21990.0,32500,-0.016811094429251064,46.96180067284646,-23.516617586661596,-45.24883407743392,21.732216490772323,7.9494663948801465,0.09034808147453616,292.7818057137064
2025-08-28,22043.80078125,22051.80078125,21732.349609375,21808.349609375,25400,-0.008294898496723827,43.52282526399564,-45.521236348275124,-45.30331453160216,-0.21792181667296262,6.975584338906943,1.3222584790057494,294.686760439513
2025-08-29,21806.349609375,21894.599609375,21696.900390625,21804.05078125,31200,-0.00019713788282322572,43.44174968345878,-62.58548820454598,-48.75974926619093,-13.825738938355052,5.593326125712971,0.5499243511755516,287.75907889026206
2025-09-01,21820.400390625,21916.849609375,21691.400390625,21778.849609375,26600,-0.00115647074691449,42.936788628309756,-77.25204125342498,-54.458207663637744,-22.793833589787234,4.595109237637236,1.7600998585404266,283.308374594529
2025-09-02,21813.94921875,21845.05078125,21676.55078125,21719.94921875,17200,-0.0027081403721422263,41.71628705062176,-92.56117191133671,-62.07880051317754,-30.482371398159174,4.665709041815842,0.5336759727203553,275.10777640920554
2025-09-03,21741.25,21985.19921875,21697.19921875,21959.599609375,17200,0.010973226682774359,48.171652025602334,-84.38326679959937,-66.53969377046191,-17.84357302913746,4.570696500617221,0.9474319506056497,276.0286495228337
2025-09-04,22156.69921875,22156.69921875,21850.75,21915.400390625,11400,-0.002014779883834929,47.134754179047434,-80.540307118903,-69.33981644015013,-11.200490678752871,4.565095841085305,-0.971068548725173,278.16583303905986
2025-09-05,21927.349609375,22139.849609375,21842.19921875,21924.80078125,12800,0.0004288479759577016,47.39410928446879,-75.86171430360628,-70.64419601284136,-5.2175182907649145,4.2642191782413805,-1.0249655542483889,279.55758715234134
2025-09-08,21951.099609375,22034.80078125,21811.25,21865.19921875,10700,-0.0027221557115603688,45.85795219094497,-76.08616976964186,-71.73259076420146,-4.353579005440395,4.148346071712444,-1.2463271646076852,275.5571010164598
2025-09-09,21885.25,22080.400390625,21883.55078125,22052.650390625,13000,0.008536497659431989,51.213746962361014,-60.44157649779663,-69.4743879109205,9.032811413123866,3.497568638486622,-0.06389526946650503,271.2459632206413
2025-09-10,22110.94921875,22201.44921875,22026.75,22122.05078125,15100,0.003142090195588689,53.06491275684842,-41.95941013526317,-63.971392355789035,22.011982220525866,3.181586981043695,0.6943752987095746,264.34976718702404
2025-09-11,22150.30078125,22307.80078125,22039.55078125,22224.0,16700,0.004597902025564574,55.7227891451691,-18.86820923715277,-54.950755732061786,36.08254649490902,3.126519040400659,0.2087717972604448,264.62835524509376
2025-09-12,22262.400390625,22399.25,22260.44921875,22341.19921875,12900,0.005259686526287798,58.62357464211173,8.787435232734424,-42.20311753910255,50.990552771836974,3.3494042027912223,0.34223767684706935,258.2441870133013
2025-09-15,22315.30078125,22330.900390625,22111.849609375,22198.69921875,12100,-0.00639877912672276,53.991892561199315,18.98729987173283,-29.965034056935473,48.9523339286683,3.381634715255266,-0.7338148924422306,256.1802886105655
2025-09-16,22240.0,22310.900390625,22197.099609375,22264.55078125,9700,0.0029620691536340524,55.73244797640656,32.01538342226195,-17.56895056109599,49.584333983357936,3.4786803597084437,1.248525608231014,246.01032379909657
2025-09-17,22274.5,22307.05078125,22194.599609375,22241.349609375,14100,-0.00104261114922194,54.94376865983741,40.006917981256265,-6.053776852625537,46.060694833881804,3.5663298949805524,1.9854780749381487,236.47038437594682
2025-09-18,22321.900390625,22596.900390625,22261.19921875,22574.349609375,25100,0.014861137256114959,63.030223304303654,72.37627505190903,9.632233528281379,62.74404152362766,4.099194367784886,3.5328244088818788,244.97612700980775
2025-09-19,22636.19921875,22716.900390625,22580.75,22686.599609375,31600,0.004960135926335618,65.29155978316516,105.86649754256723,28.879086331138552,76.98741121142868,4.735898283599817,4.1680346587693355,237.66003088410721
2025-09-22,22668.94921875,22685.44921875,22325.5,22365.75,17000,-0.014243653735297488,54.94599404620224,105.30397940086186,44.16406494508322,61.139914455778644,4.806663499463832,2.9733070494129192,246.4771436334567
2025-09-23,22386.55078125,22434.75,22210.25,22299.099609375,12400,-0.0029844694733989117,53.06498403798589,98.34637443199244,55.000526842465064,43.34584758952738,4.758841779549626,1.5460209021983287,244.90734765963836
2025-09-24,22291.05078125,22321.25,22166.400390625,22180.69921875,11100,-0.005323795223634883,49.80325472522008,82.32945761812516,60.466312997597086,21.863144620528075,4.7395517921246295,1.2105588919036583,238.47465206787848
2025-09-25,22219.650390625,22311.150390625,21956.25,21977.69921875,16700,-0.009194238795560547,44.727064793862944,52.64863153753686,58.90277670558505,-6.25414516804819,4.602878151585391,0.24127214667892682,246.79077625053
2025-09-26,21623.94921875,21695.55078125,21390.25,21507.19921875,34500,-0.02164054090205927,35.65595399351032,-8.738324867907068,45.374556390886625,-54.11288125879369,5.069670050659784,-1.6373049996864668,271.1235221433493
2025-09-29,21543.400390625,21740.849609375,21443.80078125,21475.30078125,23495900,-0.0014842525844721694,35.13567907406082,-59.27854128392937,24.443936855923425,-83.7224781398528,5.519576104147184,-2.6180508879805315,272.9753297134672
2025-09-30,21509.05078125,21594.25,21365.900390625,21454.25,14510200,-0.000980712938017093,34.77505711093865,-99.87930260664143,-0.42071103658954456,-99.45859157005188,5.905169958974427,-3.0187110040268434,269.78777826071956
2025-10-01,21511.5,21786.55078125,21511.5,21733.5,21742500,0.012932088000774474,43.11580651996493,-108.27443694657995,-21.991456218587626,-86.28298072799232,6.050611415726057,-2.2070734341252702,274.2529927599539
2025-10-03,21684.19921875,21873.19921875,21660.69921875,21756.349609375,19700800,0.001050802046121237,43.74965699838868,-111.79516382178554,-39.952197739227216,-71.84296608255832,6.1514799482731055,-2.617807592370248,269.8420647056715
2025-10-06,21727.150390625,21799.0,21591.44921875,21779.849609375,13309600,0.001079561500730422,44.435409033084554,-111.40490523316839,-54.24273923801546,-57.16216599515293,6.232918451647556,-1.886820508028782,265.39268731598065
2025-10-07,21813.75,21900.349609375,21737.30078125,21875.30078125,15438200,0.004372969655546621,47.24844498062355,-102.21523701293336,-63.837238792999045,-38.37799821993431,6.227842245554698,-1.748294873875494,258.08241165948203
2025-10-08,21856.150390625,21973.650390625,21677.150390625,21707.349609375,14214700,-0.007707287269544965,43.11256889134911,-107.24832277898531,-72.5194555901963,-34.72886718878901,6.383199555678652,-2.400933438746507,260.82652511237615
2025-10-09,21872.19921875,22042.55078125,21837.349609375,21936.19921875,27615300,0.010487309716676543,49.587961149584146,-91.7136111893742,-76.35828671003189,-15.355324479342315,6.388044178386525,-2.8268827304773367,266.13899988113496
2025-10-10,21952.400390625,22324.599609375,21849.55078125,22218.25,25619000,0.012775818637852633,56.20463495158543,-55.99759407569945,-72.28614818316541,16.288554107465956,6.385273294816433,-2.064432825717343,281.06113046998246
2025-10-13,22154.69921875,22231.80078125,22094.599609375,22205.099609375,13627000,-0.0005920486016816891,55.83665775462104,-28.42584437466212,-63.51408742146475,35.08824304680263,6.299516091049467,-0.7182875183036562,270.7854191417694
2025-10-14,22223.150390625,22227.25,21924.849609375,22039.25,22178300,-0.007497019964849929,51.277003655694806,-19.730273198641953,-54.75732457690019,35.027051378258236,6.259431410680383,-1.1652919352212494,273.0436313905716
2025-10-15,22047.05078125,22146.900390625,22007.900390625,22057.30078125,15754500,0.0008186936138279243,51.738933088882526,-11.252708978696319,-46.05640145725942,34.8036924785631,6.178585696216614,-0.5563324955765491,263.46908629124505
2025-10-16,22083.25,22129.69921875,22034.05078125,22103.19921875,15509500,0.002078710794823791,52.960153691787006,-0.8210928920889273,-37.00933974422532,36.188246852136395,6.116557191192831,0.5710333859375564,251.4818970918704
2025-10-17,22122.19921875,22341.05078125,22039.0,22253.75,14701000,0.00678817466068313,56.81983377906894,19.370931809862668,-25.733285433407726,45.1042172432704,5.7402085868490165,3.4711669039600297,255.0939602460225
2025-10-20,22346.849609375,22477.94921875,22313.5,22439.900390625,19931300,0.008330107987253725,61.07290832425976,49.819746634071635,-10.622679019911855,60.44242565398349,5.3076464997087145,4.491669845281925,252.8871929963066
2025-10-21,22509.5,22547.849609375,22477.150390625,22515.69921875,3379000,0.0033721672322270368,62.68462862453165,79.15453944780893,7.332764673632301,71.82177477417663,5.520907572678137,4.9475009322162276,242.53448055014184
2025-10-23,22665.0,22667.44921875,22441.25,22481.25,23368700,-0.0015311804946189862,61.43957659200034,98.48750737084993,25.56371321307583,72.9237941577741,5.738164738479716,3.4405411001449373,241.367676135846
2025-10-24,22492.05078125,22517.900390625,22273.05078125,22357.349609375,21964200,-0.005526519875988041,57.05058707158148,102.6282629601701,40.97662316249469,61.651639797675415,5.876615724417318,2.762411943136931,241.61638565292841
2025-10-27,22405.69921875,22411.55078125,22272.349609375,22310.400390625,18308900,-0.0021021536137031493,55.43460092707467,100.95765501208734,52.97282953241322,47.98482547967412,6.003587569947077,2.4359708205773276,234.30101324021922
2025-10-28,22316.849609375,22377.400390625,22147.599609375,22250.900390625,15898900,-0.002670480184241385,53.37131828609195,93.75182080761078,61.128627787452736,32.62319302015805,5.679139659292115,1.7170031769206031,233.97956809806072
2025-10-29,22311.75,22521.44921875,22297.94921875,22430.69921875,16149500,0.008048046631088096,58.4090104610705,101.38075385045522,69.17905300005324,32.20170085040198,5.329708652352834,3.332279722728558,236.59165809998495
2025-10-30,22388.150390625,22388.150390625,22105.400390625,22298.19921875,31909500,-0.005924598735961461,53.79641341381174,95.63270134726554,74.46978266949571,21.162918677769824,4.656193279180689,1.6502403009295243,242.92788453034316
2025-10-31,22251.55078125,22312.19921875,22147.849609375,22175.400390625,22384700,-0.0055223387033421145,49.8660419879794,80.24349214137692,75.62452456387196,4.618967577504961,4.3407758034387385,-0.19285771550414638,237.31515059067578
2025-11-03,22187.099609375,22472.849609375,22154.94921875,22442.599609375,1247000,0.011977337085185183,57.19439751536136,88.58700104398667,78.2170198598949,10.36998118409177,4.130586865604442,1.0695741256649325,243.0712391645561
2025-11-04,22475.30078125,22494.900390625,22286.0,22334.44921875,22298300,-0.004830626571531048,53.768457853339825,85.48701815664026,79.67101951924398,5.815998637396277,3.783210194983724,1.339424974760938,240.6304642688735
2025-11-06,22393.849609375,22474.55078125,22167.94921875,22250.55078125,35755100,-0.0037635319739512526,51.2059954766993,75.39129275308733,78.81507416601265,-3.4237814129253223,3.4997585964305937,0.8761271468187705,245.34268557109684
2025-11-07,22260.94921875,22320.0,22105.19921875,22169.80078125,18219600,-0.0036357248922635945,48.79562317821075,60.18078090981362,75.08821551477286,-14.907434604959235,2.7467871059346596,0.30132091667301414,243.16112097673278
2025-11-10,22249.099609375,22422.5,22212.80078125,22379.849609375,21651700,0.009429945367043691,54.76101023265766,64.33392423448458,72.93735725871521,-8.603433024230625,2.421490667765285,0.5666443155647924,243.8424136748233
2025-11-11,22369.599609375,22369.599609375,22369.599609375,22369.599609375,0,-0.0004581062050238847,54.427783010343035,66.03699750327723,71.55728530762761,-5.5202878043503745,2.4251393447827185,-0.3132847295497374,227.1572412694788
2025-11-12,22453.25,22616.650390625,22333.849609375,22593.400390625,34648600,0.009954968729602274,60.132228083801756,84.47180956568991,74.14019015924008,10.331619406449832,2.6594291521213282,0.34509775210664645,231.131779839516
2025-11-13,22644.650390625,22828.55078125,22595.400390625,22686.80078125,29149600,0.004125446472198227,62.255653143805304,105.4031400967433,80.39278014674073,25.010359950002567,2.785840308036994,0.9143209619127051,231.41882346705057
2025-11-14,22714.30078125,22864.599609375,22648.94921875,22821.05078125,22405000,0.005900097888171906,65.13047715279103,131.31055700743673,90.57633551887993,40.7342214885568,3.0926386285973106,2.0740435694603017,230.29250683547554
2025-11-17,22885.44921875,22888.80078125,22750.19921875,22867.599609375,22546100,0.002037654596187638,66.0947618804506,153.82527099578874,103.2261226142617,50.599148381527044,3.3988572221027336,2.497486414381606,223.74315366865585
2025-11-18,22878.69921875,22882.55078125,22680.44921875,22713.650390625,23630200,-0.006754961925580381,60.16848695305798,157.43116027730503,114.06713014687037,43.36403013043466,3.502818994663858,2.0796911220499243,222.19732572803758
2025-11-19,22754.599609375,22773.0,22593.099609375,22727.650390625,17339900,0.0006161795636244381,60.51520770854543,159.5790090274677,123.16950592298984,36.40950310447785,3.668788962820748,1.3238605224877527,219.1761160778206
2025-11-20,22801.05078125,22802.099609375,22638.599609375,22687.55078125,20509100,-0.0017659117987363273,58.93284076338946,156.2444030664592,129.7844853516837,26.459917714775486,3.7688267773256867,1.7461121352463476,215.1992506436906
2025-11-21,22665.80078125,22695.150390625,22544.900390625,22580.94921875,17315300,-0.004709754445189127,54.82837919723708,143.34742870308764,132.49707402196452,10.850354681123122,3.7935434774158567,1.8288230245279005,210.56001845485554
2025-11-24,22604.650390625,22625.900390625,22442.05078125,22492.44921875,33964800,-0.00392693325980831,51.61446254106974,124.5495436183628,130.9075679412442,-6.358024322881391,3.7635867663833866,0.22212047731839502,208.6521320920087
2025-11-25,22521.900390625,22672.099609375,22480.0,22590.94921875,14392000,0.004369686409853396,54.79084805154114,116.26003771302567,127.97806189560049,-11.718024182574823,3.719115335019285,1.1484500803568758,207.4698090407938
2025-11-26,22591.150390625,22881.849609375,22572.650390625,22862.349609375,15405500,0.011942086627803517,62.16156485841174,130.09068347564244,128.40058621160887,1.690097264033568,3.8369921876687703,2.749589590566666,214.73619544859426
2025-11-27,22879.349609375,22948.0,22812.69921875,22863.0,15901900,2.8447704855190108e-05,62.17747896730583,139.49602760190828,130.61967448966874,8.876353112239542,4.027651457059289,3.1267724306132236,209.0622372915518
2025-11-28,22899.69921875,23010.400390625,22856.650390625,22998.30078125,16789100,0.005900450771779325,65.43437768766833,156.06841335494028,135.70942226272305,20.358991092217224,4.248166137751263,2.7634286318703793,205.1113631992981
2025-12-01,23076.94921875,23101.099609375,22810.25,22887.75,27406600,-0.004818501189995676,60.82559390831342,158.45505310897352,140.25854843197317,18.19650467700035,4.0626777992586725,2.3163149974657813,211.23552364041964
2025-12-02,22879.75,22983.650390625,22825.349609375,22905.0,34343900,0.0007533944048318123,61.28382522406565,159.89524034521673,144.18588681462188,15.709353530594854,4.139917055392918,1.3791620738253125,207.45447061253253
2025-12-03,22949.30078125,23005.30078125,22726.5,22907.849609375,31202600,0.00012440218859864676,61.364224639650224,159.42874345372547,147.2344581424426,12.194285311282869,4.064296027158795,0.9743499326167249,212.55063565806591
2025-12-04,22912.94921875,22987.900390625,22838.25,22958.94921875,29710300,0.0022281751428933206,62.85389660968481,161.32272477431252,150.0521114688166,11.270613305495914,3.832882536790382,0.6042598074112289,208.05776101284692
2025-12-05,22973.19921875,22974.0,22839.80078125,22947.150390625,20371700,-0.0005140418587162518,62.25700535162418,160.02696060497328,152.04708129604796,7.9798793089253195,3.269949664698404,0.3478755208630934,202.782150851215
2025-12-08,22938.099609375,22946.69921875,22556.30078125,22640.69921875,21676400,-0.013444625733000416,49.19069272149922,132.7418443614224,148.18603390912284,-15.444189547700432,2.959599662528943,-0.32117766462193326,216.21554074577105
2025-12-09,22607.94921875,22660.19921875,22405.05078125,22522.849609375,20987800,-0.005218804983725579,45.256985895766405,100.45078052403551,138.63898323210537,-38.188202708069866,2.6969162775249935,-0.9011084636117023,218.99646194250167
2025-12-10,22583.80078125,22703.849609375,22488.19921875,22561.5,16975500,0.0017145816864853247,46.76068834177554,77.08999778933867,126.32918614355204,-49.23918835421337,2.73060354780626,-0.5555944864448479,218.7574568483944
2025-12-11,22541.80078125,22799.349609375,22475.19921875,22783.44921875,14517200,0.009789447119523308,54.49127244998769,75.61422252382181,116.186193419606,-40.57197089578419,2.714409171465766,0.8967736388683561,226.2855235467234
2025-12-12,22825.650390625,22882.80078125,22742.099609375,22808.69921875,18236400,0.0011076469719859163,55.28671514790487,75.61053281409477,108.07106129850376,-32.460528484409,2.711028476216609,1.4060274046828563,220.17235557017173
2025-12-15,22736.75,22805.44921875,22588.900390625,22719.400390625,11247900,-0.003922805625757012,51.83595799646603,67.62243028152443,99.98133509510791,-32.35890481358348,2.6849452387979453,0.5685957266832696,220.14567503837375
2025-12-16,22700.75,22712.19921875,22558.349609375,22591.5,12689200,-0.005645472909116842,47.28380527135357,50.3904392414006,90.06315592436646,-39.672716682965856,2.7566892823643467,-1.1846971724373188,215.92461119634706
2025-12-17,22585.599609375,22650.5,22515.650390625,22612.150390625,13236500,0.0009136603740222884,48.07665240990616,37.96266614881097,79.64305796925537,-41.6803918204444,2.8081607868229113,-1.0971858871320472,210.1335396376794
2025-12-18,22601.19921875,22601.19921875,22394.25,22557.599609375,16510600,-0.0024153690366142946,46.10403991804132,23.44155463867719,68.40275730313974,-44.96120266446255,2.893786993355814,-1.9162336211999358,210.6883147082023
2025-12-19,22583.55078125,22863.19921875,22583.55078125,22751.25,24858600,0.00854806826719632,53.411818842819365,27.245369606367603,60.171279763785314,-32.92591015741771,2.8210197932937175,-0.5963888979912836,217.46769289868786
2025-12-22,22780.30078125,22943.69921875,22765.150390625,22927.900390625,16743100,0.007734437691513811,58.888009949272835,44.006847028558695,56.938393216739996,-12.9315461881813,2.6993408382311777,0.09997987611875137,215.68065903092446
2025-12-23,22980.599609375,23005.75,22820.30078125,22875.099609375,13387500,-0.0023055609736931455,56.74111337474254,52.4255280199759,56.03582017738718,-3.61029215741128,2.6252726748302297,-0.14296409553255104,213.52127043942986
2025-12-24,22903.150390625,22934.30078125,22717.44921875,22757.400390625,16075100,-0.005158581263674961,52.174826681748826,49.03480732356911,54.63561760662357,-5.600810283054457,2.608332975675619,-0.8778660826532954,213.7591484437563
2025-12-26,22761.900390625,22807.900390625,22631.599609375,22684.650390625,12241300,-0.003201882877305545,49.52200741225544,40.01603974292448,51.71170203388375,-11.695662290959277,2.6099776698836474,-1.1439328872278787,211.0835507870594
2025-12-29,22697.25,22721.25,22552.599609375,22578.30078125,16053400,-0.004699198895638271,45.851799885441736,24.01030097896364,46.17142182289973,-22.16112084393609,2.5396911304251564,-0.27560296127393646,208.05261077548374
2025-12-30,22604.5,22615.94921875,22395.150390625,22540.05078125,25377400,-0.0016955410753705822,44.57230745169831,8.145288545903895,38.56619516750057,-30.42090662159667,2.596872777518149,0.07637209399933176,208.96305487187777
2025-12-31,22620.69921875,22770.099609375,22536.150390625,22723.650390625,13158000,0.008112488000274103,51.55967205029375,10.268734384149866,32.90670301083043,-22.63796862668056,2.501718454650103,0.7187039453272167,210.7477808631722
2026-01-02,22649.650390625,22803.650390625,22578.69921875,22790.900390625,13771200,0.0029551010736006507,53.85435428064276,17.180052526546206,29.761372913973585,-12.581320387427379,2.4064880706214398,0.032704318838904956,211.7623087925885
2026-01-05,22810.44921875,22930.69921875,22706.05078125,22743.400390625,16653300,-0.002086340030039501,51.98130726250627,18.609945059459278,27.531087343070727,-8.921142283611449,2.2047205350222168,-0.2862891368716055,212.6827465574036
2026-01-06,22791.05078125,23149.94921875,22764.849609375,23126.849609375,17554400,0.01671925271597178,63.12952652966332,50.10669375266298,32.04620862498918,18.0604851276738,2.5840011001446848,1.7933977646616548,226.5303238122319
2026-01-07,23117.05078125,23492.55078125,23021.80078125,23286.25,32875100,0.006868794313662601,66.60086235513158,86.92831783561996,43.022630467115334,43.90568736850463,3.3613434110382028,3.0752716729743486,243.97458639707247
2026-01-08,23260.25,23260.25,22927.30078125,22962.55078125,18166800,-0.01399839559686388,55.22920726751962,88.96437261189203,52.21097889607067,36.75339371582136,3.3267652150086153,1.5496110921421966,252.18706013656728
2026-01-09,22961.099609375,22989.849609375,22696.44921875,22761.0,16394300,-0.008816117000869941,49.55554358476705,73.46760821880889,56.462304760618316,17.005303458190575,3.219219222206117,0.9016934166189662,255.1308694571696
2026-01-12,22758.0,22769.80078125,22392.5,22668.44921875,17724700,-0.00407448960449428,47.1597648985964,53.10606258925691,55.79105632634604,-2.6849937370891297,3.2476123598824493,-0.3639394813471787,263.85729172808607
2026-01-13,22708.05078125,22742.69921875,22392.25,22562.30078125,20442600,-0.004693649005324202,44.50237175630896,28.080405755968968,50.24892621227063,-22.168520456301664,3.3436615759654185,-1.5945620974718215,270.0424293725085
2026-01-14,22571.05078125,22580.849609375,22413.900390625,22505.400390625,19297500,-0.002525108642302103,43.10036079305424,3.6143425375121296,40.92200947731894,-37.30766693980681,3.484030174505822,-1.616164410486259,262.6786286137579
2026-01-16,22456.599609375,22484.349609375,22175.19921875,22217.05078125,22142800,-0.012895250486160597,36.77718147565999,-38.59766264119389,25.01807505361637,-63.615737694810264,4.007779552116931,-2.3743907480645245,267.50166741813234
2026-01-19,22119.150390625,22213.19921875,21910.400390625,22136.25,20105100,-0.0036435110448945493,35.21798799807284,-77.67553343487089,4.479353355918921,-82.1548867907898,4.604137223102904,-2.4174954481627817,270.2980047900515
2026-01-20,22128.44921875,22130.400390625,21668.599609375,21714.30078125,29817400,-0.01924547057679412,28.43773524422849,-141.06667434518386,-24.629852184301633,-116.43682216088223,5.978538052285506,-3.8266830102533804,284.39460377826214
2026-01-21,21743.94921875,21970.400390625,21477.94921875,21584.400390625,22934400,-0.006000216026728187,26.731497353367402,-199.48692503024722,-59.601266753490755,-139.88565827675646,7.283342010506753,-4.239788099412626,299.2557872137434
2026-01-22,21738.19921875,22030.55078125,21726.400390625,21928.0,22518200,0.015793509363135345,37.42610071431542,-215.57476598685753,-90.79596660016412,-124.77879938669341,7.624681827582556,-3.501419784883058,309.74825888597604
2026-01-23,22007.05078125,22033.5,21676.400390625,21722.25,24837400,-0.009427278139722692,34.20632480181226,-242.1356127079962,-121.06389582173054,-121.07171688626565,8.173605228769176,-4.688934497140743,313.13049820662064
2026-01-27,21891.80078125,21898.349609375,21632.80078125,21788.44921875,26700400,0.003042896162003039,36.110803822018106,-254.90516334185304,-147.83214932575504,-107.073014016098,8.563024808298765,-4.198805611621022,309.73180748650486
2026-01-28,21828.0,21903.849609375,21622.94921875,21739.849609375,19478300,-0.002233013045671365,35.30288660750165,-265.8817867989528,-171.4420768203946,-94.43970997855823,8.9510161718047,-5.9973581504925235,307.67242056782595
2026-01-29,21781.05078125,21798.0,21467.349609375,21564.0,39232700,-0.008121706387671467,32.47194254203512,-285.47960265652,-194.2495819876197,-91.2300206689003,9.511633909884349,-7.395995490901283,309.3137041433384
2026-01-30,21544.5,21768.900390625,21396.349609375,21715.099609375,28223600,0.0069825955097986446,37.13665796048243,-285.52715789214926,-212.50509716852562,-73.02206072362364,9.810357935346019,-5.4325461650959195,313.83063822238563
2026-02-02,21629.80078125,21640.599609375,21188.55078125,21549.55078125,20520800,-0.007652882184366238,34.337919429621024,-295.51671984578934,-229.10742170397836,-66.40929814181098,10.113979048885827,-5.322478005140371,329.0247946440009
2026-02-03,22470.349609375,22564.099609375,22086.05078125,22200.25,32396400,0.029748579161232948,50.218499166949755,-248.06795783116831,-232.89952892941636,-15.168428901751952,9.88162837173879,-2.0654223596501398,377.9907970355008
2026-02-04,22275.80078125,22323.75,22009.849609375,22125.80078125,18214100,-0.003359166334238407,48.765293449547244,-214.0049855794714,-229.1206202594274,15.115634679956003,9.663284237076462,-1.9346431209832358,373.4129108633222
2026-02-05,22138.900390625,22163.849609375,21919.0,22119.900390625,14720100,-0.00026671023415618806,48.64514775884733,-185.3493548842198,-220.3663671843859,35.0170123001661,8.878710871985074,-1.7129222022665567,364.2298178998707
2026-02-06,22094.5,22103.94921875,21810.25,21961.349609375,13247100,-0.007193601132992963,45.40772506933077,-173.43404438356083,-210.9799026242209,37.54585824066007,7.545353551926268,-1.1509231103292885,360.33128738023703
2026-02-09,22126.30078125,22328.599609375,21974.150390625,22290.69921875,18731000,0.014885443698863634,52.48213537844126,-135.8493274954817,-195.95378759847307,60.10446010299137,6.6752730616798335,0.6977207916878423,360.82548113879153
2026-02-10,22387.400390625,22438.25,22161.30078125,22210.5,29833100,-0.0036043660388174656,50.75727087883866,-111.252129976383,-179.01345607405506,67.76132609767205,6.030698094067559,2.285126395497207,354.8343195395922
2026-02-11,22280.44921875,22581.0,22158.099609375,22434.19921875,18367500,0.010021395364154875,55.18189135436508,-72.86803891467935,-157.78437264217993,84.91633372750059,5.675590676407861,3.937097221816284,359.69618175997846
2026-02-12,22486.099609375,22486.099609375,22248.650390625,22386.30078125,22418600,-0.0021373458901317835,54.061768340812634,-45.78558607243758,-135.38461532823146,89.59902925579388,5.4287984529804545,2.090025452617658,350.96425583069424
2026-02-13,22325.900390625,22408.5,22134.0,22194.900390625,21635900,-0.008586649152417901,49.71871474912999,-39.31377428210908,-116.170447119007,76.85667283689791,5.077207625869923,2.1758813687578407,345.50252327135894
2026-02-16,22184.599609375,22457.599609375,22121.69921875,22403.150390625,18233200,0.00933904105403825,54.044539645996466,-17.182710636894626,-96.37289982258453,79.1901891856899,5.26931724087112,2.8212249789031354,344.81665665376187
2026-02-17,22390.900390625,22512.75,22318.400390625,22494.900390625,12766900,0.004087042805593618,55.84685170196699,7.671344477013918,-75.56405096266484,83.23539543967875,5.611623692766604,3.473118695928766,334.0690104195646
2026-02-18,22529.5,22584.94921875,22417.30078125,22541.94921875,14895000,0.002089348862034992,56.78285285285705,30.80965492121686,-54.289309785888506,85.09896470710537,5.84164088569627,4.535101181367093,322.1818266395957
2026-02-19,22578.94921875,22657.94921875,22375.75,22429.099609375,16020600,-0.005018777599728264,53.8349385047474,39.58460560489766,-35.51452670773128,75.09913231262894,5.680955283112849,3.2880346525868425,319.3259260760532
2026-02-20,22400.44921875,22515.0,22320.150390625,22452.400390625,14750800,0.0010383246256661534,54.361781777786575,47.86721213080091,-18.83817894002484,66.70539107082575,5.804354669814568,4.189644686981403,310.4347605974065
2026-02-23,22558.80078125,22608.75,22450.0,22578.55078125,16469900,0.005602845036579986,57.20901538214627,63.87421749718487,-2.295699652582897,66.16991714976777,5.8237947012854,1.7040383835767614,299.6001348404489
2026-02-24,22557.25,22692.80078125,22481.650390625,22632.05078125,18182400,0.002366702637142294,58.39449763324608,79.95521352501237,14.154482982936157,65.80073054207621,5.883239844860498,2.288052780575562,293.28229596791687
2026-02-25,22685.5,23071.94921875,22617.349609375,23051.849609375,19540100,0.018378931802486127,66.28696435630744,125.13133956789534,36.349854299928,88.78148526796734,6.423418352671789,4.213170955982174,304.80496121128
2026-02-26,23106.94921875,23436.94921875,23047.849609375,23301.650390625,26914000,0.01077818069867265,69.94100744138562,179.02686999103025,64.88525743814844,114.14161255288181,6.910810766138215,6.102998245052499,310.8260075086886
2026-02-27,23257.80078125,23301.849609375,22917.099609375,22952.349609375,24996500,-0.015103879519241583,60.12720582900675,191.3480708782081,90.17782012616038,101.1702507520477,6.744636381885502,2.9682801070163265,316.1062926866394
