Date,Open,High,Low,Close,Volume,log_return,rsi,macd,macd_signal,macd_diff,bb_width,roc,atr
2023-04-20,59586.609375,59836.7890625,59489.98046875,59632.3515625,6600,0.0010830655211556469,55.79332957380987,319.18395375387627,275.4660618548809,43.71789189899539,6.914113056237533,3.431673454210974,576.4419053245844
2023-04-21,59538.7890625,59781.359375,59412.80859375,59655.05859375,5700,0.0003807112836891154,56.09090684177936,301.97474666990456,280.7677988178856,21.20694785201897,6.625819499263194,3.543148902794961,561.5925393192568
2023-04-24,59873.7109375,60101.640625,59620.109375,60056.1015625,6600,0.00670020186172664,61.074691225949074,317.0424737075955,288.0227337958276,29.019739911767886,6.56001682673584,3.6163017076068575,555.8738757964528
2023-04-25,60202.76953125,60268.671875,59967.01953125,60130.7109375,6500,0.0012415569234597397,61.94017463518949,331.1863983245057,296.6554667015632,34.53093162294249,6.5027442619721,1.9311104635074336,537.7151949359919
2023-04-26,60087.98046875,60362.7890625,59954.91015625,60300.578125,4500,0.0028209828437740993,63.907793131550605,352.04427560754993,307.7332284827606,44.311047124789354,6.290178003165361,2.020315705597073,528.4411743155639
2023-04-27,60315.55859375,60698.30859375,60271.48828125,60649.37890625,5500,0.005767703548749381,67.6105891634543,392.1985805232471,324.6262988908579,67.57228163238915,5.808740822307949,1.608446026799057,521.1825413287379
2023-04-28,60721.609375,61209.4609375,60507.828125,61112.44140625,7200,0.007606074404076937,71.75368514034041,456.1284652233153,350.9267321573494,105.20173306596587,5.420462420194136,2.1384074415495222,534.0718464123995
2023-05-02,61301.609375,61486.23828125,61255.0,61354.7109375,6700,0.003956486986914656,73.65259220159507,520.3442809116968,384.8102419082189,135.53403900347791,4.837948342896427,2.520112159314841,522.6236341686566
2023-05-03,61274.9609375,61274.9609375,61024.44140625,61193.30078125,6100,-0.002634236938231132,70.26346239709957,551.8499442041793,418.21818236741103,133.6317618367683,4.138533758404258,1.721444982901716,508.8840553887526
2023-05-04,61258.12890625,61797.91015625,61119.55859375,61749.25,8100,0.009044110517378409,74.59897418942671,614.5942056104905,457.493387016027,157.10081859446348,4.433825720582268,2.2460974704067755,520.9888773252703
2023-05-05,61163.1015625,61585.5,61002.171875,61054.2890625,5600,-0.011318376682380765,62.35950496858903,601.3104130586216,486.25679222454596,115.05362083407567,4.235701930566183,1.031406169846602,537.1381093020367
2023-05-08,61166.08984375,61854.19140625,61166.08984375,61764.25,7900,0.011561265112774928,68.114912551355,640.6854035030701,517.1425144802508,123.54288902281928,4.592009951232478,3.0937686475298674,555.9069831911769
2023-05-09,61879.6796875,62027.51171875,61654.94140625,61761.328125,6900,-4.730801579553432e-05,68.06878285404437,664.0004127857246,546.5140941413456,117.48631864437903,4.872375360132408,3.406024088111829,542.8115067132356
2023-05-10,61843.359375,61974.3515625,61572.9296875,61940.19921875,4800,0.0028919807581585274,69.43351407757429,688.9691208386794,575.0050994808124,113.96402135786695,5.153854513648238,3.98268595849648,532.7122473051473
2023-05-11,62158.1015625,62168.21875,61823.0703125,61904.51953125,6100,-0.0005762004039782276,68.8018339243869,697.8337561127628,599.5708308072026,98.2629253055602,5.405402171168877,3.8102940924081556,519.3148323190654
2023-05-12,61857.69140625,62110.9296875,61578.1484375,62027.8984375,7000,0.0019910681810614405,69.82416586008073,706.6686536937486,620.9903953845118,85.67825830923687,5.688661189856383,3.9776003907883175,520.276719296275
2023-05-15,62157.1015625,62562.671875,61950.30078125,62345.7109375,6900,0.005110621028488671,72.33866101372152,730.8899420697999,642.9703047215694,87.91963734823048,6.06273331755747,3.8124508841407536,526.8548889001125
2023-05-16,62474.109375,62475.94921875,61847.41015625,61932.46875,5900,-0.006650301952600813,64.77990719515995,708.5723161015267,656.0907069975609,52.48160910396575,6.037715040554413,2.9964019789700327,534.1180441572474
2023-05-17,61932.3203125,61979.94140625,61340.1015625,61560.640625,6700,-0.006021862280565257,58.823892473226145,653.3505955725268,655.5426847125541,-2.192089140027292,5.765332666353527,2.089635852890092,541.6696012710154
2023-05-18,61937.859375,61955.8984375,61349.33984375,61431.73828125,8200,-0.002096103711340355,56.87173355860123,592.3573159350199,642.9056109570473,-50.548295022027446,5.301517657299353,1.289970959487232,546.3045293052286
2023-05-19,61556.25,61784.609375,61251.69921875,61729.6796875,6100,0.004838235745593357,60.16257810109123,561.5874532881426,626.6419794232663,-65.05452613512375,4.806467550429786,1.010004292165089,545.3477883727122
2023-05-22,61579.78125,62044.4609375,61579.78125,61963.6796875,5600,0.0037835544338084017,62.577733761147925,549.7468206925696,611.262947677127,-61.516126984557445,4.2203948779105795,0.9925378845323485,539.5857811675185
2023-05-23,62098.16015625,62245.19140625,61914.3984375,61981.7890625,8400,0.0002922152025645193,62.76586782031077,535.6496732664818,596.140292794998,-60.49061952851616,3.7781162525458987,1.2885205916063243,524.6720088519814
2023-05-24,61834.28125,62154.140625,61708.1015625,61773.78125,5900,-0.0033615942757843614,59.091176634230614,501.9074140492885,577.2937170458562,-75.38630299656768,3.1925138929132677,0.039727203164410904,519.0553698268399
2023-05-25,61706.12890625,61934.01171875,61484.66015625,61872.62109375,8400,0.00159875035471107,60.281133562502156,477.6360883628877,557.3621913092625,-79.7261029463748,2.5814795065052234,1.3403350424935594,514.0765264463513
2023-05-26,61985.359375,62529.828125,61911.609375,62501.69140625,9200,0.010115845696119284,66.88363795514576,503.359193299606,546.5615917073312,-43.20239840772524,2.3801250636675557,1.1939615655496505,524.3001339323262
2023-05-29,62801.5390625,63026.0,62801.5390625,62846.37890625,9600,0.005499699643481907,69.84183931018704,545.2727747366371,546.3038283131924,-1.0310535765553368,2.6486099882907523,1.7568449613873973,524.3007382050172
2023-05-30,62839.8515625,63036.12109375,62737.3984375,62969.12890625,7800,0.0019512704130245546,70.84078435631181,581.6891388284785,553.3808904162497,28.30824841222875,2.988499964999543,1.6611662546744461,508.18801806537306
2023-05-31,62839.96875,62876.76953125,62401.01953125,62622.23828125,7300,-0.005524129801450693,64.35347653534197,575.9193555519741,557.8885834433946,18.030772108579527,2.9417130870397012,1.1593963662664222,512.468114989275
2023-06-01,62736.46875,62762.41015625,62359.140625,62428.5390625,8000,-0.0030979315407432336,60.99461113348658,549.3838970099532,556.1876461567064,-6.803749146753148,2.980783991174508,0.645903915967248,504.6682161507554
2023-06-02,62601.96875,62719.83984375,62379.859375,62547.109375,6300,0.0018974952250030706,62.292048223932596,531.7918231150907,551.3084815483833,-19.516658433292605,2.6963264229252295,0.323034952158773,492.90480562213
2023-06-05,62759.19140625,62943.19921875,62751.71875,62787.46875,6100,0.003835488550018932,64.84486832609711,531.1225207972966,547.271289398166,-16.148768600869403,2.8134115737974557,1.3805359567553168,485.9894512026922
2023-06-06,62738.3515625,62867.94921875,62554.2109375,62792.87890625,8100,8.616246656937037e-05,64.9024649873912,524.9770397557513,542.8124394696831,-17.835399713931793,2.8895738269616786,2.0016657863524303,473.6857962060713
2023-06-07,62917.390625,63196.4296875,62841.94921875,63142.9609375,6900,0.005559702995517886,68.49895038015313,542.1063315778301,542.6712178913126,-0.5648863134824751,3.1448391767396804,2.785567695342741,468.67615228063767
2023-06-08,63140.171875,63321.3984375,62789.73046875,62848.640625,11000,-0.004672070903527571,62.683418301639946,525.8703235287176,539.3110390187936,-13.440715490076059,3.200632793990842,1.8126789952007234,473.175567742735
2023-06-09,62810.6796875,62992.16015625,62594.73828125,62625.62890625,41400,-0.003554704154293449,58.62216983452679,489.36687158393033,529.322205531821,-39.95533394789072,3.201585505490984,1.0682858443662373,467.7645896896825
2023-06-12,62659.98046875,62804.890625,62615.19921875,62724.7109375,4900,0.0015808820623684154,59.866306024999105,463.09445022737054,516.076654470931,-52.98220424356043,3.246695252434463,1.1986131511158329,447.9022194439909
2023-06-13,62779.140625,63177.46875,62777.0390625,63143.16015625,5500,0.006649048033366092,64.69440621845386,470.61377914770856,506.98407940628647,-36.37030025857791,3.3590439263767466,2.216763938584381,448.24904751942006
2023-06-14,63115.48046875,63274.03125,63013.51171875,63228.51171875,11900,0.0013508023469469034,65.60334931033296,477.9505429269193,501.17737211041305,-23.22682918349375,3.2909827068471023,2.191422637398117,434.8397963573187
2023-06-15,63153.78125,63310.9609375,62871.078125,62917.62890625,6700,-0.004928940994208834,59.58597354797315,453.45222132456547,491.63234195324355,-38.18012062867808,2.93519539291359,0.665481990393635,435.20001179608164
2023-06-16,62960.73046875,63520.359375,62957.171875,63384.578125,5500,0.007394191395777861,64.80740976351609,466.3403432591949,486.5739422144338,-20.233598955238904,2.8653966514768987,0.8563726790891951,447.1664730070758
2023-06-19,63474.2109375,63574.69140625,63047.828125,63168.30078125,1400,-0.0034179792064099692,60.88380121282117,453.8705613047423,480.03326603249553,-26.162704727753237,2.7586627694706105,0.31630082622951955,452.8591021672847
2023-06-20,63176.76953125,63440.19140625,62801.91015625,63327.69921875,5000,0.0025202144236655824,62.677263321124535,451.6440199010467,474.35541680620577,-22.711396905159063,2.6605964482647746,1.1265342103097984,466.1035412981929
2023-06-21,63467.4609375,63588.30859375,63315.62109375,63523.1484375,10600,0.0030815619607918905,64.80792732594911,460.34402890213823,471.55313922539233,-11.209110323254095,2.4081031739753933,1.7533797705952043,452.28810977689346
2023-06-22,63601.7109375,63601.7109375,63200.62890625,63238.890625,7300,-0.004484911903846122,59.488806019198044,439.2383525764744,465.0901818956088,-25.851829319134367,1.9654214350043668,1.1060163401835865,448.63053273925823
2023-06-23,63124.28125,63240.62890625,62874.12109375,62979.37109375,7300,-0.004112240074192521,55.04673356594081,396.9945882606189,451.47106316861084,-54.47647490799193,1.8588498683322396,0.30563796816542316,442.76462415073973
2023-06-26,62946.5,63136.08984375,62853.671875,62970.0,4400,-0.00014880731338180706,54.887355844755696,358.6259154261352,432.90203362011573,-74.27611819398055,1.85096887899955,0.28207194324446005,431.31129162211545
2023-06-27,63151.8515625,63467.5390625,63054.83984375,63416.03125,4800,0.007058265811929819,60.717214475173776,360.0589248529577,418.3334118666842,-58.27448701372646,1.951225584732367,0.4324635849280013,436.04184668482145
2023-06-28,63701.78125,64050.44140625,63554.8203125,63915.421875,6300,0.007843987848868363,66.01302073194967,396.91584620042704,414.04989873343277,-17.13405253300573,2.253375850042053,1.6973815811947006,450.2110116537628
2023-06-30,64068.44140625,64768.578125,64068.44140625,64718.55859375,29700,0.012487324921584627,72.4464334693702,485.3369804190952,428.3073150705653,57.029665348529875,3.047957799269066,3.3419699315644347,478.99281439277974
2023-07-03,64836.16015625,65300.3515625,64836.16015625,65205.05078125,8800,0.007488930819331923,75.47482507350091,587.890385656865,460.22392918782526,127.6664564690397,4.004847084337028,3.954326463491325,486.3356825611526
2023-07-04,65503.8515625,65672.96875,65171.05859375,65479.05078125,6600,0.004193324179826718,77.007598366209,683.3964394966315,504.85843124958654,178.53800824704496,4.91287078360492,3.699356540312134,487.4481449674989
2023-07-05,65493.6796875,65584.328125,65256.48828125,65446.0390625,7400,-0.0005042840831955763,76.38816563648368,747.8017127813946,553.4470875559482,194.3546252254464,5.5229029813798265,3.507163593560288,476.0475520233918
2023-07-06,65391.87890625,65832.9765625,65328.2890625,65785.640625,8600,0.005175614933584008,78.32014780393716,816.8304508218062,606.1237602091198,210.70669061268632,6.245335498311744,4.558359506877575,478.0932625931495
2023-07-07,65559.40625,65898.9765625,65175.73828125,65280.44921875,14300,-0.007708994885730956,69.24353933977152,821.3040171546454,649.159811598225,172.1442055564204,6.460269735637931,2.991060522657695,495.60362106863886
2023-07-10,65482.328125,65633.4921875,65246.3984375,65344.171875,14400,0.0009756608022485704,69.72021771636548,820.5326469207794,683.434378662736,137.0982682580434,6.522819939309022,3.44456169762264,487.8529159923075
2023-07-11,65598.6484375,65870.59375,65517.5703125,65617.84375,9800,0.004179414497517819,71.74555281613706,832.4088722712113,713.229277384431,119.17959488678025,6.627411607264063,3.616339389402507,490.60784163571407
2023-07-12,65759.28125,65811.640625,65320.25,65393.8984375,7400,-0.0034187092985027423,67.75197116518832,814.3628829044901,733.4559984884429,80.9068844160472,6.686554287796883,2.944989418842516,490.66375473316305
2023-07-13,65667.0703125,66064.2109375,65452.1484375,65558.890625,9500,0.0025198741620750765,69.11595085718272,804.1055684957537,747.585912489905,56.519656005848674,6.753895241849528,3.6686285560532004,503.49580796650855
2023-07-14,65775.4921875,66159.7890625,65610.8203125,66060.8984375,10800,0.007628187985433007,72.87521478525872,826.951822095798,763.4590944110836,63.492727684714396,6.806316685855986,4.892915394729636,510.45313864747226
2023-07-17,66148.1796875,66656.2109375,66015.6328125,66589.9296875,9200,0.00797634002456483,76.16747513466689,877.6292792229506,786.2931313734571,91.3361478494935,7.1558422851537085,5.7486575948864544,519.7477805297957
2023-07-18,66828.9609375,67007.0234375,66574.46875,66795.140625,8200,0.0030769725416273015,77.31753884709813,923.7024696590597,813.7749990305776,109.92747062848207,7.3644160741766305,5.328478159850157,513.5197024562389
2023-07-19,66905.0078125,67171.3828125,66703.609375,67097.4375,8500,0.00451552121684679,78.93050001376423,973.3880251898154,845.6976042624252,127.69042092739016,7.615852753915369,4.978478638884835,510.2521121022218
2023-07-20,67074.34375,67619.171875,66831.3828125,67571.8984375,8300,0.007046339054290049,81.19121571098762,1039.0714494638814,884.3723733027165,154.69907616116495,8.007578892736829,4.408843314420715,530.0761799877774
2023-07-21,66907.0703125,67190.5234375,66533.7421875,66684.2578125,13200,-0.013223282772347359,66.75927534220199,1007.8826129325753,909.0744212286884,98.8081917038869,7.7007044477874045,2.268546705396252,566.3676135600791
2023-07-24,66629.140625,66808.5625,66326.25,66384.78125,8600,-0.004501078090269307,62.70925087889084,948.0712048190835,916.8737779467674,31.1974268723161,6.990838538042901,1.3832370169442911,560.3636768772163
2023-07-25,66531.203125,66559.2890625,66177.6171875,66355.7109375,11100,-0.00043800218736100854,62.31406297253808,888.0871854444704,911.1164594463081,-23.029274001837734,6.019961749668006,1.3899571128075097,547.5999767431294
2023-07-26,66434.71875,66897.2734375,66431.34375,66707.203125,10500,0.0052831099863544905,65.17199132218471,859.0097700034676,900.6951215577401,-41.68535155427253,5.1860985073796355,1.4008566174086718,547.1687284043345
2023-07-27,66834.1171875,66984.171875,66060.7421875,66266.8203125,8400,-0.006623615818557033,59.12243280045609,791.3087811821242,878.817853482617,-87.50907230049279,4.394679529331444,1.510974733713524,574.044511196882
2023-07-28,66266.3515625,66351.21875,65878.6484375,66160.203125,12300,-0.0016102032314625507,57.7253856028194,720.7438572487881,847.2030542358513,-126.45919698706314,4.003672266135058,1.2488202491279945,566.7963541471047
2023-07-31,66156.390625,66598.421875,65998.8984375,66527.671875,7900,0.005538858610292989,61.134206579310245,686.5580894121376,815.0740612711086,-128.51597185897094,3.841830903735082,1.3865559625311523,569.1340029580258
2023-08-01,66532.9765625,66658.1171875,66388.2578125,66459.3125,10500,-0.0010280612248195692,60.16232906511551,646.4971748459793,781.3586839860828,-134.86150914010352,3.739488354413709,1.629225490384651,547.7572438181668
2023-08-02,66064.40625,66261.96875,65431.6796875,65782.78125,7500,-0.0102317973492139,51.44566169283632,553.7746244041482,735.841872069696,-182.06724766554782,3.6388769633461546,0.3415106980389054,582.0340701525835
2023-08-03,65550.8203125,65820.8203125,64963.078125,65240.6796875,9300,-0.008274924993688862,45.72838539832836,431.57336053202744,674.9881697621623,-243.4148092301349,3.825479649866194,-1.2416100437628868,601.7275071059703
2023-08-04,65453.55078125,65799.2734375,65387.1796875,65721.25,12500,0.007339117111519108,50.934108676308554,369.2495079480723,613.8404373993443,-244.59092945127202,3.673126567004039,-1.3045211063844466,598.6465244555438
2023-08-07,65811.3984375,66067.8984375,65748.25,65953.4765625,7100,0.0035272798256271143,53.266882983670214,334.73750298404775,558.019850516285,-223.28234753223728,3.490787631148594,-1.2600678052693297,580.6466611015765
2023-08-08,66048.8125,66057.53125,65752.6328125,65846.5,6300,-0.0016233172232918722,52.03947935751129,295.3497675793624,505.48583392890055,-210.13606634953817,3.4275371487869086,-1.864359574089547,560.9503594157496
2023-08-09,65810.9609375,66066.0078125,65444.37890625,65995.8125,6600,0.002265017368151293,53.6450107968117,273.03559006765136,458.99578515665075,-185.9601950889994,3.2357766209707703,-2.3324576842513696,565.2845413324818
2023-08-10,65945.390625,65956.25,65509.140625,65688.1796875,6000,-0.004672297171950491,49.93590657780137,227.90094640386815,412.77681740609427,-184.87587100222612,3.186521714786924,-1.4937230430017392,559.6693508801617
2023-08-11,65727.796875,65727.796875,65274.609375,65322.6484375,7600,-0.005580183008337175,45.87698116568488,160.78269628090493,362.3779931810564,-201.59529690015148,3.4259712452729554,-1.599964317875944,552.0635043887215
2023-08-14,65153.01953125,65517.8203125,64821.87890625,65401.921875,7600,0.0012128316356725083,46.88530648870032,112.68869822125998,312.44013418909714,-199.75143596783715,3.5727428329158974,-1.4373880545087785,562.3404973788129
2023-08-16,65238.671875,65605.7421875,65032.890625,65539.421875,0,0.0021001777834557408,48.67153345836319,84.69267469052284,266.8906422893823,-182.19796759885946,3.575820018956814,-1.750607423626712,563.0912877446119
2023-08-17,65503.8515625,65535.140625,65046.1015625,65151.01953125,6400,-0.0059438698511990375,44.15442967183212,30.80964678536111,219.67444318857807,-188.86479640321696,3.5435122101489505,-1.6838000917927323,558.107646655711
2023-08-18,65025.7109375,65175.3203125,64754.71875,64948.66015625,14300,-0.0031108383768097482,41.96898566669667,-27.90013600968814,170.15952734892483,-198.05966335861297,3.1346077228142457,-1.8312261926720013,548.2857835017318
2023-08-21,64852.69921875,65335.8203125,64852.69921875,65216.08984375,9300,0.004109101178150595,45.787839945865336,-52.24645645014243,125.67833058911138,-177.92478703925383,3.068271791047161,-1.971483435816534,543.6311628051795
2023-08-22,65272.421875,65362.91015625,65165.44921875,65220.03125,5400,6.043427569226331e-05,45.8444042606057,-70.41139354508778,86.46038576227156,-156.87177930735933,3.0723783127451516,-1.864721742344235,518.9047181405239
2023-08-23,65300.9296875,65504.7109375,65108.51171875,65433.30078125,7100,0.0032646656209056515,48.94837545155668,-66.82781876425724,55.802744856965795,-122.63056362122305,2.994438884824533,-0.5312643553665497,510.14003961262927
2023-08-24,65722.5078125,65913.7734375,65181.94140625,65252.33984375,5900,-0.0027694098952750954,46.51234194332666,-77.69423446287692,29.103348992997255,-106.79758345587418,2.7270493549894415,0.017872524176405946,525.9751818724415
2023-08-25,65000.671875,65106.0,64732.5703125,64886.51171875,51700,-0.005622134884559048,41.96545790296788,-114.50527400495776,0.381624393406252,-114.88689839836401,2.772125529400819,-1.2701193012153604,525.5319211136956
2023-08-28,64908.078125,65213.44921875,64776.921875,64996.6015625,20800,0.001695214525322619,43.74759700119697,-133.2588328455604,-26.34646705438708,-106.91236579117331,2.7588362515230895,-1.4508332992776038,519.174451302003
2023-08-29,65201.3515625,65229.03125,64956.671875,65075.8203125,48500,0.0012180715735553985,45.05511512452837,-140.1137284289871,-49.099919329307085,-91.01380909968,2.4400157176827793,-1.1704186061521873,501.5448029947171
2023-08-30,65311.578125,65458.69921875,65052.73828125,65087.25,17700,0.00017562104984054732,45.25283908219245,-142.975865527922,-67.87510856903006,-75.10075695889194,2.0406247894811,-1.376697195750109,494.7173840308087
2023-08-31,65178.328125,65277.0390625,64723.62890625,64831.41015625,48600,-0.003938466947668111,41.640668677910206,-163.99780246551381,-87.09964734832681,-76.898155117187,2.0913924286903147,-1.3042978741775626,498.9097249036081
2023-09-01,64855.51171875,65473.26953125,64818.37109375,65387.16015625,21600,0.008535700751544166,50.82348897484269,-134.26572681872494,-96.53286324240644,-37.73286357631851,2.087192757763688,0.09875857806304977,510.0517758033503
2023-09-04,65525.91015625,65683.90625,65285.55859375,65628.140625,13700,0.0036786656073032986,54.189516844005865,-90.2177586274338,-95.26984231941192,5.052083691978126,2.059639465807754,0.34589006487051344,502.0729101209682
2023-09-05,65671.6015625,65831.703125,65601.46875,65780.2578125,6600,0.0023151831580833196,56.226342942291026,-42.54441521685658,-84.72475689890085,42.18034168204427,1.9749347361200023,0.3674672900828056,482.6558718980419
2023-09-06,65744.1875,65971.1328125,65488.03125,65880.5234375,6100,0.0015230905275075573,57.56560496990475,3.2897289392058155,-67.12185973127953,70.41158867048534,1.9918642181985489,1.1197121879268366,482.68770694103887
2023-09-07,65854.25,66296.8984375,65672.34375,66265.5625,6200,0.005827492345575178,62.33173367466647,69.87754796246008,-39.72197819253161,109.5995261549917,2.1822129936507775,2.0276050969825503,492.82106269525036
2023-09-08,66381.4296875,66766.921875,66299.296875,66598.90625,11500,0.005017811798123017,65.90235909488848,147.84269052527088,-2.2090444489711096,150.05173497424198,2.7171566046367723,2.120360802929252,493.4309421455896
2023-09-11,66807.7265625,67172.1328125,66735.84375,67127.078125,9300,0.007899356642647931,70.64968516633402,249.37504363829794,48.1077731684827,201.26727046981523,3.555936865818531,2.9240201797664733,499.13062931376174
2023-09-12,67506.8828125,67539.1015625,66948.1796875,67221.1328125,8700,0.0014001630867954886,71.41296484864515,333.58424073667265,105.20306668212069,228.38117405455196,4.23008677268512,2.732296873157751,505.6871468627788
2023-09-13,67188.640625,67565.40625,67053.359375,67466.9921875,6200,0.003650799178837883,73.36302016788736,415.37129127544176,167.23671160078493,248.13457967465683,4.911652365953845,3.393981501740928,506.1414131582946
2023-09-14,67627.03125,67771.046875,67336.4609375,67519.0,8100,0.0007705661043874985,73.77061846764788,478.8646601730434,229.56230131523662,249.30235885780675,5.414456017785689,4.057065500239089,501.0303077541307
2023-09-15,67659.90625,67927.2265625,67614.421875,67838.6328125,6800,0.004722798411455281,76.18277755444679,548.6508042076312,293.38000189371553,255.27080231391562,5.901503777574632,4.372584383919111,494.40146880740707
2023-09-18,67665.578125,67803.1484375,67532.828125,67596.84375,10300,-0.003570546292796265,70.8730868484347,577.7861108819488,350.2612236913622,227.52488719058664,6.188148781973594,3.87397873033919,480.9302701425923
2023-09-20,67080.1796875,67294.15625,66728.140625,66800.84375,13400,-0.011845580419291173,56.830295702780724,530.5298855027795,386.3149560536457,144.21492944913382,6.1414440506993735,2.6327640974230744,508.6283312038357
2023-09-21,66608.671875,66608.671875,66128.7109375,66230.2421875,8400,-0.008578522196345367,49.290796549559566,441.9417793167959,397.44032070627577,44.5014586105201,6.06091388622108,2.1576455423053096,520.3072227249903
2023-09-22,66215.0390625,66445.46875,65952.828125,66009.1484375,8300,-0.003343844144539993,46.70522679435574,349.861661600502,387.92458888512107,-38.06292728461909,5.927994502127828,0.9512391725893721,518.3310371732052
2023-09-25,66082.9921875,66225.6328125,65764.03125,66023.6875,6800,0.00022023404186589002,46.90247330781576,274.89190300113114,365.3180517083231,-90.42614870719194,5.641766862034478,0.6027092512953547,514.2789318394049
2023-09-26,66071.6328125,66078.2578125,65865.6328125,65945.46875,6500,-0.0011854097030250697,45.917860429768496,206.78256902155408,333.6109551709693,-126.82838614941522,5.380515867732472,0.25115580721942005,492.7322224223045
2023-09-27,65925.640625,66172.2734375,65549.9609375,66118.6875,5400,0.002623253034762668,48.49641280735648,164.88207864983997,299.86517986674346,-134.9831012169035,5.10725690773044,0.3615090622738345,501.98795653499707
2023-09-28,66406.0078125,66406.0078125,65423.390625,65508.3203125,7800,-0.009274260237941461,41.06639818637917,81.4848011090362,256.189104115202,-174.7043030061658,4.94123273218223,-1.1427386396969015,536.3186158896401
2023-09-29,65743.9296875,66151.6484375,65570.3828125,65828.40625,8400,0.004874288854499411,45.75953839241988,40.750372966140276,213.10135788538966,-172.35098491924938,4.523497852272499,-1.1569259067223796,543.9621522546659
2023-10-03,65813.421875,65813.5,65344.58984375,65512.1015625,8600,-0.004816568844947613,42.18452688572262,-16.860739515788737,167.108938405154,-183.96967792094273,4.473131106609415,-2.4058496326812975,539.6660275400469
2023-10-04,65330.6484375,65332.51953125,64878.76953125,65226.0390625,8600,-0.004376120926161942,39.20161928390132,-84.62530639462057,116.76208944519908,-201.38739583981965,4.635794884958559,-2.9679561568307955,546.3564563764721
2023-10-05,65598.2578125,65753.203125,65443.33984375,65631.5703125,8000,0.006198073618809263,45.125487310820986,-104.40274134076026,72.52912328800721,-176.93186462876747,4.6777287404120935,-2.7204738428224453,544.9855710995813
2023-10-06,65867.5390625,66095.8125,65762.328125,65995.6328125,10200,0.005531735381721902,49.84963796317796,-89.6660850582266,40.09008161876045,-129.75616667698705,4.655753609823282,-2.256205197796176,539.2181865567541
2023-10-09,65560.0703125,65789.9765625,65434.609375,65512.390625,7300,-0.007349275731376297,44.38722382749581,-115.64767033477256,8.942531228053852,-124.59020156282641,4.807285204812466,-3.4290817651492596,540.7757044812716
2023-10-10,65662.2734375,66180.171875,65662.2734375,66079.359375,5100,0.008617139879297124,51.150562647939545,-89.45741469293716,-10.73745795614435,-78.71995673679281,4.815724605137895,-2.2449041860774748,549.8475291611809
2023-10-11,66376.421875,66592.15625,66299.7890625,66473.046875,16800,0.00594012087360034,55.22269347282411,-36.51325526194705,-15.892617417304892,-20.62063784464216,4.703977692136867,-0.4907076866076261,547.2010538639537
2023-10-12,66564.5703125,66577.6015625,66339.421875,66408.390625,7100,-0.000973142017710149,54.42033774186114,0.2255534690193599,-12.668983240040042,12.894536709059402,4.544281235566699,0.26898352114681373,525.1280991236713
2023-10-13,66034.2109375,66478.8984375,65895.40625,66282.7421875,13400,-0.0018938488562372546,52.81438463156805,18.983712834102334,-6.338444025211568,25.322156859313903,4.2445979297486245,0.41447853286434844,529.2969625791233
2023-10-16,66238.1484375,66342.75,66039.3828125,66166.9296875,6600,-0.0017487778999459745,51.31135299392156,24.22533384282724,-0.2256884516038058,24.451022294431045,3.8525570762684285,0.216955751676245,513.159121502043
2023-10-17,66558.1484375,66559.8203125,66309.1796875,66428.09375,7900,0.0039392790687944965,54.45883120956651,48.889545216123224,9.597358281941602,39.29218693418162,3.107929469723085,0.7318546810693495,504.56851460904
2023-10-18,66473.7421875,66475.2734375,65842.1015625,65877.0234375,7100,-0.008330342937398066,47.483623251331906,23.696186802422744,12.417123986037831,11.279062816384913,2.306404946065059,-0.36550039275961127,513.75446892268
2023-10-19,65484.609375,65869.6484375,65343.5,65629.2421875,11000,-0.003768361028904273,44.710648467276414,-16.078267075004987,6.718045773829268,-22.796312848834255,2.07080832885903,0.18459010156748934,515.1665381067743
2023-10-20,65437.0703125,65555.140625,65308.609375,65397.62109375,14300,-0.0035354785913968415,42.2280987742459,-65.53425674165192,-7.732414729266969,-57.801842012384945,2.1516928317427513,-0.654406176285029,501.2712719920047
2023-10-23,65419.01953125,65453.921875,64502.6796875,64571.87890625,6800,-0.012706878123839905,34.807895583081205,-169.40616950906406,-40.067165685226385,-129.3390038238377,2.7744736119100213,-1.4351892762179317,533.4120516711472
2023-10-25,64619.26953125,64787.078125,63912.16015625,64049.05859375,7100,-0.008129674719559414,31.083645173117418,-290.5632067825718,-90.16637390469546,-200.39683287787634,3.628931474908031,-1.8044641153546208,557.8053314624938
2023-10-26,63774.16015625,63774.16015625,63092.98046875,63148.1484375,12900,-0.014165801949475495,25.934326251213776,-454.04302672013,-162.94170446778236,-291.10132225234764,4.98281123486175,-3.783883065993036,586.2533881437442
2023-10-27,63559.3203125,63913.12890625,63393.37109375,63782.80078125,12600,0.010000045480871259,34.20345959979386,-526.3236898282485,-235.61810153987557,-290.7055882883729,5.4772661831820075,-3.352997671129044,599.0196081870482
2023-10-30,63885.55859375,64184.578125,63431.44921875,64112.6484375,5600,0.005158094202569595,38.073216962742016,-550.643214672753,-298.6231241664511,-252.02009050630187,5.7752441518982325,-2.136606791701856,610.0274151915447
2023-10-31,64449.6484375,64452.3203125,63812.53125,63874.9296875,15000,-0.003714720238356578,36.41114533753564,-582.3851561928313,-355.37553057172715,-227.0096256211042,6.095500121680283,-3.336033684875596,612.1532471421488
2023-11-01,63829.87109375,63896.05078125,63550.4609375,63591.328125,6100,-0.004449836926794876,34.47742000874847,-623.2408172847136,-408.94858791432443,-214.29222937038912,6.510219586915481,-4.335168742030076,593.1130040427096
2023-11-02,64033.3984375,64202.640625,63815.3515625,64080.8984375,6400,0.0076692124083649555,40.36519725916826,-609.0937368890663,-448.97761770927286,-160.1161191797935,6.689120433632077,-3.5048164329761606,594.412968039659
2023-11-03,64444.8984375,64535.19140625,64275.390625,64363.78125,16100,0.0044047487300837955,43.523159580315046,-568.5024525404588,-472.8825846755101,-95.61986786494867,6.74028871487798,-2.8951139831717603,584.4043966618261
2023-11-06,64835.23046875,64992.5390625,64617.48046875,64958.69140625,8100,0.0092004790901592,49.57120760012594,-482.76428336374374,-474.85892441315684,-7.905358950586901,6.624867661263921,-1.8260455592489968,587.5724977931243
2023-11-07,65021.2890625,65021.2890625,64638.1015625,64942.3984375,7700,-0.0002508519190260739,49.41513081440967,-411.3886408222752,-462.1648676949805,50.77622687270531,6.594775274047696,-2.2365466606513906,572.9735693793297
2023-11-08,65101.94921875,65124.0,64851.05859375,64975.609375,6400,0.0005112599674610131,49.762350007655726,-348.1300581664618,-439.3579057892768,91.22784762281498,6.425535474682242,-1.3683284633453503,551.5427005843775
2023-11-09,65025.3203125,65046.55859375,64768.76171875,64832.19921875,11600,-0.0022095776232635544,48.22305703083718,-306.041322872974,-412.69458920601625,106.65326633304227,6.065397107287753,-1.2144631602980902,531.9894273283505
2023-11-10,64756.109375,65014.05859375,64580.94921875,64904.6796875,11100,0.0011173457678618792,49.080354507543355,-263.7962498752531,-382.91492133986367,119.11867146461054,5.672172223633214,-0.7537604548999566,524.9265664477541
2023-11-13,65158.30859375,65176.9609375,64853.359375,64933.87109375,7700,0.00044965700196444836,49.44342544626212,-225.3633739525394,-351.40461186239884,126.04123790985943,5.281671348794605,0.560603460254836,510.5462090229145
2023-11-15,65461.5390625,65747.6484375,65373.5,65675.9296875,7500,0.011363107115348797,57.70022973758525,-133.48834546377475,-307.821358582674,174.33301311889926,5.065643738703452,2.5400390411183227,532.205575789135
2023-11-16,65665.8671875,66358.3671875,65507.01953125,65982.4765625,11600,0.004656708791869308,60.565429107457945,-35.53136906414875,-253.36336067896897,217.83199161482023,4.806817639508605,4.488378828407355,555.0014386791968
2023-11-17,65788.7890625,66037.6875,65639.7421875,65794.7265625,10900,-0.002849508451948765,57.97526479646288,26.64325767702394,-197.3620370077704,224.00529468479434,4.769205519999701,3.154339032790543,543.7831439521113
2023-11-20,65787.5078125,65844.0078125,65547.796875,65655.1484375,7200,-0.0021236715129304327,56.05594948748419,63.91750788533682,-145.10612802914895,209.02363591448577,4.779085835138893,2.4059215109538035,526.0994149198176
2023-11-21,65860.4609375,66082.359375,65849.171875,65930.7734375,5400,0.004189284068938453,58.94624595898434,114.37975510967226,-93.20895140138471,207.58870651105696,4.979543821843377,3.218545617283581,519.0359522469735
2023-11-22,65839.6171875,66063.4296875,65664.8515625,66023.2421875,4300,0.001401530142122253,59.899166675335614,159.98865529842442,-42.56943006142289,202.55808535984733,5.2727014698543035,3.8242856914698224,510.4318217293325
2023-11-23,66084.3671875,66235.2421875,65980.5,66017.8125,7500,-8.224241340556277e-05,59.811375227351384,193.46575410387595,4.637606771636882,188.82814733223907,5.407433325085594,3.022607531617444,492.16827642723734
2023-11-24,66000.2890625,66101.640625,65894.046875,65970.0390625,10800,-0.0007239066174760404,58.992115247459424,213.67852591323754,46.445790599957014,167.23273531328053,4.994244825091497,2.495592678529899,471.84152453957756
2023-11-28,66063.71875,66256.203125,65906.6484375,66174.203125,5100,0.003090020746582369,61.42394546057129,243.3662521067381,85.82988290131324,157.53636920542488,4.892432175919663,1.8712072125163677,463.106750465322
2023-11-29,66381.2578125,66946.28125,66374.5234375,66901.90625,8300,0.010936754642767483,68.5767533427536,321.90285380129353,133.0444770813093,188.85837671998422,5.191555857133044,3.017301269502409,485.1761343606562
2023-11-30,66963.203125,67069.890625,66610.3515625,66988.4375,11100,0.0012925691222234637,69.30557566718333,386.66874853291665,183.76933137163078,202.89941716128587,5.2623436265988675,3.0978210814202156,483.3449149420379
2023-12-01,67181.1484375,67564.328125,67149.0703125,67481.1875,21700,0.0073288254582993765,73.12776919245772,472.3124694932194,241.4779589959485,230.83451049727088,5.2523964588072,4.085914581290173,489.95532280332094
2023-12-04,68435.34375,68918.21875,68274.46875,68865.1171875,30900,0.020300912737137924,80.47982706297546,644.4287220177357,322.068111600306,322.3606104174297,6.337291571036147,6.101929042818681,557.6036033173694
2023-12-05,69168.53125,69381.3125,68954.8828125,69296.140625,9600,0.006239445741301115,82.12053493095938,806.3173567931517,418.9179606388752,387.39939615427653,7.415667927077125,6.718018589946466,554.6458682589858
2023-12-06,69534.9296875,69744.6171875,69395.0078125,69653.7265625,10400,0.005146989114177207,83.36941130849787,952.4897539044614,525.6323192919924,426.857434612469,8.539526044919029,6.056704326725485,547.0623464190583
2023-12-07,69694.1484375,69695.328125,69320.53125,69521.6875,26000,-0.0018974486694301438,81.1163146410691,1045.6246725369128,629.6307899409766,415.99388259593627,9.225510996597047,5.363864956095705,534.7576698891255
2023-12-08,69666.3828125,69893.796875,69506.1171875,69825.6015625,18200,0.004361972829478135,82.3018998842302,1130.9215320348449,729.8889383597502,401.03259367509463,9.83188612083455,6.126440841989023,524.2520997184737
2023-12-11,69925.6328125,70057.828125,69782.4765625,69928.53125,12400,0.0014730112668536028,82.69809979545768,1193.0724764331244,822.5256459744251,370.54683045869933,10.185940932012368,6.508831240505105,506.4734899171541
2023-12-12,70020.6796875,70033.640625,69443.8515625,69551.03125,7000,-0.005412992627419611,75.97997797338022,1198.0560086376645,897.6317185070731,300.42429013059143,10.179384757344788,5.490998548548614,512.4246022445002
2023-12-13,69648.5625,69657.9296875,69100.5625,69584.6015625,7100,0.0004825552228835137,76.16540932060906,1190.98539915531,956.3024546367205,234.68294451858947,10.010302747526135,5.3940994973952705,515.6347869056074
2023-12-14,70146.09375,70602.890625,70110.75,70514.203125,12200,0.01327085134861569,80.62568959891695,1246.029514670212,1014.2478666434188,231.78164802679316,10.333808125967298,6.8108749059202776,551.5386637337782
2023-12-15,70804.1328125,71605.7578125,70655.96875,71483.75,25100,0.013655998849046704,83.99068100614053,1352.2982503053063,1081.8579433757964,270.4403069295099,11.016674771558652,8.357901580558883,590.111236859937
2023-12-18,71437.3515625,71552.2421875,71142.2890625,71315.09375,12500,-0.00236215257760922,81.3440003410108,1406.692365115654,1146.8248277237678,259.8675373918861,11.27721540089711,7.768723131110618,577.2428002985129
2023-12-19,71479.28125,71623.7109375,71071.9765625,71437.1875,8600,0.0017105685275482635,81.7913266321776,1443.01782697429,1206.0634275738723,236.95439940041774,11.28859837489814,6.779001532560964,575.4207699200476
2023-12-20,71647.65625,71913.0703125,70302.6015625,70506.3125,13200,-0.013116322275330624,68.33745402593186,1380.7754643054213,1241.0058349201822,139.7696293852391,10.889041525345391,5.251465971273028,649.3527684971871
2023-12-21,69920.890625,70958.7109375,69920.390625,70865.1015625,8800,0.005075846983716528,70.3611005001194,1344.8960972365894,1261.7838873834637,83.1122098531257,10.447949094691884,5.014603607116428,677.136164497388
2023-12-22,71045.6484375,71259.546875,70713.5625,71106.9609375,15300,0.003407143697320663,71.67530360541568,1320.7526561172854,1273.5776411302281,47.17501498705724,9.859187120787436,3.2554126698079977,667.7681795332888
2023-12-26,71097.78125,71471.2890625,71012.078125,71336.796875,7700,0.0032270439994739213,72.90481410984177,1305.120033090876,1279.8861195223578,25.23391356851812,9.04227171544135,2.944833913685218,652.8712336737682
2023-12-27,71492.0234375,72119.8515625,71473.6484375,72038.4296875,9800,0.009787442786779099,76.28858595136666,1333.9697974366572,1290.7028551052176,43.26694233143962,8.274182832537571,3.423654760036731,662.1700518042134
2023-12-28,72262.671875,72484.34375,72137.453125,72410.3828125,7800,0.005149975837784331,77.86663123383863,1371.0424285059999,1306.7707697853741,64.27165872062574,7.805019825161537,4.155099532789678,646.723195425341
2023-12-29,72351.59375,72417.0078125,72082.640625,72240.2578125,19800,-0.002352220186594012,75.39507996927101,1370.8922969676642,1319.5950752218323,51.29722174583185,6.9693201911888725,3.4581245216178655,624.4120520021024
2024-01-02,72332.8515625,72332.8515625,71613.7421875,71892.4765625,300,-0.004825856200689399,70.47072145605969,1327.4087346858723,1321.1578071146403,6.250927571232069,5.995922738143209,2.808503592730614,631.1761465019523
2024-01-03,71832.6171875,71862.0,71303.96875,71356.6015625,13600,-0.007481758440916236,63.579935550223766,1235.4653883433202,1304.0193233603763,-68.55393501705612,5.558086003768386,2.596036723035649,628.1284083589557
2024-01-04,71678.9296875,71954.7890625,71546.6015625,71847.5703125,8900,0.006856932549492525,66.78454616554586,1188.516223677856,1280.9187034238723,-92.4024797460163,5.335422660120723,3.2521113855447323,625.9897720476017
2024-01-05,72016.7109375,72156.4765625,71779.828125,72026.1484375,14900,0.0024824299845475455,67.89121460881384,1152.4338941117167,1255.2217415614414,-102.78784744972472,5.226595512298539,2.144171309459154,608.1796767227731
2024-01-08,72113.25,72181.7734375,71301.0390625,71355.21875,10900,-0.009358741622569963,59.826248613780315,1057.5096563421102,1215.6793245175752,-158.16966817546495,4.847325642711172,-0.17980485075279345,627.6478694568608
2024-01-09,71770.90625,72035.46875,71307.2734375,71386.2109375,9500,0.00043424236474112255,60.0622596741181,973.5597339432134,1167.2554064027029,-193.69567245948951,4.546065694919469,0.09972249037392593,634.8298296742279
2024-01-10,71383.203125,71733.84375,71110.9765625,71657.7109375,9400,0.0037960414181296386,62.15950421586309,918.3504245544173,1117.4744100330458,-199.12398547862858,4.256399110077423,0.3086955760961334,633.9753552332115
2024-01-11,71907.75,71999.46875,71543.1875,71721.1796875,7800,0.0008853291285618892,62.653238546739466,869.6927699101507,1067.9180820084669,-198.22531209831618,3.6333309762852317,1.7230615875706166,621.282919145125
2024-01-12,72148.0703125,72720.9609375,71982.2890625,72568.453125,20400,0.011744200319857217,68.55219483376732,889.248411343724,1032.1841478755182,-142.9357365317942,3.065269960937331,2.40365359668287,648.3185142061875
2024-01-15,73049.8671875,73402.15625,72909.0,73327.9375,16000,0.010411377995117115,72.71283853684922,955.0215459558531,1016.7516274915852,-61.7300815357321,3.4589132940883878,3.1234305800976983,661.5602721200313
2024-01-16,73331.953125,73427.59375,72960.2890625,73128.7734375,11200,-0.002719768646933148,70.09388883262957,979.7820362251077,1009.3577092382897,-29.575673013181927,3.8541707081815444,2.511994708200865,647.6848732186005
2024-01-17,71998.9296875,72484.796875,71429.296875,71500.7578125,14100,-0.02251385836473747,53.21976335727962,858.145481179934,979.1152636266186,-120.96978244668458,3.825675555682294,-0.7463681223097177,722.8128510244148
2024-01-18,71018.859375,71451.2890625,70665.5,71186.859375,13000,-0.004399806375147464,50.68612026471306,728.0264190370945,928.8974947087138,-200.87107567161934,3.873523569945794,-1.6897071800714007,730.8446339869566
2024-01-19,71786.7421875,71895.640625,71542.7421875,71683.2265625,25500,0.006948539036463824,54.384279687345625,657.3809303891612,874.5941818448033,-217.21325145564208,3.5209404480093993,-0.7710814812507699,729.2686779878884
2024-01-23,71868.203125,72039.203125,70234.546875,70370.546875,11400,-0.018481973710594117,44.813166115085764,489.82519150100416,797.6403837760436,-307.8151922750394,3.774871251110871,-2.1169526496655107,806.0820759887536
2024-01-24,70165.4921875,71149.609375,70001.6015625,71060.3125,15600,0.009754180904560988,49.81145297495687,407.99131269687496,719.7105695602099,-311.719256863335,3.7888180814543517,-0.4152230571693995,830.505342882414
2024-01-25,71022.1015625,71049.4609375,70319.0390625,70700.671875,36700,-0.005073912235469209,47.400860459606875,310.5376961101865,637.8759948702053,-327.3382987600188,3.986167540677002,-1.5962939769731688,824.1316353550986
2024-01-29,70968.1015625,72010.21875,70880.5390625,71941.5703125,13900,0.01739919007532034,55.4177946570006,329.6353055239306,576.2278570009504,-246.5925514770198,3.9781467814700577,-0.11742697178010546,858.8041524725916
2024-01-30,72000.203125,72142.2265625,71075.71875,71139.8984375,12900,-0.01120592723853998,50.104637114309234,276.8902595600812,516.3603375127766,-239.47007795269542,3.962381194100042,-0.3017583244393039,873.640128188835
2024-01-31,71073.0390625,71851.390625,70846.0390625,71752.109375,11000,0.008568914285679925,53.75127266010998,281.247688539268,469.33780771807494,-188.09011917880696,3.9050479473985646,0.5125617856652332,883.0480877824896
2024-02-01,71998.78125,72151.0234375,71574.890625,71645.296875,11500,-0.0014897413077070603,53.023151931272466,272.9358714883274,430.0574204721255,-157.1215489837981,3.896360168238405,-0.017324112558978574,861.1255681194546
2024-02-02,71977.5625,73089.3984375,71948.7734375,72085.6328125,19400,0.006127245069506582,55.68805948294935,298.439897343138,403.733915846328,-105.29401850318999,3.904572066171023,0.5081527194449077,902.7667105752079
2024-02-05,72269.1171875,72385.9296875,71602.140625,71731.421875,19900,-0.004925864383581231,53.07957516026208,286.76451634799014,380.3400359466604,-93.57551959867027,3.9008083732702836,-1.1534368089095188,894.2683071412645
2024-02-06,71970.8203125,72261.3984375,71625.1796875,72186.09375,10500,0.006318527466372639,55.93296298064746,310.61928746177,366.39588624968235,-55.77659878791235,3.926041226107445,-1.5571742352633333,875.8361959168885
2024-02-07,72548.5,72559.2109375,71938.21875,72152.0,12800,-0.00047241514347732015,55.65962467003916,323.04937266532215,357.7265835328103,-34.67721086748816,3.9324343711729868,-1.3356896219992067,857.6330524585393
2024-02-08,72473.421875,72473.421875,71230.6171875,71428.4296875,14500,-0.010079039873497463,50.067472292019836,271.3858603870176,340.45843890365177,-69.07257851663417,3.926640592797336,-0.1011571446412773,885.1453121043579
2024-02-09,71410.2890625,71676.4921875,71200.3125,71595.4921875,19000,0.002336148719595288,51.28446812598911,241.1429563468846,320.59534239229833,-79.45238604541373,3.9297718616477995,0.5740284317747372,855.9334817754752
2024-02-12,71722.3125,71756.578125,70922.5703125,71072.4921875,10700,-0.007331740825890723,47.390401944984106,172.9795078100724,291.07217547585316,-118.09266766578077,4.015928526430379,-0.8519906319611685,854.3673625415128
2024-02-13,71292.078125,71662.7421875,70924.296875,71555.1875,8100,0.006768632237751122,51.08221998768882,156.10942909537698,264.07962619975797,-107.97019710438099,3.8689803802420064,1.683432455206424,846.0872161099761
2024-02-14,71035.25,71938.59375,70809.84375,71822.828125,10700,0.0037333608600659193,53.049556449700376,162.46335541181907,243.7563720421702,-81.29301663035113,3.24540550317911,1.0730541397492446,866.2774149592635
2024-02-15,72061.46875,72164.96875,71644.4375,72050.3828125,8200,0.0031632696005751476,54.71705327525762,183.7425792447757,231.75361348269132,-48.011034237915624,2.660246802883256,1.9090496620545727,841.5812603193161
2024-02-16,72406.0234375,72545.328125,72218.1015625,72426.640625,15200,0.005208560561056572,57.41052269909515,228.33527151569433,231.06994508929193,-2.734673573597604,2.8715783525533305,0.6742559418608048,816.8215497607936
2024-02-19,72627.6015625,72881.9296875,72308.6796875,72708.15625,0,0.0038793726124673796,59.35834963230078,283.12754156821757,241.48146438507706,41.646077183140505,3.129447901483865,2.2044701313114663,799.4235819207369
2024-02-20,72727.8671875,73130.6875,72510.2421875,73057.3984375,7700,0.004791843402462252,61.698647034734925,350.689209226839,263.3230133534295,87.36619587340954,3.561359997136389,1.8191647240335924,786.6394198192556
2024-02-21,73267.4765625,73267.796875,72450.5625,72623.09375,13900,-0.0059624451789349175,57.28126636593585,364.9802933271567,283.6544693481749,81.32582397898176,3.2653867949439563,1.3647746853585776,788.8247737607373
2024-02-22,72677.5078125,73256.390625,72081.359375,73158.2421875,9100,0.007341829293500959,60.98769174601194,414.7075959034555,309.8650946592311,104.84250124422442,3.4726054647870694,1.4879655392495967,816.4109506349704
2024-02-23,73394.4375,73413.9296875,73022.0,73142.796875,11900,-0.00021114426331287289,60.82366427353591,447.70961605975754,337.4339989393364,110.27561712042115,3.377710229809451,1.9675826340923206,786.0908604110439
2024-02-26,73044.8125,73092.2578125,72666.8203125,72790.1328125,7900,-0.004833244282584595,57.050684756496224,440.33105004479876,358.01340916042886,82.3176408843699,3.4826667273911776,0.8367803701803714,763.9398391316836
2024-02-27,72723.53125,73161.296875,72660.1328125,73095.21875,8300,0.004182549913197968,59.39714962918187,453.8694443345594,377.184616195255,76.68482813930439,3.445438421224291,1.3072662573456038,745.170140800849
2024-02-28,73162.8203125,73223.109375,72222.2890625,72304.8828125,6200,-0.010871295312955068,51.54139036176156,396.2574055948062,380.99917407516523,15.258231519640958,3.397220781731134,1.2270368099011697,763.4308673507884
2024-02-29,72220.5703125,72730.0,72099.3203125,72500.296875,18600,0.00269899435292749,53.1898978250525,362.1926006779686,377.2378593957259,-15.045258717757292,3.3249986864377794,1.2637732626104798,753.9486402185893
2024-03-01,72606.3125,73819.2109375,72591.140625,73745.3515625,20700,0.01702730689262815,62.0485167519495,430.69670180378307,387.92962787733734,42.76707392644573,3.7512410671612892,3.7607508794662667,794.3033132386901
2024-03-04,73903.09375,73990.1328125,73747.0078125,73872.2890625,14200,0.001719815202981888,62.8210370491768,489.58584995871934,408.2608722936138,81.32497766510556,4.071962978420318,3.238202069556453,755.0517372930693
2024-03-05,73767.421875,73915.5390625,73412.25,73677.1328125,21200,-0.0026453016395790035,60.77285757496604,514.5767255791434,429.5240429507197,85.05268262842367,4.300723461044667,2.581776206685679,737.0686890935643
2024-03-06,73587.703125,74151.2734375,73321.4765625,74085.9921875,13300,0.005533997991003806,63.4606740928097,560.9079118848458,455.80081673754495,105.10709514730087,4.643879994121463,2.8252582367221546,743.692130944024
2024-03-07,74242.7421875,74245.171875,73921.4765625,74119.390625,16000,0.0004507047913047369,63.6796016452406,593.479424239631,483.3365382379622,110.14288600166884,4.697162302299957,2.337192482479578,713.6923581980224
2024-03-11,74175.9296875,74187.3515625,73433.90625,73502.640625,9800,-0.008355847473986317,56.899781382458364,563.035686919422,499.2763679742542,63.75931894516782,4.523368733197277,1.092703234377505,716.531854933878
2024-03-12,73516.421875,74004.15625,73342.1171875,73667.9609375,9600,0.002246649538450514,58.18492730179002,545.9553400227451,508.6121623839524,37.34317763879267,4.002776656443311,0.8357298686488694,712.6395126171725
2024-03-13,73993.3984375,74052.75,72515.7109375,72761.890625,452000,-0.012375644269532832,49.477308612512424,454.07247533135524,497.704224973433,-43.63174964207775,3.5860309988845964,0.19111947430633938,771.5251947516601
2024-03-14,72570.1015625,73364.296875,72497.1875,73097.28125,10000,0.0045988361485208,52.32166300894439,403.66466851808946,478.89631368236434,-75.23164516427488,3.231742072901959,-0.08332750443041118,778.3526361979701
2024-03-15,72886.7734375,72998.0703125,72484.8203125,72643.4296875,22300,-0.006228225822213784,48.354485818624056,323.3665223707212,447.7903554200357,-124.42383304931451,3.0065891529014124,-0.682729139211632,766.5032291481151
2024-03-18,72587.296875,72985.890625,72314.15625,72748.421875,11000,0.0014442653370455403,49.311973671112625,265.1452259889338,411.2613295338154,-146.11610354488158,2.9133914752825314,-0.05730301057073648,759.7340252803925
2024-03-19,72462.9375,72490.09375,71933.3515625,72012.046875,38400,-0.010173790648112963,43.2549017318206,157.7664869321161,360.56236101347554,-202.79587408135944,3.1837346785239244,-1.4818641951187812,763.6866172246501
2024-03-20,72036.859375,72402.671875,71674.421875,72101.6875,8300,0.0012440262817339134,44.154174791029924,78.99075562624785,304.24803993603,-225.25728430978216,3.4143545276230514,-0.2810257130585817,761.1554302800323
2024-03-21,72507.359375,72882.4609375,72416.03125,72641.1875,12900,0.007454632891629619,49.35607312333414,59.408735308243195,255.28017901047266,-195.87144370222947,3.410732045344961,0.19433110079937174,762.55671651003
2024-03-22,72231.65625,73115.6171875,72172.09375,72831.9375,26100,0.002622479022457776,51.090755176827685,58.60619818950363,215.94538284627887,-157.33918465677525,3.4229642506156095,-1.238605611264693,775.4829108664565
2024-03-26,72396.96875,72705.2890625,72363.03125,72470.296875,30600,-0.004977781288665013,47.751304016463585,28.46072810284386,178.44845189759187,-149.987723794748,3.495592652538668,-1.8978594074888322,753.5845779474239
2024-03-27,72692.15625,73138.7265625,72600.7265625,72996.3125,9400,0.007232146538402857,52.60397463984065,46.47950392552593,152.05466230317867,-105.57515837765274,3.482214101075036,-0.9240591843233245,747.5020857726079
2024-03-28,73149.34375,74190.3125,73120.328125,73651.3515625,14900,0.008933567720465104,57.85350078988723,112.3209258216375,144.10791500687043,-31.786989185232926,3.5556335259163756,-0.5866704516826783,779.3947939317073
2024-04-01,73968.6171875,74254.6171875,73909.390625,74014.546875,0,0.004919159382498617,60.46797837750955,191.59892031777417,153.60611606905118,37.99280424872299,3.5839875578602047,-0.1414525256021693,766.814139008014
2024-04-02,74022.296875,74099.78125,73743.7734375,73903.90625,6300,-0.0014959681269820229,59.26194756058986,242.70181292507914,171.42525544025676,71.27655748482238,3.5863607892785887,0.5459200126526067,737.4708299717273
2024-04-03,73757.2265625,74151.2109375,73540.2734375,73876.8203125,7900,-0.0003665692872588262,58.95195937984741,277.813157555589,192.70283586332323,85.11032169226576,3.617647189888387,0.2835145324263781,728.4327349737468
2024-04-04,74413.8203125,74501.7265625,73485.1171875,74227.6328125,10700,0.0047373748553336936,61.74317873715416,330.14112662445405,220.1904940155494,109.95063260890464,3.7331450501260104,2.014436643838926,749.0167806899078
2024-04-05,74287.0234375,74361.109375,73946.921875,74248.21875,11300,0.00027729677809913515,61.906871114728304,369.0187141954957,249.9561380515387,119.06257614395702,3.88730926319383,1.5745284644221975,725.1004034977715
2024-04-08,74555.4375,74869.296875,74410.0703125,74742.5,8300,0.006635085292740996,65.70160670593178,434.7028644099046,286.9054833232119,147.79738108669267,4.157159230297058,2.8895528770184074,717.6702407479306
2024-04-09,75124.28125,75124.28125,74603.3671875,74683.703125,41000,-0.0007869687752866652,64.87372459437631,476.5205776615476,324.8285021908791,151.6920754706685,4.367180140809865,2.66023811942656,703.6162280159357
2024-04-10,74953.9609375,75105.140625,74807.546875,75038.1484375,7100,0.004734726039689738,67.52989468454155,532.1281491246482,366.2884315776329,165.8397175470153,4.805484186895638,4.202215731699406,683.4606045862259
2024-04-12,74889.640625,74951.8828125,74189.3125,74244.8984375,15600,-0.01062756264334656,57.11977353398736,506.35199401312275,394.3011440647309,112.05084994839183,4.896048145536397,2.972483740411762,695.2731283657812
2024-04-15,73315.15625,73905.796875,73315.15625,73399.78125,12800,-0.01144811203905697,48.53537893158548,412.96985189996485,398.03488563177774,14.934966268187111,4.81959680589827,1.044302517769275,712.0209183039397
2024-04-16,72892.140625,73135.4296875,72685.03125,72943.6796875,9200,-0.006233323120419214,44.63647614584882,298.7168255788274,378.1712736211877,-79.4544480423603,4.841512631964634,0.1534247080822201,712.2158527108012
2024-04-18,73183.1015625,73473.046875,72365.671875,72488.9921875,12400,-0.006252913813930057,41.09256089350912,169.52679839753546,336.4423785764573,-166.91558017892186,4.8844326467205725,0.025797207002265368,740.4415060886012
2024-04-19,71999.6484375,73210.171875,71816.4609375,73088.328125,16200,0.00823396559803743,47.0591523867482,114.18788552450133,291.99147996606615,-177.80359444156483,4.825889439854966,0.12605516888267473,787.1036083322725
2024-04-22,73666.5078125,73767.796875,73227.3203125,73648.6171875,11100,0.00763668323964422,51.95810050565239,114.22532474904438,256.4382489226618,-142.2129241736174,4.4603054915768094,-0.003712593105205448,779.4154041656817
2024-04-23,74048.9375,74059.890625,73688.3125,73738.453125,6400,0.0012190478911723072,52.71366278476132,120.11934394491254,229.17446792711195,-109.0551239821994,4.068443450775585,-0.37302633287248643,753.1195494038474
2024-04-24,73957.5703125,74121.609375,73788.609375,73852.9375,6600,0.0015513695951566327,53.712724941551215,132.50094053491193,209.83976244867196,-77.33882191376003,3.87303141555228,-0.06896624628688013,726.6935994464296
2024-04-25,73572.34375,74571.25,73556.1484375,74339.4375,11800,0.006565813494064197,57.79362704320034,179.50075620473945,203.77196119988548,-24.271204995146036,3.778366473173008,0.6262007291910002,747.2941682359703
2024-04-26,74509.3125,74515.90625,73616.6484375,73730.15625,13700,-0.008229707036438081,51.65177355323636,165.6747484679363,196.15251865349566,-30.477770185559365,3.409187543054583,-0.6702039976899608,758.1487142548295
2024-04-29,73982.75,74721.1484375,73922.34375,74671.28125,9900,0.012683672514509291,58.91482076910369,228.02987347792077,202.5279896183807,25.501883859540072,3.368406130401167,0.56979481410118,774.7803909151988
2024-04-30,74800.890625,75111.390625,74346.3984375,74482.78125,8400,-0.0025275892214593238,57.06571270205444,259.2479358250275,213.87197885971008,45.37595696531744,3.4094327189175906,-0.34748469746128374,774.0812335283989
2024-05-02,74391.7265625,74812.4296875,74360.6875,74611.109375,18400,0.0017214408471364331,58.03144537047207,290.98914067447186,229.29541122266244,61.69372945180942,3.4913510495782214,-0.0972015941396184,751.0570159549418
2024-05-03,75017.8203125,75095.1796875,73467.7265625,73878.1484375,15600,-0.009872322096832772,50.97831650885763,254.07167207304155,234.25066339273826,19.821008680303294,3.4925584731041646,-1.5458803610621805,813.6567380295888
2024-05-06,74196.6796875,74359.6875,73786.2890625,73895.5390625,11200,0.00023536835785177825,51.130084108850646,223.63961209103581,232.12845313239777,-8.488841041361951,3.4916444552533816,-0.4705500072763838,796.495430848904
2024-05-07,73973.296875,74026.796875,73259.2578125,73511.8515625,7900,-0.005205822650898457,47.626694562846794,166.6406806283194,219.03089863158212,-52.39021800326273,3.526165302336149,0.1526848044932014,794.4271188239824
2024-05-08,73225.0,73684.9296875,73073.921875,73466.390625,6500,-0.0006186077377594175,47.21390635989639,116.45784551503311,198.51628800827234,-82.05844249323923,3.5555240374446377,0.7165952413414844,781.3257398008408
2024-05-09,73499.4921875,73499.4921875,72334.1796875,72404.171875,9200,-0.014564110916206198,38.76058438191945,-8.921744337436394,157.02868153913062,-165.950425876567,3.831549785887493,-0.11701130053043612,808.7533655293521
2024-05-10,72475.453125,72946.5390625,72366.2890625,72664.46875,11000,0.003588606789483468,41.523566220029984,-86.28752135190007,108.36544096092449,-194.65296231282457,3.899339366212632,-0.5799275833414749,792.4316965629698
2024-05-13,72476.6484375,72863.5625,71866.0078125,72776.1328125,13900,0.0015355283633447768,42.71754812375291,-137.01072603443754,59.290207561852085,-196.3009335962896,3.677304936716531,-1.1846581895472197,807.0833387727578
2024-05-14,72696.71875,73286.2578125,72683.9921875,73104.609375,7100,0.004503365046102378,46.19766354546996,-148.98649422121525,17.63486720523862,-166.62136142645386,3.6287285706899612,-0.8595837356738693,792.4535020747036
2024-05-15,73200.2265625,73301.46875,72822.65625,72987.03125,7700,-0.0016096492569153983,45.140492716905655,-166.0508183650236,-19.102269908813824,-146.94854845620978,3.6850624902327684,-1.172473674456077,770.0505733550818
2024-05-16,73338.2421875,73749.46875,72529.96875,73663.71875,9700,0.009228623824175641,51.95479667852918,-123.54721684391552,-39.99125929583417,-83.55595754808135,3.6165941681178806,-0.9089640340633462,802.1541038297189
2024-05-17,73711.3125,74070.84375,73459.796875,73917.03125,11900,0.0034328697850550985,54.24594065228863,-68.63146389325266,-45.71930021531787,-22.912163677934785,3.3823499138935333,0.25345802790157523,788.503587484739
2024-05-21,73842.9609375,74189.1875,73762.3671875,73953.3125,11000,0.0004907170675060954,54.58002760469212,-21.929945611191215,-40.96142929449254,19.031483683301325,3.333865211447642,-0.9615058667551657,762.6690678429719
2024-05-22,74165.5234375,74307.7890625,73860.328125,74221.0625,6200,0.0036139891451764656,57.07123670925776,36.26845128343848,-25.515453178906334,61.783904462344815,3.396648578384836,-0.3513815483360458,740.1542013899025
2024-05-23,74253.53125,75499.90625,74158.3515625,75418.0390625,11900,0.01599852018181048,66.03900817796904,176.9374800324149,14.975133463357913,161.962346569057,3.9587705685418895,1.081514126059059,783.1113789691951
2024-05-24,75335.453125,75636.5,75244.21875,75410.390625,10300,-0.00010141904311284087,65.94421335807893,284.52174423707766,68.88445561810187,215.6372886189758,4.400381900258584,2.074012708637735,755.1949411856812
2024-05-27,75655.4609375,76009.6796875,75175.2734375,75390.5,10200,-0.0002637998361005995,65.6801678955232,363.98228036054934,127.90402056659137,236.07825979395795,4.728984877707423,2.023073322782826,760.8528918152754
2024-05-28,75585.3984375,75585.3984375,75083.21875,75170.453125,6900,-0.002923029206549879,62.68963083874707,404.5361430742487,183.23044506812283,221.30569800612585,4.944904149874329,2.2562369566897003,742.3762343641844
2024-05-29,74826.9375,74986.21875,74454.546875,74502.8984375,8200,-0.008920213344333511,54.571807427023955,378.44678815678344,222.27371368585494,156.1730744709285,4.914937539035043,1.410859855346269,740.4855211953142
2024-05-30,74365.8828125,74493.546875,73668.7265625,73885.6015625,11800,-0.00832005763172786,48.338367498976815,304.45057090626506,238.70908512993697,65.74148577632809,4.876299666665785,2.0460557025050568,747.1774036099347
2024-05-31,74208.53125,74478.890625,73765.1484375,73961.3125,19200,0.001024180242085346,49.106212291750396,249.04642339197744,240.77655278234508,8.269870609632363,4.807540400501733,1.7847013434609333,744.7891738877964
2024-06-03,76583.2890625,76738.890625,75678.4296875,76468.78125,19300,0.03334041686610549,66.73850194956941,402.8264767822984,273.18653758233575,129.63993919996267,5.665878272752716,5.07398276714389,889.9883846815253
2024-06-04,76285.78125,76300.4609375,70234.4296875,72079.046875,39100,-0.059119179248703545,40.369830112657795,168.54056873446098,252.2573438127608,-83.71677507829983,6.125989588845871,-1.4028698173315421,1271.7286116685593
2024-06-05,73027.8828125,74534.8203125,71879.4375,74382.2421875,17200,0.03145384301701045,51.25262093295037,166.7932233267784,235.16451971556435,-68.37129638878596,6.117699468449462,1.9115874609573191,1370.5610545850907
2024-06-06,75078.703125,75297.7265625,74474.9375,75074.5078125,13300,0.009263824829009405,53.971723740474616,218.74691170164442,231.88099811278036,-13.13408641113594,6.202040849704281,1.9151749143807648,1338.05557747187
2024-06-07,75031.7890625,76795.3125,74941.8828125,76693.359375,29000,0.021334067516473557,59.64106958770825,386.09768208993773,262.72433490821186,123.37334718172588,6.545378308615758,3.7560059948971505,1374.8680139024507
2024-06-10,76935.40625,77079.0390625,76379.7265625,76490.078125,17300,-0.002654090711724915,58.66393495202399,496.59681635892775,309.49883119835505,187.0979851605727,6.691675240991877,3.430225826598369,1326.614048623704
2024-06-11,76680.8984375,76860.53125,76296.4375,76456.59375,6700,-0.00043785687029958585,58.4939347730495,574.8398709416506,362.56703914701416,212.27283179463643,6.712148453502688,3.0119903632476293,1272.1483130077252
2024-06-12,76679.109375,77050.53125,76533.78125,76606.5703125,9700,0.001959669544464241,59.06610744988381,641.5544700199534,418.36452532160206,223.18994469835138,6.775542793486215,1.5759243607687112,1223.7046835071735
2024-06-13,77102.046875,77145.4609375,76719.703125,76810.8984375,7500,0.002663689441338207,59.877613470235865,702.8122602377553,475.25407230483273,227.55818793292252,6.7314803499739755,1.8571814850614294,1174.7893936138041
2024-06-14,76912.3828125,77081.296875,76549.046875,76992.7734375,12400,0.0023650291642218777,60.62586779556214,757.3055459042662,531.6643670247195,225.64117887954671,6.8672087642433075,2.1252988605991474,1128.8937226413896
2024-06-18,77235.3125,77366.7734375,77071.4375,77301.140625,7400,0.003997145317664041,61.92248249772679,815.9685448349628,588.5252025867682,227.44334224819465,7.077783880922767,2.8344747323218957,1074.9727424527189
2024-06-19,77543.21875,77851.6328125,76954.8671875,77337.59375,11100,0.0004714617695566397,62.08144803386075,855.5387386429502,641.9279097980046,213.61082884494556,7.193334530236135,3.8048121240249566,1062.2436626346675
2024-06-20,77554.828125,77643.09375,77100.359375,77478.9296875,8700,0.0018258513190517946,62.73110395897741,888.0659597045596,691.1555197793157,196.91043992524396,7.325794313771063,4.863367217712095,1025.1358563750484
2024-06-21,77729.4765625,77808.453125,76802.0,77209.8984375,23200,-0.00347835748076976,60.60267924409505,881.9686575767118,729.3181473387949,152.65051023791693,7.510237345011291,4.392277296999023,1023.801375562545
2024-06-24,76885.6484375,77423.0234375,76745.9375,77341.078125,13900,0.0016975592379870272,61.292317084817626,877.6051206380507,758.9755419986461,118.6295786394046,7.692174239072677,1.140722868523552,999.035987129506
2024-06-25,77529.1875,78164.7109375,77459.6015625,78053.5234375,8800,0.009169563128304734,64.88723553631817,921.0184414623072,791.3841218913784,129.63431957092882,8.041629473237833,8.288784080151586,986.5071889416841
2024-06-26,78094.0234375,78759.3984375,77945.9375,78674.25,8600,0.007921120736451806,67.70175510106057,994.0524392139487,831.9177853558925,162.13465385805614,8.502283465381124,5.770204939077886,974.1467424101353
2024-06-27,78758.671875,79396.03125,78467.34375,79243.1796875,9600,0.007205438311834032,70.06980952212234,1085.3292793132277,882.6000841473597,202.72919516586808,8.897791841769818,5.552712893451579,970.8996536665543
2024-06-28,79457.578125,79671.578125,78905.890625,79032.7265625,17200,-0.0026593213586714134,68.0813249732257,1127.685764811933,931.6172202802744,196.06854453165863,8.791336592769653,3.0502865001146002,956.2416426903718
2024-07-01,79043.3515625,79561.0,78971.7890625,79476.1875,0,0.005595421521108162,70.01247737132218,1183.3957269284438,981.9729216099083,201.42280531853544,8.671340328900198,3.903917276852696,930.0251637482024
2024-07-02,79840.3671875,79855.8671875,79231.109375,79441.453125,0,-0.0004371368139686182,69.65698916865689,1210.786308621682,1027.7355990122633,183.05070960941885,9.070120124747389,3.9039920935530823,908.2203529447595
2024-07-03,80013.7734375,80074.296875,79754.953125,79986.796875,0,0.0068412703140675124,72.05600837393209,1261.9512366306735,1074.5787265359454,187.3725100947281,7.3894808987488085,4.412449935705376,888.5505955915623
2024-07-04,80321.7890625,80392.640625,79986.40625,80049.671875,8800,0.0007857584427612167,72.32766060076844,1292.6721775308251,1118.1974167349215,174.47476079590365,6.911191481522342,4.216554555907645,854.0994369778792
2024-07-05,79778.9765625,80149.8671875,79478.9609375,79996.6015625,16200,-0.0006631871308872535,71.69413121573942,1297.776454702951,1154.1132243285274,143.66323037442362,6.527867894472407,3.901441643011342,841.0142093366021
2024-07-08,79915.0,80067.4609375,79731.828125,79960.3828125,14100,-0.0004528561320469257,71.23554017777454,1284.0968119779573,1180.1099418584133,103.98687011954394,6.651577641176947,3.440107307601582,804.9155381339876
2024-07-09,80107.2109375,80397.171875,79998.5625,80351.640625,6200,0.0048812132859460695,73.22777561699144,1289.9570107036125,1202.0793556274532,87.87765507615927,6.73095714361022,3.8972597010751966,778.620789874417
2024-07-10,80481.359375,80481.359375,79435.7578125,79924.7734375,9300,-0.005326650203593371,67.71718945815871,1245.7958863638487,1210.8226617747323,34.9732245891164,6.521786981838222,3.1567856704589947,797.6908450619586
2024-07-11,80170.09375,80170.09375,79464.3828125,79897.34375,8200,-0.00034325271435540393,67.36637466228686,1194.811487535102,1207.6204269268062,-12.808939391704143,6.2458523352114215,3.4807004890382522,791.1208516646758
2024-07-12,80093.6171875,80893.5078125,79843.390625,80519.34375,18400,0.007754843050585487,71.03127797532974,1190.8685940079158,1204.270060343028,-13.401466335112218,6.111028547917656,4.10941468887107,809.6205899386275
2024-07-15,80686.5390625,80862.5390625,80556.96875,80664.859375,16200,0.0018055822060979829,71.82837827855688,1185.8163643896405,1200.5793211523505,-14.762956762710019,5.959400451746723,3.3455708627823593,776.3044986930112
2024-07-16,80731.4921875,80898.296875,80598.0625,80716.546875,8700,0.0006405632838184322,72.12181115763663,1172.4677074022475,1194.95699840233,-22.48929100008263,5.818222603054108,2.595889855956682,742.2994898577961
2024-07-18,80514.25,81522.546875,80390.3671875,81343.4609375,9300,0.007736852517252306,75.46045844214412,1198.6581411596708,1195.6972269537982,2.960914205872541,5.779498943257458,2.6504252584040406,770.1480754036677
2024-07-19,81585.0625,81587.7578125,80499.1015625,80604.6484375,16100,-0.009124127825115774,65.50440146576953,1146.5811802441458,1185.8740176118677,-39.29283736772186,5.41222028566863,1.9889505820818492,792.8986593034058
2024-07-22,80408.8984375,80800.921875,80100.6484375,80502.078125,11400,-0.0012733214626978074,64.23725437324144,1084.5314431423176,1165.6055027179577,-81.07405957564015,4.704506988881467,1.290815094772884,786.2825720317339
2024-07-23,80724.296875,80766.40625,79224.3203125,80429.0390625,13100,-0.0009077059650288279,63.2982524886344,1017.7311661463755,1136.0306354036413,-118.29946925726586,3.8028586973169283,1.2431619748269804,840.2685267080386
2024-07-24,80343.3828125,80519.578125,79750.5078125,80148.8828125,9900,-0.0034893530939271193,59.69380607756875,931.4480440994521,1095.1141171428035,-163.6660730433514,3.1214164772215636,0.20264086553347183,835.182939978893
2024-07-25,79542.109375,80143.1015625,79477.828125,80039.796875,9700,-0.0013619683310367567,58.301672206224154,844.530502819398,1044.9973942781226,-200.4668914587246,2.694017063501263,-0.012336090540658446,823.4594933732578
2024-07-26,80158.5,81427.1796875,80013.6015625,81332.71875,18400,0.01602440832537449,67.86685309915717,869.9475017843797,1009.987415779374,-140.03991399499432,2.8032661602654074,1.6702174359945956,865.6108242037395
2024-07-29,81679.6484375,81908.4296875,81135.90625,81355.84375,19400,0.00028428550600468396,68.00820682928955,881.7919026625314,984.3483131560056,-102.55641049347423,2.71063837333268,1.74519041607421,858.9617251534725
2024-07-30,81349.28125,81815.2734375,81230.4375,81455.3984375,10800,0.0012229462605925288,68.64763097456395,888.964477821617,965.2715460891279,-76.30706826751089,2.7779818768374955,1.373659335285041,839.381311749653
2024-07-31,81655.8984375,81828.0390625,81434.3203125,81741.34375,6900,0.003504305310120602,70.47309914762332,907.2638197232154,953.6700008159455,-46.406181092730094,2.87228674917226,2.272850124399203,807.5482716246778
2024-08-01,81949.6796875,82129.4921875,81700.2109375,81867.546875,14500,0.0015427419567327686,71.26822909141231,921.3292078829109,947.2018422293386,-25.87263434642773,3.123060564103198,2.4659181801647816,780.5291986514866
2024-08-02,81158.9921875,81345.6015625,80868.90625,80981.953125,19500,-0.010876330354834964,59.217359222803296,851.2039654680411,928.0022668770791,-76.798301409038,3.0647462318758785,0.5745319738773952,796.1085862478091
2024-08-05,78588.1875,79780.609375,78295.859375,78759.3984375,25100,-0.027828713099937948,40.64308974763565,609.264396305749,864.2546927628132,-254.99029645706423,3.648697121611153,-2.3621945817097014,931.1075265158227
2024-08-06,78981.96875,79852.078125,78496.5703125,78593.0703125,8900,-0.0021140842373754166,39.64100313329401,399.49907834321493,771.3035698788935,-371.8044915356786,4.216809114573959,-2.6307822184074325,961.4218326575495
2024-08-07,79565.3984375,79639.203125,79106.203125,79468.0078125,8600,0.011070991630437866,47.0383513533736,300.39591950256727,677.1220398036284,-376.7261203010611,4.378807564948635,-2.30559789734174,967.4726169320103
2024-08-08,79420.4921875,79626.921875,78798.9375,78886.21875,8900,-0.007347977920484933,43.24323230976281,172.91715565872437,576.2810629746476,-403.36390731592326,4.6888658073933485,-2.1319238044099307,957.5091710797238
2024-08-09,79984.2421875,79984.2421875,79549.09375,79705.90625,8800,0.010337143777699438,49.43342659292074,136.45824204134988,488.3164987879881,-351.85825674663823,4.722553011494096,-0.9890078536404242,967.5459043954579
2024-08-12,79330.1171875,80106.1796875,79226.1328125,79648.921875,10500,-0.0007151885901346875,49.033050900822865,101.79272434064478,411.01174389851946,-309.2190195578747,4.804195023042546,-0.9699446824097756,961.2959737243538
2024-08-13,79552.5078125,79692.546875,78889.3828125,78956.03125,7400,-0.008737369412180757,44.33138401380696,18.199773443076992,332.44934980743096,-314.24957636435397,5.049613884916114,-1.4882946843944818,950.0008372083284
2024-08-14,79065.21875,79228.9375,78895.71875,79105.8828125,10700,0.001896112776880731,45.54746450183069,-35.54671328229597,258.85013718948557,-294.39685047178153,5.201152300879334,-1.1668121346666025,905.9449738363049
2024-08-16,79754.8515625,80518.2109375,79306.6875,80436.84375,13100,0.016685082967302298,54.958787638139306,28.922828750888584,212.86467550176616,-183.94184675087757,5.057614231428546,-1.1014939790144418,942.115198919426
2024-08-19,80680.25,80724.3984375,80332.6484375,80424.6796875,10300,-0.00015123644564894783,54.86545584990848,78.1331962555123,185.9183796525154,-107.7851833970031,5.0440785179358985,-1.1445570712306699,902.8033989966099
2024-08-20,80722.5390625,80942.9609375,80517.953125,80802.859375,6600,0.0046912628360968244,57.29368030693115,145.96610089583555,177.92792390117944,-31.961823005343888,5.076617460443134,-0.8010998350228284,875.3375312111377
2024-08-21,80667.25,80952.828125,80626.3828125,80905.296875,5800,0.0012669430667911024,57.95354457858171,205.6197600767482,183.4662911362932,22.153468940455014,5.127122163303277,-1.022795609473939,836.1309441603422
2024-08-22,81207.2421875,81236.453125,80954.0234375,81053.1875,5800,0.0018262787118019437,58.9399341357822,261.81125504669035,199.13528391837264,62.67597112831771,5.199828580464044,-0.9947279551974484,800.0613231488893
2024-08-23,81165.6484375,81231.4921875,80883.2578125,81086.2109375,10400,0.0004073462498920291,59.17027017741918,305.48667483741883,220.40556210218188,85.08111273523696,5.261149851172455,0.1287420326095031,767.787969709683
2024-08-26,81388.2578125,81824.2734375,81278.4375,81698.109375,16200,0.0075179392994882,63.28062477674437,385.03638991746993,253.3317276652395,131.70466225223043,5.360395817454689,3.7312511215179383,765.664721873277
2024-08-27,81815.2265625,81919.109375,81600.5078125,81711.7578125,5700,0.00016704545161988192,63.369205128610766,444.06255042272096,291.4778922167358,152.58465820598514,5.4552760827495765,3.9681456489733065,733.7316390609001
2024-08-28,81779.84375,82039.2578125,81578.3203125,81785.5625,5100,0.0009028244912156603,63.87668106923118,491.13512930378783,331.40933963414625,159.72578966964159,5.5468926631912705,2.916336713722749,714.2463434136929
2024-08-29,81822.5625,82285.828125,81682.78125,82134.609375,8400,0.004258748615997446,66.25752302140434,550.2625685490348,375.17998541712393,175.08258313191084,5.679701260653132,4.117817632119679,706.3035242412863
2024-08-30,82637.03125,82637.03125,82256.0234375,82365.7734375,10300,0.002810500628749909,67.77244919882114,608.7571248688182,421.89541330746283,186.86171156135538,5.859913002624608,3.337101743950123,691.7405492954802
2024-09-02,82725.28125,82725.28125,82440.9296875,82559.84375,9500,0.002353429447567205,69.02959281825616,663.1301825282717,470.1423671516246,192.98781537664706,6.273637008330961,3.654690868971665,668.0096395243744
2024-09-03,82652.6875,82675.0625,82400.7578125,82555.4375,4300,-5.337180141882537e-05,68.96381588973072,697.8216216343426,515.6782180481682,182.14340358617437,6.302030983812276,4.5587476890817,639.8878572369191
2024-09-04,81845.5,82408.5390625,81833.6875,82352.640625,9100,-0.00245951538015554,65.85357215640303,700.871612425326,552.7168969235997,148.1547155017263,6.052405073908438,4.1043190431179415,645.7351531485677
2024-09-05,82469.7890625,82617.4921875,82130.4375,82201.15625,7000,-0.0018411537219949275,63.54806366413418,683.1898418208293,578.8114859030457,104.37835591778367,5.977939467346397,2.1934133883765172,634.40083417367
2024-09-06,82171.078125,82254.7890625,80981.9296875,81183.9296875,14500,-0.012452050936557026,50.70962233398332,580.404685030182,579.130125728473,1.2745593017090187,5.460731224323187,0.944051008906917,680.005015661265
2024-09-09,80973.75,81653.359375,80895.046875,81559.5390625,7800,0.004615976847711099,54.37498079460552,523.2238464046677,567.9488698637119,-44.72502345904422,5.22409083893293,0.9364516223223072,685.5984073997461
2024-09-10,81768.71875,82196.546875,81445.296875,81921.2890625,5600,0.004425602617552683,57.64196414561267,501.3189290040027,554.6228816917701,-53.30395268776738,4.947488422618154,1.2557795678937123,690.2878068711927
2024-09-11,81928.1171875,82134.953125,81423.140625,81523.15625,7800,-0.0048717911360082015,53.13265993941235,446.6840379749483,533.0351129484058,-86.35107497345746,4.146478918664046,0.5798275977733757,691.8252849518219
2024-09-12,81930.1796875,83116.1875,81534.2890625,82962.7109375,8300,0.017504135375616195,64.07581527753362,513.6247789011977,529.1530461389641,-15.528267237766386,3.4932715344864236,2.3142035844372817,756.1971395981203
2024-09-13,83091.546875,83092.9296875,82653.21875,82890.9375,12700,-0.0008655033236423298,63.282445280933594,554.4924381294404,534.2209245370593,20.271513592381098,3.4382856370410213,1.4600437318871555,733.5909823053973
2024-09-16,82985.328125,83184.34375,82832.8203125,82988.78125,6900,0.0011796952886655103,63.93796518938635,587.9974567483732,544.9762309793222,43.02122576905106,3.304666015128604,1.5628392677958582,706.3004433907262
2024-09-17,83084.6328125,83152.40625,82866.6796875,83079.65625,9800,0.0010944284228680376,64.5706269997635,614.7962894925731,558.9402426819724,55.856046810600674,3.2771939033459097,1.5823009715192702,676.2594518985314
2024-09-18,83037.1328125,83326.3828125,82700.6328125,82948.2265625,5100,-0.0015832246093494475,62.853183703372544,618.3018809361092,570.8125703327999,47.48931060330938,3.159902084230779,0.9905899518987028,672.6516339057791
2024-09-19,83359.171875,83773.609375,83071.65625,83184.796875,6600,0.0028479644504736967,64.6745071759287,632.8739574980136,583.2248477658427,49.64910973217093,3.105526030967042,0.994373516229388,683.5610038053663
2024-09-20,83603.0390625,84694.4609375,83187.640625,84544.3125,28700,0.016211203930942247,72.89827824311443,745.5299766562239,615.685873543919,129.84410311230488,3.6918227619981168,2.4036730931918706,742.5683651406973
2024-09-23,84651.1484375,84980.53125,84607.3828125,84928.609375,11100,0.004535208686280275,74.69181821786349,855.9533323880896,663.7393653127531,192.21396707533654,4.4531895479944055,2.874640298526672,720.6862497735046
2024-09-24,84860.7265625,85163.2265625,84716.0703125,84914.0390625,8700,-0.00017157425028147935,74.49053758743891,931.5505994727282,717.3016121447481,214.2489873279801,4.9722064831874295,3.1102808823867027,701.1483926468258
2024-09-25,84836.453125,85247.421875,84743.0390625,85169.8671875,13500,0.003008260141357186,75.72736738510834,1000.571207878369,773.9555312914724,226.6156765868966,5.463775567898224,3.611519682851176,687.093708350624
2024-09-26,85167.5625,85930.4296875,85106.7421875,85836.1171875,9100,0.007792164391625613,78.63291224208136,1096.3928103856015,838.4429871102983,257.9498232753032,6.184758262308458,5.73042906140118,696.8504077541509
2024-09-27,85893.84375,85978.25,85474.578125,85571.8515625,9400,-0.0030834719798523143,74.80778711433916,1137.8911920037062,898.33262808898,239.55856391472628,6.638080182735513,4.919488935469976,683.0519411288543
2024-09-30,85208.7578125,85359.6484375,84257.140625,84299.78125,11000,-0.014977122077036099,59.74243376187988,1055.9610536189575,929.8583131949755,126.10274042398203,6.67407806054462,2.9033871594542204,728.1704408696504
2024-10-01,84257.171875,84648.3984375,84098.9375,84266.2890625,6000,-0.0003973775728251436,59.403230781087366,977.065288603917,939.2997082767638,37.7655803271532,6.67821443974961,3.3648510910052014,715.4054763432468
2024-10-03,83002.09375,83752.8125,82434.0234375,82497.1015625,19700,-0.021218732384733863,44.90067231535575,762.9859537505108,904.0369573715133,-141.05100362100245,6.6528434970253,-0.5612272908376477,795.1812012473007
2024-10-04,82244.25,83368.3203125,81532.6796875,81688.453125,19200,-0.009850500889491902,40.08371203187493,522.0574148624873,827.6410488697081,-305.5836340072208,6.783552060578966,-1.4506825610459528,869.4997315153506
2024-10-07,81926.9921875,82137.7734375,80726.0625,81050.0,17700,-0.007846411076537314,36.733046212010414,276.4156332281418,717.3959657413949,-440.9803325132531,6.83562867323891,-2.336196797684627,908.2291033713971
2024-10-08,80826.5625,81763.28125,80813.0703125,81634.8125,7200,0.007189546584838217,41.552537055288255,127.46291960320377,599.4093565137567,-471.94643691055296,6.812531508941899,-1.739106557750111,911.2278058091543
2024-10-09,81954.578125,82319.2109375,81342.890625,81467.1015625,7500,-0.0020565178228817895,40.597429684492944,-4.069143574219197,478.71365649616155,-482.78280007038074,6.942779086682662,-1.785601767970288,915.8772705727862
2024-10-10,81832.65625,82002.84375,81538.9375,81611.40625,7600,0.0017697577332502006,41.83625689001851,-95.56347277504392,363.8582306419205,-459.4217034169644,6.91592340923024,-1.891440123805676,888.7247646390158
2024-10-11,81478.4921875,81671.3828125,81304.1484375,81381.359375,8700,-0.0028227882000963207,40.390146300957916,-184.5093392682902,254.18471665987838,-438.6940559281686,7.222860266774838,-3.741177888222818,851.4754510933718
2024-10-14,81576.9296875,82072.171875,81541.203125,81973.046875,7700,0.0072442501085332655,45.59871703981463,-204.8934587229014,162.3690815833224,-367.26254030622385,7.349351897396746,-3.480055215492571,839.9995260152738
2024-10-15,82101.859375,82300.4375,81635.5703125,81820.1171875,5500,-0.0018673518252629627,44.51603465063604,-230.72847372325487,83.74957052200696,-314.4780442452618,7.503276066686078,-3.643592872461001,827.4900732641828
2024-10-16,81646.6015625,81932.1484375,81358.2578125,81501.359375,5600,-0.0039034452044961108,42.263518965640245,-273.7681716725492,12.246022083095731,-286.01419375564495,7.71765961263058,-4.307283706834769,809.3758269595983
2024-10-17,81758.0703125,81781.3984375,80905.640625,81006.609375,6800,-0.00608895098978059,38.967683031906965,-343.83610400694306,-58.97040313491203,-284.865700872031,8.037914340784074,-5.6264285603115605,814.1173973553413
2024-10-18,80749.2578125,81391.1484375,80409.25,81224.75,9300,0.002689255114524688,41.14692049272431,-377.41274069048814,-122.65887064602725,-254.75387004446088,8.260972657319513,-5.080060186993807,826.101757365674
2024-10-21,81770.0234375,81770.0234375,80811.2265625,81151.2734375,7600,-0.0009050174522029079,40.62079412426108,-405.2796007338475,-179.1830166635913,-226.09658407025617,8.271552128043416,-3.7348944040112797,835.57998005384
2024-10-22,81155.078125,81504.2421875,80149.53125,80220.71875,5600,-0.01153316619061521,34.58874003153886,-496.72632255432836,-242.69167784173874,-254.03464471258962,8.333296227015605,-4.800935649960111,872.6607627285657
2024-10-23,79921.1328125,80646.3125,79891.6796875,80081.9765625,6200,-0.0017310029862333196,33.783232981171665,-573.7796685953945,-308.9092759924699,-264.8703926029246,8.286049268366526,-2.9275270939916544,864.2301948550968
2024-10-24,80098.296875,80259.8203125,79813.0234375,80065.15625,4800,-0.0002100607393519735,33.680826474955225,-628.9520909227867,-372.91783897853327,-256.03425194425347,7.959303717336279,-1.9871803332057525,834.4135291511612
2024-10-25,80187.34375,80253.1875,79137.9765625,79402.2890625,13900,-0.008313558971863243,29.841742085436223,-717.8890966958279,-441.91209052199224,-275.97700617383566,7.2172349802029165,-2.0329561227637263,854.470486890364
2024-10-28,79653.671875,80539.8125,79418.8203125,80005.0390625,10800,0.007562423631406218,36.88644879532179,-731.3053935642092,-499.79075113043564,-231.5146424337736,5.991107212452293,-1.996419649398962,874.6885547910523
2024-10-29,80037.203125,80450.4765625,79421.3515625,80369.03125,9600,0.004539297553553263,40.75522578137127,-704.4463588478247,-540.7218726739135,-163.72448617391126,5.136954219742111,-1.3478696203001423,885.7197294488343
2024-10-30,80237.8515625,80435.609375,79821.9921875,79942.1796875,5900,-0.005325299069896485,37.82688788871788,-709.4259137412882,-574.4626808873884,-134.96323285389985,4.009463499487843,-2.0453348854039626,866.2838335953462
2024-10-31,80044.953125,80044.953125,79287.9296875,79389.0625,9300,-0.0069430125798514,34.3797001944275,-749.3659570197342,-609.4433361138575,-139.92262090587667,4.00190180274914,-2.4480997740767956,858.4795195885357
2024-11-01,80023.75,80023.75,79655.546875,79724.1171875,2300,0.004211532739109102,38.06188458905138,-745.3902214741393,-636.6327131859139,-108.75750828822538,4.062851067347268,-2.7434989587850427,842.4943753322117
2024-11-04,79713.140625,79713.140625,78232.6015625,78782.2421875,9500,-0.01188452109683321,32.53500007740237,-808.9161811296071,-671.0894067746526,-137.82677435495452,4.571207859888939,-3.7128705071863535,888.8530360227679
2024-11-05,78542.15625,79523.1328125,78296.703125,79476.6328125,8600,0.008775433050985753,39.50891634713994,-794.0758297926513,-695.6866913782525,-98.38913841439887,4.593593252601687,-2.484285634039463,912.9656539854274
2024-11-06,79771.8203125,80569.7265625,79459.1171875,80378.1328125,20200,0.011279107679117944,47.14746106014687,-701.4849467817403,-696.8463424589501,-4.638604322790229,4.4720833180177335,-0.7758336848671492,927.0830626293255
2024-11-07,80563.421875,80563.421875,79419.34375,79541.7890625,8200,-0.010459627107269361,41.865671541092546,-687.6649820662715,-695.0100703804144,7.345088314142913,4.389382030286227,-2.0719804462309828,942.5827099415164
2024-11-08,79611.8984375,79807.2578125,79117.3671875,79486.3203125,10300,-0.0006975968269691611,41.5333427917815,-673.425593960812,-690.6931750964939,17.267581135681894,4.3356192939900815,-2.0516660484475224,924.5332753028367
2024-11-11,79298.4609375,80102.140625,79001.34375,79496.1484375,16900,0.00012363784623293278,41.62176630735943,-653.811002493996,-683.3167405759943,29.505738081998288,3.9562090131127494,-0.9032209182244457,937.1235324240627
2024-11-12,79644.953125,79820.9765625,78547.84375,78675.1796875,6400,-0.010380846290575311,36.63725001476527,-696.482992057121,-685.9499908722198,-10.533001184901195,3.7884914420735596,-1.7566959950121424,961.1241952866296
2024-11-13,78495.53125,78690.0234375,77533.296875,77690.953125,7400,-0.012588909672033133,31.731100423955468,-800.4921342555026,-708.8584195488763,-91.63371470662628,4.163761637676587,-2.9653387768165382,975.0957929447276
2024-11-14,77636.9375,78055.5234375,77424.8125,77580.3125,10100,-0.0014251270932899756,31.224899206880565,-881.6843937071535,-743.4236143805318,-138.26077932662167,4.593181993528772,-2.294614656594933,950.4968746986757
2024-11-18,77863.5390625,77886.96875,76965.0625,77339.0078125,8200,-0.0031152329117100116,30.097183250563873,-954.4982541754725,-785.63854233952,-168.85971183595257,4.8697295343798475,-3.332329164813349,948.4546872201989
2024-11-19,77548.0,78451.6484375,77411.3125,77578.3828125,7200,0.0030903591848949357,32.694051090344374,-981.5732359762915,-824.8254810668743,-156.74775490941715,4.867382594495561,-3.472293237950408,960.1822542044704
2024-11-21,77711.109375,77711.109375,76802.7265625,77155.7890625,8800,-0.005462203927885188,30.537231613306773,-1025.310991108243,-864.922583075148,-160.38840803309483,5.260493211593152,-3.485507445371406,956.4822940827225
2024-11-22,77349.7421875,79218.1875,77226.6875,79117.109375,17100,0.025102539503879237,47.76165251621255,-891.4354069112451,-870.2251478423675,-21.210259068877576,5.141294351571101,-0.3425574209293629,1035.4763043268138
2024-11-25,80193.46875,80473.078125,79765.9921875,80109.8515625,14000,0.012469685351412076,53.98172583777211,-697.1952116639004,-835.6191606066742,138.4239489427738,5.1525592499765445,0.4838364959160433,1058.3686218748985
2024-11-26,80415.46875,80482.359375,79798.671875,80004.0625,10400,-0.0013214226697675323,53.254033908147086,-545.5064914653922,-777.5966267784179,232.0901353130257,5.243322224108871,1.550882887532059,1031.60568459812
2024-11-27,80121.03125,80511.1484375,79844.4921875,80234.078125,5700,0.002870924264212808,54.68440822247178,-402.096629583757,-702.4966273394857,300.3999977557287,5.2993268340695625,0.9530415238991727,1005.5378678411114
2024-11-28,80281.640625,80447.3984375,78918.921875,79043.7421875,7900,-0.0149469410902948,46.7176217167705,-380.1117512766941,-638.0196521269273,257.9079008502332,5.096186482764813,-1.6601413572429768,1042.8906317453177
2024-11-29,79032.9921875,79923.8984375,79026.1796875,79802.7890625,8900,0.009557056694422276,51.56353701236459,-298.0046258078946,-570.0166468631209,272.0120210552262,5.067169699369284,0.32812940603450486,1032.5212116206521
2024-12-02,79743.8671875,80337.8203125,79308.953125,80248.078125,7300,0.00556435862232438,54.195377936469264,-194.7579826251167,-494.9649140155201,300.2069313904034,5.2281836225492455,0.9583508325774217,1032.2602098977484
2024-12-03,80529.203125,80949.1015625,80244.78125,80845.75,9400,0.007420205035089822,57.53091373500429,-63.96974528676947,-408.76588026977,344.7961349830005,5.539646817395702,1.6976942770517478,1008.835931512195
2024-12-04,81036.21875,81245.390625,80630.53125,80956.328125,7200,0.0013668321630580945,58.13829900971499,48.04971838617348,-317.40276053858133,365.4524789247548,5.865324127026326,2.899451194850504,980.6947489041811
2024-12-05,81182.7421875,82317.7421875,80467.3671875,81765.859375,7500,0.0099499391096706,62.3801681953677,199.84467176655016,-213.95327407755505,413.79794584410524,6.481971599529827,5.245020283692137,1042.8147668395966
2024-12-06,81887.5390625,81925.90625,81506.1875,81709.1171875,8800,-0.0006942003109209386,61.90665197897624,311.9684673293377,-108.76892579617649,420.73739312551425,6.895147777784308,5.321974808363914,998.3079084939111
2024-12-09,81602.578125,81783.28125,81411.546875,81508.4609375,6400,-0.0024587590796771174,60.16732855820009,380.25278331351,-10.96458397423919,391.2173672877492,7.258470065341381,5.391138628398731,953.5526561014889
2024-12-10,81575.9609375,81726.34375,81182.6875,81510.046875,5600,1.9457146569890743e-05,60.17685206014732,429.54503975907573,77.1373407724238,352.40769898665195,7.569878539336118,5.067989200035891,924.2743413799539
2024-12-11,81568.390625,81742.3671875,81383.421875,81526.140625,6300,0.0001974254955178617,60.28063248182877,464.5530607376859,154.62048476547622,309.93257597220963,7.839619221762496,5.664320999892567,883.8936964599571
2024-12-12,81476.7578125,81680.96875,81211.640625,81289.9609375,7800,-0.002901185458825993,57.896121688616645,467.84640055584896,217.26566792355078,250.58073263229818,7.908989382029096,2.7463737991249126,854.281869927103
2024-12-13,81212.453125,82213.921875,80082.8203125,82133.1171875,11300,0.010318784116389484,63.454027899755154,532.3553972731461,280.28361379346984,252.07178347967624,7.851969422308193,2.5256139982003227,945.4832765394528
2024-12-16,82000.3125,82116.4375,81551.28125,81748.5703125,5200,-0.004692990249767648,59.59043320669738,546.1538018547872,333.4576514057333,212.69615044905385,7.485239660899377,2.1805240358888023,919.5084666080633
2024-12-17,81511.8125,81613.640625,80612.203125,80684.453125,4900,-0.01310241462369754,50.43838332649402,465.85370157712896,359.9368614400125,105.91684013711648,6.678632692655216,0.5613263223369278,934.9983752432016
2024-12-18,80666.2578125,80868.0234375,80050.0703125,80182.203125,4700,-0.006244322393047549,46.78602674440793,357.56611644130317,359.46271244027065,-1.8965959989674843,5.829210593496166,1.4402923065047348,926.6380002258301
2024-12-19,79029.03125,79516.171875,79020.078125,79218.046875,6500,-0.012097446629058983,40.6940884343043,191.73783901077695,325.9177377543719,-134.17989874359495,4.637624416382698,-0.7327340239224487,943.4585002096993
2024-12-20,79335.4765625,79587.1484375,77874.59375,78041.59375,9000,-0.014962199680767911,34.74858836308114,-34.21775970557064,253.8906382623834,-288.10839796795403,5.199098513787747,-2.749579088440007,998.3939421590065
2024-12-23,78488.640625,78918.1171875,78189.1875,78540.171875,10300,0.006368299757064762,38.82760805835081,-171.085939500932,168.89532270972035,-339.98126221065235,5.654688904335209,-2.8518235343230782,989.6889061119347
2024-12-24,78707.3671875,78877.359375,78397.7890625,78472.8671875,6200,-0.0008573134056152891,38.47792522490314,-281.7381814830442,78.76862187116745,-360.5068033542116,6.070571752130513,-3.0676551111179737,953.2518637110823
2024-12-26,78557.28125,78898.3671875,78173.3828125,78472.4765625,5600,-4.977847582727722e-06,38.47575941526568,-365.25200290512294,-10.035503084090621,-355.2164998210323,6.451742936442718,-4.0278214375460415,936.9470430888621
2024-12-27,78607.6171875,79043.1484375,78598.546875,78699.0703125,7700,0.0028833960280530667,40.565627589222686,-408.444788886467,-89.71736024456591,-318.7274286419011,6.551930851853484,-3.6838568064476434,910.7845310825148
2024-12-30,78637.578125,79092.703125,78077.1328125,78248.1328125,8900,-0.005746374983195772,37.812885285952916,-473.6028714771237,-166.49446249107746,-307.10840898604624,6.9311169530531656,-3.9999873479392427,918.2692297551923
2024-12-31,77982.5703125,78305.34375,77560.7890625,78139.0078125,6100,-0.0013955753302368158,37.15579283503355,-527.9605957692256,-238.78768914670712,-289.1729066225185,7.324266998061731,-4.13573441770886,905.8610481655357
2025-01-01,78265.0703125,78756.4921875,77898.296875,78507.40625,5000,0.0047035754874681064,40.890221748975826,-535.1440018867434,-298.0589516947144,-237.08505019202897,7.511666347920115,-3.7027809140204835,902.4563527608545
2025-01-02,78657.5234375,80032.8671875,78542.3671875,79943.7109375,8600,0.01812980626892266,52.69329552771322,-420.0965073704283,-322.46646282985716,-97.63004454057113,7.447478165511298,-1.6561085581466424,946.9566802422221
2025-01-03,80072.9921875,80072.9921875,79109.7265625,79223.109375,10900,-0.009054732443348871,47.56197677732142,-382.65604220953537,-334.5043787057928,-48.151663503742554,7.224461446628995,-3.543038316513427,948.1216048677777
2025-01-06,79281.6484375,79532.671875,77781.6171875,77964.9921875,11800,-0.016008133465660237,40.201206002368956,-449.3242164599942,-357.46834625663314,-91.85587020336106,7.214831745424968,-4.62831106469083,1005.4739679129364
2025-01-07,78019.796875,78452.7421875,77925.09375,78199.109375,9400,0.0029983505882897506,42.00002750603668,-477.76059766522667,-381.5267965383519,-96.23380112687477,7.093191309878151,-3.0803254576809156,971.343572883441
2025-01-08,78319.453125,78319.453125,77486.7890625,78148.4921875,10100,-0.0006474955645316933,41.70790606960078,-498.6330868127552,-404.9480545932326,-93.68503221952261,6.878629505522342,-2.5363620083244003,961.437893570338
2025-01-09,78206.2109375,78206.2109375,77542.921875,77620.2109375,6800,-0.006782919351965133,38.68381400191267,-551.4458422780735,-434.24761213020076,-117.19823014787278,6.673940445719601,-2.0170100129093846,940.1415484938854
2025-01-10,77682.59375,77919.703125,77099.546875,77378.90625,8500,-0.00311362912029795,37.35160863856064,-605.7884509215073,-468.5557798884621,-137.23267103304522,6.49386208836305,-0.8491465488555582,931.5711700300363
2025-01-13,76629.8984375,77128.3515625,76249.71875,76330.0078125,13600,-0.013648066221113775,32.16608662903867,-725.1338065433229,-519.8713852194343,-205.2624213238886,6.042203473475065,-2.8140555460173546,945.686622170748
2025-01-14,76335.75,76835.609375,76335.75,76499.6328125,16800,0.0022197928223647565,33.76747110694387,-796.8430303889909,-575.2657142533455,-221.57731613564533,5.385925086023806,-2.5145434921923155,914.251975051409
2025-01-15,76900.140625,76991.046875,76479.703125,76724.078125,12800,0.002929644134811217,35.9230116511046,-826.0401690955478,-625.420605221786,-200.61956387376176,5.0244768601834595,-2.2280403449577313,885.4728161191655
2025-01-16,77319.5,77319.5,76895.5078125,77042.8203125,8600,0.004145790118322792,38.96113232116874,-814.0751298303658,-663.151510143502,-150.92361968686373,4.639889042236796,-2.10453566150569,864.7548917535107
2025-01-17,77069.1875,77069.1875,76263.2890625,76619.328125,9700,-0.005512004928010557,36.48588632774254,-829.2064544251043,-696.3624989998225,-132.84395542528182,4.71127853430917,-2.0815892072504525,860.5508593068314
2025-01-20,76978.53125,77318.9375,76584.84375,77073.4375,11300,0.0059093307953441655,40.82708357515916,-795.3865853249736,-716.1673162648527,-79.21926906012084,4.810448635194173,-1.3636854911914293,851.5182086420576
2025-01-21,77261.71875,77337.359375,75641.8671875,75838.359375,32900,-0.01615447610566896,34.016980525601895,-858.3500530063466,-744.6038636131516,-113.74618939319498,5.269236314537746,-3.3997389577496073,911.8020642747678
2025-01-22,76114.421875,76463.1328125,75816.5,76404.9921875,16000,0.007443811806885366,39.040827072043285,-852.6971602723061,-766.2225229449825,-86.47463732732353,5.4131123778831975,-4.426512990829973,892.861403433713
2025-01-23,76414.5234375,76743.5390625,76202.1171875,76520.3828125,11200,0.0015091105305362004,40.04199027059392,-829.3459590103448,-778.847210158055,-50.49874885228985,5.471715462508505,-3.4115381027355696,867.7585799741621
2025-01-24,76455.3515625,76985.953125,76091.75,76190.4609375,7800,-0.004320877027472935,38.114545992502215,-827.9181764374662,-788.6614034139373,-39.25677302352892,5.510290418854382,-2.2760616017665782,869.6474760474363
2025-01-27,75700.4296875,75925.71875,75267.59375,75366.171875,9500,-0.010877744840903534,33.74417683237746,-883.1198312429042,-807.5530889797307,-75.56674226317352,5.893641122482938,-3.6227234845026013,873.4488840083337
2025-01-28,75659.0,76512.9609375,75622.8828125,75901.40625,13000,0.007076686429719847,38.662348248257615,-873.6081880706042,-820.7641087979054,-52.84407927269888,6.00846245771047,-2.875405365606562,892.9731824720242
2025-01-29,76138.2421875,76599.7265625,75975.796875,76532.9609375,10200,0.00828629806831427,43.94937730770396,-805.8199662054685,-817.7752802794181,11.95531407394958,5.8391172350959,-1.4007305402396504,879.0694060454509
2025-01-30,76598.84375,76962.8828125,76401.1328125,76759.8125,18500,0.0029597184917898,45.75795069714744,-725.4299815110571,-799.306220525746,73.87623901468885,4.750491688582903,-0.8000807713665505,856.4037341850616
2025-01-31,76888.890625,77605.9609375,76833.8671875,77500.5703125,12600,0.009604066745155147,51.28550535149811,-595.0875756221649,-758.4624915450298,163.37491592286494,3.958605045532032,1.533554801769987,855.6712129932714
2025-02-03,77063.9375,77260.3671875,76756.09375,77186.7421875,11400,-0.0040575862428565606,49.006973298932486,-511.2205544770404,-709.014104131432,197.79354965439154,3.751279502822491,0.8981865006909244,847.7287379580378
2025-02-04,77687.6015625,78658.59375,77402.3671875,78583.8125,11800,0.017938021427506716,57.961094843578046,-328.2396946969384,-632.8592222445333,304.6195275475949,3.9653246761931547,2.4239253444923685,892.3089397110351
2025-02-05,78704.6015625,78735.40625,78216.25,78271.28125,8000,-0.003984973087087711,55.60867616333374,-206.06926672451664,-547.50123114053,341.43196441601333,4.0231781533783675,1.5945170912969362,865.6551761602469
2025-02-06,78513.359375,78551.65625,77843.9921875,78058.15625,8000,-0.0027266154787845406,53.999176800911215,-125.00475174072199,-463.00193526056836,337.9971835198464,4.16851833347492,1.8778918586347237,854.3700966130864
2025-02-07,78119.6015625,78356.9765625,77475.7421875,77860.1875,10900,-0.0025393914740528545,52.47972566963951,-75.86049069369619,-385.5736463471939,309.7131556534977,4.285690304967877,1.0207796946905345,856.288973640723
2025-02-10,77789.296875,77849.578125,77106.890625,77311.796875,7000,-0.007068194820237122,48.41563581507342,-80.23890593383112,-324.50669826452133,244.2677923306902,4.262173541465088,1.9428657372639793,848.9323951663856
2025-02-11,77384.9765625,77387.28125,76030.59375,76293.6015625,9800,-0.013257479698581265,41.9239214997655,-163.97844245037413,-292.4010471016919,128.42260465131778,4.295995693328533,-0.14578972107823043,885.2006169402151
2025-02-12,76188.2421875,76459.71875,75388.390625,76171.078125,10400,-0.0016072373500074322,41.20789847242579,-237.4915906619135,-281.4191558137362,43.927565151822705,4.3736197092563645,-0.4564858076519441,898.4954389444855
2025-02-13,76201.1015625,76764.53125,76013.4296875,76138.96875,6900,-0.0004216317456987317,41.01022218527246,-294.94233680301113,-284.1237920115912,-10.818544791419924,4.448618514008006,-0.06758350962365182,887.9673049127366
2025-02-14,76388.9921875,76483.0625,75439.640625,75939.2109375,9300,-0.0026270425881440842,39.733240412910774,-352.52753506964655,-297.8045406232023,-54.72299444644426,4.559718491763761,0.7603398822623296,899.0712027761126
2025-02-17,75641.40625,76041.9609375,75294.7578125,75996.859375,8100,0.0007588512740636595,40.31087901697576,-389.0279998361657,-316.049232465795,-72.97876737037069,4.637026732986514,0.12575936298940443,888.2234829349617
2025-02-18,76073.7109375,76091.6875,75531.0078125,75967.390625,8600,-0.00038783793384805843,40.09929931076901,-415.5426460226154,-335.9479151771591,-79.5947308454563,4.60471416889789,-0.7389891957294953,864.8274975467501
2025-02-19,75787.2734375,76338.578125,75581.3828125,75939.1796875,5100,-0.0003714248536621875,39.88348248464094,-433.83114564421703,-355.5245612705707,-78.30658437364633,4.6829922994184825,-1.0690917366427908,857.1394843291251
2025-02-20,75672.84375,75794.1484375,75463.0078125,75735.9609375,6900,-0.00267965957723711,38.284999196777896,-459.4269798703317,-376.3050449905229,-83.1219348798088,4.814947490758844,-2.2768985671778825,829.9275122341877
2025-02-21,75612.609375,75748.71875,75112.40625,75311.0625,12700,-0.005626056688682259,35.11597335751867,-508.1400930973905,-402.67205461189644,-105.46803848549405,5.039466327159923,-2.4300542221922625,816.0978685031743
2025-02-24,74893.453125,74907.0390625,74387.4375,74454.40625,6400,-0.011440094971051522,29.76629097790078,-608.8521180690586,-443.9080673033289,-164.94405076572974,5.447386858849323,-5.254779729603982,823.7783778958046
2025-02-25,74440.296875,74785.078125,74400.3671875,74602.1171875,10700,0.0019819459416548072,31.698457482757405,-669.03585637371,-488.9336251174051,-180.1022312563049,5.863392515871511,-4.6877526519345185,792.4164178675328
2025-02-27,74706.6015625,74834.09375,74520.78125,74612.4296875,6700,0.00013822378893206134,31.839440915095736,-707.7413680782338,-532.6951737095709,-175.0461943686629,6.265172214797484,-4.414306880967356,758.1947094484233
2025-02-28,74201.7734375,74282.4296875,73141.2734375,73198.1015625,9100,-0.019137625432993237,24.400551408598147,-842.8246665011102,-594.7210722678788,-248.10359423323143,7.268412058771198,-5.987766132081303,809.1205337735358
2025-03-03,73427.6484375,73649.71875,72784.5390625,73085.9375,10100,-0.0015335109038521818,23.92318709641181,-948.0018806044827,-665.3772339351996,-282.62464666928315,7.972371372843814,-5.465995547655546,813.1247590397118
2025-03-04,72817.34375,73033.1796875,72633.5390625,72989.9296875,6200,-0.0013144926423886453,23.499402991367305,-1027.260983470609,-737.7539838422815,-289.50699962832755,8.587916111178743,-4.3302083101865625,787.3585932154466
2025-03-05,73005.3671875,73933.796875,72894.046875,73730.2265625,9300,0.010091362717871952,33.309506362868234,-1018.5968719444063,-793.9225614627065,-224.67431048169976,8.250971869278217,-3.2044335233045516,805.3865508429146
2025-03-06,74308.296875,74390.796875,73415.6796875,74340.09375,10100,0.008237581101914072,40.12177424569444,-951.5504348860413,-825.4481361473735,-126.10229873866786,7.704041077363791,-2.362620652121717,817.5101677469921
2025-03-07,74347.140625,74586.4296875,74038.03125,74332.578125,6900,-0.00010110297893505306,40.06745745671252,-888.7768325196812,-838.113875421835,-50.662957097846174,7.081126792067932,-2.1156827845133943,798.2879013007785
2025-03-10,74474.9765625,74741.25,74022.2421875,74115.171875,6600,-0.00292906299266592,38.446031641801184,-846.8096730301331,-839.8530349434948,-6.95663808663835,6.404229843571955,-2.476006923805856,792.6250378150086
2025-03-11,73743.8828125,74195.171875,73663.6015625,74102.3203125,11700,-0.00017341492346863995,38.347242768429055,-805.3043630536558,-832.943300565527,27.638937511871177,5.8392206051897455,-2.4550932935245857,773.9782717210794
2025-03-12,74270.8125,74392.1484375,73598.15625,74029.7578125,13800,-0.0009797000990242396,37.75731531398129,-769.3971616412746,-820.2340727806766,50.83691113940199,5.641825376751919,-2.5144094034957045,775.4078371338594
2025-03-13,74392.5390625,74401.109375,73770.59375,73828.90625,9900,-0.0027168064491122313,36.10177164438477,-748.519026926253,-805.8910636097919,57.37203668353891,5.457472912746848,-2.518030620980394,765.0583934100123
2025-03-17,73830.03125,74376.3515625,73796.0625,74169.953125,7400,0.004608785231435056,40.84480286534887,-696.4253640933894,-783.9979237065115,87.57255961312217,5.154234985214039,-1.515194895836186,751.8605840592971
2025-03-18,74608.65625,75385.7578125,74480.1484375,75301.2578125,14500,0.015137714929402338,53.243123265909965,-557.4282416278293,-738.6839872907751,181.25574566294586,4.954113302229804,1.1374095975683105,784.9994485907758
2025-03-19,75473.171875,75568.3828125,75201.4765625,75449.046875,12200,0.0019607139123604235,54.58231372434158,-430.3854627260007,-677.0242823778202,246.63881965181952,4.753332220625057,1.1352622679211413,755.1356486914347
2025-03-20,75917.109375,76456.25,75684.578125,76348.0625,9100,0.01184510219135202,61.757772347552304,-254.22949819921632,-592.4653255420995,338.2358273428832,4.942750082229828,2.3261979535706967,773.1404684277607
2025-03-21,76155.0,77041.9375,76095.2578125,76905.5078125,8500,0.007274842208891025,65.40724049368656,-68.84979168164136,-487.7422187700079,418.89242708836656,5.4522766931299556,5.064893994326399,785.5361269329206
2025-03-24,77456.2734375,78107.2265625,77179.3515625,77984.3828125,10100,0.013931089294052033,71.14630798172857,163.23943469743244,-357.5458880765199,520.7853227739523,6.656274822803493,6.702308925708178,815.2634571519977
2025-03-25,78296.28125,78741.6875,77745.6328125,78017.1875,12700,0.00042056868937687814,71.30221082073652,345.8323428611184,-216.87024188899227,562.7025847501106,7.697990861809063,6.887604679198575,828.1771164625694
2025-03-26,78021.453125,78167.8671875,77194.21875,77288.5,10500,-0.009383981475756057,63.14100683874317,426.81943794252584,-88.13230592268866,514.9517438652144,8.202493592523474,4.826071481665265,838.5679251081002
2025-03-27,77087.390625,77747.4609375,77082.5078125,77606.4296875,12700,0.004105107050540861,65.02213744950679,510.7687389271887,31.647903047286817,479.12083587990185,8.744075932743227,4.3937743049994475,826.1668679575216
2025-03-28,77690.6875,77766.703125,77185.6171875,77414.921875,16700,-0.002470729457476895,62.93845443139946,555.4432804231328,136.40697852245603,419.0363019006768,9.115092077802421,4.146692914130644,808.6610872105558
2025-04-01,76882.578125,77487.046875,75912.1796875,76024.5078125,10600,-0.018123791576173325,50.328193066791165,473.1986423595663,203.76531128987807,269.4333310696882,8.799279907184541,2.5761742018492755,863.3900943740875
2025-04-02,76146.28125,76680.3515625,76064.9375,76617.4375,10800,0.007768934922037022,54.51356133201405,450.6686173256021,253.14597249702288,197.52264482857922,8.439406647403166,3.394113945276469,848.5653554902241
2025-04-03,75811.859375,76493.7421875,75807.546875,76295.359375,6900,-0.004212578775315763,51.95276464920422,402.1882217311795,282.9544223438542,119.23379938732529,7.8715580894596755,3.0603930492900395,845.8028747409223
2025-04-04,76160.09375,76258.1171875,75240.546875,75364.6875,11700,-0.012273285900689983,45.32684615747012,285.38003319731797,283.439544514547,1.9404886827709902,7.511000632897134,2.080189627622988,860.7321336879993
2025-04-07,71449.9375,73403.9921875,71425.0078125,73137.8984375,29400,-0.029992150880581187,34.115527633444614,12.975857329496648,229.34680707753694,-216.3709497480403,7.952423976030588,-1.3914727514532186,1080.656958960285
2025-04-08,74013.7265625,74859.390625,73424.921875,74227.078125,17100,0.01478233901398205,41.71004294807066,-113.70796188122767,160.73585328578403,-274.44381516701173,7.979486528258837,-1.4265096210938542,1126.4309038559788
2025-04-09,74103.828125,74103.828125,73673.0625,73847.1484375,9100,-0.005131622566074658,39.97888746854832,-241.97363050068088,80.19395652849104,-322.16758702917195,8.061304648116554,-2.123152649169897,1085.544098223409
2025-04-11,74835.4921875,75467.328125,74762.84375,75157.2578125,14200,0.017585293879511348,47.99445211585086,-235.19899189197167,17.115366844398494,-252.31435873637017,7.85330273155878,-1.5597051824334114,1123.7323546003083
2025-04-15,76852.0625,76907.6328125,76435.0703125,76734.890625,12900,0.02077381305239993,55.671529015961106,-101.35984563852253,-6.579675652185713,-94.78016998633682,7.627399898639404,-0.22185301463189658,1168.4925435574291
2025-04-16,76996.78125,77110.2265625,76543.7734375,77044.2890625,9500,0.004023936863390869,57.011799189402915,29.336339125729864,0.603527303397402,28.73281182233246,7.295092629144559,-1.2054897610208615,1125.4897279461843
2025-04-17,76968.0234375,78616.7734375,76665.7734375,78553.203125,11100,0.019395702907568157,62.90271482473477,251.76853058916458,50.83652796055084,200.93200262861376,7.442258925819041,0.6870481264144519,1184.4547473785994
2025-04-21,78903.09375,79635.046875,78776.0625,79408.5,12600,0.010829273383066976,65.76638720646962,491.39841956377495,138.94890628119566,352.4495132825793,8.134688262518395,2.74296952327966,1177.1253904229852
2025-04-22,79728.390625,79824.296875,79253.4375,79595.59375,14800,0.0023533209986377835,66.3777998419931,688.4675101329049,248.85262705153752,439.61488308136734,8.746740307834356,2.563143376792133,1133.8206750356292
2025-04-23,80142.09375,80254.546875,79506.8984375,80116.4921875,12000,0.006522991437182463,68.08675661666868,876.5737383835512,374.3968493179403,502.17688906561096,9.540640922987235,3.4897281390558788,1106.2369437830841
2025-04-24,80058.4296875,80173.921875,79724.546875,79801.4296875,8200,-0.003940307677149187,65.90477944183448,988.8277777436451,497.28303500308124,491.5447427405639,10.086071518638127,4.968031998727384,1059.3182335128638
2025-04-25,79830.1484375,80130.65625,78605.8125,79212.53125,13200,-0.007406911020734178,61.91100285923557,1018.5297534218553,601.5323786868361,416.9973747350192,10.330230880835298,3.387079801513852,1092.5700561190877
2025-04-28,79343.6328125,80321.8828125,79341.3515625,80218.3671875,8500,0.012617996794508781,65.73081544579335,1110.4309800538322,703.3120989602353,407.1188810935969,10.87065780404529,5.141869498533967,1093.7687351462957
2025-04-29,80396.921875,80661.3125,80122.0234375,80288.3828125,16200,0.0008724322116168592,65.98652445715933,1175.3641735112906,797.7225138704464,377.6416596408442,11.401479610600514,6.5331595948036005,1054.163044242989
2025-04-30,80370.796875,80525.609375,79879.1484375,80242.2421875,12200,-0.0005748513876478106,65.63892673608356,1209.1625609949551,880.0105232953482,329.1520376996069,11.84356826641973,9.713628504202946,1025.0414651899184
2025-05-02,80300.1875,81177.9296875,80168.59375,80501.9921875,12700,0.003231845012628784,66.70231644790621,1242.5839465050085,952.5252079372804,290.05873856772814,12.301341494051629,8.453672461595362,1023.9196417834956
2025-05-05,80661.6171875,81049.03125,80657.7109375,80796.84375,8800,0.0036559704749838688,67.91611131157148,1278.129214252127,1017.6460092002498,260.48320505187723,12.603982993950154,9.410918985425448,989.856743263246
2025-05-06,80907.2421875,80981.578125,80481.03125,80641.0703125,12500,-0.0019298253046593778,66.5361603221169,1278.9861245753564,1069.914032275271,209.0720923000854,12.850198638104866,7.296451014326315,954.9060383872999
2025-05-07,79948.796875,80844.6328125,79937.4765625,80746.78125,8800,0.0013100236677623762,67.02579968783581,1273.5149339502386,1110.6342126102645,162.88072133997412,12.971656476207455,5.228248313542181,951.4953392167785
2025-05-08,80912.34375,80927.9921875,79987.609375,80334.8125,10600,-0.005115043111092153,63.14796788606741,1221.851793899783,1132.8777288681683,88.9740650316146,12.650170329894554,4.270950485156214,950.7015873084372
2025-05-09,78968.34375,80032.9296875,78968.34375,79454.46875,8800,-0.01101892004841822,55.72813433938678,1097.2238859525678,1125.7469602850483,-28.52307433248052,10.948035862531917,1.1473314761790625,980.3992417864059
2025-05-12,80803.796875,82495.96875,80651.0703125,82429.8984375,10700,0.03676407875066487,68.99029977286764,1224.4331766098621,1145.484203550011,78.94897305985114,10.174538714456705,3.804880381193449,1127.6207245159483
2025-05-13,82249.6015625,82572.8125,81043.6875,81148.21875,16200,-0.015670872591075777,60.57287408785426,1207.9026665651618,1157.9678961530412,49.93477041212054,8.17344059339121,1.9506418971841644,1156.2996013362376
2025-05-14,81278.4921875,81691.8671875,80910.03125,81330.5625,15200,0.0022445247945547726,61.29637480845228,1195.7320798741275,1165.5207328972585,30.21134697686898,6.527503891092845,1.5153812646448126,1129.5521967765064
2025-05-15,81354.4296875,82718.140625,80762.15625,82530.7421875,12600,0.014648988084290368,65.75118742194852,1268.3109732942685,1186.0787809766605,82.232192317608,5.994171566184026,3.4201298281094785,1188.583066649613
2025-05-16,82392.6328125,82514.8125,82146.953125,82330.59375,15300,-0.002428083391349047,64.41954968160623,1294.7548352525628,1207.8139918318411,86.94084342072165,5.197832180489446,3.9363247844702602,1131.0977806389265
2025-05-19,82354.921875,82424.1015625,81964.5703125,82059.421875,8100,-0.003299131275435543,62.57057996282436,1279.0859754164412,1222.0683885487613,57.01758686767994,4.960944244165476,2.29505380382123,1083.128742736146
2025-05-20,82116.171875,82250.421875,81153.703125,81186.4375,10500,-0.01069543448414196,56.907791297547455,1182.5935456255538,1214.1734199641198,-31.579874338566015,4.773220407982745,1.1185362764090734,1084.0994575407071
2025-05-21,81327.609375,82021.640625,81237.0625,81596.6328125,5800,0.005039789210769678,58.794829926707486,1126.2393472637486,1196.5866054240457,-70.34725816029709,4.662251762221467,1.6878773425040017,1066.3211480735138
2025-05-22,81323.046875,81323.2421875,80489.921875,80951.9921875,10700,-0.00793170664631306,54.738036340212076,1017.8282377521973,1160.834931889676,-143.0066941374787,4.5858092003852,0.5589923774207839,1069.2061330325485
2025-05-23,80897.0,81905.171875,80897.0,81721.078125,12000,0.009455672857579539,58.423823110264614,982.6431613513996,1125.1965777820208,-142.55341643062116,4.489028152804414,1.1438991080638592,1064.8465431730806
2025-05-26,81928.953125,82492.2421875,81867.2265625,82176.453125,10200,0.00555683991454879,60.476098425452825,980.2045042128593,1096.1981630681885,-115.99365885532916,4.1764666984693495,1.9039712723927023,1043.8692231250034
2025-05-27,82038.203125,82410.5234375,81121.703125,81551.6328125,20700,-0.007632451599566224,56.364882255059705,917.2802378882043,1060.4145780321917,-143.1343401439874,4.0619808997159526,0.9967599327682178,1061.3657295089317
2025-05-28,81457.609375,81613.359375,81244.0234375,81312.3203125,24100,-0.002938804660512571,54.82750669883294,838.4368071450881,1016.019023854771,-177.58221670968294,3.926973072716037,1.2167922997268463,1011.9350300797223
2025-05-29,81591.03125,81816.890625,81106.9765625,81633.0234375,6800,0.003936332658786816,56.53831147510619,792.6932083333086,971.3538607504786,-178.66065241717,3.7708430916133553,2.7418906976204536,990.3621038240279
2025-05-30,81465.6875,81698.2109375,81286.453125,81451.0078125,12600,-0.0022321707303971125,55.25916328855006,733.3009006222856,923.74326872484,-190.4423681025545,3.6546526115650053,-1.1875431652293185,949.0332258723117
2025-06-02,81214.421875,81474.2578125,80654.2578125,81373.75,9900,-0.0009489689324370475,54.693533302065596,672.2487440039986,873.4443637806718,-201.1956197766732,3.596026915229978,0.2779250776838524,939.8165668814323
2025-06-03,81492.5,81774.2265625,80575.09375,80737.5078125,32000,-0.007849491304857844,50.14164653182049,566.0005408813595,811.9555992008094,-245.9550583194499,3.5727130494812847,-0.7291904411702551,958.3391558541872
2025-06-04,80777.6484375,81087.2890625,80705.1796875,80998.25,7500,0.003224301377985607,51.90809501310119,497.1074446641287,748.9859682934732,-251.8785236293445,3.5262722242585127,-1.856874356004652,917.1798857931738
2025-06-05,81196.078125,81911.1328125,80983.7265625,81442.0390625,9800,0.0054640405923712205,54.84074216271011,472.8683065205405,693.7624359388867,-220.8941294183462,3.3071449449680066,-1.0792521309856338,917.9103403793757
2025-06-06,81434.2421875,82299.890625,81140.109375,82188.9921875,12400,0.00912978800765527,59.33548516323726,508.07472043631424,656.6248928383723,-148.55017240205802,2.487430321687315,0.15789815421484774,935.1868339237061
2025-06-09,82574.546875,82669.0,82369.2421875,82445.2109375,11500,0.0031125847727192847,60.777582804640616,550.3071704223257,635.361348355163,-85.05417793283732,2.493534409038439,1.5504725619965773,902.6740466791556
2025-06-10,82643.7265625,82680.7890625,82240.3984375,82391.71875,15100,-0.0006490316154174015,60.29681258322997,572.8567824293423,622.8604351699989,-50.00365274065666,2.5686140986399946,0.9744102300483639,869.6538022735016
2025-06-11,82473.0234375,82783.5078125,82308.90625,82515.140625,11300,0.0014968679715668732,61.06214934808631,593.841194600871,617.0565870561734,-23.215392455302435,2.687063090431014,1.930957343062608,841.4357851468229
2025-06-12,82571.671875,82661.0390625,81523.15625,81691.9765625,6000,-0.010026008275600217,53.63601726088345,537.8490430873935,601.2150782624174,-63.36603517502385,2.533370842931368,-0.03561084015006073,862.610572814907
2025-06-13,80427.8125,81238.6796875,80354.59375,81118.6015625,6600,-0.007043490380849699,49.15198547130584,442.1118982482003,569.394442259574,-127.28254401137372,2.4964178115510207,-1.2872927977201498,896.5228756495565
2025-06-16,81034.453125,81865.8203125,81012.3125,81796.1484375,11400,0.008317856810803222,54.04147499320451,416.1151748186676,538.7385887713928,-122.62341395272517,2.4576069045315276,0.2998292205407828,893.450371138874
2025-06-17,81869.46875,81890.1484375,81427.0078125,81583.296875,21500,-0.0026056115261914683,52.338785939587055,374.0257064642501,505.7960123099642,-131.77030584571412,2.4102118999102506,0.33325400315546433,862.7139607003829
2025-06-18,81314.6171875,81858.96875,81237.0078125,81444.65625,11300,-0.0017008206968682248,51.2070725689753,325.72757505877235,469.78232485972586,-144.05474980095352,2.418703572244917,-0.23074875775514792,845.5173161860699
2025-06-19,81403.9375,81583.9375,81191.0390625,81361.8671875,12500,-0.0010170239851324632,50.50478900562677,277.57090786007757,431.3400414597962,-153.76913359971866,2.3184944400082017,-0.10944078826526182,813.187396279922
2025-06-20,81354.8515625,82494.4921875,81323.203125,82408.171875,6700,0.012777904062543238,58.29033609014308,320.1440250649757,409.10083818083217,-88.95681311585645,2.4558450160043015,1.2711984823115563,838.7660867242133
2025-06-23,81704.0703125,82169.671875,81476.7578125,81896.7890625,8000,-0.00622482073399255,53.83326732341347,309.0565959512751,389.0919897349208,-80.0353937836457,2.40624605807789,1.4358645459954573,845.3837992796267
2025-06-24,82534.609375,83018.15625,81900.1171875,82055.109375,119300,0.001931302573732142,54.98095636417209,309.4773918485007,373.1690701576368,-63.69167830913608,2.436338066145717,1.3047928504628188,865.0968984382249
2025-06-25,82448.796875,82815.90625,82339.5703125,82755.5078125,7500,0.008499484631733539,59.74826150781399,362.1525073879311,370.9657576036957,-8.813250215764583,2.642089854142602,1.612765059813915,857.646896764066
2025-06-26,82882.921875,83812.09375,82816.2578125,83755.8671875,10500,0.01201565251167068,65.38621332823132,479.0958385668346,392.5917737963235,86.50406477051109,3.3773222530900524,1.9064292654002193,871.8568282452042
2025-06-27,83774.453125,84089.3515625,83645.40625,84058.8984375,8600,0.0036115007906424947,66.89872086846856,589.4317579968338,431.95977063642556,157.4719873604082,4.056277578970804,1.9572847005307596,841.2917199776896
2025-06-30,84027.328125,84099.53125,83482.1328125,83606.4609375,6200,-0.0053969239663690756,62.50701679815309,633.068227544587,472.18146201805786,160.88676552652913,4.324867711952818,1.474349856914473,825.2993426578547
2025-07-01,83685.65625,83874.2890625,83572.5078125,83697.2890625,19100,0.0010857871855635775,63.03169286719545,667.2874404091272,511.20265769627173,156.08478271285543,4.341974703435318,1.432644274185287,787.9051931822936
2025-07-02,83790.71875,83935.0078125,83150.7734375,83409.6875,10600,-0.003442128538026042,60.16084132091382,663.5503749564523,541.6722011483079,121.87817380814442,4.258275804905458,2.102667862597048,787.6429918835584
2025-07-03,83540.7421875,83850.09375,83186.7421875,83239.46875,9600,-0.00204284033626913,58.463620655958245,639.4819433344819,561.2341495855427,78.24779374893922,4.210998958092772,2.614526319053862,778.7650326418756
2025-07-04,83306.8125,83477.859375,83015.828125,83432.890625,8800,0.0023209842658385403,59.84972464508349,628.7670317408192,574.740726016598,54.026305724221174,4.31370426742715,2.001001537071915,756.1411910245987
2025-07-07,83398.078125,83516.8203125,83262.2265625,83442.5,6200,0.00011516826986452364,59.92128215708088,613.9732815549942,582.5872371242773,31.38604443071688,4.414517495472524,2.278901682348811,720.3163738085559
2025-07-08,83387.03125,83812.3125,83320.953125,83712.5078125,15300,0.0032306306687687764,61.97213509114512,616.9249747819849,589.4547846558188,27.47019012616613,4.5613216934217125,2.7845308297927773,703.9623024650876
2025-07-09,83625.890625,83781.359375,83382.28125,83536.078125,7800,-0.0021097906682430168,59.818193080246346,598.1329077970731,591.1904092840697,6.942498513003443,4.649534605207832,2.6722726661244005,682.1848612175814
2025-07-10,83658.203125,83742.28125,83134.96875,83190.28125,7500,-0.004148082788207553,55.7297432493799,549.0085130619264,582.7540300396411,-33.745516977714715,4.532284215641306,0.9490677407409726,676.8368354163257
2025-07-11,82820.7578125,83040.7421875,82442.25,82500.46875,10700,-0.008326553962407555,48.594522973810875,449.23645435991057,556.050514903695,-106.81406054378442,4.1575773242376615,0.7371225348521276,681.9221507437311
2025-07-14,82537.8671875,82537.8671875,82010.3828125,82253.4609375,18100,-0.0029985081149826887,46.30817503737311,346.2436318228865,514.0891382875334,-167.84550646464686,4.048534901967059,0.24172969119267596,670.8908810477503
2025-07-15,82233.15625,82743.6171875,82221.7421875,82570.90625,9900,0.003851926877322269,49.590703834508616,286.9287259112607,468.6570558122789,-181.72832990101818,3.807719838481723,-0.2230686118418289,660.2468895443396
2025-07-16,82534.65625,82784.75,82342.9375,82634.4765625,7600,0.000769591336012544,50.246686703533925,242.25822653991054,423.37728995780526,-181.11906341789472,3.459931414531266,-1.3388800840538129,644.6444331483153
2025-07-17,82753.53125,82757.09375,82219.2734375,82259.2421875,8800,-0.0045512348869709085,46.40779588501059,174.56596804055152,373.61502557435455,-199.04905753380302,3.079577403072827,-2.1409467450231836,637.0141388162928
2025-07-18,82193.6171875,82334.75,81608.1328125,81757.7265625,8300,-0.00611543051691674,41.81004438837032,79.53442257193092,314.79890497386987,-235.26448240193895,3.2990700819804215,-2.21123386191651,643.4143565794147
2025-07-21,81918.53125,82274.03125,81518.65625,82200.34375,15300,0.005399164089729273,46.81786548751632,39.48162643471733,259.7354492660394,-220.25382283132205,3.1956333230432197,-1.7885230564423336,651.4115453951708
2025-07-22,82527.4296875,82538.171875,82110.6328125,82186.8125,23900,-0.00016462660878420517,46.68559042893374,6.571881581534399,209.1027357291384,-202.530854147604,3.152707839010967,-1.4661066797546747,635.4206537598014
2025-07-23,82451.8671875,82786.4296875,82279.7265625,82726.640625,10100,0.006546828568545534,52.45668375252668,23.776212462005788,172.03743107571188,-148.2612186137061,3.1556130005553786,-0.6160876957783323,632.8632633126728
2025-07-24,82779.953125,82784.2421875,82047.21875,82184.171875,14000,-0.006578958631041268,46.95609284438163,-6.289425309267244,136.37205979871607,-142.6614851079833,3.1581914029123457,-1.4966744417528683,640.3032757546247
2025-07-25,82065.7578125,82069.5078125,81397.6875,81463.09375,10000,-0.008812646993915176,40.82758819336297,-87.29535176472564,91.63857748602773,-178.93392925075335,3.26132671417474,-2.3721799442730025,650.74478284358
2025-07-28,81299.96875,81557.40625,80776.4375,80891.0234375,5100,-0.007047221098970049,36.73163826090398,-195.4019532410457,34.230471340613036,-229.63242458165874,3.7075521325963487,-3.370445407416996,660.0464947833243
2025-07-29,80620.25,81429.8828125,80575.453125,81337.953125,12300,0.0055098765665013765,41.656226303194686,-242.22154396191763,-21.0599317198931,-221.16161224202455,3.777822938747695,-2.6313480945452272,673.9310085488012
2025-07-30,81594.5234375,81618.9609375,81187.0625,81481.859375,7200,0.0017676753862089494,43.18955974540441,-264.66349915391766,-69.78064520669801,-194.88285394721964,3.8136109710730945,-2.053631565285759,656.642967759601
2025-07-31,80695.5,81803.2734375,80695.1484375,81185.578125,9700,-0.0036427890202110204,40.81144265375885,-302.8650908382115,-116.3975343330007,-186.46755650521078,3.934768023439556,-1.5937977625127129,688.8916843482009
2025-08-01,81074.40625,81317.5078125,80495.5703125,80599.90625,14700,-0.007240135734662171,36.52956863788628,-376.06392231919745,-168.3308119302401,-207.73311038895736,4.157034931348775,-2.0103162452415804,698.394956894758
2025-08-04,80765.828125,81093.1875,80500.5078125,81018.71875,9900,0.005182737292416398,41.274486619446236,-395.71826125934604,-213.8083017960613,-181.90995946328474,4.103678190182721,-1.8798237423971593,690.8438662237039
2025-08-05,80946.4296875,81010.4921875,80554.3984375,80710.25,10900,-0.0038146428118719013,38.96403235081191,-431.21454377644113,-257.2895501921373,-173.92499358430382,3.9315967600024093,-2.328600170952405,674.6636123862964
2025-08-06,80694.9765625,80834.4296875,80448.8203125,80543.9921875,5300,-0.0020620588848579914,37.73786815249375,-467.37362715849304,-299.30636558540846,-168.06726157308458,3.7713352185450835,-2.085176029327252,654.0168811444181
2025-08-07,80262.9765625,80737.546875,79811.2890625,80623.2578125,37500,0.0009836443991091317,38.72786824721283,-484.05401439903653,-336.2558953481341,-147.79811905090241,3.622343831157053,-1.387598209611114,673.4626619555311
2025-08-08,80478.0078125,80550.3984375,79775.84375,79857.7890625,23200,-0.00953975027129685,33.23244871416739,-552.6694429846539,-379.53860487543807,-173.1308381092158,3.972480197750826,-2.8498113032526096,685.8877619944217
2025-08-11,79885.359375,80636.046875,79772.4609375,80604.078125,8600,0.009301829232920205,41.88995416258268,-540.5967117570399,-411.7502262517584,-128.84648550528146,4.003603763368259,-1.9257765654313457,698.5804888162487
2025-08-12,80508.5078125,80997.671875,80164.359375,80235.59375,10300,-0.004582016555921024,39.188005059142306,-554.3721378692426,-440.27460857525523,-114.09752929398735,3.9954188117647664,-3.0111785709901118,708.2042039008023
2025-08-13,80492.171875,80683.7421875,80319.0,80539.90625,12300,0.0037855626437117342,42.48726617811929,-534.5715784087661,-459.13400254195744,-75.43757586680863,3.7956794508346063,-2.000708393704916,689.6287920150307
2025-08-14,80625.28125,80751.1796875,80489.859375,80597.65625,7200,0.0007167789009161869,43.11796129982588,-508.35949816585344,-468.9791016667367,-39.38039649911673,3.664528278081739,-1.062367582866321,659.0353291925286
2025-08-18,81315.7890625,81765.7734375,81202.421875,81273.75,19300,0.008353515882917035,50.027179913273606,-428.09629286822747,-460.8025399070349,32.70624703880742,3.602381744058796,0.47313848463755875,695.3983190716336
2025-08-19,81319.109375,81755.8828125,81315.4375,81644.390625,10900,0.004550030622971632,53.37098392149542,-330.7666514770099,-434.7953622210299,104.02871074402003,3.445634485608742,0.37674601858872386,680.1650686022313
2025-08-20,81671.46875,81985.6171875,81494.5,81857.84375,9400,0.0026110132021379723,55.22895261242761,-233.71421418784303,-394.57913261439256,160.86491842654954,3.334696430261213,0.46143322929049196,666.6616485235005
2025-08-21,82220.4609375,82231.171875,81921.21875,82000.7109375,10100,0.00174378718248725,56.47891379742223,-143.61575731814082,-344.3864575551422,200.7707002370014,2.9677816336479608,1.0040364696854833,645.7092539861077
2025-08-22,81951.4765625,81993.609375,81291.7734375,81306.8515625,6700,-0.008497629131859365,49.282506877905476,-126.73975683822937,-300.85711741175965,174.11736057353028,2.691578888182776,0.8771043855897785,650.2255572728143
2025-08-25,81501.0625,81799.0625,81364.859375,81635.90625,9700,0.004038904695526585,52.38127074362702,-85.82411464644247,-257.8505168586962,172.02640221225374,2.7345163052548203,0.7617838315913876,638.9387987176133
2025-08-26,81377.390625,81450.28125,80685.9765625,80786.5390625,20500,-0.010458836872552849,44.776398178548,-120.54543427228054,-230.38950034141308,109.84406606913254,2.741950027460661,0.09452214867380537,661.1524336306409
2025-08-28,80754.65625,80775.7109375,80013.0234375,80080.5703125,7800,-0.008777099121224917,39.62673438626607,-202.6916056683258,-224.84992140679563,22.158315738469838,2.8813693982029607,-0.5753649184922331,669.1783758713093
2025-08-29,80010.828125,80310.7421875,79741.7578125,79809.6484375,12500,-0.003388851880964036,37.82871413878717,-286.3532672388101,-237.15059057319854,-49.202676665611534,3.051043994098932,-1.0091497132157023,662.0216615233586
2025-09-01,79828.9921875,80406.84375,79818.3828125,80364.4921875,6000,0.006928034289430036,43.484407893753655,-304.3758281018527,-250.59563807892937,-53.78019002292331,3.069055731824428,0.6345068288873278,657.3912080216902
2025-09-02,80520.09375,80761.140625,80008.5,80157.8828125,8200,-0.0025742142064963313,41.953910848715665,-331.50905723271717,-266.77832190968695,-64.73073532303022,3.1422338609923726,-0.5535641903974695,664.1947378058552
2025-09-03,80295.9921875,80671.28125,80004.6015625,80567.7109375,17100,0.005099735563552274,46.01296486353003,-316.2965623097989,-276.6819699897094,-39.614592320089514,3.139237025811529,0.4139275002249236,664.3722342125799
2025-09-04,81456.671875,81456.671875,80608.9375,80718.0078125,17000,0.0018637349874449044,47.46388235677836,-288.7839274008438,-279.1023614719363,-9.681565928907503,3.1390824925795267,0.22113455402737076,680.4142844473956
2025-09-05,81012.421875,81036.5625,80321.1875,80710.7578125,8200,-8.982290085416112e-05,47.397708975174616,-264.5158068607707,-276.1850505497032,11.66924368893251,3.129811316461611,0.140328599815829,682.9114784154389
2025-09-08,80904.3984375,81171.3828125,80733.0703125,80787.296875,8700,0.0009478636554306007,48.218484954486335,-236.38221675829845,-268.22448379142224,31.84226703312379,3.125153066440139,-0.598536581614605,667.0338728143361
2025-09-09,81129.6875,81181.3671875,80927.96875,81101.3203125,6300,0.0038795047707216243,51.55816004315457,-186.5961130682408,-251.898809646786,65.30269657854518,2.958327120175528,-0.6651654918883168,647.5364756490263
2025-09-10,81504.359375,81643.8828125,81235.421875,81425.1484375,11800,0.003984933112922656,54.79591747140864,-119.63101202255348,-225.4452501219395,105.81423809938602,3.009016002333315,-0.5285935869768131,640.0383345312387
2025-09-11,81217.296875,81642.21875,81216.90625,81548.7265625,13500,0.0015165393678550946,56.00441155457122,-55.94407659333956,-191.5450154162195,135.60093882287995,2.9954804624598297,-0.5511956784673455,624.7007749218645
2025-09-12,81758.953125,81992.8515625,81641.3828125,81904.703125,11100,0.004355700898821191,59.37370311376645,22.9876251143869,-148.6384873100982,171.62611242448511,3.1248011829983624,0.7353028078334035,611.8025052845885
2025-09-15,81925.5078125,81998.5078125,81744.703125,81785.7421875,10500,-0.0014534868937059854,57.781187915098556,75.0769733171328,-103.89539518465202,178.9723685017848,3.1903151972671955,0.1835417090136119,586.2312325856893
2025-09-16,81852.109375,82443.4765625,81779.9375,82380.6875,8200,0.0072481069150848515,63.110268589969685,162.49216309629264,-50.61788352846309,213.11004662475574,3.481119782769275,1.973284727876134,591.7532204367116
2025-09-17,82506.3984375,82741.953125,82490.46875,82693.7109375,14600,0.003792517987677278,65.5725391434892,254.0986154805869,10.325416273346903,243.77319920724,3.832218509510982,3.263139379256028,575.2898207626607
2025-09-18,83108.921875,83141.2109375,82704.921875,83013.9609375,14600,0.0038652452851545573,67.93091900694617,348.5213503630803,77.96460309129358,270.55674727178666,4.25448517824493,4.014943760226359,566.1619764224707
2025-09-19,82946.0390625,82978.6328125,82485.921875,82626.2265625,9700,-0.0046816547245583885,62.360966962124515,387.5971457797132,139.8911116289775,247.70603415073566,4.437467510667008,2.8143453824396754,563.4389111422943
2025-09-22,82151.0703125,82583.15625,81997.2890625,82159.96875,10300,-0.005658957728760457,56.3748416911928,376.600668305211,187.23302296422423,189.36764534098677,4.536796521399551,2.4976781662049965,568.1173817749875
2025-09-23,82147.3671875,82370.3828125,81776.53125,82102.1015625,9300,-0.0007045715396595973,55.66071920132731,359.0772630952124,221.6018709904219,137.4753921047905,4.602666692553891,1.9044734014974012,569.9555375410598
2025-09-24,81917.6484375,82045.46875,81607.84375,81715.6328125,15100,-0.004718286068908717,51.01304856095113,310.4266349324462,239.36682377882676,71.05981115361942,4.573516999526973,1.235938580542504,564.5485571809842
2025-09-25,81574.3125,81840.7265625,81092.890625,81159.6796875,14800,-0.0068267593858310095,45.16993326453048,224.42288340967207,236.37803570499582,-11.955152295323757,4.339788964867851,0.5562107049507515,577.6405129180567
2025-09-26,80956.0078125,81033.09375,80332.40625,80426.4609375,10700,-0.00907533009428286,38.84972741058566,95.99311645128182,208.30105185425305,-112.30793540297122,4.103148868373135,-0.44664935139284545,595.4714361024813
2025-09-29,80588.7734375,80851.3828125,80248.84375,80364.9375,8600,-0.0007652578570782016,38.36465697224488,-10.630287051157211,164.514784073171,-175.1450711243282,4.103003477024152,-0.9079788216302351,595.976266559447
2025-09-30,80541.7734375,80677.8203125,80201.1484375,80267.6171875,7100,-0.0012117135856660303,37.56564143134575,-101.80944250691391,111.24993875715403,-213.05938126406795,4.06198808857137,-1.4215893642349247,587.4545243052008
2025-10-01,80173.2421875,81068.4296875,80159.8984375,80983.3125,22300,0.008876848195789998,46.405642844964,-114.9933776359976,66.00127547852371,-180.99465311452133,3.972724720383881,-0.6933450543420311,610.3885761405436
2025-10-03,80684.140625,81251.9921875,80649.5703125,81207.171875,13600,0.0027604519218879984,48.8453923347216,-106.15447777831287,31.570124827156395,-137.72460260546927,3.890118226850736,-0.8516376024652125,609.8195260590762
2025-10-06,81274.7890625,81846.421875,81155.8828125,81790.1171875,8800,0.007152852679959896,54.63659810604382,-51.516916177250096,14.952716626275098,-66.4696328035252,3.7878584315457013,0.005349343153198979,615.5852072334279
2025-10-07,81883.953125,82309.5625,81787.4765625,81926.75,13900,0.0016691358266129118,55.89687360224055,2.776861187434406,12.517545538506962,-9.740684351072556,3.6960929261093263,-0.5510241705618201,608.9066879667545
2025-10-08,81899.5078125,82257.7421875,81646.078125,81773.65625,15200,-0.0018704143519199482,54.08380494300566,33.070468966747285,16.62813022415503,16.442338742592256,3.6487667627187914,-1.1126053929244732,609.1036432905577
2025-10-09,81900.0,82247.7265625,81667.6796875,82172.1015625,23200,0.004860706398311284,57.910278602990296,88.21271686829277,30.94504755298258,57.267669315310194,3.675739047262885,-1.0141178248726423,607.0281598412322
2025-10-10,82075.453125,82654.109375,82072.9296875,82500.8203125,13700,0.003992389068978242,60.81181749492735,156.63263796643878,56.082565635673824,100.55007233076495,3.7657709265408403,-0.1517753565874637,605.181840388287
2025-10-13,82049.15625,82438.5,82043.140625,82327.046875,9000,-0.0021085451731877544,58.51532227809676,194.5907334083895,83.78419919021697,110.80653421817253,3.812488806907159,0.20335709414446437,594.645972324838
2025-10-14,82404.5390625,82573.3671875,81781.6171875,82029.9765625,12600,-0.003614943003854471,54.71152857941459,198.4145070918894,106.71026077055146,91.70424632133793,3.8220887901346803,-0.08784793400823612,608.7248314444925
2025-10-15,82197.25,82727.0234375,82084.3671875,82605.4296875,10600,0.006990664786018863,60.119598067192086,245.05429978301981,134.37906857304512,110.6752312099747,3.8709184028692216,1.0888943086834766,615.0335488413145
2025-10-16,82794.7890625,83615.4765625,82791.3515625,83467.65625,27400,0.01038379343590606,66.56253740841217,347.58441243525886,177.02013734548785,170.564275089771,4.161313900091034,2.8437477468944086,643.2487864240777
2025-10-17,83331.78125,84172.2421875,83206.078125,83952.1875,14300,0.005788233843055442,69.5405819878099,462.6052623771975,234.13716235182977,228.46810002536773,4.576400029253006,4.383789267116787,666.3141632866436
2025-10-20,84269.296875,84656.5625,84196.7890625,84363.3671875,10900,0.004885828956371909,71.83319138016262,580.2501168915187,303.35975325976756,276.89036363175114,5.235318155873105,4.975341003033817,669.0327944804548
2025-10-21,84484.671875,84665.4375,84286.3984375,84426.34375,3400,0.000746213321564486,72.17858920469261,670.8332458769,376.85445178319407,293.978794093706,5.846198863208019,5.1810763894803085,648.3189564818509
2025-10-23,85154.1484375,85290.0625,84445.25,84556.3984375,25700,0.001539266217308168,72.91718610723572,744.532843419569,450.39013011046904,294.1427133090999,6.402385925015077,4.412126186490581,663.7046560188617
2025-10-24,84667.2265625,84707.4375,83957.1484375,84211.8828125,13600,-0.004082711526072234,67.78360318949095,766.307260657617,513.5735562198986,252.73370443771842,6.707795236800998,3.700056125738586,669.8892564818001
2025-10-27,84297.390625,84932.078125,84294.203125,84778.84375,12000,0.006709990261207591,71.3574157975188,819.8617961215205,574.831204200223,245.0305919212974,7.03581001912166,3.654141435753766,673.4825461973858
2025-10-28,84625.7109375,84986.9375,84219.390625,84628.15625,12900,-0.0017790001563315922,69.16143969733884,840.4566681103752,627.9562969822535,212.50037112812163,6.958650762557045,3.297343358548948,680.2014268261439
2025-10-29,84663.6796875,85105.828125,84638.6796875,84997.1328125,13600,0.004350496868738856,71.47618071703255,876.4484255875577,677.6547227033144,198.79370288424332,6.820651778079599,3.9419499021116597,665.7350302671337
2025-10-30,84750.8984375,84906.953125,84312.6484375,84404.4609375,14200,-0.006997269388879489,63.2622142923604,847.3804116384854,711.5998604903486,135.78055114813674,6.280089105817602,2.7166876988074478,667.0742691766242
2025-10-31,84379.7890625,84712.7890625,83905.65625,83938.7109375,13300,-0.005533354078734306,57.65494544826445,777.7957236540096,724.8390331230809,52.95669053092877,5.836635258187614,1.7428803974960476,677.0784508425796
2025-11-03,83835.1015625,84127.0,83609.5390625,83978.4921875,1300,0.00047381983506059223,57.9973925436311,717.5874698353582,723.3887204655364,-5.801250630178174,5.384220810380721,2.005957185622662,665.6771998895382
2025-11-04,84000.640625,84068.0078125,83412.7734375,83459.1484375,9500,-0.006203448800912769,52.07641961452781,620.8089949650748,702.8727753654441,-82.0637804003693,5.064136534856158,1.7422556178729252,664.9312838259997
2025-11-06,83516.6875,83846.3515625,83237.6484375,83311.0078125,17900,-0.0017765848194330645,50.492916190202656,526.0931714061298,667.5168545735812,-141.42368316745137,4.7562231660718295,0.854154657471347,660.9149867669996
2025-11-07,83150.1484375,83390.109375,82670.953125,83216.28125,15900,-0.0011376702671409332,49.457319270057596,438.3337186587596,621.6802273906169,-183.34650873185728,4.340429499787564,-0.30116456037424677,665.0750769979282
2025-11-10,83198.203125,83754.4921875,83197.671875,83535.3515625,11900,0.0038268974824521847,52.957196387165524,390.0339590286603,575.3509737182255,-185.3170146895652,4.021801799849599,-0.496515873990776,657.3425938195048
2025-11-11,83671.5234375,83936.46875,83124.03125,83871.3203125,16500,0.004013808975395348,56.38215916631343,374.5483614947734,535.1904512735351,-160.64208977876172,3.7854046623345803,-0.5832470791574875,668.4208014038259
2025-11-12,84238.859375,84652.0078125,84166.75,84466.5078125,9100,0.007071375302758263,61.70178185529977,405.62675816773844,509.27771265237584,-103.6509544846374,3.4724566384819626,0.04757290285948217,676.4398513035527
2025-11-13,84525.890625,84919.4296875,84253.046875,84478.671875,25600,0.00014400011345119763,61.804309400121745,426.32375475573645,492.686921073048,-66.36316631731154,2.836487923675028,-0.09192274498002859,675.7214913890132
2025-11-14,84060.140625,84697.8671875,84029.3203125,84562.78125,8800,0.0009951332100637518,62.550851632775796,444.3905397776107,483.02764481396053,-38.63710503634985,2.413919870640823,0.4166851824003089,675.209018789798
2025-11-17,84700.5,84988.09375,84581.078125,84950.953125,10500,0.004579836022370191,65.86661630550309,484.44642644970736,483.3114011411099,1.1350253085974487,2.440755489745928,0.20300981634937668,657.3592674476696
2025-11-18,85042.3671875,85042.40625,84558.359375,84673.0234375,10700,-0.003277012387656856,61.65720697836221,488.1374574440706,484.2766124017021,3.86084504236851,2.469567096061156,0.05301685572288478,644.9798108442646
2025-11-19,84643.78125,85236.7734375,84525.9765625,85186.46875,8900,0.006045548231634952,65.98238161872588,526.4250712437351,492.7063041701087,33.71876707362645,2.6543494564949333,0.22275567567398644,649.6810297125314
2025-11-20,85470.921875,85801.703125,85201.21875,85632.6796875,24300,0.005224378607348983,69.23076515583854,586.018517853212,511.36874690672937,74.64977094648259,2.997165630616342,1.4551585737979822,647.220554375922
2025-11-21,85347.3984375,85609.3984375,85187.84375,85231.921875,14200,-0.004690948783125177,63.377169688390985,594.0609822298429,527.9071939713522,66.15378825849075,3.1286716619567887,1.5406609454163682,632.7645103133561
2025-11-24,85320.0390625,85473.46875,84710.109375,84900.7109375,9600,-0.0038935664540130973,58.941567287254436,567.1707472573617,535.7599046285541,31.410842628807586,3.167543273649618,1.0981606432524995,642.0927149338306
2025-11-25,85008.9296875,85110.2421875,84536.7265625,84587.0078125,6200,-0.0037017842418525623,55.01426827124355,514.6146643329557,531.5308565694344,-16.91619223647865,3.1489683995504585,1.3513909452893822,637.1943513671284
2025-11-26,84503.4375,85644.1875,84478.1328125,85609.5078125,13800,0.012015666692996734,63.54137549093737,549.1406430750067,535.0528138705488,14.087829204457876,3.381109304765028,2.758939137038182,674.9700896623335
2025-11-27,85745.046875,86055.859375,85473.8515625,85720.3828125,15800,0.0012942868879852942,64.33091506373978,578.7776276384247,543.797776624124,34.97985101430072,3.587022913324595,3.0091486003527708,668.3299270078811
2025-11-28,85791.546875,85969.890625,85577.8203125,85706.671875,6400,-0.00015996235313305417,64.14591969320449,594.3079808987823,553.8998174790557,40.40816341972652,3.796408637726666,2.599283144065597,648.5970974001754
2025-12-01,86065.921875,86159.0234375,85489.6484375,85641.8984375,8500,-0.0007560429651353512,63.22097283077001,594.5357842406811,562.0270108313808,32.50877340930026,3.8900618840538628,2.1110650439302994,650.0812333001629
2025-12-02,85325.5078125,85553.5078125,85053.0,85138.2734375,5800,-0.00589795002999446,56.410143885463434,547.7637123946915,559.174351144043,-11.410638749351506,3.85174811340478,0.7953041298821011,645.7110336001513
2025-12-03,85150.640625,85269.6796875,84763.640625,85106.8125,17400,-0.0003695958410180646,56.00425339767172,502.3669008356519,547.8128610823649,-45.44596024671296,3.626057476808156,0.7435493611090818,635.7344642358547
2025-12-04,84987.5625,85487.2109375,84949.9765625,85265.3203125,17900,0.0018607251739683305,57.657332281941095,473.71911726846884,532.9941123195856,-59.274995051116775,3.2842962822530493,0.8307899197674509,628.6987435761508
2025-12-05,85125.4765625,85796.71875,85078.1171875,85712.3671875,7900,0.005229312669632264,61.994591381975425,481.53762310878665,522.7028144774258,-41.16519136863917,2.8538905760041984,0.8962984339676884,635.120373499283
2025-12-08,85624.84375,85722.96875,84875.59375,85102.6875,10700,-0.007138507523621983,53.88760605357867,433.54020819040306,504.87029322002127,-71.3300850296182,2.374511813141628,0.5074391406575312,650.2814182493341
2025-12-09,84742.8671875,84947.890625,84382.9609375,84666.28125,8500,-0.005141189399500719,48.95293467185955,356.18173259122705,475.13258109426243,-118.95084850303539,2.044193848653646,-0.6106456901349135,655.2417856958102
2025-12-10,84607.4921875,85020.34375,84313.6171875,84391.2734375,8800,-0.003253425208745814,46.08873750323859,269.5762440723047,434.0213136898709,-164.44506961756622,2.0719877636495014,-1.4496874960941004,658.9192697532524
2025-12-11,84456.75,84906.9296875,84150.1875,84818.1328125,15800,0.005045349309529013,50.891643177226015,232.70230726606678,393.7575124051101,-161.05520513904332,1.9841007612766581,-0.4854860167377869,665.9066210208772
2025-12-12,85051.03125,85320.8203125,84956.7421875,85267.65625,8200,0.005285855880469082,55.398051934659186,237.02001210713934,362.410012345516,-125.39000023837667,1.8898761829215758,0.43220522943574435,654.2481123765289
2025-12-15,84891.75,85278.6328125,84840.3203125,85213.359375,10600,-0.0006369844364998625,54.744585136430395,233.3703718873876,336.6020842538903,-103.23171236650273,1.8757680933181091,0.7404819944552286,638.8241400639197
2025-12-16,85025.609375,85059.9609375,84620.609375,84679.859375,9600,-0.006280436117853136,48.66977580547179,185.29307118088764,306.3402816392898,-121.04721045840216,1.8737408638280901,-1.0859172786463098,635.533130059354
2025-12-17,84856.2578125,84889.453125,84415.9765625,84559.6484375,11200,-0.0014206015991224386,47.39361454125475,135.9245918959641,272.2571436906247,-136.33255179466056,1.9786290331819045,-1.3540937836674456,623.9576609479716
2025-12-18,84518.328125,84780.1875,84238.4296875,84481.8125,15000,-0.0009209094924903324,46.54263707751277,89.48745109555603,235.70320517161096,-146.21575407605494,2.0191448065834066,-1.42912955106507,618.086243201688
2025-12-19,84756.7890625,85067.5,84734.9609375,84929.359375,8100,0.005283570276902888,51.89151802679342,87.787020826363,206.11996830256138,-118.33294747619837,2.0198142622824924,-0.831998210572129,615.7720472587104
2025-12-22,85145.8984375,85601.328125,85145.859375,85567.4765625,6100,0.007485419462994061,58.298502203873035,136.35828818437585,192.1676322789243,-55.809344094548436,2.070336150805166,0.5041247698252631,619.7860974545167
2025-12-23,85690.1015625,85704.9296875,85342.9921875,85524.84375,6100,-0.000498360339078864,57.74518269472805,169.45785120635992,187.6256760644114,-18.16782485805149,2.030935568082557,0.49118423980453974,601.3683404934798
2025-12-24,85533.109375,85738.1796875,85342.1875,85408.703125,8400,-0.0013588981799702426,56.18084079228173,184.1946344719472,186.9394677459186,-2.7448332739713805,1.991631835952219,0.1681607621650838,586.6986152796599
2025-12-26,85225.28125,85378.5078125,84937.8203125,85041.453125,4800,-0.0043091842961066355,51.435762024192556,164.34516683703987,182.42060756414287,-18.075440727103,1.894925186284878,-0.7827505930764258,578.4260579382556
2025-12-29,85004.75,85250.0,84637.859375,84695.5390625,53300,-0.004075888666663173,47.37682562049178,119.3264260480355,169.80177126092138,-50.475345212885884,1.826868484466457,-0.4784201879640993,580.8342412998087
2025-12-30,84600.9921875,84806.9921875,84470.9375,84675.078125,6900,-0.00024161141925678326,47.13986433831319,81.0632759877044,152.054072206278,-70.99079621857359,1.755012022087456,0.010390057139777826,563.3499874569652
2025-12-31,84793.578125,85437.171875,84705.5703125,85220.6015625,11600,0.006421885633728919,53.77782105076199,93.67876567276835,140.37901089957606,-46.70024522680771,1.7634780606553557,0.9827178702478031,577.5459704957534
2026-01-01,85255.546875,85451.703125,85101.5234375,85188.6015625,20600,-0.00037556657491860597,53.354569062692214,99.94242550384661,132.29169382043017,-32.34926831658356,1.7700154225504785,0.4367801291015952,561.3055217103425
2026-01-02,85259.359375,85812.2734375,85068.8828125,85762.0078125,17900,0.006708468633576849,59.504862173664925,149.45271539423265,135.72389813519067,13.728817259041989,1.9129419190237786,0.5797644549424331,574.3116005167466
2026-01-05,85640.046875,85883.5,85315.328125,85439.6171875,12600,-0.0037662143227387567,55.10553189170009,160.82189305315842,140.7434971187842,20.078395934374214,1.8265051427701728,0.2655191793393605,573.8730486941218
2026-01-06,85331.140625,85397.78125,84900.1015625,85063.34375,23300,-0.004413695178901375,50.420158950480804,137.88052562861412,140.1709028207502,-2.290377192136077,1.8253004758035745,0.45286373623007686,571.4189470016846
2026-01-07,84620.3984375,85075.9921875,84617.4921875,84961.140625,19200,-0.0012022167005583673,49.196587752712915,110.18227592988114,134.1731774425764,-23.990901512695245,1.7846145555990016,0.4748035202591366,563.3533079301358
2026-01-08,84778.0234375,84965.2734375,84110.1015625,84180.9609375,26300,-0.009225204290888349,41.0142884199407,24.989173306297744,112.33637661532066,-87.34720330902292,1.8804543884485265,-0.3561140008685301,584.197491292269
2026-01-09,84022.09375,84406.21875,83402.28125,83576.2421875,12500,-0.007209483205538111,36.01440270757289,-90.28200878690404,71.81269953487572,-162.09470832177976,2.39972027701504,-1.5932266503099357,614.1789204856783
2026-01-12,83435.3125,83962.328125,82861.0703125,83878.171875,9300,0.00360611592573705,39.95054706464324,-155.47977457173693,26.354204713553187,-181.83397928529013,2.625142307900782,-1.9742368892532458,648.9702699152728
2026-01-13,84079.3203125,84258.03125,83262.7890625,83627.6875,14200,-0.0029907558176398403,37.869245786091895,-224.7704554621596,-23.87072732158937,-200.89972814057023,2.9092318906829457,-2.218251641061899,673.7039783141819
2026-01-14,83358.5390625,83809.9765625,83185.203125,83382.7109375,14100,-0.002933670483868784,35.89941822142484,-296.0388291744748,-78.30434769216646,-217.73448148230835,3.2665680202281435,-2.372114448962955,670.2089396845975
2026-01-16,83670.7890625,84134.96875,83456.5,83570.3515625,22800,0.0022478258403672703,38.53662961877517,-333.5337293288467,-129.3502240195025,-204.18350530934418,3.486779063176852,-1.729864093852759,676.0695734571262
2026-01-19,83494.4921875,83539.9296875,82898.3125,83246.1796875,14200,-0.0038865726392247214,35.79658452988565,-384.96898609562777,-180.47397643472755,-204.49500966090022,3.7975130832353488,-1.7112582209677696,675.7816798173316
2026-01-20,83207.3828125,83254.28125,82010.578125,82180.46875,13000,-0.012884570786390506,28.597717846891328,-505.8941311568342,-245.55800737914888,-260.3361237776853,4.557447291516668,-2.946096337008842,716.3474973303793
2026-01-21,81794.6484375,82407.046875,81124.453125,81909.6328125,13200,-0.003301066680604524,27.10582796507647,-616.4760246531368,-319.7416108339465,-296.73441381919037,5.143294840225273,-3.885174112003617,756.7936582353522
2026-01-22,82459.65625,82783.1796875,81874.390625,82307.3671875,26500,0.004844019227245612,32.661544305716774,-664.3607942054805,-388.6654475082533,-275.6953466972272,5.380870571447623,-3.3821829706714173,767.6504728256841
2026-01-23,82335.9375,82516.2734375,81471.8203125,81537.703125,19700,-0.00939509162405351,28.18486503577597,-755.7039913566841,-462.07315627793946,-293.63083507874467,5.858394235881756,-4.925613095177908,787.4220908381352
2026-01-27,81436.7890625,82084.921875,81088.59375,81857.4765625,27000,0.003914116026723244,32.33452274585345,-793.1481708471401,-528.2881591917796,-264.8600116553605,6.137205021060927,-4.192599104393079,802.3439504211256
2026-01-28,81892.359375,82503.96875,81814.75,82344.6796875,33200,0.0059342041037093105,38.19425167524715,-774.5808465636364,-577.5466966661511,-197.03414989748535,6.247280963530409,-3.1960465491341563,794.2635789624737
2026-01-29,82368.9609375,82689.9609375,81707.9375,82566.3671875,23500,0.002688572266545103,40.71022483688989,-733.522192534525,-608.741795839826,-124.780396694699,6.263670021094839,-2.8186691231818664,807.6749974294398
2026-01-30,81947.3125,82430.8203125,81941.03125,82269.78125,13900,-0.003598558451743056,38.45483254242358,-716.6537812007737,-630.3241929120155,-86.32958828875815,6.149821433747023,-2.2703229640238387,794.6507788630513
2026-02-02,80555.6796875,81732.25,80387.25,81666.4609375,12300,-0.0073604595085925055,34.29281588014442,-743.3989108543901,-652.9391365004905,-90.45977435389966,6.114459425491877,-2.2850767155999683,872.3565268014047
2026-02-03,85323.203125,85871.7265625,83501.21875,83739.1328125,19800,0.025063002082470063,53.08050945495917,-590.5399436501903,-640.4592979304305,49.91935428024021,5.504159478291122,-0.1657631054563324,1110.4214623870187
2026-02-04,83252.0625,83947.53125,83119.953125,83817.6875,19900,0.0009376484121485345,53.621763404563175,-457.7823738332372,-603.9239131109919,146.14153927775465,4.970022286117333,0.22719748169528184,1090.2183668593746
2026-02-05,83757.5390625,83784.171875,83151.6171875,83313.9296875,25000,-0.006028294903587847,49.66506311429446,-388.7389480640122,-560.8869201015959,172.1479720375837,4.481922115044376,-0.0824886229131545,1059.9220772622764
2026-02-06,83249.3203125,83612.1171875,82925.3515625,83580.3984375,16100,0.0031932658158523256,51.69549700764919,-308.95825610162865,-510.5011873016025,201.54293119997385,3.989656558574945,0.012022056641087856,1033.2680449578281
2026-02-09,84177.5078125,84314.6796875,83860.421875,84065.75,14600,0.005790206611176393,55.23734557616358,-204.2136205914867,-449.2436739595793,245.03005336809264,3.94946218272381,0.984514022837572,1011.9118453179833
2026-02-10,84210.0,84482.953125,84063.46875,84273.921875,45500,0.002473237339662929,56.70371471784009,-103.21521105400461,-380.0379813784644,276.8227703244598,4.145367307742171,2.5473852325769317,969.5955974381274
2026-02-11,84339.1484375,84487.34375,84081.25,84233.640625,23900,-0.0004780942786146522,56.31925578485807,-26.122480378719047,-309.2548811785153,283.13240079979624,4.251745854852924,2.8372826646896403,929.3454654782611
2026-02-12,83968.4296875,84061.6171875,83516.671875,83674.921875,36800,-0.006655060394889604,51.13992636608535,-9.99465742369648,-249.40283642755153,239.40817900385505,4.260336403166384,1.6615216039952376,914.1757000869567
2026-02-13,82902.7265625,83079.703125,82534.546875,82626.7578125,30200,-0.012605740895496065,43.127071162041766,-80.85922667632985,-215.6941144773072,134.83488780097736,4.252633453104568,1.335645530547314,930.3327929378884
2026-02-16,82480.3984375,83333.4921875,82276.953125,83277.1484375,33800,0.00784061052695029,48.517423578955416,-83.5754151030269,-189.27037460245117,105.69495949942427,4.213747667943984,1.7343215728328114,939.3475264780392
2026-02-17,83197.671875,83598.0,82987.4296875,83450.9609375,13400,0.002084982113901586,49.88444563491472,-70.88567196036456,-165.59343407403384,94.70776211366928,4.236846945044549,1.343476292819844,915.8634397653221
2026-02-18,83553.59375,83770.046875,83163.6171875,83734.25,20800,0.0033889281478750592,52.116155557764934,-37.53719389176695,-139.98218603758048,102.44499214581353,4.225974934458651,1.4144776526837548,893.7610288892276
2026-02-19,83969.8203125,83979.359375,82264.203125,82498.140625,13400,-0.014872338110374651,43.0977187798818,-109.58871028940484,-133.90349088794534,24.314780598540494,4.089270273387935,0.2775738205819041,952.4321161114257
2026-02-20,82272.4921875,83132.078125,82206.2109375,82814.7109375,19600,0.0038299587294948864,45.68974108620625,-139.53698213610915,-135.0301891375781,-4.50679299853104,4.016390479736896,1.406023950124109,950.5346212106095
2026-02-23,82906.828125,83486.1484375,82906.828125,83294.65625,20300,0.005778682517430758,49.44934503238638,-123.12432709138375,-132.64901672833923,9.524689636955486,3.643094753945513,-0.5307871571768314,930.5991125527089
2026-02-24,83052.5390625,83079.5078125,81934.7265625,82225.921875,20200,-0.012913792828047872,42.40918046756667,-194.1174469043035,-144.9427027635321,-49.174744140771395,3.5085129123780194,-1.8990808175183789,961.2655821918012
2026-02-25,82530.1171875,82957.90625,82132.6328125,82276.0703125,19200,0.0006097000818851831,42.820552284277966,-243.52622727733979,-164.65940766629365,-78.86681961104614,3.528083842649691,-1.2457213084209076,951.5518575709583
2026-02-26,82418.78125,82579.15625,81970.46875,82248.609375,122500,-0.0003338215009100007,42.64093396781127,-281.6521986262669,-188.0579658582883,-93.59423276797861,3.6065174433944933,-1.593422725181059,927.0615463158899
2026-02-27,82220.4765625,82246.171875,81159.1484375,81287.1875,15800,-0.011758073399355137,36.81799990442868,-385.00788474149886,-227.4479496349304,-157.55993510656845,4.012220873546175,-3.3052253741862767,938.6615028290406
