date,daily_sentiment_index
2008-01-29,-0.15193040346105893
2008-01-30,0.31661960917214554
2008-01-31,0.0762385070323944
2008-02-01,0.10783487947827036
2008-02-04,0.21655023396015166
2008-02-05,0.04148693054037936
2008-02-06,0.1008156148923768
2008-02-07,-0.09445342740842275
2008-02-08,-0.04843121128422873
2008-02-11,-0.08000219816511328
2008-02-12,-0.06782621672997872
2008-02-13,0.03269929758140019
2008-02-14,0.051953868754208085
2008-02-15,-0.35088727325201036
2008-02-18,0.06306659275044997
2008-02-19,0.1381205770054034
2008-02-20,0.0324010755866766
2008-02-21,-0.09832366609147616
2008-02-22,0.018894589350869257
2008-02-25,-0.3338185250759125
2008-02-26,0.007364936172962189
2008-02-27,0.23896913789212704
2008-02-28,0.08880482640649591
2008-02-29,-0.10006614668028695
2008-03-03,-0.0345805361866951
2008-03-04,-0.02491177208721638
2008-03-05,-0.1128910556435585
2008-03-07,0.19630505796521902
2008-03-10,-0.16134557127952576
2008-03-11,0.09985646386356915
2008-03-12,0.17519390606321394
2008-03-13,0.4156492203474045
2008-03-14,0.19688366893678905
2008-03-17,0.19315502792596817
2008-03-18,0.10931385727599263
2008-03-19,-0.09160257503390312
2008-03-24,0.534772127866745
2008-03-25,0.1164323559829167
2008-03-26,0.18104744831529948
2008-03-27,0.033699984475970265
2008-03-28,-0.05445065274834633
2008-03-31,0.12788723719616732
2008-04-01,-0.00537751770267884
2008-04-02,0.04599681310355663
2008-04-03,-0.08379802497273142
2008-04-04,-0.200576239451766
2008-04-07,-0.01895188121125102
2008-04-08,0.14388249069452286
2008-04-09,-0.137931050998824
2008-04-10,0.3762381821870804
2008-04-11,-0.03564267871635301
2008-04-15,-0.2500334344804287
2008-04-16,-0.037473277344057955
2008-04-17,0.29722808727196287
2008-04-21,-0.4196546534076333
2008-04-22,0.2105422316119075
2008-04-23,-0.010685332796790382
2008-04-24,-0.18094592686328623
2008-04-25,-0.1847677037797191
2008-04-28,0.9203803539276123
2008-04-29,-0.09964988856679863
2008-04-30,0.044240531878489434
2008-05-02,0.18179174831935338
2008-05-05,-0.22082219645380974
2008-05-06,0.1680430918931961
2008-05-07,0.08816011332803303
2008-05-08,-0.15560425563969396
2008-05-09,-0.2085314244031906
2008-05-12,-0.17797054971257845
2008-05-13,-0.010644626670650073
2008-05-14,0.05907429791986942
2008-05-15,0.024371118388242193
2008-05-16,0.2282079201605585
2008-05-20,-0.16497105525599587
2008-05-21,0.023317909613251687
2008-05-22,0.15016181601418388
2008-05-23,0.017254578570524853
2008-05-26,0.3096918137744069
2008-05-27,0.07282260287966993
2008-05-28,0.004299783280917576
2008-05-29,0.27744879126548766
2008-05-30,0.07320751319639385
2008-06-02,0.4238678782712668
2008-06-03,0.13615707787019865
2008-06-04,0.05334314191713929
2008-06-05,-0.03484981618821621
2008-06-06,-0.20571202399830024
2008-06-09,0.2352850122584237
2008-06-10,0.2604015007276427
2008-06-11,-0.05621964463757144
2008-06-12,0.13028238984671506
2008-06-13,0.09312534790772659
2008-06-16,-0.07406966044352604
2008-06-17,0.05785957407206297
2008-06-18,0.12208222123709592
2008-06-19,0.34736647782847285
2008-06-20,0.25379930483177304
2008-06-23,0.12850703778011457
2008-06-24,0.06725916851844106
2008-06-25,-0.04862523581832647
2008-06-26,0.5525834363486085
2008-06-27,-0.048836982576176524
2008-06-30,0.18076018647601208
2008-07-01,0.11903984192758799
2008-07-02,-0.03697866241314581
2008-07-03,0.10853317079062645
2008-07-04,0.1533072952181101
2008-07-07,0.12246653735637665
2008-07-08,0.005817106501622634
2008-07-09,-0.2571123178032311
2008-07-10,0.05988542093998856
2008-07-11,0.17983793309674814
2008-07-14,0.19590863014260929
2008-07-15,-0.04374367209772269
2008-07-16,0.09465680122375489
2008-07-17,0.09424658324569464
2008-07-18,-0.11735225536606529
2008-07-21,-0.006049957126379013
2008-07-22,0.06074400575688252
2008-07-23,0.02530690251539151
2008-07-24,0.11285525921951323
2008-07-25,-0.261445557905568
2008-07-28,0.47549120150506496
2008-07-29,0.3367333070685466
2008-07-30,0.2738850067059199
2008-07-31,0.24343120593291062
2008-08-01,0.06801544201488678
2008-08-04,0.09805093072354794
2008-08-05,-0.02336520312184637
2008-08-06,0.12937605132659277
2008-08-07,-0.1068366626277566
2008-08-08,0.21944712978952072
2008-08-11,0.22418833198025823
2008-08-12,-0.024907567352056504
2008-08-13,-0.19626228846609592
2008-08-14,0.1761693009485801
2008-08-18,0.0010808061131022193
2008-08-19,-0.09881454235629032
2008-08-20,0.058466082283606134
2008-08-21,0.1437396412094434
2008-08-22,0.4055455394766547
2008-08-25,0.1312367208302021
2008-08-26,-0.05459838041237423
2008-08-27,-0.07620061561465263
2008-08-28,0.1519943829625845
2008-08-29,-0.0022681030360135164
2008-09-01,0.22231548326089978
2008-09-02,0.06234016306698322
2008-09-04,-0.22211504355072975
2008-09-05,0.09507582392543554
2008-09-08,0.13917588256299496
2008-09-09,0.15154475097854933
2008-09-10,-0.027474221256044176
2008-09-11,0.0003955582013496986
2008-09-12,-0.13377883877943864
2008-09-15,-0.3242977491269509
2008-09-16,0.0531683588694585
2008-09-17,0.003176156137334673
2008-09-18,0.03468007025205427
2008-09-19,-0.10047112721949816
2008-09-22,0.05658937897533178
2008-09-23,-0.12968930095020267
2008-09-24,0.030401058960705996
2008-09-25,0.03642230401081698
2008-09-26,-0.24177009146660566
2008-09-29,0.03854790309237109
2008-09-30,0.02971410977521113
2008-10-01,-0.05118206110509003
2008-10-03,-0.24451817427244452
2008-10-06,-0.024018391120162876
2008-10-07,-0.2385855269702998
2008-10-08,-0.15351207797917035
2008-10-10,-0.350139606744051
2008-10-13,0.07526005543768406
2008-10-14,0.06965942651425537
2008-10-15,0.030832680666612253
2008-10-16,-0.11587644729982405
2008-10-17,0.11150941340362325
2008-10-20,-0.1986336186528206
2008-10-21,0.0735594573120276
2008-10-22,0.0066142020126183825
2008-10-23,0.009390994476584287
2008-10-24,-0.040933922631666064
2008-10-27,-0.19785196251339382
2008-10-29,0.1723347157239914
2008-10-31,0.2951156919201215
2008-11-03,0.2959973677061498
2008-11-04,0.11338315021834876
2008-11-05,-0.13946218474915154
2008-11-06,-0.03348245744903882
2008-11-07,-0.1302598465785936
2008-11-10,-0.0027332156896591187
2008-11-11,-0.1129828467965126
2008-11-12,0.01098693534731865
2008-11-14,0.19681971546794688
2008-11-17,0.19965000450611115
2008-11-18,0.1259246011161142
2008-11-19,0.05540285371243954
2008-11-20,-0.17835328277004392
2008-11-21,-0.1566762363209444
2008-11-24,0.0381359338760376
2008-11-25,0.19122758181765676
2008-11-26,-0.05911765763392815
2008-11-28,-0.06052337633445859
2008-12-01,0.36273238696157933
2008-12-02,-0.3031314881518483
2008-12-03,0.16389292230208716
2008-12-04,0.061512294535835586
2008-12-05,0.07481261591116588
2008-12-08,0.05099299631547183
2008-12-10,0.1405919093106474
2008-12-11,-0.15601104941396488
2008-12-12,-0.16136273658937877
2008-12-15,-0.046846651973632664
2008-12-16,-0.023263121462043596
2008-12-17,-0.03293493501842022
2008-12-18,-0.10836205931587352
2008-12-19,-0.14925017580389977
2008-12-22,-0.17606129210728866
2008-12-23,-0.22372429896342128
2008-12-24,0.03323283512145281
2008-12-26,-0.14098234339193863
2008-12-29,-0.04008214404949775
2008-12-30,0.07368465805692333
2008-12-31,-0.26233329795874083
2009-01-02,-0.10671301977708936
2009-01-05,-0.29196906089782715
2009-01-06,-0.07989333537133302
2009-01-07,-0.19403840278585752
2009-01-09,-0.016462190363269586
2009-01-12,-0.1442211328074336
2009-01-13,-0.20660813115537166
2009-01-14,0.11580360255071095
2009-01-15,0.06298562263449033
2009-01-16,0.07451385494909789
2009-01-19,0.2991605465385047
2009-01-20,0.07289596443826502
2009-01-21,0.19085140130482614
2009-01-22,-0.08534769690595567
2009-01-23,0.32886994581081364
2009-01-27,-0.002703813835978508
2009-01-28,0.2107858581778904
2009-01-29,0.06177337036321038
2009-01-30,0.03234568331390619
2009-02-02,-0.0889273252338171
2009-02-03,0.303779164819341
2009-02-04,-0.049697749433107674
2009-02-05,-0.10551650459436994
2009-02-06,-0.07567202551290393
2009-02-09,0.03283806065363543
2009-02-10,-0.2501337823310965
2009-02-11,-0.07610285663130609
2009-02-12,-0.049301428003953054
2009-02-13,0.03948211899170509
2009-02-16,-0.016807424525419872
2009-02-17,-0.30970326472412457
2009-02-18,-0.051317675837448666
2009-02-19,0.03368471215733073
2009-02-20,-0.19658326437430723
2009-02-24,0.2866452272449221
2009-02-25,-0.047638722640626574
2009-02-26,-0.10545474762717882
2009-02-27,-0.019400489075403465
2009-03-02,-0.353392256423831
2009-03-03,0.17106817701929494
2009-03-04,-0.044569565604130425
2009-03-05,0.09228580464657984
2009-03-06,-0.022751765558496118
2009-03-09,0.11138178408145905
2009-03-12,-0.05639327276084158
2009-03-13,0.11220127464655567
2009-03-16,-0.2196066939892868
2009-03-17,-0.050251415827208094
2009-03-18,0.0433398583217671
2009-03-19,0.021579958498477936
2009-03-20,0.27403946112220484
2009-03-23,0.06633039479228584
2009-03-24,0.14334483382602534
2009-03-25,-0.03147779386490583
2009-03-26,0.3280156346037984
2009-03-27,-0.17545330120871463
2009-03-30,0.06409479890550886
2009-03-31,0.04635233998946522
2009-04-01,-0.2989987636812859
2009-04-02,-0.23302335906773805
2009-04-06,0.19772380652527013
2009-04-08,0.10067825060751703
2009-04-09,-0.35596455819904804
2009-04-13,0.24051413536071778
2009-04-15,0.2256148040294647
2009-04-16,0.22823338790072334
2009-04-17,0.109188123104664
2009-04-20,-0.4278940526502473
2009-04-21,-0.10365671788652737
2009-04-22,0.23755337045128858
2009-04-23,-0.016002219072298
2009-04-24,0.2525168981196152
2009-04-27,-0.08324720477685332
2009-04-28,0.1627220294493086
2009-04-29,0.12506832886073324
2009-05-04,0.2867676956312997
2009-05-05,-0.07789725153461884
2009-05-06,0.14078300260007381
2009-05-07,0.011983380652964115
2009-05-08,0.19095960911363363
2009-05-11,0.20501758996397257
2009-05-12,0.10732229333370924
2009-05-13,-0.01902807354927063
2009-05-14,-0.0036621972918510436
2009-05-15,-0.16005810837333018
2009-05-18,-0.10443480163812638
2009-05-19,0.028103303502906452
2009-05-20,0.13085848053819255
2009-05-21,0.13888724260032176
2009-05-22,-0.012520910455630375
2009-05-25,0.33279667887836695
2009-05-26,0.32082089896385485
2009-05-27,0.10985330604016781
2009-05-28,0.16038781183306128
2009-05-29,0.06859636133802789
2009-06-01,0.34930415265262127
2009-06-02,0.14922736920416355
2009-06-03,0.08760834989302299
2009-06-04,0.09260430052462551
2009-06-05,0.15800523485701817
2009-06-08,-0.22902688290923834
2009-06-09,0.2827838977368978
2009-06-10,0.08642536852704852
2009-06-11,0.1633948915405199
2009-06-12,-0.11306644086208609
2009-06-15,-0.08359108509665186
2009-06-16,0.10233646103491385
2009-06-17,0.10233479551970959
2009-06-18,0.12223321505423103
2009-06-19,0.16505507519468665
2009-06-22,0.19560400769114494
2009-06-23,0.02844696638307401
2009-06-24,0.27429601332793635
2009-06-25,0.22571878488126554
2009-06-26,0.14634372765088782
2009-06-29,-0.24087211396545172
2009-06-30,-0.14932556003332137
2009-07-01,0.06621397632573332
2009-07-02,0.35240303026512265
2009-07-03,0.006777423034821238
2009-07-06,0.0840500220656395
2009-07-07,0.09620070031711034
2009-07-08,0.07193521759472787
2009-07-09,0.09395293903071433
2009-07-10,-0.03602361777111104
2009-07-13,-0.19616079923104157
2009-07-14,0.43737941224347143
2009-07-15,0.4531853535523017
2009-07-16,0.3981638688594103
2009-07-17,0.0960005625254578
2009-07-20,0.40880737151019275
2009-07-21,-0.08473609760403633
2009-07-22,0.09067572051515946
2009-07-23,0.3508637387305498
2009-07-24,0.25222080955772025
2009-07-27,0.24619681228484427
2009-07-28,0.20393439528086912
2009-07-29,0.11706546587603432
2009-07-30,-0.047945781610906124
2009-07-31,0.3641584115102887
2009-08-03,0.5200769687071443
2009-08-04,-0.010687635495112492
2009-08-05,-0.041873871184447235
2009-08-06,-0.010183665404717128
2009-08-07,-0.13540513539000562
2009-08-10,0.16353826709091662
2009-08-11,-0.03348919153213501
2009-08-12,-0.07125058096761887
2009-08-13,-0.030820193079610664
2009-08-14,0.008791847982340388
2009-08-17,-0.07663824409246445
2009-08-18,0.039964953875716996
2009-08-19,-0.09915643657247225
2009-08-20,0.376544491303238
2009-08-21,-0.0579473789781332
2009-08-24,0.11005569029260766
2009-08-25,0.2577497728168964
2009-08-26,0.1003419590415433
2009-08-27,0.09431144050680675
2009-08-28,0.14412779680320195
2009-08-31,0.061029311535613875
2009-09-01,0.08785112295299768
2009-09-02,0.0371709924989513
2009-09-03,0.15708192810416222
2009-09-04,0.3070430261393388
2009-09-07,0.2658943887799978
2009-09-08,0.05772107347313847
2009-09-09,-0.15211275294423104
2009-09-10,0.09719108189973566
2009-09-11,0.0022779453013624463
2009-09-14,0.10473397343109052
2009-09-15,0.2879274463281035
2009-09-16,0.04121550731360912
2009-09-17,0.19455437315627933
2009-09-18,-0.10695505682379007
2009-09-22,-0.02792601256320874
2009-09-23,-0.045899738123019534
2009-09-24,0.004356306667129199
2009-09-25,0.008202825918009407
2009-09-29,-0.03452144230582884
2009-09-30,0.10374669800512493
2009-10-01,-0.10639317880850285
2009-10-05,0.4060817010079821
2009-10-06,-0.07074424015978972
2009-10-07,-0.08432586397975683
2009-10-08,0.10863184789195657
2009-10-09,0.12319263827521354
2009-10-12,0.09112883048752944
2009-10-14,0.1282160697504878
2009-10-15,0.29324400471523404
2009-10-16,-0.2027518415202697
2009-10-20,-0.06539140529930591
2009-10-21,-0.041729232030255456
2009-10-22,0.16928025478353867
2009-10-23,-0.25290913520646946
2009-10-26,0.2715752810239792
2009-10-27,0.08004378681273563
2009-10-28,0.29967755172401667
2009-10-29,0.1187374206403127
2009-10-30,0.24660566688648292
2009-11-03,0.08166489737729231
2009-11-04,0.22329398120443025
2009-11-05,-0.01385728611300389
2009-11-06,-0.06349734854149192
2009-11-09,0.05365804074840112
2009-11-10,0.15836865976452827
2009-11-11,-0.07864313585949796
2009-11-12,-0.09594200703908097
2009-11-13,-0.13302241714999957
2009-11-16,0.34857359528541565
2009-11-17,0.2446097229917844
2009-11-18,0.1272364041822798
2009-11-19,0.3065556538506196
2009-11-20,0.12822756625711917
2009-11-23,0.039901410384724535
2009-11-24,0.1644336021549645
2009-11-25,0.31086674475056286
2009-11-26,0.0702048534527421
2009-11-27,-0.060756676644086835
2009-11-30,0.04808277718257159
2009-12-01,0.17149248160421848
2009-12-02,0.12462756708264351
2009-12-03,0.2968024262472203
2009-12-04,0.2690502442419529
2009-12-07,0.16340861537239768
2009-12-08,0.11725871876946517
2009-12-09,-0.2649031901964918
2009-12-10,0.00023774926861127219
2009-12-11,0.26914816756140103
2009-12-14,0.09002103257392134
2009-12-15,0.05202862061560154
2009-12-16,-0.008827026056892732
2009-12-17,0.13210634794086218
2009-12-18,-0.04930449243296276
2009-12-21,0.154483288154006
2009-12-22,0.08895381496233098
2009-12-23,0.18999897582190378
2009-12-24,-0.09258972770637935
2009-12-29,0.10503216965922288
2009-12-30,0.015979968297940034
2009-12-31,0.32090415582060816
2010-01-04,-0.024975880182215145
2010-01-05,-0.11306105088442564
2010-01-06,0.1272464638043727
2010-01-07,0.15238995367491787
2010-01-08,-0.18737598469382838
2010-01-11,0.07439487474039197
2010-01-12,-0.048098163586109875
2010-01-13,0.04986426257528365
2010-01-14,0.23028122623347574
2010-01-15,0.4759764657355845
2010-01-18,0.2079974187538028
2010-01-19,0.17193489120556757
2010-01-20,0.10588937221715848
2010-01-21,0.18563908172978294
2010-01-22,0.12172295459929634
2010-01-25,-0.35948897898197174
2010-01-27,0.2653384720906615
2010-01-28,-0.2172086241726692
2010-01-29,0.1166639659731161
2010-02-01,0.23827881701290607
2010-02-02,0.055316157905118804
2010-02-03,0.09064004370676619
2010-02-04,-0.12116317823529243
2010-02-05,-0.108412300546964
2010-02-08,0.17279312424361706
2010-02-09,0.14399725422263146
2010-02-10,0.12658158207142894
2010-02-11,0.252808234296166
2010-02-15,0.043637280352413654
2010-02-16,-0.3064491992386488
2010-02-17,0.1774003243772313
2010-02-18,0.07997826845026933
2010-02-19,0.07850018097087741
2010-02-22,0.2322398129850626
2010-02-23,-0.11300584673881531
2010-02-24,-0.03099975786689255
2010-02-25,0.0554317656904459
2010-02-26,-0.07079823625584443
2010-03-02,-0.04263180928925673
2010-03-03,0.08114655571989715
2010-03-04,0.11226373243456085
2010-03-05,0.22610274228182706
2010-03-08,-0.18219347335398198
2010-03-09,0.09139133146142259
2010-03-10,0.20090318178491934
2010-03-11,0.2006915563510524
2010-03-12,0.2712774877436459
2010-03-15,-0.08120062062516809
2010-03-16,-0.06114249598038824
2010-03-17,0.14145951571741275
2010-03-18,0.13068101348148453
2010-03-19,0.19064738750457763
2010-03-22,0.05056279990822077
2010-03-23,-0.004420994056595696
2010-03-25,0.1500642192032602
2010-03-26,0.1477022223174572
2010-03-29,0.28375886008143425
2010-03-30,0.17617287314855135
2010-03-31,0.3520064546781428
2010-04-01,0.1236673225959142
2010-04-05,0.0348033265521129
2010-04-06,0.2270411041510456
2010-04-07,-0.15341405272483827
2010-04-08,0.24135958903322094
2010-04-09,0.22670258569996804
2010-04-12,0.23624320193711254
2010-04-13,-0.04136450302142363
2010-04-15,0.06336726527661085
2010-04-16,0.14358780864212248
2010-04-19,-0.2624406246468425
2010-04-20,0.1526051291730255
2010-04-21,0.2199627413813557
2010-04-22,0.1902095495977185
2010-04-23,0.37745155444876716
2010-04-26,0.3447308681373085
2010-04-27,0.12357039997975032
2010-04-28,0.1468299509336551
2010-04-29,0.08556744630914181
2010-04-30,0.4653427851601289
2010-05-03,0.19365452457633284
2010-05-04,0.1805877150701625
2010-05-05,0.1688000358020266
2010-05-06,0.03455037033806244
2010-05-07,0.0294984049562897
2010-05-10,0.19364976068027318
2010-05-11,-0.16847315670124122
2010-05-12,0.35365744221668977
2010-05-13,0.06701312453619071
2010-05-14,-0.13855832602296556
2010-05-17,0.5431246310472488
2010-05-18,0.17206926470001538
2010-05-19,0.3392331392637321
2010-05-20,-0.05930582620203495
2010-05-21,-0.10953142843209207
2010-05-24,0.18681278079748154
2010-05-25,0.17792982906103133
2010-05-26,0.019358683998386066
2010-05-27,0.09241562113165855
2010-05-28,0.05419890210032463
2010-05-31,-0.05141645297408104
2010-06-01,0.20154884803508008
2010-06-02,-0.08000028086826205
2010-06-03,0.07792025833175732
2010-06-04,0.13096928453216186
2010-06-07,0.19126877064506212
2010-06-08,0.1559582969502491
2010-06-09,0.14835314949353537
2010-06-10,-0.027710811297098795
2010-06-11,0.2655737002690633
2010-06-14,0.15034228350434983
2010-06-15,-0.024392093066126108
2010-06-16,0.24498532557239136
2010-06-17,0.25591763768058556
2010-06-18,-0.0037094176126023135
2010-06-21,0.13230830718847839
2010-06-22,0.1355374376806948
2010-06-23,0.37861677818000317
2010-06-24,0.1143189612776041
2010-06-25,0.10557240736670792
2010-06-28,-0.14633492790162564
2010-06-29,0.011940038896032743
2010-06-30,-0.053434518611301544
2010-07-01,0.16874901639918485
2010-07-02,0.08392465263605117
2010-07-05,0.19615088626742364
2010-07-06,0.040188562280188
2010-07-07,0.2459012529311272
2010-07-08,0.06196411953053691
2010-07-09,0.20489404536783695
2010-07-12,0.023499459197575397
2010-07-13,0.05897594398508469
2010-07-14,-0.06938662904907357
2010-07-15,0.004219267517328262
2010-07-16,0.11662202182092837
2010-07-19,0.16024022073381478
2010-07-20,0.21228404410860754
2010-07-21,0.1977875828742981
2010-07-22,0.36514890912388054
2010-07-23,0.6215298959816044
2010-07-26,0.28806084832724405
2010-07-27,0.49814627890785534
2010-07-28,0.12332389783114195
2010-07-29,0.6427199390124191
2010-07-30,0.22233343933923885
2010-08-02,0.0044056810438632965
2010-08-03,-0.006033124688726205
2010-08-04,0.20208257940762184
2010-08-05,0.24710940406657755
2010-08-06,0.34892863427337845
2010-08-09,-0.14041484287008643
2010-08-10,-0.03797371482307261
2010-08-11,0.15320310778915883
2010-08-12,0.12263880340525737
2010-08-13,0.13107180584441214
2010-08-16,0.05979149043560028
2010-08-17,0.19692707539070398
2010-08-18,0.07951067729542653
2010-08-19,0.1800928239456632
2010-08-20,-0.07623677901350535
2010-08-23,0.30157501716166735
2010-08-24,0.06370595338133474
2010-08-25,0.00765214700784002
2010-08-26,-0.002893651369959116
2010-08-27,0.021044897359041942
2010-08-30,0.026670644680658977
2010-08-31,0.31219787259275716
2010-09-01,-0.03153644015805589
2010-09-02,0.13124538736329192
2010-09-03,0.05542346574366093
2010-09-06,-0.009218093380331993
2010-09-07,0.16161712035536765
2010-09-08,0.2756719063036144
2010-09-09,0.30704906503004686
2010-09-13,0.22949415296316147
2010-09-14,0.3150204542492117
2010-09-15,-0.08964561820030212
2010-09-16,0.26592871251826483
2010-09-17,0.3552475782732169
2010-09-20,0.22407914432031767
2010-09-21,0.1518434194315757
2010-09-22,0.1078933642174189
2010-09-23,0.2965499675936169
2010-09-24,0.13372992848356566
2010-09-27,0.14542043457428613
2010-09-28,0.09178560212827645
2010-09-29,0.3483738111598151
2010-09-30,0.30304845030370514
2010-10-01,0.3006515314125202
2010-10-04,-0.029260696843266487
2010-10-05,0.1800976216327399
2010-10-06,0.2521627907951673
2010-10-07,0.3552600956754759
2010-10-08,0.047420793043618854
2010-10-11,0.46259245048794484
2010-10-12,0.15424195677042007
2010-10-13,0.16459311793247858
2010-10-14,0.05012493915855885
2010-10-15,0.31997154236716385
2010-10-18,0.4450171086937189
2010-10-19,-0.05500750086055352
2010-10-20,0.2873133746907115
2010-10-21,0.20809517279267312
2010-10-22,0.1803373866959622
2010-10-25,0.3253358509391546
2010-10-26,0.10840894132852555
2010-10-27,-0.09413746724787511
2010-10-28,0.1713266970279316
2010-10-29,0.23805328854359686
2010-11-01,0.18502787287746156
2010-11-02,0.12334499521939843
2010-11-03,0.16018144763074815
2010-11-04,0.24674416572919913
2010-11-08,0.1937656155122178
2010-11-09,-0.09682811965190229
2010-11-10,0.16469260077509615
2010-11-11,0.27132865332532674
2010-11-12,0.02650732221081853
2010-11-15,0.22736726701259613
2010-11-16,0.12193495016545057
2010-11-18,0.27822814012567204
2010-11-19,0.004296978219197347
2010-11-22,0.07048788170019786
2010-11-23,0.09366615116596222
2010-11-24,0.06994394370569633
2010-11-25,0.07085195038881567
2010-11-26,0.19736093726868814
2010-11-29,-0.0488156408071518
2010-11-30,0.016214795410633087
2010-12-01,-0.001788756881768887
2010-12-02,0.16378510929644108
2010-12-03,0.08497720934888896
2010-12-06,0.12075640857219697
2010-12-07,0.15472307726740836
2010-12-08,-0.09387928247451782
2010-12-09,0.3757405272470071
2010-12-10,0.28815973550081253
2010-12-13,-0.021071594829360645
2010-12-14,0.32533860071138904
2010-12-15,0.06785581956307093
2010-12-16,0.027030066627523174
2010-12-20,0.07419930398464203
2010-12-21,-0.09616288444136872
2010-12-22,0.07254812107063256
2010-12-23,0.09017546164492767
2010-12-24,-0.025452225282788277
2010-12-27,0.2891599997878075
2010-12-28,0.1975556526046533
2010-12-29,0.09705071074559408
2010-12-30,0.1419554598008593
2010-12-31,-0.12552156453223332
2011-01-03,0.03206892136950046
2011-01-04,0.07905469958980878
2011-01-05,-0.10337550279994806
2011-01-06,-0.06778049021959305
2011-01-07,-0.0633856593631208
2011-01-10,0.1034314502030611
2011-01-11,0.08155434392392635
2011-01-12,-0.07211707598928895
2011-01-13,0.10304735240060836
2011-01-14,0.017309062058726947
2011-01-17,0.8072591423988342
2011-01-18,-0.04922143543759982
2011-01-19,0.13138545523671544
2011-01-20,-0.061397673562169075
2011-01-21,0.19256215542554855
2011-01-24,0.17118045247413896
2011-01-25,0.17069811267512186
2011-01-27,0.29629739274581274
2011-01-28,0.2132992182412873
2011-01-31,0.22818954201305613
2011-02-01,0.15347287236996318
2011-02-02,0.010151197823385397
2011-02-03,0.28087261443336803
2011-02-04,0.09083794678250949
2011-02-07,-0.0671880379319191
2011-02-08,-0.03612788828710715
2011-02-09,0.07128472176070015
2011-02-10,0.15716990070151432
2011-02-11,0.034795616287738085
2011-02-14,-0.1431354582309723
2011-02-15,-0.0054658758143583935
2011-02-16,0.44758359640836715
2011-02-17,0.08925714803969159
2011-02-18,0.24296831815607017
2011-02-21,0.21021125884726644
2011-02-22,0.09478387631037656
2011-02-23,0.013238802113953759
2011-02-24,0.29140547569841146
2011-02-25,0.346602602628991
2011-02-28,0.02260266350848334
2011-03-01,0.06470677096928869
2011-03-03,0.1622452578196923
2011-03-04,0.33292748034000397
2011-03-07,0.3081090286374092
2011-03-08,-0.07231934703886508
2011-03-09,0.045020189881324765
2011-03-10,0.09796108692311324
2011-03-11,0.1788655472072688
2011-03-14,0.03700869530439377
2011-03-15,0.3260893954967077
2011-03-16,-0.11655730411018196
2011-03-17,0.05960137364180649
2011-03-18,0.20019280165433884
2011-03-21,0.12907751310955395
2011-03-22,0.21078154165297747
2011-03-23,-0.10448923621040124
2011-03-24,0.12252240208908916
2011-03-25,-0.20463286942014328
2011-03-28,-0.2684795254220565
2011-03-29,-0.1764470421924041
2011-03-30,0.11267633860309918
2011-03-31,-0.07958338891758639
2011-04-01,0.18840632401406765
2011-04-04,0.03967923205345869
2011-04-05,-0.2268102744387256
2011-04-06,0.010988707964619001
2011-04-07,0.24587169458920305
2011-04-08,0.18117158450186252
2011-04-11,0.10516818571421835
2011-04-13,0.030926986783742904
2011-04-15,-0.021222200244665146
2011-04-18,0.2675285516306758
2011-04-19,0.037275391009946666
2011-04-20,0.27954292798844665
2011-04-21,0.21524053998291492
2011-04-25,0.1268013651881899
2011-04-26,0.15440937442084154
2011-04-27,0.019666156835026212
2011-04-28,0.09141331190864245
2011-04-29,0.3412751865883668
2011-05-02,0.44135918219884235
2011-05-03,0.1333643411774011
2011-05-04,0.07548481327566234
2011-05-05,0.3105124774339952
2011-05-06,0.07095096141777256
2011-05-09,0.33103451901115477
2011-05-10,0.13180604379158467
2011-05-11,0.2104800035012886
2011-05-12,0.2588008041851796
2011-05-13,0.19240329042077065
2011-05-16,0.12289110571146011
2011-05-17,-0.1391315907239914
2011-05-18,-0.137871507788077
2011-05-19,0.13553434153172103
2011-05-20,0.10632895569627483
2011-05-23,0.30153716754700455
2011-05-24,0.20825357250869275
2011-05-25,0.23974240654044682
2011-05-26,0.12844527286610433
2011-05-27,-0.007102048193866556
2011-05-30,0.45075229136273265
2011-06-01,0.38392786423747355
2011-06-02,0.16560556268429055
2011-06-03,0.16066162241622806
2011-06-06,0.0433647770434618
2011-06-07,-0.12733024392615666
2011-06-08,-0.01992907499273618
2011-06-09,-0.1967608698510698
2011-06-10,-0.07977625913918018
2011-06-13,-0.2982622720301151
2011-06-14,0.09468338936567307
2011-06-15,-0.2263326274061745
2011-06-16,0.2781528061876694
2011-06-17,0.0038098919072321485
2011-06-20,0.23451253433119168
2011-06-21,0.03297793578643065
2011-06-22,0.02400815415267761
2011-06-23,0.032507497693101566
2011-06-24,0.030994783227260295
2011-06-27,0.26262056548148394
2011-06-28,-0.014675210230052471
2011-06-29,-0.11324022683714118
2011-06-30,0.11605757185154492
2011-07-01,0.030666358768939972
2011-07-04,-0.030251022893935442
2011-07-05,0.011286031188709396
2011-07-06,0.08384475608666737
2011-07-07,0.011113827349618077
2011-07-08,-0.0022478154860436916
2011-07-11,0.45671161947151023
2011-07-12,0.0025923182256519794
2011-07-13,0.15136490346720585
2011-07-15,0.397122729724894
2011-07-18,-0.0460676538447539
2011-07-19,0.06691172222296397
2011-07-20,0.2484251894056797
2011-07-21,0.00886325617986066
2011-07-22,0.21511313393712045
2011-07-25,0.2200727853924036
2011-07-26,0.02397710908400385
2011-07-27,0.32756497855815625
2011-07-28,-0.060355323599651456
2011-07-29,0.08451073430478573
2011-08-01,0.01513738901569293
2011-08-02,-0.015123904467775272
2011-08-03,0.13380429558455945
2011-08-04,0.13720157369971275
2011-08-05,0.026827963534742594
2011-08-08,-0.27367390671537983
2011-08-09,0.009157732637091116
2011-08-10,0.03037100061774254
2011-08-11,0.11829791304010612
2011-08-12,0.10721097188070416
2011-08-16,0.1834462769329548
2011-08-17,-0.0860377016731284
2011-08-18,0.2387342914007604
2011-08-19,-0.08490768327776875
2011-08-22,0.0027354291329781213
2011-08-23,-0.18508759413201076
2011-08-24,0.01281047346336501
2011-08-25,-0.03730931276312241
2011-08-26,0.016781102452013228
2011-08-29,-0.1015341446868011
2011-08-30,0.1474486074664376
2011-09-02,0.12012682855129242
2011-09-05,0.174233540892601
2011-09-06,-0.028128643054515123
2011-09-07,-0.019574361188071116
2011-09-08,0.032019065119899236
2011-09-09,-0.19479400584740297
2011-09-12,-0.14534017195304236
2011-09-13,-0.06517685670405626
2011-09-14,-0.10122626479715109
2011-09-15,-0.14700730398974635
2011-09-16,0.11280865978230448
2011-09-19,0.16224249604750762
2011-09-20,-0.07194079587665889
2011-09-21,-0.5181003638676235
2011-09-22,0.22303425878859484
2011-09-23,-0.01390425522219051
2011-09-26,0.30403429865837095
2011-09-27,-0.017572707729414105
2011-09-28,0.01823153719305992
2011-09-29,-0.04275329845647017
2011-09-30,0.2688152063637972
2011-10-03,0.00487190547088782
2011-10-04,0.06363997996474306
2011-10-05,0.06250752003065177
2011-10-07,0.03000790160149336
2011-10-10,0.12760409393480845
2011-10-11,-0.03507468725244204
2011-10-12,-0.20327803918293544
2011-10-13,0.023422089804496084
2011-10-14,0.16257008992963368
2011-10-17,0.4803401629130046
2011-10-18,0.43853159869710606
2011-10-19,0.051582163406742945
2011-10-20,0.006409569285236872
2011-10-21,0.2881103899329901
2011-10-24,0.1797332651913166
2011-10-25,-0.17611163739974683
2011-10-28,0.34217250905930996
2011-10-31,0.0812582690268755
2011-11-01,0.17672705301083624
2011-11-02,0.10012667998671532
2011-11-03,0.03619538164801068
2011-11-04,-0.06438083201646805
2011-11-08,-0.06413511745631695
2011-11-09,-0.30162022954651285
2011-11-11,0.031726110726594925
2011-11-14,-0.030019796763857205
2011-11-15,-0.006779072030136983
2011-11-16,0.09848493989557028
2011-11-17,0.07246023463085294
2011-11-18,-0.0794356670230627
2011-11-21,-0.4548523351550102
2011-11-22,0.26658087809170994
2011-11-23,-0.01743808708020619
2011-11-25,-0.2699059106941734
2011-11-28,-0.232085782289505
2011-11-29,0.16260749027132987
2011-11-30,-0.44034226052463055
2011-12-01,-0.10560008941683918
2011-12-02,-0.13112584669142963
2011-12-05,0.2453743750229478
2011-12-07,-0.13032266497612
2011-12-08,0.029456670085589092
2011-12-09,-0.06562963666187392
2011-12-12,-0.02400356779495875
2011-12-13,0.003582864417694509
2011-12-14,-0.3122371228204833
2011-12-15,-0.18507967493496835
2011-12-16,-0.004280260631016323
2011-12-19,0.006133947521448135
2011-12-20,0.044130349159240724
2011-12-21,0.06651572976261377
2011-12-22,-0.10665039052920681
2011-12-23,-0.2424678165804256
2011-12-27,-0.21517363470047712
2011-12-28,0.13242232656249633
2011-12-29,0.2242305837571621
2011-12-30,0.06011627297848463
2012-01-03,0.11850338950753211
2012-01-04,-0.16051326654851436
2012-01-05,-0.17994033058898318
2012-01-06,-0.058504403258363404
2012-01-09,-0.11311179978979959
2012-01-10,-0.0825561589250962
2012-01-11,0.03187842265917705
2012-01-12,0.015008459488550821
2012-01-13,0.32416652763883275
2012-01-16,0.12477741506882012
2012-01-17,0.15693536633625627
2012-01-18,0.061743438709527254
2012-01-19,0.04515793231817392
2012-01-20,0.11435347081472476
2012-01-23,0.11739759193733335
2012-01-24,-0.07748594774824122
2012-01-25,0.43764575757086277
2012-01-27,0.15645183276917254
2012-01-30,-0.18351722415536642
2012-01-31,0.17475209161639213
2012-02-01,-0.2791648099029606
2012-02-02,-0.10151812313672375
2012-02-03,0.15139878634363413
2012-02-06,-0.03090858645737171
2012-02-07,-0.24537404254078865
2012-02-08,0.06840105437570149
2012-02-09,-0.24127408334364495
2012-02-10,-0.059125457890331745
2012-02-13,-0.1167275095358491
2012-02-14,0.02496703697199171
2012-02-15,0.10341676557436585
2012-02-16,-0.1076969238506122
2012-02-17,-0.2714776396751404
2012-02-21,0.2915373689361981
2012-02-22,-0.12070212276144461
2012-02-23,-0.15106422950824103
2012-02-24,-0.059422507882118225
2012-02-27,-0.06103755782047907
2012-02-28,-0.21161851868964732
2012-02-29,-0.04102547180194121
2012-03-01,-0.015558433253318071
2012-03-02,0.15877439855382994
2012-03-05,0.05992622300982475
2012-03-06,0.03707128030558427
2012-03-07,0.08592064592700738
2012-03-09,0.054254136979579926
2012-03-12,0.20272350404411554
2012-03-13,0.08461314563949902
2012-03-14,0.21075950083988054
2012-03-15,-0.16812830480436483
2012-03-16,0.09863203912973403
2012-03-19,-0.09045284390449523
2012-03-20,0.03577055170067719
2012-03-21,0.15790133497544698
2012-03-22,-0.0908472588551896
2012-03-23,0.02297345016683851
2012-03-26,0.4838840083352157
2012-03-27,-0.08251617401838303
2012-03-28,0.30815722207937923
2012-03-29,-0.08017111755907536
2012-03-30,-0.0787712468041314
2012-04-02,0.16031446307897568
2012-04-03,0.25819314484085354
2012-04-04,0.059016403276473284
2012-04-09,-0.3579836329445243
2012-04-10,-0.2012511658249423
2012-04-11,0.03966642772922149
2012-04-12,0.14136489437749752
2012-04-13,0.04058522063617905
2012-04-16,0.05032797437161207
2012-04-17,-0.029302703893997452
2012-04-18,0.01164698600769043
2012-04-19,-0.20488263393441836
2012-04-20,-0.009215726302220272
2012-04-23,-0.21410224586725235
2012-04-24,-0.18615196865390649
2012-04-25,-0.2188216507434845
2012-04-26,0.2352075234055519
2012-04-27,0.42127995887263253
2012-04-30,-0.5177005156874657
2012-05-02,-0.2709266431629658
2012-05-03,0.07821116714992306
2012-05-04,0.1307710542210511
2012-05-07,0.3618194587528706
2012-05-08,0.12548428790813143
2012-05-09,0.08319208472967148
2012-05-10,0.21008710861206054
2012-05-11,0.11804940737783909
2012-05-14,-0.36704857647418976
2012-05-15,-0.1662325986350576
2012-05-16,0.16515120970351355
2012-05-17,-0.5431206235662103
2012-05-18,-0.20374903734773397
2012-05-22,-0.12657063957303763
2012-05-23,-0.31008586660027504
2012-05-24,-0.08729288934005631
2012-05-25,-0.03717259094119072
2012-05-28,0.2245385761683186
2012-05-29,0.23009583950042725
2012-05-30,0.10126275067719129
2012-05-31,-0.3084850788116455
2012-06-01,-0.08064196002669632
2012-06-04,-0.060872552916407585
2012-06-05,0.04553990496788174
2012-06-06,-0.1553740225111445
2012-06-07,-0.12530266550871041
2012-06-08,0.225339096899216
2012-06-11,-0.399052952726682
2012-06-12,-0.4126559377393939
2012-06-13,0.2635352835059166
2012-06-14,-0.1761914793063294
2012-06-15,-0.14942427943734563
2012-06-18,-0.2009057649411261
2012-06-19,-0.1730320838590463
2012-06-20,0.09856013970618899
2012-06-21,0.118553366245968
2012-06-22,-0.5321472541739544
2012-06-25,0.16915456747466867
2012-06-26,-0.08037541322410106
2012-06-27,-0.48677969397976995
2012-06-28,-0.02567647462710738
2012-06-29,-0.3265306375482503
2012-07-02,0.33079214828709763
2012-07-03,-0.026492333350082237
2012-07-04,0.07062157243490219
2012-07-05,0.0653122273322783
2012-07-06,-0.1888794433325529
2012-07-09,-0.23694779927080328
2012-07-10,-0.07624177106966575
2012-07-11,0.04693505184894258
2012-07-12,0.2203019565114608
2012-07-13,-0.02698568198829889
2012-07-16,-0.08987415794815336
2012-07-17,0.10200242500971346
2012-07-18,0.07549166253634862
2012-07-19,0.1021648645401001
2012-07-20,0.5248576966779572
2012-07-23,-0.38911836594343185
2012-07-24,-0.08044539236774047
2012-07-25,-0.06935737722299316
2012-07-26,0.10176942683756351
2012-07-27,0.09025159440934657
2012-07-30,0.05141281212369601
2012-07-31,-0.0850163675312485
2012-08-01,-0.24117262661457062
2012-08-02,-0.019431984672943752
2012-08-03,0.1624954597403606
2012-08-06,0.2870911225676537
2012-08-07,-0.21603624671697616
2012-08-08,-0.07747210143133998
2012-08-09,-0.15011037699878216
2012-08-10,-0.33635815549641845
2012-08-13,-0.14866448504229388
2012-08-14,0.13275382854044437
2012-08-16,0.21212463018794855
2012-08-17,-0.11564106338967879
2012-08-21,-0.11036893805222851
2012-08-22,-0.24416734257506
2012-08-23,-0.19863568537402898
2012-08-24,-0.23509450734127313
2012-08-27,-0.2639875348125185
2012-08-29,-0.1455622697249055
2012-08-30,0.16137925162911415
2012-08-31,-0.05664418035974869
2012-09-03,0.16702915281057357
2012-09-04,-0.005401878679792086
2012-09-05,0.057457399321720004
2012-09-06,-0.06690624783582547
2012-09-07,0.025128649547696114
2012-09-10,-0.2502208210527897
2012-09-11,0.23591009378433228
2012-09-12,-0.005572811446406625
2012-09-13,-0.1553736161440611
2012-09-14,-0.11215469585015224
2012-09-17,-0.08295507661320946
2012-09-18,0.16155510445435842
2012-09-20,0.11502919692013945
2012-09-21,-0.14337303241093954
2012-09-24,0.13780191035142966
2012-09-25,0.08442679233849049
2012-09-26,0.06099019944667816
2012-09-27,0.0056588926485606605
2012-09-28,0.028054300074776013
2012-10-01,0.21709384536370635
2012-10-03,0.0021999415010213854
2012-10-04,0.2373747093603015
2012-10-05,0.2881884168833494
2012-10-08,0.22227941118180752
2012-10-09,0.008978543018824175
2012-10-10,-0.1369359306010761
2012-10-11,-0.022930610924959183
2012-10-12,0.24854952609166503
2012-10-15,0.31631999409624506
2012-10-16,-0.06287132094924648
2012-10-17,-0.07811357580909603
2012-10-18,0.05885571679648231
2012-10-19,0.029450655356049536
2012-10-22,-0.42917278471092385
2012-10-23,0.42564550694078207
2012-10-25,-0.03493453003466129
2012-10-29,0.47230158001184464
2012-10-30,-0.2222940945731742
2012-10-31,0.40845282562077045
2012-11-01,0.0350160701200366
2012-11-02,-0.1394781753082167
2012-11-05,0.18103137938305736
2012-11-06,-0.3458382764365524
2012-11-07,0.25956926044697565
2012-11-08,0.20039913670292922
2012-11-09,-0.2553845274572571
2012-11-12,0.22786807641386986
2012-11-15,-0.035808169948203225
2012-11-16,-0.26095384545624256
2012-11-19,-0.06452770112082362
2012-11-20,-0.09605826236880742
2012-11-21,-0.11955446598585695
2012-11-22,0.059174368157982826
2012-11-23,-0.06225530803203583
2012-11-26,0.059602054146428905
2012-11-27,-0.2726657727422814
2012-11-29,0.015338299795985222
2012-11-30,-0.17065298269418153
2012-12-03,-0.16862201876938343
2012-12-04,-0.30046694396206963
2012-12-05,-0.22759847482666373
2012-12-06,-0.03091736864298582
2012-12-07,-0.09118552630146344
2012-12-10,0.34519279301166533
2012-12-11,0.08431008204140446
2012-12-12,0.22512404359877108
2012-12-13,-0.20740899734664708
2012-12-14,-0.09781067632138729
2012-12-17,0.21493935137987136
2012-12-18,0.12272312657700644
2012-12-19,-0.0762956885413991
2012-12-20,-0.2543430457321497
2012-12-21,0.004211540079929612
2012-12-24,0.1651257023215294
2012-12-26,-0.07887690762678783
2012-12-27,-0.07243183037887017
2012-12-28,-0.0011533206949631374
2012-12-31,0.20214750732366854
2013-01-02,0.1889721549708735
2013-01-03,0.09175462399919827
2013-01-04,0.1475620572181309
2013-01-07,0.3447507035273772
2013-01-08,0.10588161088526249
2013-01-09,-0.21383228256470627
2013-01-10,0.34681028919294477
2013-01-11,0.1074595691015323
2013-01-14,-0.4278147019445896
2013-01-15,0.001088158360549382
2013-01-16,0.03855521213263273
2013-01-17,-0.07878319240574326
2013-01-18,-0.03302661071603115
2013-01-21,0.04485078475305012
2013-01-22,-0.12758683115243913
2013-01-23,0.3346986386924982
2013-01-24,0.018452575320706648
2013-01-25,-0.17212332971394062
2013-01-28,0.0797527465969324
2013-01-29,0.1628844618797302
2013-01-30,-0.09227741571764152
2013-01-31,0.30621572555257726
2013-02-01,0.06807747029739877
2013-02-04,-0.2684348661984716
2013-02-05,-0.22867571791777244
2013-02-06,-0.008875809609889984
2013-02-07,-0.18239043246616016
2013-02-08,-0.06679849548354036
2013-02-11,-0.43994804471731186
2013-02-12,-0.37822558730840683
2013-02-13,-0.24175010807812214
2013-02-14,-0.03696281383080142
2013-02-15,-0.11798269030722705
2013-02-18,0.0839144295702378
2013-02-19,0.33758665349047917
2013-02-20,0.055349212838336825
2013-02-21,-0.0581657106988132
2013-02-22,0.08412346045176188
2013-02-25,-0.34334137849509716
2013-02-26,0.17074169171974063
2013-02-27,-0.005178282658259074
2013-02-28,0.10305539891123772
2013-03-01,0.2545969384825892
2013-03-04,0.10918047030766805
2013-03-05,-0.0010540133172815497
2013-03-06,-0.021790946779005668
2013-03-07,0.1375733715865542
2013-03-08,0.06106147294243177
2013-03-11,0.574096973054111
2013-03-12,-0.09514385983347892
2013-03-13,-0.06524908335672484
2013-03-14,-0.0022479783122738204
2013-03-15,-0.3236807871144265
2013-03-18,-0.07689552344381809
2013-03-19,-0.1795227572321892
2013-03-20,0.1358848118356296
2013-03-21,-0.09275300987064838
2013-03-22,-0.15969794187694789
2013-03-25,0.08911828249692917
2013-03-26,0.13253743182867767
2013-03-28,-0.5487767579880628
2013-04-01,-0.03717907973461681
2013-04-02,0.12110230766914108
2013-04-03,0.34814231822060215
2013-04-04,0.1655809355101415
2013-04-05,0.1113407532684505
2013-04-08,-0.1713939443230629
2013-04-09,-0.2083660357942184
2013-04-10,-0.2852840962420617
2013-04-11,0.2809055364794201
2013-04-12,0.04717539163196788
2013-04-15,0.09945440525189042
2013-04-16,-0.076624596118927
2013-04-17,-0.18485657391803606
2013-04-18,0.011210843701572978
2013-04-22,-0.19890253990888596
2013-04-23,0.06780355137128097
2013-04-25,0.1340637600847653
2013-04-26,-0.17955660820007324
2013-04-29,-0.026957955211400986
2013-04-30,0.033146685787609646
2013-05-02,-0.05688612742556466
2013-05-03,-0.1678816725810369
2013-05-06,0.13274076612045368
2013-05-07,0.019444343633949757
2013-05-08,-0.2013054345217016
2013-05-09,-0.0890141132434732
2013-05-10,-0.04589096202769063
2013-05-13,0.15756191909313202
2013-05-14,-0.5316909030079842
2013-05-15,-0.11187461949884892
2013-05-16,0.06755552797888716
2013-05-17,-0.315381604557236
2013-05-20,0.43501570262014866
2013-05-21,0.37052907329052687
2013-05-22,0.10316229718072074
2013-05-23,-0.1677996844730594
2013-05-24,-0.0342917624861002
2013-05-27,0.07649797387421131
2013-05-28,0.1051972160115838
2013-05-29,0.07257392765446143
2013-05-30,0.003458359589179357
2013-05-31,-0.07202708930708468
2013-06-03,0.16476274148694106
2013-06-04,-0.05376447119603032
2013-06-05,0.033249314525164664
2013-06-06,-0.1604568318774303
2013-06-07,-0.023874691791004606
2013-06-10,-0.7713623642921448
2013-06-11,-0.1393940281122923
2013-06-12,0.05705004697665572
2013-06-13,-0.018489333800971508
2013-06-14,-0.018489333800971508
2013-06-17,0.05394327392180761
2013-06-18,-0.12108300129572551
2013-06-19,-0.02192183059047569
2013-06-20,0.031990887597203255
2013-06-21,-0.22782081525240624
2013-06-24,-0.12676903903484343
2013-06-25,0.0495029961069425
2013-06-26,0.07205247627023388
2013-06-27,-0.056589413123826184
2013-06-28,-0.128706652050217
2013-07-01,0.06735595874488354
2013-07-02,-0.013427013376106819
2013-07-03,-0.0851437288026015
2013-07-04,-0.0034368922443766344
2013-07-05,0.08926527090370655
2013-07-08,-0.20353052827219167
2013-07-09,0.01704130197564761
2013-07-10,0.2428156142788274
2013-07-11,0.1504922781426173
2013-07-12,0.23985655582509935
2013-07-15,0.04701804928481579
2013-07-16,-0.07948266686155246
2013-07-17,0.0036311217894156775
2013-07-18,0.0058110103011131285
2013-07-19,-0.4739601102968057
2013-07-22,-0.45816279109567404
2013-07-23,-0.21208673808723688
2013-07-24,-0.08077118794123332
2013-07-25,-0.035789476707577705
2013-07-26,-0.06701654046773911
2013-07-29,0.18103457348687307
2013-07-30,0.07335305559848036
2013-07-31,0.006870638951659203
2013-08-01,-0.07344010988107094
2013-08-02,0.2520406888797879
2013-08-05,0.3243262233833472
2013-08-06,0.06373073119256231
2013-08-07,0.07598288767039776
2013-08-08,0.022258553343514603
2013-08-12,0.05733244773000479
2013-08-13,-0.3913244657557119
2013-08-14,0.25413694097237155
2013-08-16,-0.41795558109879494
2013-08-19,-0.23629816807806492
2013-08-20,-0.18451710417866707
2013-08-21,-0.028937767014691706
2013-08-22,-0.2349801750055381
2013-08-23,-0.045067090541124344
2013-08-26,0.17265909095294774
2013-08-27,-0.3628853747828139
2013-08-28,-0.008547398986087905
2013-08-29,0.028304221315516367
2013-08-30,-0.13199003519756453
2013-09-02,0.1712028312807282
2013-09-03,-0.12046617126235595
2013-09-04,0.10576866678893566
2013-09-05,0.06738643973533597
2013-09-06,0.21632384974509478
2013-09-10,0.637880951166153
2013-09-11,-0.1702511954036626
2013-09-12,0.11581610458401534
2013-09-13,0.01299486169591546
2013-09-16,-0.08775525540113449
2013-09-17,0.032726588730628677
2013-09-18,0.0959889240829008
2013-09-19,0.41496600447730586
2013-09-20,0.5987937005443705
2013-09-23,-0.2517819404602051
2013-09-24,-0.030916074071736896
2013-09-25,-0.3295775454491377
2013-09-26,0.1867715414952148
2013-09-27,0.07576868470226016
2013-09-30,0.21206034906208515
2013-10-01,-0.15472211921587586
2013-10-03,0.09695304337550294
2013-10-04,-0.22759155533276498
2013-10-07,0.13246481865644455
2013-10-08,-0.2546145764312574
2013-10-09,-0.1287878774679624
2013-10-10,0.0820608554141862
2013-10-11,0.07038779237440654
2013-10-14,-0.05554375983774662
2013-10-15,0.3964188420213759
2013-10-17,0.13294300281753144
2013-10-18,0.35097653456032274
2013-10-21,0.1451173892451657
2013-10-22,0.13772256101171176
2013-10-23,0.25203713290393354
2013-10-24,0.2544424835592508
2013-10-25,0.24116543090591827
2013-10-28,0.2466345801949501
2013-10-29,0.09544305331431903
2013-10-30,0.15606170636601746
2013-10-31,-0.23805582523345947
2013-11-01,0.09710220939346723
2013-11-05,0.09710220939346723
2013-11-06,0.13763655736469305
2013-11-07,0.046011507245046754
2013-11-08,-0.0018263310194015503
2013-11-11,-0.10932329297065735
2013-11-12,0.12024639526175128
2013-11-13,-0.12018832245043345
2013-11-14,-0.04533330164849758
2013-11-18,0.21509671226764718
2013-11-19,-0.23181141608140685
2013-11-20,0.031106142699718474
2013-11-21,0.1964575806632638
2013-11-22,0.07857067916880954
2013-11-25,0.01782667078077793
2013-11-26,-0.24794795375782996
2013-11-27,-0.07135746739804745
2013-11-28,-0.010865963157266378
2013-11-29,0.07281603185193879
2013-12-02,0.012332144379615783
2013-12-03,-0.14513931039255112
2013-12-04,0.16609027106314897
2013-12-05,0.3604376939210025
2013-12-06,-0.08528368576214863
2013-12-09,0.4084128796433409
2013-12-10,0.16782356426119804
2013-12-11,-0.12739213602617383
2013-12-12,0.0759865108200095
2013-12-13,0.04902463795786554
2013-12-16,0.2177167090897759
2013-12-17,0.05103665704910572
2013-12-18,-0.16987464018166065
2013-12-19,0.022805445020397504
2013-12-20,0.0681307961543401
2013-12-23,0.1079549565911293
2013-12-24,0.060170950224766366
2013-12-26,0.12538520163959926
2013-12-27,-0.168961205591376
2013-12-30,0.3135233590645449
2013-12-31,0.24394355488142797
2014-01-02,0.015037129819393157
2014-01-03,-0.03638590539672545
2014-01-06,-0.3450818865426949
2014-01-07,0.17675462500615555
2014-01-08,0.2058478596309821
2014-01-09,-0.0045258349273353815
2014-01-10,0.09664165760789599
2014-01-13,-0.2643129091177668
2014-01-14,-0.23478845155073536
2014-01-15,0.3234119511802088
2014-01-16,0.34526515420940185
2014-01-17,0.12969651056284254
2014-01-20,0.15039987163618207
2014-01-21,0.15777223032306542
2014-01-22,0.08146562054753304
2014-01-23,-0.10970746883406089
2014-01-24,0.08000263012945652
2014-01-27,0.4445940740406513
2014-01-28,-0.12017847364768386
2014-01-29,0.22612803512149388
2014-01-30,-0.005064620636403561
2014-01-31,-0.17254324357670087
2014-02-03,-0.01844479205707709
2014-02-04,0.0031659796833992003
2014-02-05,-0.10313730197958648
2014-02-06,0.11133121379784175
2014-02-07,0.0029108832505616274
2014-02-10,-0.5109800020089517
2014-02-11,-0.3236680117746194
2014-02-12,0.10441765209866895
2014-02-13,0.13020673096179963
2014-02-14,-0.14819272002205253
2014-02-18,0.18860351368784906
2014-02-19,0.27606113798295456
2014-02-20,0.04824841348454356
2014-02-21,-0.22805349249392748
2014-02-24,-0.3445509597659111
2014-02-25,-0.06829307068671499
2014-02-26,0.09222876653075218
2014-02-28,-0.037340982196231685
2014-03-03,-0.2010755023608605
2014-03-04,0.20321294106543064
2014-03-05,-0.022193841636180878
2014-03-06,0.09624229073524475
2014-03-07,0.24778824374079705
2014-03-10,0.06420262157917023
2014-03-11,0.46047751791775227
2014-03-12,0.176366315888507
2014-03-13,-0.10784660000354052
2014-03-14,-0.11374994340751853
2014-03-18,0.22667969912290573
2014-03-19,0.10789519785480066
2014-03-20,0.09564828611910343
2014-03-21,-0.14350376185029745
2014-03-24,-0.07285411256764616
2014-03-25,0.18872434764423154
2014-03-26,0.06547308418278892
2014-03-27,0.17367795641933167
2014-03-28,-0.010669969436195161
2014-03-31,0.8856701850891113
2014-04-01,0.1118592880666256
2014-04-02,0.09158111233264207
2014-04-03,0.143872887827456
2014-04-04,0.24640405687846637
2014-04-07,0.26225430704653263
2014-04-09,0.47044192254543304
2014-04-10,0.11365843883582524
2014-04-11,0.009610940835305623
2014-04-15,0.013450897065922618
2014-04-16,0.2727921798825264
2014-04-17,0.03784230085355895
2014-04-21,-0.3040632376713412
2014-04-22,-0.028024879439423483
2014-04-23,0.1873928543857553
2014-04-25,-0.20558668114244938
2014-04-28,-0.20558668114244938
2014-04-29,-0.07881621681153775
2014-04-30,-0.0016693320125341416
2014-05-02,-0.1574991481999556
2014-05-05,0.09298041462898254
2014-05-06,0.14375892353172487
2014-05-07,0.07809209504297801
2014-05-08,0.16109686510430443
2014-05-09,0.11199652714033921
2014-05-12,-0.1053568996489048
2014-05-13,0.38530948758125305
2014-05-14,0.033085426812370616
2014-05-15,0.2131950855255127
2014-05-16,-0.012780665109554926
2014-05-19,0.07654975727200508
2014-05-20,0.017218383295195445
2014-05-21,0.24688099712754288
2014-05-22,-0.3038083389401436
2014-05-23,-0.3621071372181177
2014-05-26,0.13010704517364502
2014-05-27,0.3461543107405305
2014-05-28,0.02820033902923266
2014-05-29,0.16470368040932548
2014-05-30,0.18723774870688265
2014-06-02,0.3112827520817518
2014-06-03,-0.08600519065346036
2014-06-04,0.012869559228420258
2014-06-05,-0.17355228898425898
2014-06-06,-0.06888969009742141
2014-06-09,0.09250149317085743
2014-06-10,0.10562747647054493
2014-06-11,-0.006282937014475465
2014-06-12,0.09761870341996352
2014-06-13,0.10756998447080453
2014-06-16,-0.159774803246061
2014-06-17,-0.17365109347380125
2014-06-18,0.17075899852947754
2014-06-19,-0.0314726822078228
2014-06-20,-0.13879577602658952
2014-06-23,-0.3363900352269411
2014-06-24,0.25259881063054007
2014-06-25,0.19722085278481244
2014-06-26,-0.033929976945122085
2014-06-27,0.09157399895290534
2014-06-30,-0.26374464978774387
2014-07-01,0.35313430707901716
2014-07-02,0.05019371004568206
2014-07-03,-0.11356468894518912
2014-07-04,-0.1497646130155772
2014-07-07,0.2656023919582367
2014-07-08,-0.10225185006856918
2014-07-09,0.14335675910115242
2014-07-10,0.4821609742939472
2014-07-11,-0.03674248084425926
2014-07-14,0.30619222670793533
2014-07-15,-0.032925369963049886
2014-07-16,0.1670730635523796
2014-07-17,0.22747693343886308
2014-07-18,0.029890361641134535
2014-07-21,-0.026506254715578898
2014-07-22,-0.022884408632914226
2014-07-23,0.14085699414665048
2014-07-24,0.29012247212231157
2014-07-25,0.2625226085074246
2014-07-28,-0.24285021424293518
2014-07-30,0.29707390535622835
2014-07-31,-0.18089561816304922
2014-08-01,-0.28214801847934723
2014-08-04,0.20383771588759764
2014-08-05,-0.15966112464666365
2014-08-06,-0.014116731161872545
2014-08-07,-0.08527646190486848
2014-08-08,-0.1898950913122722
2014-08-11,0.17738474160432816
2014-08-12,-0.10713706413904826
2014-08-13,0.22435621438281877
2014-08-14,0.08443239629268647
2014-08-18,-0.39103176444768906
2014-08-19,0.11846261057588789
2014-08-20,0.03385640153040489
2014-08-21,0.12083279279371102
2014-08-22,0.107428209297359
2014-08-25,0.13323772618813173
2014-08-26,-0.06110237365854638
2014-08-27,-0.008486712859435514
2014-08-28,-0.1781479138880968
2014-09-01,-0.08661241001553005
2014-09-02,0.17627605780338249
2014-09-03,-0.05269147854830537
2014-09-04,-0.04366212930868973
2014-09-05,0.0991073272057942
2014-09-08,0.13242045417428017
2014-09-09,0.13825532235205173
2014-09-10,-0.07233822007070888
2014-09-11,0.2098904334836536
2014-09-12,0.006248241290450096
2014-09-15,-0.2016426332294941
2014-09-16,0.12027878165245057
2014-09-17,0.054000324880083404
2014-09-18,-0.08579489508909839
2014-09-19,-0.10681370442563837
2014-09-22,0.03540454556544622
2014-09-23,0.2692535567200846
2014-09-24,0.03817605103055636
2014-09-25,-0.15760682243853807
2014-09-26,0.004227529679025922
2014-09-29,-0.3273242488503456
2014-09-30,-0.06830428168177605
2014-10-01,0.23688763628403345
2014-10-07,0.34993622824549675
2014-10-08,0.157544307410717
2014-10-09,-0.2683720390001933
2014-10-10,0.211253971606493
2014-10-13,0.00964227057993412
2014-10-14,-0.018014587461948395
2014-10-16,0.3004459083080292
2014-10-17,0.08597944937646389
2014-10-20,0.030709007754921913
2014-10-21,0.3124580176716501
2014-10-22,0.10383973423052918
2014-10-27,-0.21500380337238312
2014-10-28,-0.23429784391607558
2014-10-29,-0.14446422768135866
2014-10-30,-0.1045300013252667
2014-10-31,-0.01411039630572001
2014-11-03,-0.2545379768125713
2014-11-05,-0.29440759867429733
2014-11-07,-0.1854941762983799
2014-11-10,-0.2963834305604299
2014-11-11,-0.07419001470719065
2014-11-12,-0.29057738764418495
2014-11-13,0.027984712686803605
2014-11-14,0.11866698088124394
2014-11-17,0.0008781501757247108
2014-11-18,0.20409626673374856
2014-11-19,-0.2611105967313051
2014-11-20,-0.038848051056265834
2014-11-21,0.15893349424004555
2014-11-24,0.05680795226778303
2014-11-25,0.031298243130246796
2014-11-26,-0.1877149504919847
2014-11-27,-0.034659486530082564
2014-11-28,0.12586159740264216
2014-12-01,-0.39521013014018536
2014-12-02,-0.26884461245076224
2014-12-03,0.41409440990537405
2014-12-04,-0.14901853166520596
2014-12-05,-0.12208928421817043
2014-12-08,0.03681262023746967
2014-12-09,0.19820155161950323
2014-12-10,0.027581168338656425
2014-12-11,0.3250799097798087
2014-12-12,0.2618756421974727
2014-12-15,0.1845366893602269
2014-12-16,-0.09890313073992729
2014-12-17,-0.17121353621284166
2014-12-18,-0.12378271059556441
2014-12-19,-0.13004186972975731
2014-12-22,-0.20393089577555656
2014-12-23,0.28976255069885937
2014-12-24,0.2521351557224989
2014-12-26,0.4141696095466614
2014-12-29,0.11034310236573219
2014-12-30,-0.10417137278074567
2014-12-31,-0.2247899870077769
2015-01-02,0.06762647597740094
2015-01-05,0.17520038783550262
2015-01-06,0.04757819161750376
2015-01-07,0.0190730473647515
2015-01-08,0.10876389294862747
2015-01-09,0.3229434370994568
2015-01-12,0.4165329684813817
2015-01-13,0.04267983301542699
2015-01-14,0.7086098889509836
2015-01-15,0.22923542434970537
2015-01-16,0.02849557772278786
2015-01-19,-0.04125997631086244
2015-01-20,0.012566804885864258
2015-01-21,-0.0990846462547779
2015-01-22,-0.0555491636374167
2015-01-23,0.3699699301272631
2015-01-27,-0.05081979632377624
2015-01-28,-0.022080997191369533
2015-01-29,0.20937011763453484
2015-01-30,-0.1977489387616515
2015-02-02,0.2771800177482267
2015-02-03,0.12045647269662689
2015-02-04,0.3321113367988305
2015-02-05,0.05794212727674416
2015-02-06,0.025035864557139575
2015-02-09,0.03570708942910036
2015-02-10,0.3658961539881097
2015-02-11,-0.14356474919865528
2015-02-12,0.0684454756287428
2015-02-13,-0.1187437754124403
2015-02-16,-0.4668004922568798
2015-02-18,-0.20107763959094882
2015-02-19,0.29578808907951626
2015-02-20,-0.03842636966146529
2015-02-23,0.087036171420054
2015-02-24,0.1949940653374562
2015-02-25,0.3309242548421025
2015-02-26,-0.1347078124526888
2015-02-27,-0.09407252206334046
2015-03-02,0.15385677944868803
2015-03-03,0.060959473997354505
2015-03-04,-0.045737476511435074
2015-03-05,-0.04930207282304764
2015-03-09,0.17698263314863047
2015-03-10,0.03828985819762403
2015-03-11,0.034021769650280476
2015-03-12,0.07003835482256753
2015-03-13,0.17506395009430972
2015-03-16,-0.047852976247668266
2015-03-17,0.06794970397922126
2015-03-18,-0.012554822955280542
2015-03-19,0.03531767831494411
2015-03-20,0.01959506655111909
2015-03-23,0.2978399097919464
2015-03-24,0.20817002181250316
2015-03-25,0.44803896280271666
2015-03-26,-0.1179764171441396
2015-03-27,-0.15591085106134414
2015-03-30,0.1417295727878809
2015-03-31,0.18253566262622675
2015-04-01,0.08853761610739372
2015-04-06,0.11964185589126178
2015-04-07,0.10892825563334757
2015-04-08,0.15717943540463844
2015-04-09,0.07849774190357753
2015-04-10,0.28180307894945145
2015-04-13,0.03449313466747602
2015-04-16,0.34040315316191744
2015-04-17,0.046786603916968615
2015-04-20,-0.03398085981607437
2015-04-21,0.20744910774131617
2015-04-22,0.3328201584517956
2015-04-23,0.16260309517383575
2015-04-24,0.225231918040663
2015-04-27,-0.045816052705049515
2015-04-28,0.17355413315817714
2015-04-29,-0.026008267487798418
2015-04-30,0.15553895384073257
2015-05-04,0.08942222595214844
2015-05-05,0.05816632998175919
2015-05-06,0.1636737423017621
2015-05-07,0.5310577102005481
2015-05-08,-0.08496104905174838
2015-05-11,-0.0585728424290816
2015-05-12,-0.03680197149515152
2015-05-13,-0.149130643130495
2015-05-14,0.07957211742177606
2015-05-15,0.1935560799070767
2015-05-18,0.004641597159206867
2015-05-19,0.05376641092201074
2015-05-20,0.302290216088295
2015-05-21,-0.01956212371587753
2015-05-22,0.039393071085214615
2015-05-25,0.30855318903923035
2015-05-26,-0.15683923040827116
2015-05-27,-0.18923613242805004
2015-05-28,0.19002816826105118
2015-05-29,0.12057058528686564
2015-06-01,0.17142803221940994
2015-06-02,-0.12738977385063965
2015-06-03,-0.7906382083892822
2015-06-04,0.01595527119934559
2015-06-05,0.1830525165423751
2015-06-08,0.18843953777104616
2015-06-09,0.35395237223969567
2015-06-10,0.1596999814999955
2015-06-11,0.06963732394461448
2015-06-12,-0.10527507631251445
2015-06-15,-0.2387059354223311
2015-06-16,0.1205555284395814
2015-06-17,-0.11703977212309838
2015-06-18,0.36531781653563183
2015-06-19,-0.12693707942962645
2015-06-22,-0.6957329511642456
2015-06-23,0.3309492069081618
2015-06-24,0.20076971145516093
2015-06-25,0.19293687641620635
2015-06-26,-0.04988661652896553
2015-06-29,-0.5259294137358665
2015-06-30,0.14796423336321657
2015-07-01,-0.04248835044828328
2015-07-02,0.16076070150094374
2015-07-03,0.03430412213007609
2015-07-06,-0.8681187629699707
2015-07-07,0.3022163026034832
2015-07-08,0.14816580582410097
2015-07-09,-0.28346983964244526
2015-07-10,-0.019656120037490673
2015-07-13,0.367130383849144
2015-07-14,-0.07956714400400718
2015-07-15,-0.3322832246444055
2015-07-16,-0.16472596321254968
2015-07-17,-0.2614750473294407
2015-07-20,0.1987686517337958
2015-07-21,-0.26934347301721573
2015-07-22,-0.011760689318180084
2015-07-23,0.31144320575351064
2015-07-24,-0.28977065936972696
2015-07-27,0.5071778409183025
2015-07-28,-0.2035509669645266
2015-07-29,-0.2939531416632235
2015-07-30,-0.04030901690324148
2015-07-31,0.24189042374491693
2015-08-03,-0.1583847412839532
2015-08-04,-0.3298751620782746
2015-08-05,0.16135895278837
2015-08-06,0.14113807827234268
2015-08-07,0.14354062411520216
2015-08-10,0.48525388538837433
2015-08-11,0.014458925152818361
2015-08-12,-0.13581095300614834
2015-08-13,-0.2610317088663578
2015-08-14,-0.2105468290929611
2015-08-17,-0.3145952895283699
2015-08-18,0.12838307667810184
2015-08-19,0.1511386161936181
2015-08-20,0.22356610509910083
2015-08-21,0.06802463875367092
2015-08-24,0.1465384912761775
2015-08-25,0.03482066777845224
2015-08-26,0.16497929042412174
2015-08-27,0.14584768501420817
2015-08-28,-0.001035205362474217
2015-08-31,-0.04425686076283455
2015-09-01,-0.3918050192296505
2015-09-02,-0.30343892723321914
2015-09-03,0.18827575026080012
2015-09-04,0.379818357527256
2015-09-07,-0.1634469296783209
2015-09-08,0.0023072650656104088
2015-09-09,0.15493562382956347
2015-09-10,0.012988455593585968
2015-09-11,0.27500566793605685
2015-09-14,0.34161630521217984
2015-09-15,0.1340706529361861
2015-09-16,0.10961611279182965
2015-09-18,-0.33494019880890846
2015-09-21,0.05480804294347763
2015-09-22,0.18610798791050912
2015-09-23,0.025097515434026718
2015-09-24,0.48967132593194646
2015-09-28,-0.12774640570084253
2015-09-29,0.07298000467320283
2015-09-30,-0.07507047653198243
2015-10-01,0.1982060924849727
2015-10-05,0.04943361803889275
2015-10-06,0.1266672139366468
2015-10-07,0.18457250366918743
2015-10-08,-0.1193505906396442
2015-10-09,0.28860363447003895
2015-10-12,0.24046391807496548
2015-10-13,-0.12674319945896664
2015-10-14,-0.02064201980829239
2015-10-15,0.32544138384136284
2015-10-16,0.03332786448299885
2015-10-19,0.06756031513214111
2015-10-20,-0.3328715482105811
2015-10-21,0.3654700933645169
2015-10-23,0.13584385688106218
2015-10-26,0.047763172537088394
2015-10-27,0.09845576621592045
2015-10-28,-0.20944537284473577
2015-10-29,0.7318379680315653
2015-10-30,0.13488182462751866
2015-11-02,0.7155711948871613
2015-11-03,0.006158483028411865
2015-11-04,-0.030706670911361773
2015-11-05,-0.41696644271723926
2015-11-06,-0.04218192771077156
2015-11-09,0.4450088385492563
2015-11-10,-0.06634956523776055
2015-11-13,0.5034862421452999
2015-11-16,0.04745032787322998
2015-11-17,-0.08194765501788684
2015-11-18,-0.2067356165498495
2015-11-19,-0.2537130412573998
2015-11-20,0.06798005157283374
2015-11-23,0.027901160158216955
2015-11-24,-0.036173658818006514
2015-11-26,0.15860654268827704
2015-11-27,0.12843625305686146
2015-11-30,0.0014764020840326946
2015-12-01,0.28530329894274475
2015-12-02,-0.030020145433289663
2015-12-03,0.04933545086532831
2015-12-04,-0.06421054862439632
2015-12-07,0.10818342305719852
2015-12-08,0.09523066766560077
2015-12-09,0.19127322025597096
2015-12-10,0.4062604159116745
2015-12-11,-0.011914183230449757
2015-12-14,0.00048721501869814735
2015-12-15,0.05340055306442082
2015-12-16,0.24662477243691683
2015-12-17,-0.1547250360250473
2015-12-18,0.14009613947321972
2015-12-21,0.22957568243145943
2015-12-22,0.24099962108514525
2015-12-23,0.178250076515334
2015-12-24,-0.0568431770162923
2015-12-28,-0.6087627609570821
2015-12-29,0.030599523335695267
2015-12-30,-0.02819458469748497
2015-12-31,0.20394833479076624
2016-01-04,-0.12948011606931686
2016-01-05,0.05176592245697975
2016-01-06,0.10311109088361263
2016-01-07,-0.11239339542739532
2016-01-08,-0.21038323578735194
2016-01-11,0.008175421506166458
2016-01-12,0.022836996475234628
2016-01-13,0.22073695994913578
2016-01-14,0.3530348874628544
2016-01-15,0.06551828067749739
2016-01-18,0.20417559426277876
2016-01-19,0.2025838310697249
2016-01-20,0.3835605825814936
2016-01-21,0.35140190326741766
2016-01-22,0.22287709108338907
2016-01-25,0.304152413936598
2016-01-27,0.18253651075065136
2016-01-28,-0.16775854527950287
2016-01-29,0.09689863088230292
2016-02-01,0.13803999837149272
2016-02-02,0.2034904807806015
2016-02-03,0.14438313245773315
2016-02-04,0.43946584189931553
2016-02-05,0.1076967604458332
2016-02-08,0.2145640105009079
2016-02-09,-0.05848539050887613
2016-02-10,-0.03394406785567602
2016-02-11,-0.08065809290856123
2016-02-12,-0.24922943250699478
2016-02-15,-0.02709698714315891
2016-02-16,-0.021861024708910423
2016-02-17,-0.050818795072180886
2016-02-18,-0.19852207281759807
2016-02-19,0.054960330948233604
2016-02-22,-0.2949021488428116
2016-02-23,-0.16673161555081606
2016-02-24,-0.045691499693526164
2016-02-25,-0.33942417800426483
2016-02-26,0.12764952411609037
2016-02-29,0.07291500736027956
2016-03-01,0.21004418501009545
2016-03-02,0.040257202993546216
2016-03-03,0.052609078702516854
2016-03-04,0.06707595516410139
2016-03-08,0.057151234575680325
2016-03-09,0.02296571061015129
2016-03-10,-0.02539393976330757
2016-03-11,-0.011374082664648693
2016-03-14,0.15853235604507582
2016-03-15,-0.1610513930208981
2016-03-16,-0.35625554458238184
2016-03-17,-0.0777822161714236
2016-03-18,0.1790771589924892
2016-03-21,0.1970555198689302
2016-03-22,0.09054075181484222
2016-03-23,0.1567295640707016
2016-03-28,-0.3082620979597171
2016-03-29,0.1929311047900807
2016-03-30,0.19384464587677608
2016-03-31,0.2770904876912634
2016-04-01,0.11437986554069952
2016-04-04,0.28773344308137894
2016-04-05,0.3118259360392888
2016-04-06,0.3273848295211792
2016-04-07,-0.06468785717152059
2016-04-08,-0.2828709680054869
2016-04-11,-0.36977546023471014
2016-04-12,-0.1795514483343471
2016-04-13,0.14538029432296753
2016-04-18,0.24144684274991354
2016-04-20,-0.05708762731116552
2016-04-21,-0.057753819440092356
2016-04-22,0.017517702654004097
2016-04-25,0.4310649260878563
2016-04-26,-0.2374183949497011
2016-04-27,0.09411554754926608
2016-04-28,0.336823713965714
2016-04-29,-0.32673512619327416
2016-05-02,-0.03867841139435768
2016-05-03,0.2825681298971176
2016-05-04,0.2490151175963027
2016-05-05,0.08689897321164608
2016-05-06,0.16702903186281523
2016-05-09,0.13466043919324874
2016-05-10,-0.156984987535647
2016-05-11,0.3516005493700504
2016-05-12,-0.040776408700780434
2016-05-13,-0.2754513155668974
2016-05-16,0.10587506688066892
2016-05-17,-0.37300206009637227
2016-05-18,-0.2554055035114288
2016-05-19,-0.06958669098094106
2016-05-20,-0.42019681725651026
2016-05-23,0.09186396872003873
2016-05-24,0.19590182850758234
2016-05-25,-0.10272400174289942
2016-05-26,-0.1815200230727593
2016-05-27,-0.02673689858056605
2016-05-30,-0.17537728191486426
2016-05-31,0.32758727930486203
2016-06-01,0.054142158944159746
2016-06-02,0.29334592819213867
2016-06-03,-0.05875587835907936
2016-06-06,0.2721021819859743
2016-06-07,0.07636657853921254
2016-06-08,0.1112365834414959
2016-06-09,-0.2064199267576138
2016-06-10,0.08836375948573862
2016-06-13,0.19517521214272296
2016-06-14,-0.3929087403230369
2016-06-15,-0.03104413580149412
2016-06-16,-0.1649919737662588
2016-06-17,-0.025600696248667582
2016-06-20,-0.028496824204921722
2016-06-21,0.42532360926270485
2016-06-22,0.2476723361760378
2016-06-23,-0.06570073988820825
2016-06-24,0.22561568621959951
2016-06-27,-0.06519517799218495
2016-06-28,0.17885733178506294
2016-06-29,0.14582431589563688
2016-06-30,0.18166907002719548
2016-07-01,0.14657509326934814
2016-07-04,0.08116660825908184
2016-07-05,0.09158968203701079
2016-07-07,-0.13787725567817688
2016-07-08,0.2282484255731106
2016-07-11,-0.03671896085143089
2016-07-12,-0.021294345665309165
2016-07-13,0.2405725202212731
2016-07-14,-0.17533848881721498
2016-07-15,0.10147322714328766
2016-07-18,0.021238359933098156
2016-07-19,0.26398274127174826
2016-07-20,-0.11440837440582421
2016-07-21,0.06654345479450728
2016-07-22,0.10977339723871814
2016-07-25,0.006941987999847957
2016-07-26,-0.05279232203387297
2016-07-27,0.04797858092933893
2016-07-28,0.1635110011945168
2016-07-29,-0.24667169712483883
2016-08-01,0.3655893518589437
2016-08-02,0.11831581965088844
2016-08-03,-0.01885124947875738
2016-08-04,0.3629775606095791
2016-08-05,-0.021027676450709503
2016-08-08,0.1945815458893776
2016-08-09,-0.1567168566915724
2016-08-10,0.23086835869721004
2016-08-11,0.07501075064970388
2016-08-16,-0.0942336708645929
2016-08-17,0.21547072877486548
2016-08-18,-0.01064571812748909
2016-08-19,0.12203072330781392
2016-08-22,0.07041923440992832
2016-08-23,0.041484441608190536
2016-08-24,-0.055831309821870595
2016-08-25,0.23853339006503424
2016-08-26,0.21427258364856244
2016-08-29,0.19250392243266107
2016-08-30,0.20984673669392412
2016-08-31,0.36121893780572073
2016-09-01,0.33072196195522946
2016-09-02,0.24450126886367798
2016-09-06,0.23047074675559998
2016-09-07,0.025400025977028742
2016-09-08,0.24735538586974143
2016-09-09,0.1569859992712736
2016-09-12,0.08861241383211953
2016-09-14,-0.07546502351760864
2016-09-15,0.057601646416717105
2016-09-16,-0.09378892369568348
2016-09-19,0.13158670321784235
2016-09-20,0.09848545491695404
2016-09-21,-0.27888843417167664
2016-09-22,0.15590291540138423
2016-09-23,0.21285104081034661
2016-09-26,0.27681436762213707
2016-09-27,0.166828553378582
2016-09-28,-0.2699052095413208
2016-09-29,0.48144574612379076
2016-09-30,0.05539750941097736
2016-10-03,0.016219913959503174
2016-10-04,0.0446161205569903
2016-10-05,-0.1729619912803173
2016-10-06,-0.0001556608412000868
2016-10-07,-0.09771894787748654
2016-10-10,0.11947539945443471
2016-10-13,0.21181431412696838
2016-10-14,-0.09035744518041611
2016-10-17,-0.0008269958198070526
2016-10-18,0.1906556412577629
2016-10-19,0.18895934149622917
2016-10-20,-0.14567563539514175
2016-10-21,0.12770812544557783
2016-10-24,0.23486627957650594
2016-10-25,0.22665810812678602
2016-10-26,-0.19787095238765082
2016-10-27,0.1302943349712425
2016-10-28,-0.0037585716280672285
2016-11-01,-0.0037585716280672285
2016-11-02,-0.12928164564073086
2016-11-03,-0.14297628899415335
2016-11-04,-0.29484431631863117
2016-11-07,-0.04007925589879354
2016-11-08,0.18782036432198115
2016-11-09,-0.18927614863675374
2016-11-10,0.12737580463290216
2016-11-11,0.14635640010237694
2016-11-15,-0.12399729279180367
2016-11-16,-0.18418399849906564
2016-11-17,-0.13671080581843853
2016-11-18,0.05717248469591141
2016-11-21,-0.2621607892215252
2016-11-22,-0.2521155681461096
2016-11-23,-0.13249582398150647
2016-11-24,-0.10856932494789362
2016-11-25,0.26031274944543836
2016-11-28,0.2413836275227368
2016-11-29,-0.26278415764681995
2016-11-30,0.07802471937611699
2016-12-01,0.01224748371168971
2016-12-02,-0.12112440960481763
2016-12-05,-0.13729833103716374
2016-12-06,-0.09558451175689697
2016-12-07,0.16777462791651487
2016-12-08,-0.28404490898052853
2016-12-09,0.3016323558986187
2016-12-12,-0.08035651966929436
2016-12-13,-0.08035651966929436
2016-12-14,-0.19462252873927355
2016-12-15,0.2632031571120024
2016-12-16,0.04465801129117608
2016-12-19,0.31535347551107407
2016-12-20,0.6348449969664216
2016-12-21,0.3203909546136856
2016-12-22,-0.9498746395111084
2016-12-23,0.3330749571323395
2016-12-26,0.3344647027552128
2016-12-27,0.0956810200586915
2016-12-28,0.06732816559573014
2016-12-29,0.1394125372171402
2016-12-30,-0.9515045285224915
2017-01-02,-0.3182296658104116
2017-01-03,0.039953203073569706
2017-01-04,-0.5626291930675507
2017-01-05,0.2085210606455803
2017-01-06,0.4620485693216324
2017-01-09,-0.32244925014674664
2017-01-10,0.041688373684883116
2017-01-11,-0.015471970041592916
2017-01-12,-0.45712170501550037
2017-01-13,-0.15813264499107996
2017-01-16,0.23011381924152374
2017-01-17,0.1449376167729497
2017-01-18,-0.11635026149451733
2017-01-19,0.12742324375237027
2017-01-20,-0.04654356837272644
2017-01-23,0.05420437455177307
2017-01-24,0.14017349518835545
2017-01-25,0.6250252760946751
2017-01-27,-0.13891935348510742
2017-01-30,-0.07619819119572639
2017-01-31,-0.2870877105742693
2017-02-01,-0.3768703490495682
2017-02-02,0.0322123259305954
2017-02-03,0.35025982711125503
2017-02-06,0.7965059280395508
2017-02-07,0.32528724521398544
2017-02-08,-0.055128213763237
2017-02-09,0.002651912160217762
2017-02-10,0.24133047088980675
2017-02-13,-0.3545209873467684
2017-02-14,-0.05730996746569872
2017-02-15,-0.06590966135263443
2017-02-16,0.09814963945084149
2017-02-17,0.0579227686394006
2017-02-20,0.1266189765717302
2017-02-21,-0.04797125235199928
2017-02-22,-0.1263216114602983
2017-02-23,0.06543086903790633
2017-02-27,-0.2348059075884521
2017-02-28,-0.2053317620108525
2017-03-01,0.0010893754661083221
2017-03-02,0.19983822586280958
2017-03-03,0.37580347061157227
2017-03-06,0.14257997274398804
2017-03-07,0.05246639996767044
2017-03-08,0.006478509555260341
2017-03-09,0.40622113396724063
2017-03-10,0.12157483655028045
2017-03-14,0.04211295023560524
2017-03-15,0.34985560551285744
2017-03-16,0.20212110531117236
2017-03-17,-0.06641563475131988
2017-03-20,-0.005191010677001693
2017-03-21,-0.17934801646818718
2017-03-22,0.08636732896169026
2017-03-23,-0.19897834211587906
2017-03-24,-0.2640172317624092
2017-03-27,0.0698374854400754
2017-03-28,0.044337935745716095
2017-03-29,0.3784807324409485
2017-03-30,0.19182803801127843
2017-03-31,0.1406758800148964
2017-04-03,0.1848234912114484
2017-04-05,-0.018824097234755754
2017-04-06,0.27569886706769464
2017-04-07,0.13440642803907393
2017-04-10,-0.21552815660834312
2017-04-11,-0.21552815660834312
2017-04-12,0.08413953209916751
2017-04-13,-0.009556799506147703
2017-04-17,-0.03698623770227035
2017-04-18,-0.15298571344465017
2017-04-19,0.5726363487541676
2017-04-20,0.030942706391215324
2017-04-21,0.4388481765985489
2017-04-24,0.34466279049714404
2017-04-25,0.642858911305666
2017-04-26,0.08370199373790196
2017-04-27,0.4006849623152188
2017-04-28,0.1869031242094934
2017-05-02,-0.15382941626012325
2017-05-03,-0.023604994639754295
2017-05-04,0.0625000149011612
2017-05-05,0.025708388744129076
2017-05-08,0.11418207585811616
2017-05-09,0.3058671625331044
2017-05-10,-0.1946251867339015
2017-05-11,0.048354413360357285
2017-05-12,-0.24477885601421198
2017-05-15,-0.22429418237879872
2017-05-16,0.2172014278670152
2017-05-17,0.10775300674140453
2017-05-18,0.14119487729939548
2017-05-19,-0.18979067994015558
2017-05-22,0.1269048936665058
2017-05-23,-0.42698380537331104
2017-05-24,0.2569576644649108
2017-05-25,0.17707497307232448
2017-05-26,0.12095948060353597
2017-05-29,0.26858566980808973
2017-05-30,-0.6075069606304169
2017-05-31,-0.15423135552555323
2017-06-01,-0.9654718637466431
2017-06-02,0.04688005646069845
2017-06-05,0.23133018091320992
2017-06-06,0.05404381025582552
2017-06-07,0.24253064766526222
2017-06-08,0.07815982401371002
2017-06-09,0.36989885978400705
2017-06-12,-0.08248504251241684
2017-06-13,-0.024121851158829834
2017-06-14,-0.1609890230000019
2017-06-15,-0.13692103177309037
2017-06-16,0.04969312157481909
2017-06-19,-0.0863188412040472
2017-06-20,-0.8621622920036316
2017-06-21,-0.16351380944252014
2017-06-22,0.21760210068896413
2017-06-23,-0.14421383813023567
2017-06-27,-0.2544890960509127
2017-06-28,-0.07244936749339104
2017-06-29,-0.07244936749339104
2017-06-30,0.17910861658553281
2017-07-03,-0.18324377121669905
2017-07-04,0.256321700496806
2017-07-05,0.05332770819465319
2017-07-06,-0.21027429774403572
2017-07-07,-0.4050397388637066
2017-07-10,-0.1523667136207223
2017-07-11,0.05872032605111599
2017-07-12,0.05636840841422478
2017-07-13,-0.20749638229608536
2017-07-14,0.19070895512898764
2017-07-17,0.42247946684559184
2017-07-18,-0.31969667300581933
2017-07-19,0.0585492342710495
2017-07-20,0.38765926472842693
2017-07-21,0.2804840888295855
2017-07-24,0.1407793720977174
2017-07-25,0.026806871096293133
2017-07-26,0.1141411376496156
2017-07-27,0.1983317637017795
2017-07-28,0.26896191636721295
2017-07-31,0.21441330164670944
2017-08-01,0.031930819037370384
2017-08-02,-0.02166000177914446
2017-08-03,0.07085493641595046
2017-08-04,0.13990486366674304
2017-08-07,0.04605059656831953
2017-08-08,-0.34125349173943204
2017-08-09,-0.1461505719593593
2017-08-10,-0.16694479994475842
2017-08-11,-0.1279731336981058
2017-08-14,-0.2175683118402958
2017-08-16,-0.1508157749970754
2017-08-17,-0.46988497767597437
2017-08-18,-0.018315932713449
2017-08-21,-0.2621179614216089
2017-08-22,-0.11856382961074512
2017-08-23,0.017043985426425934
2017-08-24,0.18611073600394384
2017-08-28,0.09347415342926979
2017-08-29,0.22791242692619562
2017-08-30,-0.13106120601296425
2017-08-31,-0.22730270129713145
2017-09-01,0.007013301365077496
2017-09-04,0.20545901109774908
2017-09-05,0.039417093619704247
2017-09-06,-0.19845346609751383
2017-09-07,-0.03179296851158142
2017-09-08,0.22642565766970316
2017-09-11,0.28053868003189564
2017-09-12,-0.2809653862246445
2017-09-13,0.028973511287144253
2017-09-14,0.2016863441094756
2017-09-15,0.05686793755739927
2017-09-18,0.2229242537702833
2017-09-19,0.04409725219011307
2017-09-20,0.20180941000580788
2017-09-21,0.14506538808345795
2017-09-22,0.16570476761886052
2017-09-25,0.004324165731668472
2017-09-26,0.06826181150972843
2017-09-27,0.1480449764057994
2017-09-28,-0.452283076941967
2017-09-29,0.2638579527847469
2017-10-03,0.20076030492782593
2017-10-04,-0.18026121850642893
2017-10-05,0.4302171642581622
2017-10-06,0.08558951100955407
2017-10-09,-0.4161018207669258
2017-10-10,0.4691487429663539
2017-10-11,0.21380561031401157
2017-10-12,0.021676611776153248
2017-10-13,-0.24018398920694986
2017-10-16,0.3672762271016836
2017-10-17,0.7165682297199965
2017-10-18,-0.304927517970403
2017-10-19,-0.03367249108850956
2017-10-23,-0.16510863322764635
2017-10-24,-0.10263857757672668
2017-10-25,0.47934262537293965
2017-10-26,-0.07687005200065099
2017-10-27,0.00128350630402565
2017-10-30,0.06324341396490733
2017-10-31,0.034849364310503006
2017-11-01,0.6837511211633682
2017-11-02,-0.4628162533044815
2017-11-03,0.09555641065041225
2017-11-06,0.23901525139808655
2017-11-07,0.27409353107213974
2017-11-08,0.18894762670000395
2017-11-09,0.3327983266208321
2017-11-10,-0.19125378457829356
2017-11-13,0.323164202272892
2017-11-14,-0.10014454027016957
2017-11-15,0.6765926480293274
2017-11-16,0.6765926480293274
2017-11-17,0.326306680838267
2017-11-20,-0.4137212969362736
2017-11-21,0.17772638611495495
2017-11-22,0.5054500967264175
2017-11-23,0.1403932377163853
2017-11-24,0.23502683639526367
2017-11-27,0.15005489066243172
2017-11-28,-0.15817622914910318
2017-11-29,0.21151080088956015
2017-11-30,0.03059119979540507
2017-12-01,0.4733067899942398
2017-12-04,0.11340020969510078
2017-12-05,-0.18699621129781008
2017-12-06,-0.03529583290219307
2017-12-07,0.3346919916570187
2017-12-08,0.024082303047180176
2017-12-11,-0.43059074878692627
2017-12-12,0.38698807917535305
2017-12-13,-0.08003228902816772
2017-12-14,-0.043484398163855076
2017-12-15,-0.36544666190942127
2017-12-18,0.009436368942260742
2017-12-19,0.1734227854758501
2017-12-20,0.42677484545856714
2017-12-21,-0.12608634531497956
2017-12-22,-0.10697681523327317
2017-12-26,-0.12933953975637755
2017-12-27,0.3261433680142675
2017-12-28,-0.06958823800086975
2017-12-29,0.02062167723973592
2018-01-02,-0.1304132454097271
2018-01-03,-0.41265032440423965
2018-01-04,0.49165961736192304
2018-01-05,-0.1775074154138565
2018-01-08,0.2665893316268921
2018-01-09,-0.9607093930244446
2018-01-10,0.41417332738637924
2018-01-11,-0.10156574845314026
2018-01-12,0.5124421094854673
2018-01-15,0.23051125236919948
2018-01-16,0.8586909472942352
2018-01-17,0.2976885540410876
2018-01-18,0.48262888938188553
2018-01-19,0.2716773636639118
2018-01-22,0.0851835310459137
2018-01-23,-0.12765900293986002
2018-01-24,-0.35818070949365693
2018-01-25,0.004550168290734291
2018-01-29,0.004550168290734291
2018-01-30,0.916656106710434
2018-01-31,-0.3798823853333791
2018-02-01,0.04006020724773407
2018-02-02,0.04006020724773407
2018-02-05,-0.08422413468360901
2018-02-06,-0.016186556468407314
2018-02-07,0.5380823001265526
2018-02-08,0.16083815374544688
2018-02-09,0.560154352337122
2018-02-12,-0.16132723577320576
2018-02-14,-0.45486539888840455
2018-02-15,-0.3522652371972799
2018-02-16,-0.21383606257538001
2018-02-19,-0.19425255461828783
2018-02-20,-0.18295210932514497
2018-02-21,-0.1746251402566066
2018-02-22,-0.2772264901156488
2018-02-23,-0.19376666052266955
2018-02-26,-0.2425582129508257
2018-02-27,-0.08897025156766177
2018-02-28,-0.47090217364685877
2018-03-01,-0.011835649077381407
2018-03-05,-0.2657861574826872
2018-03-06,-0.5810402103234082
2018-03-07,-0.16891341687490544
2018-03-08,-0.1309966892004013
2018-03-09,-0.2702970569106666
2018-03-12,0.0918662662152201
2018-03-13,-0.28382227370249374
2018-03-14,-0.26549346643415367
2018-03-15,-0.288500416515903
2018-03-16,-0.08069629097978274
2018-03-19,-0.07014592885971069
2018-03-20,-0.2090353717406591
2018-03-21,-0.3556673763585942
2018-03-22,-0.503262722492218
2018-03-23,0.021467069629579782
2018-03-26,0.32501182705163956
2018-03-27,0.20083320078750452
2018-03-28,-0.006457083725503513
2018-04-02,-0.1755743008106947
2018-04-03,-0.43585025891661644
2018-04-04,0.0080276591082414
2018-04-05,-0.3061341152836879
2018-04-06,-0.10821491453264441
2018-04-09,-0.10017419572580945
2018-04-10,-0.20170483086258173
2018-04-11,-0.3655421379953623
2018-04-12,-0.1750645274296403
2018-04-13,-0.34130676587422687
2018-04-16,-0.3027345397406154
2018-04-17,-0.10472742021083832
2018-04-18,0.06014161982706615
2018-04-19,-0.02034041486107386
2018-04-20,-0.08988400809466839
2018-04-23,-0.908737301826477
2018-04-24,-0.20616938136518
2018-04-25,-0.07920911908149719
2018-04-26,0.9263689517974854
2018-04-27,-0.11500901977221172
2018-04-30,-0.17061254382133484
2018-05-02,0.9246416091918945
2018-05-03,-0.8310150305430094
2018-05-04,0.3822370767593384
2018-05-07,-0.19874645272890726
2018-05-08,-0.27483073249459267
2018-05-09,-0.18185161352157592
2018-05-10,-0.4329749991496404
2018-05-11,-0.36397451553493737
2018-05-14,-0.29333452358841894
2018-05-15,-0.44918284979131484
2018-05-16,-0.876638650894165
2018-05-17,0.2259042225778103
2018-05-18,-0.13310177717357874
2018-05-21,0.20142701268196106
2018-05-22,-0.5532240855197111
2018-05-23,0.2321836668998003
2018-05-24,0.0416204035282135
2018-05-25,-0.1945892721414566
2018-05-28,0.6783204078674316
2018-05-29,-0.0659431740641594
2018-05-30,-0.24918521302086966
2018-05-31,-0.5646276324987411
2018-06-01,-0.6420686393976212
2018-06-04,-0.22302625783615643
2018-06-05,-0.48131866231560705
2018-06-06,0.05756353906222752
2018-06-07,-0.129093828300635
2018-06-08,-0.32843095374604064
2018-06-11,-0.02686776965856552
2018-06-12,-0.10963962268498209
2018-06-13,0.26679460642238456
2018-06-14,0.26679460642238456
2018-06-15,0.3116899812594056
2018-06-18,-0.08964134426787496
2018-06-19,-0.3235841687768698
2018-06-20,-0.33886004984378815
2018-06-21,0.13278227051099142
2018-06-22,-0.2919318697725733
2018-06-25,-0.07549671549350023
2018-06-26,-0.35776420185963315
2018-06-27,0.32103324722912574
2018-06-28,-0.4366435594856739
2018-06-29,0.17359631066210568
2018-07-02,-0.2542837070567267
2018-07-03,0.14269924722611904
2018-07-04,0.3523616258587156
2018-07-05,0.3334081768989563
2018-07-06,0.2807106003165245
2018-07-09,0.20407229661941528
2018-07-10,0.21914097533694335
2018-07-11,0.16336528460184732
2018-07-12,-0.4469246764977773
2018-07-13,-0.1228649914264679
2018-07-16,0.3294039648026228
2018-07-17,0.423039607082804
2018-07-18,-0.17750480473041536
2018-07-19,0.3361567294394428
2018-07-20,0.19712595641613007
2018-07-23,0.2290294567743937
2018-07-24,-0.2867575076719125
2018-07-25,0.18141173695524535
2018-07-26,0.5958979384352764
2018-07-27,0.44468533992767334
2018-07-30,-0.017578827483313426
2018-07-31,0.00941063870083202
2018-08-01,-0.1616726020971934
2018-08-02,0.27400591286520165
2018-08-03,-0.27006794326007366
2018-08-06,-0.019448472719107355
2018-08-07,-0.5147283424933752
2018-08-08,-0.20426213275641203
2018-08-09,0.14859135395714215
2018-08-10,-0.24882282795650618
2018-08-13,-0.0028461027890443803
2018-08-14,-0.35814309244354564
2018-08-16,0.6745251417160034
2018-08-17,-0.46120081190019846
2018-08-20,-0.07838675193488598
2018-08-21,-0.09982199668884277
2018-08-23,0.0736912690103054
2018-08-24,0.12145808797616225
2018-08-27,-0.2214479859918356
2018-08-28,-0.23295676615089178
2018-08-29,0.014895442640408874
2018-08-30,0.10920373052358627
2018-08-31,0.33223835358189213
2018-09-03,0.23499702662229538
2018-09-04,-0.3903456497937441
2018-09-05,0.1989441193640232
2018-09-06,0.03855799759427706
2018-09-07,-0.29502015685041744
2018-09-10,-0.07572698295116424
2018-09-11,0.15565066337585448
2018-09-12,0.32985445111989975
2018-09-14,0.3361707925796509
2018-09-17,0.0026345286518335343
2018-09-18,0.22281483728438617
2018-09-19,0.0023566411497692266
2018-09-21,-0.05927187502384186
2018-09-24,-0.4539987985044718
2018-09-25,0.19255221666147312
2018-09-26,0.1753143989481032
2018-09-27,0.07132607766173103
2018-09-28,0.007342422174082862
2018-10-01,0.18759372706214586
2018-10-03,-0.07310895392527947
2018-10-04,-0.02392930308213601
2018-10-05,-0.25805619545280933
2018-10-08,-0.1445339840526382
2018-10-09,-0.06195454951375723
2018-10-10,0.1598759712651372
2018-10-11,-0.07517525739967823
2018-10-12,-0.12738677598536013
2018-10-15,0.2404612423852086
2018-10-16,0.08365048944122261
2018-10-17,-0.24584265000053815
2018-10-19,0.09151202626526356
2018-10-22,-0.13000662935276827
2018-10-23,0.07330466744800408
2018-10-24,0.12768058904579707
2018-10-25,-0.36101807840168476
2018-10-26,0.19829074162989854
2018-10-29,0.06930203847587109
2018-10-30,0.00793081878994902
2018-10-31,0.01650594857831796
2018-11-01,-0.32423401400446894
2018-11-02,0.028757039170998793
2018-11-05,0.3079846849044164
2018-11-06,-0.25547839403152467
2018-11-07,-0.01660873754216092
2018-11-09,-0.3921409013370673
2018-11-12,-0.3646641965955496
2018-11-13,0.11540444195270538
2018-11-14,-0.11937485672533513
2018-11-15,-0.2223623175173998
2018-11-16,0.13305192839886462
2018-11-19,-0.007218583383493953
2018-11-20,0.13634148302177587
2018-11-21,-0.17558775345484415
2018-11-22,0.4624174125492573
2018-11-26,-0.029247041259493147
2018-11-27,-0.21231956271962685
2018-11-28,0.13237626340828443
2018-11-29,-0.2525134268216789
2018-11-30,-0.10840977868065238
2018-12-03,0.03650312705172433
2018-12-04,0.17214522723640716
2018-12-05,0.0001506991684436798
2018-12-06,-0.056864659488201144
2018-12-07,0.36568332676376614
2018-12-10,0.011062964797019958
2018-12-11,0.07706044068826097
2018-12-12,-0.06343697290867567
2018-12-13,0.0002514645457267761
2018-12-14,-0.3560426294803619
2018-12-17,-0.04686827380210161
2018-12-18,-0.22985623048787768
2018-12-19,-0.052752824086281985
2018-12-20,0.026926249265670776
2018-12-21,-0.20137839913368225
2018-12-24,-0.07140390481799841
2018-12-26,-0.2521142681630758
2018-12-27,-0.20095157623291016
2018-12-28,-0.2811955412228902
2018-12-31,0.17709681391716003
2019-01-02,-0.07750523618112008
2019-01-03,-0.17529512631396452
2019-01-04,-0.07472348213195801
2019-01-07,0.10899463202804327
2019-01-08,-0.17768895737826823
2019-01-09,-0.05954155760506789
2019-01-10,0.14061811566352844
2019-01-11,-0.9371455311775208
2019-01-14,-0.2270058679083983
2019-01-15,0.23240989912301302
2019-01-16,0.206484374457172
2019-01-17,0.507355985045433
2019-01-18,0.3638981431722641
2019-01-21,-0.060364926766072004
2019-01-22,0.525853892788291
2019-01-23,0.25287894904613495
2019-01-24,-0.13546810019761324
2019-01-25,-0.03694489784538746
2019-01-28,0.20851947516202926
2019-01-29,0.37725505977869034
2019-01-30,-0.5479367665118642
2019-01-31,-0.2794383163563907
2019-02-01,-0.19781890511512756
2019-02-04,-0.08362902594464165
2019-02-05,-0.4101189859211445
2019-02-06,0.046634855813213756
2019-02-07,0.16334541663527488
2019-02-08,-0.3356243471304576
2019-02-11,0.09067262522876263
2019-02-12,0.19300666078925133
2019-02-14,-0.3832035958766937
2019-02-15,-0.16590376943349838
2019-02-18,-0.31284092366695404
2019-02-19,-0.023737728595733643
2019-02-20,-0.4723053574562073
2019-02-21,-0.012360062982354845
2019-02-22,0.6814353279769421
2019-02-25,0.2747534265120824
2019-02-26,-0.16489051282405853
2019-02-27,-0.014808917045593261
2019-02-28,-0.014808917045593261
2019-03-01,0.3354821912944317
2019-03-05,-0.4660336747765541
2019-03-06,0.20634515987088284
2019-03-07,0.03893066321810087
2019-03-08,-0.2984136181573073
2019-03-11,-0.008689849637448788
2019-03-12,-0.07876155897974968
2019-03-13,0.735673725605011
2019-03-14,0.21096478328108786
2019-03-15,0.382606861491998
2019-03-18,-0.43281402066349983
2019-03-19,-0.43281402066349983
2019-03-20,0.8852816224098206
2019-03-22,-0.3009856256345908
2019-03-25,0.270190991461277
2019-03-26,0.01770998239517212
2019-03-27,-0.12527537532150745
2019-03-28,0.3245294814308484
2019-04-01,0.4860462509095669
2019-04-02,-0.21984974686056374
2019-04-03,0.12088440656661988
2019-04-04,-0.08257456868886948
2019-04-05,0.02978813648223877
2019-04-08,0.30763416178524494
2019-04-09,-0.23307516872882844
2019-04-10,0.006714874878525734
2019-04-11,-0.09725025668740273
2019-04-12,-0.7648345232009888
2019-04-15,-0.7648345232009888
2019-04-16,0.12535051349550486
2019-04-18,-0.4253350552171469
2019-04-22,-0.29528796672821045
2019-04-23,-0.06619686167687178
2019-04-24,-0.452887125313282
2019-04-25,0.11146380752325058
2019-04-26,0.11988886321584384
2019-04-30,0.32080507278442383
2019-05-02,0.32980720202128094
2019-05-03,-0.723037101328373
2019-05-06,-0.4902934245765209
2019-05-07,-0.45218006893992424
2019-05-08,-0.2722693818310897
2019-05-09,0.8364862203598022
2019-05-10,-0.05623470060527325
2019-05-13,-0.10130801796913147
2019-05-14,-0.6196419693529606
2019-05-15,-0.13488402714331946
2019-05-16,0.1916895111401876
2019-05-17,-0.0017752299706141155
2019-05-20,-0.009422091767191887
2019-05-21,0.4541045296937227
2019-05-22,-0.4044510507956147
2019-05-23,0.01478162407875061
2019-05-24,0.6541816592216492
2019-05-27,-0.4546569734811783
2019-05-28,-0.27544572576880455
2019-05-29,-0.13172327727079391
2019-05-30,0.03410168985525767
2019-05-31,0.14775996282696724
2019-06-03,0.06982014079888661
2019-06-04,0.3015697724185884
2019-06-06,-0.43733228743076324
2019-06-07,-0.252764662520753
2019-06-10,-0.010011783987283706
2019-06-11,-0.2503083171322942
2019-06-12,0.05286037549376488
2019-06-13,-0.05154778063297272
2019-06-14,0.019668806344270706
2019-06-17,-0.2625449225306511
2019-06-18,0.08980226330459118
2019-06-19,-0.47394875157624483
2019-06-20,0.28537217527627945
2019-06-21,0.7810931205749512
2019-06-24,-0.29020107484289576
2019-06-25,-0.1961119311551253
2019-06-26,-0.1961119311551253
2019-06-27,0.03306750953197479
2019-06-28,-0.2847311153475727
2019-07-01,0.10851607065309178
2019-07-02,0.22180579354365668
2019-07-03,0.5869838160773119
2019-07-04,0.1162450797855854
2019-07-05,0.09573258459568024
2019-07-08,-0.12191486060619354
2019-07-09,-0.20335303153842688
2019-07-10,0.06904741749167442
2019-07-11,0.09317957609891891
2019-07-12,0.39844439178705215
2019-07-15,-0.8121887147426605
2019-07-16,0.5368372157216073
2019-07-17,-0.2657542645931244
2019-07-18,0.05923810601234436
2019-07-19,0.0015041444450616837
2019-07-22,-0.1483421018347144
2019-07-23,-0.28954895585775375
2019-07-24,0.911533772945404
2019-07-25,0.100529994815588
2019-07-26,0.100529994815588
2019-07-29,-0.2487366534769535
2019-07-30,-0.4634984997766359
2019-07-31,0.021671734750270844
2019-08-01,0.16909843310713768
2019-08-02,0.7705812752246857
2019-08-05,-0.005428873933851719
2019-08-06,0.33049536729231477
2019-08-07,0.23896784335374832
2019-08-08,-0.07969616105159123
2019-08-09,-0.39615630097687243
2019-08-13,0.09773211181163788
2019-08-14,-0.08543247657899673
2019-08-16,-0.2413469267388185
2019-08-19,-0.08422920294106007
2019-08-20,-0.08420493320694991
2019-08-21,0.10357729585043021
2019-08-22,-0.45540332049131393
2019-08-23,0.06075190752744675
2019-08-26,-0.05055324360728264
2019-08-27,0.19933917999944903
2019-08-28,-0.7697264552116394
2019-08-29,0.049347841180860996
2019-08-30,0.06618757409354051
2019-09-03,0.11741037226536057
2019-09-04,0.06096291672438383
2019-09-05,0.11071906313300132
2019-09-06,0.4158428991213441
2019-09-09,-0.4439985454082489
2019-09-11,0.26659958126644295
2019-09-12,-0.3611114536626981
2019-09-13,-0.21933769434690475
2019-09-16,-0.0766838937997818
2019-09-17,-0.1842465947071711
2019-09-18,-0.1696582268923521
2019-09-19,0.012445592135190964
2019-09-20,-0.011442785461743673
2019-09-23,0.10613269060850143
2019-09-24,-0.3726078820015703
2019-09-25,-0.2824918895959854
2019-09-26,0.4256835602223873
2019-09-27,0.8437618613243103
2019-09-30,-0.1385969974928432
2019-10-01,-0.24370770502303327
2019-10-03,-0.057745800664027534
2019-10-04,-0.06947301901303805
2019-10-07,-0.3009655047208071
2019-10-09,-0.30784850008785725
2019-10-10,-0.27887020775905025
2019-10-11,0.3830830629914999
2019-10-14,0.08682093926920341
2019-10-15,-0.48434409002463025
2019-10-16,-0.12418760498985648
2019-10-17,-0.057388375202814736
2019-10-18,-0.5077098682522774
2019-10-22,-0.19647938453338362
2019-10-23,0.11857674519220988
2019-10-24,-0.3259364888072014
2019-10-25,-0.10123135335743427
2019-10-29,-0.09906487464904785
2019-10-30,-0.20866253537436327
2019-10-31,0.5006829313933849
2019-11-01,-0.19627918489277363
2019-11-04,0.12767326754207411
2019-11-05,-0.050516627728939056
2019-11-06,-0.1651776230169667
2019-11-07,-0.18514376630385718
2019-11-08,-0.04953862038942484
2019-11-11,-0.04154280014336109
2019-11-13,0.4550568759441376
2019-11-14,-0.7174766004085541
2019-11-15,0.07309027761220932
2019-11-18,0.2819199405078377
2019-11-19,-0.06068896618671715
2019-11-20,-0.1841318288987333
2019-11-21,-0.11679456170116152
2019-11-22,0.16520844530314208
2019-11-25,0.1925731599330902
2019-11-26,-0.018555335700511932
2019-11-27,-0.140015899669379
2019-11-28,0.24419029470947054
2019-11-29,-0.06222657114267349
2019-12-02,-0.1140937821732627
2019-12-03,-0.26927353053664166
2019-12-04,0.10717355199158192
2019-12-05,-0.22976634213700892
2019-12-06,0.047766076090435185
2019-12-09,-0.1026393910869956
2019-12-10,-0.16186865874462658
2019-12-11,-0.23948107895751794
2019-12-12,-0.0369459877256304
2019-12-13,-0.003029651939868927
2019-12-16,0.252372807264328
2019-12-17,0.03587769690368857
2019-12-18,0.3638710118830204
2019-12-19,-0.19889142736792564
2019-12-20,0.28131525715192157
2019-12-23,-0.11792284037385668
2019-12-24,0.07150836164752643
2019-12-26,0.19955885037779808
2019-12-27,0.1359069465022338
2019-12-30,-0.17532055266201496
2019-12-31,0.15282376296818256
2020-01-01,0.24629904267688593
2020-01-02,0.0061347526498138905
2020-01-03,0.4370635002851486
2020-01-06,0.325035880630215
2020-01-07,-0.07104163095355034
2020-01-08,0.3417557453115781
2020-01-09,0.5173686295747757
2020-01-10,-0.06019584834575653
2020-01-13,0.10863911360502243
2020-01-14,0.030242982786148787
2020-01-15,-0.1429999867454171
2020-01-16,0.02246987074613571
2020-01-17,0.20902946591377258
2020-01-20,0.2634106899301211
2020-01-21,0.8795812726020813
2020-01-22,-0.2918890466292699
2020-01-23,0.4050844331773428
2020-01-24,0.06668814271688461
2020-01-27,-0.024310209921428134
2020-01-28,0.24379753611154026
2020-01-29,0.05119084492325783
2020-01-30,-0.08050372699896495
2020-01-31,-0.3543369919061661
2020-02-03,0.36625056092937786
2020-02-04,0.0033141089869397028
2020-02-05,0.17087645828723907
2020-02-06,0.3118807052572568
2020-02-07,0.05804023891687393
2020-02-10,0.12432881196339925
2020-02-11,-0.23106804750859739
2020-02-12,0.014065721537917852
2020-02-13,-0.38046603091061115
2020-02-14,0.5361822247505188
2020-02-17,0.340889905889829
2020-02-18,-0.42062992850939435
2020-02-19,0.004798579216003418
2020-02-20,0.2306806379929185
2020-02-24,0.29871775209903717
2020-02-25,-0.006292107282206416
2020-02-26,0.002228632037128721
2020-02-27,0.03620278888515064
2020-02-28,0.09274352590243022
2020-03-02,0.5918700397014618
2020-03-03,0.19611092749983072
2020-03-04,0.09762255412836869
2020-03-05,-0.14701979837956883
2020-03-06,-0.18294278340967926
2020-03-09,-0.18937995187938214
2020-03-11,0.11494743161731297
2020-03-12,0.003839226129154364
2020-03-13,0.13567854091525078
2020-03-16,-0.07512687871025668
2020-03-17,0.09222339428961276
2020-03-18,-0.0031089607912760516
2020-03-19,0.2702653929591179
2020-03-20,-0.07167033271657096
2020-03-23,0.03790677276750406
2020-03-24,-0.19686285282174745
2020-03-25,-0.002619802951812744
2020-03-26,0.09122964243094127
2020-03-27,0.2594497376786811
2020-03-30,-0.4045182324945927
2020-03-31,0.0860442690551281
2020-04-01,-0.06527556143701077
2020-04-03,-0.6593463681638241
2020-04-07,-0.21817438304424286
2020-04-08,0.11810657614842057
2020-04-09,0.06186194159090519
2020-04-13,0.6268833886831999
2020-04-15,-0.06731089949607849
2020-04-16,-0.7897217273712158
2020-04-17,0.3826297428458929
2020-04-20,0.1788771331310272
2020-04-21,-0.10891485214233398
2020-04-22,0.5722697973251343
2020-04-23,-0.11241286247968674
2020-04-24,-0.26633143424987793
2020-04-27,-0.04309651876489321
2020-04-28,-0.11210845535000165
2020-04-29,0.06692208349704742
2020-04-30,-0.06116639375686646
2020-05-04,-0.28400367945432664
2020-05-05,-0.03027215600013733
2020-05-06,-0.2136770784854889
2020-05-07,0.061814347902933754
2020-05-08,0.10876448154449463
2020-05-11,0.0362081341445446
2020-05-12,0.08172281458973885
2020-05-13,-0.14173462986946106
2020-05-14,-0.14784115552902222
2020-05-15,0.560145914554596
2020-05-18,0.011182514950633049
2020-05-19,-0.06651398539543152
2020-05-20,-0.3706916769345601
2020-05-21,-0.08058257307857275
2020-05-22,0.09501954913139343
2020-05-26,-0.03356729820370674
2020-05-27,-0.03356729820370674
2020-05-28,-0.03356729820370674
2020-05-29,-0.03356729820370674
2020-06-01,-0.4135217435657978
2020-06-02,0.03533814969257666
2020-06-03,-0.017056699935346843
2020-06-04,-0.16458739678968082
2020-06-05,-0.08229556096636731
2020-06-08,-0.32655468983575703
2020-06-09,0.20076315340242887
2020-06-10,-0.183952412028846
2020-06-11,-0.2168951004962711
2020-06-12,-0.025741975202604576
2020-06-15,-0.07887457683682442
2020-06-16,-0.23624658522506556
2020-06-17,-0.32405511296998996
2020-06-18,-0.17018019816336724
2020-06-19,-0.04275253086405642
2020-06-22,-0.0909015379846096
2020-06-23,-0.09006410312873346
2020-06-24,-0.23470990011549514
2020-06-25,-0.05022170780033901
2020-06-26,-0.3631472075848203
2020-06-29,-0.10007086815312505
2020-06-30,-0.03811868233606219
2020-07-01,-0.07269824410860355
2020-07-02,0.008264553849585354
2020-07-03,-0.3010907679310311
2020-07-06,-0.1955140441423282
2020-07-07,-0.16912356728599184
2020-07-08,-0.22576764752359493
2020-07-09,-0.1525420483201742
2020-07-10,-0.21494015857577323
2020-07-13,-0.2984189367853105
2020-07-14,0.2640858544036746
2020-07-15,-0.0810413884097024
2020-07-16,0.09665735443367769
2020-07-17,0.015691995173692703
2020-07-20,-0.3112072011625225
2020-07-21,-0.22919901348650457
2020-07-22,-0.3578507862985134
2020-07-23,-0.23550074316561223
2020-07-24,-0.24612201355835972
2020-07-27,-0.14183916399876276
2020-07-28,-0.28277621178754736
2020-07-29,-0.06811554229965336
2020-07-30,0.05560285513373939
2020-07-31,0.03621960647012058
2020-08-03,-0.061381530340598976
2020-08-04,-0.16610255322108666
2020-08-05,-0.013045419123955071
2020-08-06,-0.19673525102968728
2020-08-07,-0.21065170750288026
2020-08-10,-0.08455147172667478
2020-08-11,-0.014122019211451212
2020-08-12,0.005783748273786746
2020-08-13,-0.16350152678787708
2020-08-14,-0.000263518310691181
2020-08-17,-0.26203354490412906
2020-08-18,0.029160278212083012
2020-08-19,-0.2470975783379639
2020-08-20,-0.1766227437183261
2020-08-21,-0.0035037309862673283
2020-08-24,-0.22966364069896586
2020-08-25,-0.2754706050390783
2020-08-26,-0.24954458012392647
2020-08-27,-0.16658654776127899
2020-08-28,-0.20391946925471227
2020-08-31,-0.11330183418024153
2020-09-01,-0.0034235629977451432
2020-09-02,-0.18519712860385576
2020-09-03,-0.09491215690093882
2020-09-04,-0.18665045228871432
2020-09-07,-0.1725636642659083
2020-09-08,0.0672087234755357
2020-09-09,-0.41169242809216183
2020-09-10,-0.18865379253807274
2020-09-11,-0.1948638716712594
2020-09-14,-0.17722087651491164
2020-09-15,-0.33056454554848047
2020-09-16,0.007142232829018643
2020-09-17,-0.09790326418975989
2020-09-18,-0.21712048665473335
2020-09-21,-0.13151640379253557
2020-09-22,-0.1388356118378314
2020-09-23,-0.28048719419166446
2020-09-24,-0.300970194550852
2020-09-25,-0.11989016830921173
2020-09-28,0.007600164040923119
2020-09-29,-0.1986901833831022
2020-09-30,0.06566413597244283
2020-10-01,-0.1551302977438484
2020-10-05,-0.03672783429685392
2020-10-06,0.15128593693176906
2020-10-07,-0.2043575072153048
2020-10-08,-0.22185833236345878
2020-10-09,-0.17503383138682693
2020-10-12,-0.2811046810377212
2020-10-13,-0.37062647390282816
2020-10-14,-0.13665660098195076
2020-10-15,0.08035056003265911
2020-10-16,-0.04046637254456679
2020-10-19,0.03544368366287513
2020-10-20,-0.0644647994150336
2020-10-21,-0.16586189427309567
2020-10-22,0.08135072828123444
2020-10-23,-0.08856789910179727
2020-10-26,0.03269809907810255
2020-10-27,0.08729492900893092
2020-10-28,-0.1882029481451301
2020-10-29,-0.14104532009284748
2020-10-30,-0.13301317639648913
2020-11-02,-0.2275117817089746
2020-11-03,-0.09554697573184967
2020-11-04,-0.12397530746574585
2020-11-05,-0.06136035919189453
2020-11-06,-0.07984589991208754
2020-11-09,-0.1926092427027853
2020-11-10,-0.16502327503015599
2020-11-11,-0.09997611128104229
2020-11-12,-0.17586068640507402
2020-11-13,-0.09120074524120851
2020-11-17,-0.05371656879368755
2020-11-18,-0.22411660270558464
2020-11-19,-0.21630199486389756
2020-11-20,-0.11585793644189835
2020-11-23,0.14336791106810173
2020-11-24,-0.20105552972693527
2020-11-25,-0.004173431700716416
2020-11-26,-0.2153674300922
2020-11-27,-0.14179766068065708
2020-12-01,0.01270405575633049
2020-12-02,0.09025707706395122
2020-12-03,-0.18205251950113213
2020-12-04,-0.13395225467781227
2020-12-07,-0.09593192428689111
2020-12-08,-0.04455812768462826
2020-12-09,-0.13232936337590218
2020-12-10,-0.1667700610546903
2020-12-11,-0.1214191660284996
2020-12-14,-0.21297644844485653
2020-12-15,-0.059192044216962086
2020-12-16,0.09985037232664498
2020-12-17,-0.057932743802666664
2020-12-18,-0.05914898723777798
2020-12-21,0.01590261303565719
2020-12-22,-0.156897010998084
2020-12-23,-0.057512185613935195
2020-12-24,-0.14776621488007632
2020-12-28,-0.09282369220939775
2020-12-29,0.00992763349238564
2020-12-30,-0.045222832821309566
2020-12-31,-0.18796636313199996
