Date,Open,High,Low,Close,Volume,log_return,rsi,macd,macd_signal,macd_diff,bb_width,roc,atr
2021-04-22,14219.150390625,14424.75,14151.400390625,14406.150390625,524600,0.007647441212800463,43.589693217718356,-100.44025980153492,-65.92145060814204,-34.51880919339288,5.319706597743526,-2.956862737874754,271.4630358573717
2021-04-23,14326.349609375,14461.150390625,14273.2998046875,14341.349609375,498100,-0.004508280094204329,42.07814318996275,-108.2419106858506,-74.38554262368375,-33.85636806216685,5.503227255801651,-2.3780390402968714,265.4907180059523
2021-04-26,14449.4501953125,14557.5,14421.2998046875,14485.0,452700,0.009966685459202936,46.50657885545038,-101.66149875691372,-79.84073385032974,-21.820764906583975,5.361486459209224,-2.5717402188073883,261.9664089073129
2021-04-27,14493.7998046875,14667.5498046875,14484.849609375,14653.0498046875,451800,0.011534860370141113,51.20645210972807,-81.9416873417158,-80.26092454860697,-1.6807627931088405,5.375407484811517,0.10418232387026125,256.3045365076834
2021-04-28,14710.5,14890.25,14694.9501953125,14864.5498046875,457000,0.014330678808834763,56.398559354368224,-48.68608936864803,-73.94595751261518,25.259868143967154,5.362467763158552,1.233015321193857,254.93994070802745
2021-04-29,14979.0,15044.349609375,14814.4501953125,14894.900390625,517500,0.002039728305535653,57.103966386853784,-19.655177099935827,-63.08780143007932,43.43262433014349,5.573849649997422,0.5118451380972299,253.15133166191836
2021-04-30,14747.349609375,14855.4501953125,14601.7001953125,14631.099609375,613900,-0.017869525228607498,49.59364299173439,-17.730106708779203,-54.0162624858193,36.28615577704009,5.4101424659515205,-1.6317296084354493,256.01196477981705
2021-05-03,14481.0498046875,14673.849609375,14416.25,14634.150390625,448900,0.0002084917272909865,49.676073230809294,-15.776441012472787,-46.368298191150004,30.591857178677216,5.393097356986619,-1.3528901474212893,256.12536796518725
2021-05-04,14687.25,14723.400390625,14461.5,14496.5,503400,-0.009450624224999165,46.01934453394767,-25.04666069044106,-42.103970691008215,17.057310000567156,5.199390792827675,1.2976227593629948,256.5378695837453
2021-05-05,14604.150390625,14637.900390625,14506.599609375,14617.849609375,455900,0.008336116981918119,49.545420695036825,-22.34391056559616,-38.151958665925804,15.808048100329643,5.195133500372489,0.7793958290342333,248.3137639438349
2021-05-06,14668.349609375,14743.900390625,14611.5,14724.7998046875,467800,0.007289775876840782,52.49091433833899,-11.440100322448416,-32.809586997230326,21.36948667478191,5.226475423262739,0.9830956966206462,240.03423727820385
2021-05-07,14816.849609375,14863.0498046875,14765.5,14823.150390625,488000,0.006657040403640492,55.08751203382823,5.078773251356324,-25.231914947512998,30.31068819886932,5.232984331331116,1.4044526844655219,232.763934615475
2021-05-10,14928.25,14966.900390625,14892.5,14942.349609375,522000,0.008009262800994111,58.07805829844297,27.4718024957765,-14.6911714588551,42.1629739546316,5.3814276609843485,4.059343541250498,226.40579642865535
2021-05-11,14789.7001953125,14900.0,14771.400390625,14850.75,647400,-0.006149068019026527,55.044831698902854,37.3960383069807,-4.273729505687941,41.66976781266864,5.407829698461696,3.8775467546258704,222.4446123087514
2021-05-12,14823.5498046875,14824.0498046875,14649.7001953125,14696.5,643800,-0.0104409988264523,50.282437661564686,32.4404277510057,3.0691019456507878,29.371325805354914,5.104433865340758,2.0154559094700897,220.9164117643763
2021-05-14,14749.400390625,14749.650390625,14591.900390625,14677.7998046875,620700,-0.001273235308628596,49.720804710876926,26.696381931498763,7.794557942820383,18.90182398867838,5.057968481462763,2.3460148764002033,216.404525209778
2021-05-17,14756.25,14938.0,14725.349609375,14923.150390625,546400,0.016577589783995917,56.574253732247854,41.46395537354874,14.528437428966056,26.935517944582685,5.331857956915652,3.0248559932688988,219.53278735997242
2021-05-18,15067.2001953125,15137.25,15043.7001953125,15108.099609375,583900,0.012317273309973075,60.90077732951429,67.31525167004293,25.08580027718143,42.22945139286149,5.980254519620371,3.105495516311764,219.14470321818868
2021-05-19,15058.599609375,15133.400390625,15008.849609375,15030.150390625,569100,-0.005172788238334181,58.26595924276568,80.58381961835039,36.18540414541522,44.39841547293517,5.994333909747591,1.1140639179349936,212.3879945061752
2021-05-20,15042.599609375,15069.7998046875,14884.900390625,14906.0498046875,480300,-0.008291052039504188,54.242373734012354,80.1613253193791,44.980588380208005,35.1807369391711,5.517418590297493,0.074853901470315,210.42452447448412
2021-05-21,14987.7998046875,15190.0,14985.849609375,15175.2998046875,572900,0.01790193553229923,60.599573023525366,100.39542436924967,56.06355557801634,44.331868791233326,5.685114463026292,3.7194757047775076,215.67635810577096
2021-05-24,15211.349609375,15256.25,15145.4501953125,15197.7001953125,579800,0.0014750202275935762,61.083985432607115,116.89116932292018,68.22907832699711,48.662090995923066,5.525331418079336,3.8509225998423795,208.18517571875162
2021-05-25,15291.75,15293.849609375,15163.400390625,15208.4501953125,441500,0.0007070938155468382,61.329699170186615,129.3406427843638,80.45139121847046,48.889251565893346,5.56866992648305,4.911186805866934,202.6326073638408
2021-05-26,15257.0498046875,15319.900390625,15194.9501953125,15301.4501953125,384000,0.0060964006336564555,63.47809205761479,145.039339738094,93.36898092239517,51.67035881569882,5.995195313322899,4.676478443854561,197.0838636458879
2021-05-27,15323.9501953125,15384.5498046875,15272.5,15337.849609375,0,0.0023759962804964516,64.31375874493196,158.5896756271959,106.41311986335532,52.17655576384058,6.540866818190437,4.163382951341324,191.0100022917173
2021-05-28,15421.2001953125,15469.650390625,15394.75,15435.650390625,468100,0.006356190262519319,66.52976512888405,175.20051762717958,120.17059941612018,55.029918211059396,7.2143616569601425,4.132050096363994,186.7807722173089
2021-05-31,15437.75,15606.349609375,15374.0,15582.7998046875,436000,0.00948793489109113,69.58956952534251,197.95653777884945,135.72778708866605,62.2287506901834,7.855063096803037,4.28614114951958,190.03568915714396
2021-06-01,15629.650390625,15660.75,15528.2998046875,15574.849609375,409600,-0.000510320620107419,69.22137352944159,212.89520992085636,151.16127165510412,61.73393826575224,8.234640856821631,4.875845390805178,185.92243959681224
2021-06-02,15520.349609375,15597.4501953125,15459.849609375,15576.2001953125,428600,8.67120656808025e-05,69.25113765119056,222.28088059213223,165.38519344250975,56.89568714962249,8.106486876666308,5.985780255928282,182.47087862114708
2021-06-03,15655.5498046875,15705.099609375,15611.0,15690.349609375,410200,0.007301728008600275,71.73869022994646,236.20714699094242,179.5495841521963,56.65756283874612,8.273508652251408,6.898512162321032,178.64434543838658
2021-06-04,15712.5,15733.599609375,15622.349609375,15670.25,414200,-0.0012818385093088212,70.65480442308308,242.82283248726526,192.20423381921012,50.61859866805514,8.388597962193895,5.006312942100629,173.83046362135897
2021-06-07,15725.099609375,15773.4501953125,15678.099609375,15751.650390625,394000,0.0051811361952536165,72.46896678165487,251.73232855290553,204.1098527659492,47.62247578695633,8.659242896282688,4.259640840934479,168.78544445644047
2021-06-08,15773.900390625,15778.7998046875,15680.0,15740.099609375,378200,-0.0007335750962069031,71.79073660911422,254.92252863506837,214.27238793977304,40.650140695295335,8.91542041216656,4.723500432788938,163.78647018723044
2021-06-09,15766.2998046875,15800.4501953125,15566.900390625,15635.349609375,457900,-0.0066772200430738555,65.77849626188433,246.1607477463349,220.65005990108543,25.510687845249464,8.74587736099751,4.892643015711362,168.76956550867826
2021-06-10,15692.099609375,15751.25,15648.5,15737.75,298300,0.006527933518834105,68.5512046941263,244.65954604295257,225.4519571294589,19.20758891349368,8.216456187980679,3.706353103737461,164.99319587412978
2021-06-11,15796.4501953125,15835.5498046875,15749.7998046875,15799.349609375,363000,0.003906490354253145,70.11958975914298,245.60917684038577,229.48340107164427,16.125775768741505,7.450420396334597,3.9588188102833453,160.19366793222767
2021-06-14,15791.400390625,15823.0498046875,15606.5,15811.849609375,392900,0.0007908589968395644,70.44172960033983,244.55137559232753,232.49699597578092,12.054379616546612,7.127357645319392,3.967527304317161,164.21910627188998
2021-06-15,15866.9501953125,15901.599609375,15842.400390625,15869.25,323300,0.003623640223476974,71.93785588652885,245.51465220747014,235.10052722211879,10.41412498535135,7.131517874596223,3.7107581140344577,158.8998843953264
2021-06-16,15847.5,15880.849609375,15742.599609375,15767.5498046875,340200,-0.006429256198967984,65.60209781614454,235.35863224047353,235.15214822578974,0.20648401468378097,6.685418873663279,2.8015674051847075,157.4248926528031
2021-06-17,15648.2998046875,15769.349609375,15616.75,15691.400390625,357600,-0.004841201776747716,61.25207659840302,218.6448897514838,231.85069653092856,-13.20580677944477,5.5711658105017055,1.656878677139075,157.08022956153147
2021-06-18,15756.5,15761.5,15450.900390625,15683.349609375,640800,-0.0005132013116724437,60.79310677746269,202.41617004072032,225.96379123288693,-23.547621192166616,5.055384934296389,0.6452614802716863,168.0458995482078
2021-06-21,15525.849609375,15765.150390625,15505.650390625,15746.5,351500,0.0040185031994205474,63.12706823968315,192.4322621685751,219.25748542002458,-26.825223251449472,4.501545345418889,1.1020998271577411,174.5783352947644
2021-06-22,15840.5,15895.75,15752.099609375,15772.75,322200,0.0016656491552922152,64.0841635451491,184.51116896767962,212.3082221295556,-27.797053161875965,3.81004461080426,1.2618597746750178,172.76916848799553
2021-06-23,15862.7998046875,15862.9501953125,15673.9501953125,15686.9501953125,287500,-0.005454598542621072,58.719171181544915,169.35806401791524,203.71819050722752,-34.36012648931228,3.1793495796193323,-0.02166563618486134,173.92851359599584
2021-06-24,15737.2998046875,15821.400390625,15702.7001953125,15790.4501953125,316700,0.006576170313444658,62.76837059344777,163.81237707416585,195.7370278206152,-31.924650746449345,2.5297626175665338,0.7670598446897784,171.10863371860327
2021-06-25,15839.349609375,15870.7998046875,15772.2998046875,15860.349609375,314600,0.004416920149496724,65.24763577302383,163.17667956966943,189.22495817042605,-26.048278600756618,2.154365595765173,0.6900814584781233,165.92230273870305
2021-06-28,15915.349609375,15915.650390625,15792.150390625,15814.7001953125,255100,-0.0028823598351750412,62.32856630352248,157.17751396919812,182.81546933018046,-25.637955360982346,2.0493359181975785,0.4739524386050705,162.89213825736712
2021-06-29,15807.5,15835.900390625,15724.0498046875,15748.4501953125,360300,-0.004197939462444536,58.25523295606796,145.40121597487814,175.33261865912,-29.931402684241846,1.8277462633296426,0.7233646113655468,159.24631309166233
2021-06-30,15776.900390625,15839.099609375,15708.75,15721.5,262400,-0.0017127578361914226,56.63379912894548,132.36790463274883,166.73967585384577,-34.371771221096935,1.558318924076142,-0.10325491255103177,157.18226282618645
2021-07-01,15755.0498046875,15755.5498046875,15667.0498046875,15680.0,224900,-0.0026431873739428875,54.13509930134584,117.3376133574875,156.85926335457413,-39.52164999708663,1.5720322625280503,-0.7554083701279732,152.27638691003025
2021-07-02,15705.849609375,15738.349609375,15635.9501953125,15722.2001953125,254800,0.0026877238189711517,56.248966755976625,107.59096069259795,147.0056028221789,-39.414642129580955,1.5130768494191318,-0.5669761367408022,148.71374599234952
2021-07-05,15793.400390625,15845.9501953125,15762.0498046875,15834.349609375,207000,0.007107867426692256,61.3474674281494,107.6749785505308,139.1394779678493,-31.464499417318507,1.5805056226688832,-0.2199246380578792,146.93062127861026
2021-07-06,15813.75,15914.2001953125,15801.0,15818.25,391400,-0.0010172694162285671,60.26179393080685,105.22943990161184,132.35747035460182,-27.128030452989975,1.6140231329577,0.32154770995191306,144.5213051381738
2021-07-07,15819.599609375,15893.5498046875,15779.7001953125,15879.650390625,329300,0.003874103121228537,62.95443981730373,107.01226055528969,127.2884283947394,-20.276167839449712,1.5722058138271013,1.1997017175883935,142.33046972651852
2021-07-08,15855.400390625,15885.75,15682.900390625,15727.900390625,307900,-0.009602209739377547,53.335455016609146,95.08413131751149,120.84756897929383,-25.763437661782334,1.5800449872367375,0.28406419776148445,146.65326541569578
2021-07-09,15688.25,15730.849609375,15632.75,15689.7998046875,243200,-0.0024254228908178565,51.21940914948967,81.6157880926985,113.00121280197476,-31.385424709276265,1.6333060102615533,-0.36008125813672875,143.18514712707466
2021-07-12,15766.7998046875,15789.2001953125,15644.75,15692.599609375,216300,0.00017843152513541638,51.372086800838,70.35691912419861,104.47235406641954,-34.11543494222093,1.6587803140813504,-0.5081573639663344,143.2755077117479
2021-07-13,15794.0,15820.7998046875,15744.599609375,15812.349609375,246700,0.0076020168050800795,57.4992256995623,70.28678623863198,97.63524050086204,-27.348454262230064,1.5654643401537698,0.7993868310997205,142.19869968323022
2021-07-14,15808.7001953125,15877.349609375,15764.2001953125,15853.9501953125,0,0.00262743737830436,59.41248218446012,72.74941506417053,92.65807541352373,-19.908660349353198,1.6541251391391807,0.40214179592454175,140.12375071032093
2021-07-15,15872.150390625,15952.349609375,15855.0,15924.2001953125,284900,0.0044212840314639245,62.4838130705059,79.45376055353154,90.01721244152529,-10.56345188799375,1.8275841392872516,0.402579939976595,137.1434409497623
2021-07-16,15958.349609375,15962.25,15882.599609375,15923.400390625,276300,-5.022699813825734e-05,62.4258940530608,83.737194844447,88.76120892210963,-5.024014077662628,1.9262672886302494,0.6873364273115902,133.03679449799355
2021-07-19,15754.5,15836.900390625,15707.5,15752.400390625,242100,-0.010796990571541962,51.445917204829804,72.49786621374551,85.50854038043681,-13.010674166691302,1.9227159177486783,0.025083073340612074,138.95562279277974
2021-07-20,15703.9501953125,15728.4501953125,15578.5498046875,15632.099609375,274300,-0.007666291987629491,45.39646917693374,53.26929438098705,79.06069118054685,-25.791396799559806,2.101805005141455,-0.568650514422924,141.44812016025975
2021-07-22,15736.599609375,15834.7998046875,15726.400390625,15824.0498046875,265300,0.012204454864528006,54.57484870626165,52.909382806108624,73.83042950565921,-20.921046699550587,2.0452505922684647,0.9186849788743623,145.82326838541977
2021-07-23,15856.7998046875,15899.7998046875,15768.400390625,15856.0498046875,294100,0.0020201963552988087,55.90553435457031,54.577151426290584,69.97977388978549,-15.402622463494907,2.0820433173213666,0.8513414643766376,144.7929930766398
2021-07-26,15849.2998046875,15893.349609375,15797.0,15824.4501953125,267100,-0.001994894010794567,54.216543357094686,52.741079353198074,66.53203498246802,-13.790955629269945,2.0516804586815165,-0.06251860232161909,141.3327513836655
2021-07-27,15860.5,15881.5498046875,15701.0,15746.4501953125,311000,-0.004941269190283573,50.18609373358198,44.479301183646385,62.1214882227037,-17.642187039057312,2.056750069808651,-0.45390485475637316,144.13396947679655
2021-07-28,15761.5498046875,15767.5,15513.4501953125,15709.400390625,318600,-0.0023556712745251398,48.347557414370634,34.5439714611075,56.60598487038446,-22.062013409276958,2.089256407758454,-1.0721268781868893,151.98510056327538
2021-07-29,15762.7001953125,15817.349609375,15737.7998046875,15778.4501953125,401600,0.0043858132000563635,51.885312049054434,31.874464257994987,51.65968074790657,-19.785216489911583,2.060052269195931,0.3214021161885756,148.83968043375572
2021-07-30,15800.599609375,15862.7998046875,15744.849609375,15763.0498046875,400000,-0.000976516135808173,51.045564354454285,28.19120706315698,46.965986010956655,-18.774778947799675,1.9740671688381939,0.4668638281676211,146.63328863938028
2021-08-02,15874.900390625,15892.900390625,15834.650390625,15885.150390625,244800,0.007716153904229494,56.989205096076844,34.724414611351676,44.51767173103566,-9.793257119683986,2.00287382689029,1.2270164666341656,145.43452416067456
2021-08-03,15951.5498046875,16146.900390625,15914.349609375,16130.75,341300,0.015342653128218075,65.94552012890743,59.03929632020663,47.42199664886986,11.617299671336774,2.7193170379426093,2.013618459562918,153.7427724349121
2021-08-04,16195.25,16290.2001953125,16176.150390625,16258.7998046875,427300,0.007906900379200192,69.51036069219212,87.63140405782724,55.463878130661335,32.167525927165904,3.6681964159870484,2.553619788049422,154.15044549759696
2021-08-05,16288.9501953125,16349.4501953125,16210.2998046875,16294.599609375,418200,0.002199451962862978,70.4419574109765,111.88980446484857,66.74906339749879,45.14074106734978,4.455606191021584,2.3260158093938808,153.07901300669715
2021-08-06,16304.400390625,16336.75,16223.2998046875,16238.2001953125,320100,-0.0034672374282357825,66.97030255042822,125.12147768513569,78.42354625502617,46.69793143010952,4.853282762794455,1.9769634435170036,150.24838317139736
2021-08-09,16281.349609375,16320.75,16179.0498046875,16258.25,240500,0.0012339690711517842,67.58196532069994,135.6617020614558,89.8711774163121,45.790524645143705,5.133850258031016,3.2112541379792194,149.6377983243333
2021-08-10,16274.7998046875,16359.25,16202.25,16280.099609375,288000,0.0013430068163520583,68.27152967055825,144.11669909206285,100.72028175146224,43.39641734060061,5.349567008044427,4.145316471828113,150.1636698725952
2021-08-11,16327.2998046875,16338.75,16162.5498046875,16282.25,277900,0.00013207834532344713,68.34289998507742,149.2701701021706,110.43025942160392,38.839910680566675,5.606531331503441,2.8955937384421593,152.02342168973126
2021-08-12,16303.650390625,16375.5,16286.900390625,16364.400390625,280200,0.005032710127087298,71.02440038505068,158.16001279411103,119.97621009610535,38.18380269800568,5.97216404498565,3.2060355019017224,147.82532014046475
2021-08-13,16385.69921875,16543.599609375,16376.2998046875,16529.099609375,321900,0.010014172717061967,75.50425552105331,176.46099517048424,131.27316711098112,45.18782805950312,6.635405715642976,4.452915617069783,150.0663128982887
2021-08-16,16518.400390625,16589.400390625,16480.75,16563.05078125,254000,0.0020519176533692787,76.31711243712037,191.4967757554423,143.31788883987335,48.17888691556894,7.226644138630286,5.185934453852911,147.1080327359109
2021-08-17,16545.25,16628.55078125,16495.400390625,16614.599609375,297400,0.0031074454639570138,77.53598833401054,205.2068035199518,155.69567177588905,49.51113174406274,7.614851025781462,5.762150026363842,146.11105829941727
2021-08-18,16691.94921875,16701.849609375,16535.849609375,16568.849609375,251800,-0.002757400455017452,73.90076773158108,209.9601665432001,166.54857072935127,43.411595813848834,7.537195126196308,5.009360262120762,147.53169699231603
2021-08-20,16382.5,16509.55078125,16376.0498046875,16450.5,350800,-0.007168531033199722,65.36342600715383,201.85060843129395,173.6089782697398,28.241630161554156,7.479444773956943,4.361149674906636,150.76513325625774
2021-08-23,16592.25,16592.5,16395.69921875,16496.44921875,275600,0.002789286998064274,66.9593713130732,196.8621389455384,178.25961040489952,18.602528540638872,7.439565356810209,3.848240734854941,154.05339382723932
2021-08-24,16561.400390625,16647.099609375,16495.30078125,16624.599609375,275400,0.007738343720985011,70.97604176969199,200.93317391173696,182.79432310626703,18.13885080546993,7.429993423410831,3.061541523952699,153.89235341993648
2021-08-25,16654.0,16712.44921875,16617.5,16634.650390625,265900,0.0006043901504665573,71.27102854568383,202.63466620534928,186.76239172608348,15.872274479265798,7.139040269609964,2.3116748496352124,149.682129514941
2021-08-26,16627.94921875,16683.69921875,16603.400390625,16636.900390625,253500,0.00013525068417903375,71.34125011482877,201.8380044273472,189.77751426633623,12.06049016101096,6.564637059774359,2.1007007809695386,144.72617941565952
2021-08-27,16642.55078125,16722.05078125,16565.599609375,16705.19921875,217400,0.004096857993577663,73.46174953470543,204.3620305835866,192.6944175297863,11.667613053800295,6.045748111745666,2.875928476188569,145.56367887704099
2021-08-30,16775.849609375,16951.5,16764.849609375,16931.05078125,283500,0.013429259014094868,78.99618805798893,222.02728078481596,198.56099018079226,23.466290604023698,5.662524021953667,4.13821156182246,152.75918618939522
2021-08-31,16947.5,17153.5,16915.849609375,17132.19921875,464400,0.011810427696351353,82.49715609629293,249.38338030675004,208.72546820598382,40.657912100766225,5.896030423194858,5.233995060351553,158.82284364908128
2021-09-01,17185.599609375,17225.75,17055.05078125,17076.25,301900,-0.0032710789243950112,78.57404004599387,263.51106042727406,219.6825866502419,43.82847377703217,6.2444000674885025,4.87647591702621,159.67115615628975
2021-09-02,17095.400390625,17245.5,17059.69921875,17234.150390625,242400,0.009204293951085803,81.27973064228316,284.17282318777507,232.58063395774855,51.59218923002652,6.977435257503798,5.314890733780084,161.53755794869764
2021-09-03,17262.44921875,17340.099609375,17212.19921875,17323.599609375,261400,0.005176808010644206,82.6187786981541,304.2579274367381,246.91609265354646,57.34183478319164,7.7155484491793604,4.806674403180281,159.13490313986208
2021-09-06,17399.349609375,17429.55078125,17345.55078125,17377.80078125,228000,0.003123863322045117,83.39389804680557,320.8505336225462,261.7029808473464,59.14755277519981,8.232200418118875,4.919081700349116,155.33606519237193
2021-09-07,17401.55078125,17436.5,17287.0,17362.099609375,243400,-0.0009039273439216094,82.24962338455747,328.94150728097156,275.1506861340714,53.79082114690016,8.500124409378982,4.499055153746911,154.91920339291678
2021-09-08,17375.75,17383.400390625,17254.19921875,17353.5,252700,-0.0004954320044973781,81.58929415285499,330.8459593164225,286.28974077054164,44.55621854588088,8.581909572096054,4.735696256069755,153.082201141637
2021-09-09,17312.849609375,17379.650390625,17302.69921875,17369.25,241500,0.0009071862729865194,81.87627999114,329.824137300704,294.9966200765741,34.827517224129906,8.502343856656678,5.584936628066016,147.64427047973436
2021-09-13,17363.55078125,17378.349609375,17269.150390625,17355.30078125,241100,-0.0008034211637875494,80.6768008344888,324.15212667812375,300.82772139688404,23.324405281239706,8.371133045940606,5.206281370683227,144.8981953561819
2021-09-14,17420.349609375,17438.55078125,17367.05078125,17380.0,230400,0.0014221395731308123,81.20192969545266,317.98451043048044,304.25907920360333,13.725431226877106,8.396268263817523,4.543871181108098,140.49475283074034
2021-09-15,17387.650390625,17532.69921875,17386.900390625,17519.44921875,388200,0.007991527890878581,83.8675839740496,320.65273155633986,307.53780967415065,13.114921882189208,8.553443701271885,5.319010663570407,141.36650039640173
2021-09-16,17539.19921875,17644.599609375,17510.44921875,17629.5,503300,0.006261987530756848,85.60271716632805,327.8680357112862,311.6038548815778,16.264180829708437,8.8155244556691,5.966253244710994,140.85106398415874
2021-09-17,17709.650390625,17792.94921875,17537.650390625,17585.150390625,508300,-0.002518817158814708,81.78512879663018,326.246803338825,314.53244457302725,11.714358765797726,8.768863448918882,5.2675287516915,149.02590427993314
2021-09-20,17443.849609375,17622.75,17361.80078125,17396.900390625,339100,-0.01076276621795277,67.93576328432212,306.2416007297579,312.8742758043734,-6.632675074615463,8.107119211051844,2.7514512560017663,157.0204267420808
2021-09-21,17450.5,17578.349609375,17326.099609375,17562.0,363600,0.009445425055689747,72.35693580362519,300.24841537957764,310.34910371941425,-10.100688339836609,7.515068788846086,2.5087309326850047,163.82253911764641
2021-09-22,17580.900390625,17610.44921875,17524.0,17546.650390625,295200,-0.0008744061752431491,71.37161412048445,290.90679516499586,306.46064200853056,-15.5538468435347,6.992586536741651,2.7547054571407656,158.29587337710024
2021-09-23,17670.849609375,17843.900390625,17646.55078125,17822.94921875,320500,0.01562383807742847,77.350528610331,302.3136169536847,305.6312369975614,-3.3176200438767296,6.706640857378568,3.4164656497676478,168.2211681358788
2021-09-24,17897.44921875,17947.650390625,17819.400390625,17853.19921875,360100,0.0016958112674268218,77.8948433515618,310.2185215806785,306.54869391418487,3.6698276664936316,6.180315311553194,3.0570991094044735,165.36608469760174
2021-09-27,17932.19921875,17943.5,17802.900390625,17855.099609375,295700,0.00010643971788971012,77.93072581570235,313.02816723196156,307.8445885777402,5.183578654221378,5.514841986101204,2.746600873914884,163.59705074598733
2021-09-28,17906.44921875,17912.849609375,17576.099609375,17748.599609375,398000,-0.005982542262753364,70.97728945033074,303.1664575031173,306.9089623628156,-3.742504859698329,5.038967534684979,2.2261132506767893,175.96511854984539
2021-09-29,17657.94921875,17781.75,17608.150390625,17711.30078125,562200,-0.002103719495544819,68.66647137141892,289.00975324971296,303.32912054019505,-14.319367290482091,4.825309631394831,2.0618364090817414,175.796153608785
2021-09-30,17718.900390625,17742.150390625,17585.349609375,17618.150390625,378600,-0.005273255224157625,63.137926504072325,267.1939594600117,296.1020883241584,-28.908128864146704,4.293000731996324,1.4329944621961224,174.4393412974432
2021-10-01,17531.900390625,17557.150390625,17452.900390625,17532.05078125,305800,-0.004898963801205104,58.45328646523655,240.18852301412335,284.9193752621514,-44.73085224802804,4.000637038412147,1.018420839994625,173.78295977619726
2021-10-04,17615.55078125,17750.900390625,17581.349609375,17691.25,295800,0.009039488024266832,63.801416105800904,228.9928791688908,273.7340760434993,-44.74119687460848,3.8829602883377943,1.7908515535097813,177.00200617611173
2021-10-05,17661.349609375,17833.44921875,17640.900390625,17822.30078125,427000,0.007380358946066971,67.50915867632773,228.06595125118474,264.6004510850364,-36.53449983385167,3.952729059700092,1.7286591531420772,178.11249345817518
2021-10-06,17861.5,17884.599609375,17613.150390625,17646.0,395800,-0.009941397212065623,58.78569503192305,210.676803509381,253.81572156990535,-43.13891806052436,3.781128010804142,0.09359312515953373,184.77940240759125
2021-10-07,17810.55078125,17857.55078125,17763.80078125,17790.349609375,419900,0.00814702470131476,63.00129020948191,206.16702065885693,244.28598138769567,-38.11896072883874,3.658595153997435,1.1668891888430812,186.6916437534776
2021-10-08,17886.849609375,17941.849609375,17840.349609375,17895.19921875,324100,0.005876323303578524,65.74226739713183,208.6483046929643,237.15844604874943,-28.510141355785123,3.6431573645913358,2.8642966099497116,184.17795491394347
2021-10-11,17867.55078125,18041.94921875,17839.099609375,17945.94921875,375800,0.0028319423974920437,67.01599381856927,212.26300523600366,232.1793578862003,-19.916352650196643,3.5859449012658304,2.186249964411798,185.51164451830465
2021-10-12,17915.80078125,18008.650390625,17864.94921875,17991.94921875,355600,0.002559973015762186,68.17116091371207,216.3455996188859,229.01260623273743,-12.667006613851527,3.5494123290451105,2.537799626776166,182.52518218664002
2021-10-13,18097.849609375,18197.80078125,18050.75,18161.75,506700,0.00939334195098345,72.06089908265943,230.62409800012756,229.33490458621546,1.289193413912102,4.043734475223591,1.9009243481071958,184.19135220902288
2021-10-14,18272.849609375,18350.75,18248.69921875,18338.55078125,538700,0.009687709975996201,75.42808947915424,253.2865268828682,234.12522904554604,19.161297837322167,4.939668285743074,2.7185691290010827,184.5348270512355
2021-10-18,18500.099609375,18543.150390625,18445.30078125,18477.05078125,469900,0.007524019573498294,77.69582161566639,279.2039680088601,243.14097683820887,36.06299117065123,5.8949346276937185,3.4833251310927342,185.96802578864725
2021-10-19,18602.349609375,18604.44921875,18377.69921875,18418.75,368200,-0.0031602962146704853,74.57578323029779,291.6770693268445,252.84819533593603,38.82887399090848,6.141771908571089,3.7757930505740824,188.88102394660103
2021-10-20,18439.900390625,18458.30078125,18209.349609375,18266.599609375,371300,-0.008294933244362599,67.01263911589997,285.98813385003086,259.47618303875504,26.511950811275824,6.201622942445273,3.135279757164222,193.17174879862952
2021-10-21,18382.69921875,18384.19921875,18048.0,18178.099609375,365900,-0.004856682911584848,63.00980519042007,271.2120375778795,261.8233539465799,9.388683631299614,6.036387932496598,3.1782520090642494,203.38799665229885
2021-10-22,18230.69921875,18314.25,18034.349609375,18114.900390625,324700,-0.0034827257394313984,60.2424396804709,251.50305538371322,259.7592942340066,-8.256238850293357,6.059491110056756,3.3244804994424273,208.85316765034895
2021-10-25,18229.5,18241.400390625,17968.5,18125.400390625,418700,0.0005794654054989729,60.552424889254375,234.03302026994788,254.61403944119485,-20.581019171246965,6.08783480434929,2.454040221154526,213.42796929139544
2021-10-26,18154.5,18310.44921875,18099.30078125,18268.400390625,341400,0.00785852166355233,64.60051031017409,229.08603526321167,249.50843860559823,-20.42240334238656,6.221975315040033,2.5030416378356737,213.26514559201004
2021-10-27,18295.849609375,18342.05078125,18167.900390625,18210.94921875,335200,-0.0031497940609639214,61.85422130647217,218.01652577487403,243.2100560394534,-25.19353026457938,6.1791823730799145,3.2015710005100306,210.4712345229379
2021-10-28,18187.650390625,18190.69921875,17799.44921875,17857.25,374200,-0.019613430387588483,48.25357183479932,178.64399205011068,230.29684324158487,-51.652851191474184,6.041492443396754,0.3760487685399135,224.83043205701375
2021-10-29,17833.05078125,17915.849609375,17613.099609375,17671.650390625,336500,-0.010447905544470225,42.92044228866191,130.95506952871438,210.42848849901077,-79.4734189702964,5.958436032944194,-1.249211173300451,230.3961154815128
2021-11-01,17783.150390625,17954.099609375,17697.099609375,17929.650390625,281200,0.014494106171593095,51.02380117643355,112.68078470962791,190.8789477411342,-78.19816303150628,5.438202564743265,-0.09082176666348146,234.11419428640474
2021-11-02,17970.900390625,18012.25,17847.599609375,17888.94921875,296400,-0.002272628736845954,49.822148880168704,93.83239645724461,171.46963748435627,-77.63724102711166,5.202541891562819,-0.5724782720743805,229.1524940248758
2021-11-03,17947.94921875,17988.75,17757.94921875,17829.19921875,331000,-0.003345641269055336,48.03373493517861,73.22944387823009,151.82159876313105,-78.59215488490096,5.19513099080278,-1.8310503186642255,229.27022882667038
2021-11-04,17935.05078125,17947.55078125,17900.599609375,17916.80078125,48500,0.0049013449265533065,50.82103426075499,63.2411647194167,134.1055119543882,-70.86434723497149,4.825771510313554,-2.2998000498011684,221.34746694619392
2021-11-08,18040.19921875,18087.80078125,17836.099609375,18068.55078125,338900,0.008434037348294714,55.2943171991268,66.80030595146673,120.64447075380392,-53.84416480233719,4.618080812280694,-2.210850664623028,223.51558872682293
2021-11-09,18084.349609375,18112.599609375,17983.05078125,18044.25,270200,-0.0013458266538282125,54.44034435476734,66.88902600847359,109.89338180473786,-43.004355796264264,4.527036776682081,-2.0332541567695963,216.80367725526415
2021-11-10,17973.44921875,18061.25,17915.0,18017.19921875,261400,-0.0015002606334366785,53.45074012225834,64.03837084221232,100.72237961223276,-36.68400877002044,4.485379881490678,-1.3653356177851503,211.76412887988815
2021-11-11,17967.44921875,17971.349609375,17798.19921875,17873.599609375,232100,-0.00800207185820445,48.41903754235147,49.61993005419936,90.50188970062608,-40.88195964642672,4.584558831707897,-1.675092592423468,212.28097681703898
2021-11-12,17977.599609375,18123.0,17905.900390625,18102.75,249100,0.012739118453093435,55.601616717472595,56.03776481368914,83.6090647232387,-27.571299909549566,4.569266668445236,-0.06707401290093866,214.93236351760763
2021-11-15,18140.94921875,18210.150390625,18071.30078125,18109.44921875,280400,0.00036999789965571825,55.795413496018504,60.96178653621246,79.07960908583345,-18.117822549620996,4.384371562626905,-0.08800452145184293,209.49788107884996
2021-11-16,18127.05078125,18132.650390625,17958.80078125,17999.19921875,267400,-0.006106589273008452,51.78899764486496,55.33004530415565,74.32969632949789,-18.999651025342246,3.8742099390730864,-1.4735891819688218,206.9515759571464
2021-11-17,17939.349609375,18022.650390625,17879.25,17898.650390625,295700,-0.005601956226916921,48.37721403871173,42.266181465034606,67.91699335660523,-25.650811891570626,3.4343228060738675,-1.7148959363604013,202.4122055762788
2021-11-18,17890.55078125,17945.599609375,17688.5,17764.80078125,278400,-0.007506297537132803,44.20259792082479,20.871832906294003,58.50796126654299,-37.63612836024899,3.4040687453214424,-0.5177125187248877,206.31844870475888
2021-11-22,17796.25,17805.25,17280.44921875,17416.55078125,356400,-0.01979806684873854,35.59593496278222,-23.908603519004828,42.02464830943343,-65.93325182843826,4.281479081372479,-1.4435528303023304,229.06718674370467
2021-11-23,17281.75,17553.69921875,17216.099609375,17503.349609375,308800,0.004971320417088634,38.794707781633925,-51.796405272227275,23.260437593101294,-75.05684286532858,4.731059446754517,-2.377630193352252,236.81950264594005
2021-11-24,17550.05078125,17600.599609375,17354.0,17415.05078125,298100,-0.005057449101021469,36.792735951664845,-80.09933133646337,2.5884838071883607,-82.68781514365173,5.227990541423059,-2.649112766239458,237.51808169801575
2021-11-25,17417.30078125,17564.349609375,17351.69921875,17536.25,255900,0.006935347288237329,41.27251355817399,-91.69286187013495,-16.267785328276304,-75.42507654185864,5.127676334679234,-1.6430867991082923,235.7418180499432
2021-11-26,17338.75,17355.400390625,16985.69921875,17026.44921875,356300,-0.029502195657113865,31.242166423753076,-140.39904797919735,-41.09403785846052,-99.30501012073682,6.221195256679842,-4.969366871745073,258.228172564233
2021-11-29,17055.80078125,17160.69921875,16782.400390625,17053.94921875,348900,0.0016138312478338214,32.19937291661131,-174.7654439566213,-67.82831907809268,-106.93712487852864,7.1998716335099,-5.6152902066327695,266.8046479614306
2021-11-30,17051.150390625,17324.650390625,16931.400390625,16983.19921875,498000,-0.0041572285072535705,31.003532931628698,-205.34292862318762,-95.33124098711167,-110.01168763607595,8.147282237667222,-5.880270896545991,275.8364588213284
2021-12-01,17104.400390625,17213.05078125,17064.25,17166.900390625,295500,0.010758559762450211,37.494562969154735,-212.30533248732536,-118.72605928715441,-93.57927320017095,8.519459545061117,-4.719372960255208,272.55182336980494
2021-12-02,17183.19921875,17420.349609375,17149.30078125,17401.650390625,279900,0.013581917861660867,44.65943899706126,-196.61427759469734,-134.30370294866302,-62.310574646034325,8.565260710696645,-2.6404822143518016,272.4444665666046
2021-12-03,17424.900390625,17489.80078125,17180.80078125,17196.69921875,292500,-0.011847592241934006,40.31451835989988,-198.4294787532417,-147.12885810957874,-51.30062064366297,8.819590128757799,-5.005044986258994,275.0555760975614
2021-12-06,17209.05078125,17216.75,16891.69921875,16912.25,231700,-0.016679248094838027,35.1964460169589,-220.28144607115246,-161.7593757018935,-58.522070369258955,9.373583819727934,-6.610909057965466,278.62666217987845
2021-12-07,17044.099609375,17251.650390625,16987.75,17176.69921875,254100,0.015515557382479443,42.50448924182847,-213.7959392424964,-172.1666884100141,-41.629250832482285,9.22189446179129,-4.569647738234883,282.96764278310144
2021-12-08,17315.25,17484.599609375,17308.94921875,17469.75,257800,0.016917044993306308,49.32450753474867,-182.901010439502,-174.3135528159117,-8.587457623590296,8.83615666771405,-2.396272239887151,284.74855334323706
2021-12-09,17524.400390625,17543.25,17379.599609375,17516.849609375,237200,0.002692438725331353,50.343996366330664,-152.85400609454155,-170.02164347163767,17.167637377096128,8.426519274996972,-1.3957441737072676,276.0986845776487
2021-12-10,17476.05078125,17534.349609375,17405.25,17511.30078125,204500,-0.00031682107730694167,50.21582419529754,-128.0136213887199,-161.62003905505412,33.60641766633421,8.17731734477013,0.5440227585246343,265.59875063460237
2021-12-13,17619.099609375,17639.5,17355.94921875,17368.25,256600,-0.0082026046847206,46.90070556523269,-118.50439516462939,-152.99691027696917,34.49251511233979,7.463109678818594,-0.7718500309371588,266.8810385357022
2021-12-14,17283.19921875,17376.19921875,17225.80078125,17324.900390625,271000,-0.0024990311601760175,45.911560093474975,-113.16175775783995,-145.02987977314334,31.868122015303385,6.5455981328883945,-0.5176579256493519,258.56085274743776
2021-12-15,17323.650390625,17351.19921875,17192.19921875,17221.400390625,215000,-0.005991976410169169,43.54994948341569,-115.94274830513677,-139.21245347954203,23.26970517440526,5.726485175993153,-1.7954215375294034,251.4493632654779
2021-12-16,17373.0,17379.349609375,17184.94921875,17248.400390625,219500,0.0015665890089298405,44.35408204744524,-114.64645601820666,-134.29925398727497,19.652797969068303,4.935218258119517,1.3035669917047719,247.3744366483009
2021-12-17,17276.0,17298.150390625,16966.44921875,16985.19921875,354600,-0.015377077556357827,38.58403105802667,-133.32043496271217,-134.1034901823624,0.7830552196502367,4.578670061895212,-0.40313243060682197,253.39777487877942
2021-12-20,16824.25,16840.099609375,16410.19921875,16614.19921875,330600,-0.022084626281366433,32.2211003066932,-176.02716564615184,-142.4882252751203,-33.53894037103154,5.592771860402106,-2.1727355090589295,276.369362387438
2021-12-21,16773.150390625,16936.400390625,16688.25,16770.849609375,241000,0.009384532645495392,36.949157772665295,-194.9845198850744,-152.98748419711114,-41.99703568796326,5.868038920872152,-2.3070605190106823,279.643063065121
2021-12-22,16865.55078125,16971.0,16819.5,16955.44921875,207900,0.010947032985081793,42.07687638566574,-192.88920727442746,-160.96782881257442,-31.92137846185304,5.87221903309547,-2.5641313430557555,273.96501503368376
2021-12-23,17066.80078125,17118.650390625,17015.55078125,17072.599609375,197000,0.006885546336514033,45.126815064291186,-179.7040826746379,-164.71507958498714,-14.989003089650765,5.5627436036796,-0.7216478453009809,266.0533119509206
2021-12-24,17149.5,17155.599609375,16909.599609375,17003.75,182600,-0.0040409083631890875,43.6714265761118,-172.81822360586375,-166.33570838916248,-6.482515216701273,5.577876817926323,0.5410279531109108,264.6209325258548
2021-12-27,16937.75,17112.05078125,16833.19921875,17086.25,144800,0.004840138519222991,45.9220439744362,-158.87268475020392,-164.84310366137078,5.97041891116686,5.56498377282929,-0.5265809082298307,265.63740609543663
2021-12-28,17177.599609375,17250.25,17161.150390625,17233.25,176000,0.008566610759914585,49.77291491446216,-134.40968211684958,-158.75641935246654,24.346737235616956,5.502789427049843,-1.35376865725039,258.37759137433403
2021-12-29,17220.099609375,17285.94921875,17176.650390625,17213.599609375,161700,-0.00114091088034896,49.267857318627854,-115.27933022186335,-150.0610015263459,34.78167130448256,5.508318410177132,-1.7311902925609461,247.7291082850959
2021-12-30,17201.44921875,17264.05078125,17146.349609375,17203.94921875,320800,-0.0005607831589689821,49.00486358279787,-99.7472699526079,-139.99825521159832,40.250985258990426,5.369653447715224,-1.7551612318206122,238.44139854151763
2021-12-31,17244.5,17400.80078125,17238.5,17354.05078125,167000,0.008686990360265219,53.19031629357062,-74.4676420213982,-126.89213257355831,52.42449055216011,5.459689161493307,-0.08175388280339124,235.4706959671235
2022-01-03,17387.150390625,17646.650390625,17383.30078125,17625.69921875,200500,0.015532066331647875,59.64554776477839,-32.14307079869468,-107.94232021858559,75.79924941989091,5.754939143211068,1.736222554490246,239.5513326391147
2022-01-04,17681.400390625,17827.599609375,17593.55078125,17805.25,247400,0.01013533773365083,63.25271397476069,15.706647846425767,-83.21252660558334,98.9191744520091,6.511372570034571,3.3902562865493593,239.15829660239223
2022-01-05,17820.099609375,17944.69921875,17748.849609375,17925.25,251500,0.006716975758933995,65.47397649902169,62.58940008580612,-54.05214126730545,116.64154135311156,7.312535441421299,3.9241297398388735,236.06481894329278
2022-01-06,17768.5,17797.94921875,17655.55078125,17745.900390625,236500,-0.01005580805311726,59.66867370313698,84.30054026525613,-26.381604960793133,110.68214522604927,7.615555983789222,4.47861200847889,238.4672760723433
2022-01-07,17797.599609375,17905.0,17704.55078125,17812.69921875,239300,0.0037571168401497185,61.05375369754796,105.6786843558184,0.030452902529173542,105.64823145328923,8.013185323340775,7.213709094371695,235.75170054931877
2022-01-10,17913.30078125,18017.44921875,17879.150390625,18003.30078125,232400,0.010643475643964555,64.77141521343307,136.42831010362715,27.310024342748772,109.11828576087838,8.788990579349818,7.34877004195454,233.53729336722455
2022-01-11,17997.75,18081.25,17964.400390625,18055.75,220200,0.0029090757855369247,65.7405449958118,163.14914191340722,54.477847856880466,108.67129405652676,9.538304511300298,6.489363785379654,225.20245879635135
2022-01-12,18170.400390625,18227.94921875,18128.80078125,18212.349609375,245000,0.008635720331115329,68.52469732105237,194.71729360154495,82.52573700581337,112.19155659573158,10.418742461504397,6.675901890032811,221.41651307875483
2022-01-13,18257.0,18272.25,18163.80078125,18257.80078125,303700,0.002492514833041471,69.3043977889125,220.85690998995415,110.19197160264153,110.66493838731262,11.203150334874366,7.375142431816512,213.34742062670094
2022-01-14,18185.0,18286.94921875,18119.650390625,18255.75,229500,-0.00011232987251458901,69.22107665608995,238.65618347101554,135.88481397631634,102.7713694946992,11.576120613825811,6.8446850537713075,210.05823544800802
2022-01-17,18235.650390625,18321.55078125,18228.75,18308.099609375,266700,0.0028634646353713476,70.20577949517926,254.05779183542472,159.51940954813801,94.53838228728671,11.167007464497672,6.237068512178492,201.68270300529318
2022-01-18,18337.19921875,18350.94921875,18085.900390625,18113.05078125,227500,-0.010710847446216868,62.21871181413421,247.66988284788022,177.14950420808646,70.52037863979376,10.531125633991397,5.225235815204707,206.20885479955794
2022-01-19,18129.19921875,18129.19921875,17884.900390625,17938.400390625,276700,-0.009689027834056424,56.067807489839915,225.9104371485446,186.9016907961781,39.0087463523665,9.912890964839756,4.269084746393849,208.92956717994664
2022-01-20,17921.0,17943.69921875,17648.44921875,17757.0,258100,-0.010163883876396832,50.48521986506701,191.8172740334121,187.8848074436249,3.9324665897871967,9.326312044864252,2.3219317716032166,215.09531238137902
2022-01-21,17613.69921875,17707.599609375,17485.849609375,17617.150390625,277600,-0.00790692279190989,46.630443035866264,151.76406031462466,180.66065801782486,-28.8965977032002,8.525843743270089,-0.048502065188459946,219.09924654163765
2022-01-24,17575.150390625,17599.400390625,16997.849609375,17149.099609375,323800,-0.02692721026213864,36.567106715081984,81.31644809546196,160.7918160333523,-79.47536793789033,8.40025816422527,-3.685151236994707,247.68507044937783
2022-01-25,17001.55078125,17309.150390625,16836.80078125,17277.94921875,326500,0.0074854055398087425,40.38152341491193,35.47436806654514,135.72832643999087,-100.25395837344573,8.328225708874067,-3.611111595375239,263.7325375154937
2022-01-27,17062.0,17182.5,16866.75,17110.150390625,395600,-0.009759199363728934,37.24084385428644,-14.23171930587705,105.73631729081728,-119.96803659669433,8.522455969600246,-3.5825175731058487,274.265871889387
2022-01-28,17208.30078125,17373.5,17077.099609375,17101.94921875,355300,-0.0004794310858279706,37.08901375088546,-53.66727475514199,73.85559888162544,-127.52287363676743,8.711063086448084,-3.9901308121334607,275.8469089419308
2022-01-31,17301.05078125,17410.0,17264.150390625,17339.849609375,321700,0.01381485185545943,44.19632159256237,-64.97467564410908,46.08954397647854,-111.06421962058762,8.728904719520973,-3.6851640703907376,278.1471855353643
2022-02-01,17529.44921875,17622.400390625,17244.55078125,17576.849609375,386400,0.013575374822651254,50.22878566643648,-54.18731536459018,26.034172108264798,-80.22148747285497,8.753910876297999,-2.652342830538748,285.26878723819544
2022-02-02,17706.19921875,17794.599609375,17674.80078125,17780.0,271200,0.01149155699474709,54.7447914232925,-28.912431387878314,15.044851409036177,-43.95728279691449,8.752699751263124,-2.373936469748217,280.4460167211815
2022-02-03,17767.75,17781.150390625,17511.150390625,17560.19921875,226600,-0.01243929691182117,49.51037010405985,-26.314650920223357,6.77295094318427,-33.08760186340763,8.77762831001321,-3.8208411344722726,279.69987266966854
2022-02-04,17590.19921875,17617.80078125,17462.55078125,17516.30078125,261400,-0.002503012582150695,48.512702537910066,-27.48134042937818,-0.0779073313282197,-27.40343309804996,8.857328541501463,-4.050500356052203,270.8105960504065
2022-02-07,17456.30078125,17536.75,17119.400390625,17213.599609375,265000,-0.017432174227495423,42.198273503882746,-52.22933776784339,-10.508193418631254,-41.72114434921214,9.225462541992767,-5.978228343478867,281.2776684307346
2022-02-08,17279.849609375,17306.44921875,17043.650390625,17266.75,268500,0.003082940476216172,43.58674453167001,-66.78367104278732,-21.76328894346247,-45.02038209932485,9.353848569736407,-4.672326001128761,279.9577512660393
2022-02-09,17370.099609375,17477.150390625,17339.0,17463.80078125,236400,0.0113475249468573,48.523705274793066,-61.70642059104648,-29.751915272979275,-31.954505318067206,9.198798800342683,-2.6457186763599956,274.9893683631079
2022-02-10,17554.099609375,17639.44921875,17427.150390625,17605.849609375,273600,0.00810099920504003,51.79849407003687,-45.693780294484895,-32.9402882772804,-12.753492017204493,8.72009979415514,-0.8512158057385819,270.5114726318145
2022-02-11,17451.0,17454.75,17303.0,17374.75,253100,-0.013213208134273142,46.60397637533035,-51.06283402601548,-36.564797427027415,-14.498036598988065,8.123378218653144,-1.3759341621673038,272.82133954204204
2022-02-14,17076.150390625,17099.5,16809.650390625,16842.80078125,305500,-0.031094690696753635,37.32528249303439,-97.12214047920133,-48.6762660374622,-48.445874441739136,8.073029663168597,-1.786092769311071,293.6983588158247
2022-02-15,16933.25,17375.0,16839.25,17352.44921875,298700,0.02981034961442144,48.00603835189243,-91.44597085728674,-57.23020700142712,-34.21576385585962,6.8938948836005345,0.43118543211802435,310.9877617575515
2022-02-16,17408.44921875,17490.599609375,17257.69921875,17322.19921875,244500,-0.001744791023833279,47.488741743605395,-88.3698155027123,-63.45812870168416,-24.91168680102814,5.971110909384417,1.239315980771191,305.41009239094063
2022-02-17,17396.55078125,17442.900390625,17235.849609375,17304.599609375,232100,-0.001016531212017758,47.17026741217993,-86.3566162946845,-68.03782622028423,-18.31879007440027,5.300357791170017,1.1849549313526258,298.3844273094449
2022-02-18,17236.05078125,17380.80078125,17219.19921875,17276.30078125,189600,-0.0016366742405402451,46.62878053553482,-86.05265885910558,-71.64079274804851,-14.411866111057066,4.928401325886609,-0.36649007665349964,288.61422268019885
2022-02-21,17192.25,17351.05078125,17070.69921875,17206.650390625,215200,-0.004039705592356217,45.251900172574096,-90.39001500520317,-75.39063719947944,-14.999377805723725,4.777701134159136,-2.1061750369221235,288.0240326673275
2022-02-22,16847.94921875,17148.55078125,16843.80078125,17092.19921875,300100,-0.00667378632095619,43.00471139862854,-101.88815088171759,-80.69013993592708,-21.198010945790514,4.844653189997802,-3.8683958450506184,293.36871671787554
2022-02-23,17194.5,17220.69921875,17027.849609375,17063.25,200200,-0.0016951453630000418,42.43074733089516,-112.04488275497715,-86.9610884997371,-25.08379425524005,5.025482108393593,-2.829974834336616,286.18878047909874
2022-02-24,16548.900390625,16705.25,16203.25,16247.9501953125,458000,-0.04896026903082192,30.204253208587005,-183.76373251388577,-106.32161730256684,-77.44211521131894,7.344700685751597,-7.240972861662563,327.1752961591631
2022-02-25,16515.650390625,16748.80078125,16478.30078125,16658.400390625,329800,0.024947858168202962,39.63477828460576,-205.11707520589334,-126.08070888323215,-79.0363663226612,7.952475219988465,-3.225352229336293,339.58067400047287
2022-02-28,16481.599609375,16815.900390625,16356.2998046875,16793.900390625,404200,0.008101131335537446,42.40159800400637,-208.70026876566044,-142.6046208597178,-66.09564790594263,8.27809036238595,-2.7384980345172076,348.1535248531177
2022-03-02,16593.099609375,16678.5,16478.650390625,16605.94921875,517700,-0.011254730666993663,39.68449942828062,-224.1225193821083,-158.9082005641959,-65.21431881791239,8.644074449501387,-4.912169883551535,345.803273077895
2022-03-03,16723.19921875,16768.94921875,16442.94921875,16498.05078125,442100,-0.006518778370608893,38.172242289388,-242.25865924534082,-175.5782923004249,-66.68036694491593,8.7019241942903,-6.292220214894397,344.3887535723311
2022-03-04,16339.4501953125,16456.0,16133.7998046875,16245.349609375,456100,-0.015435549523985674,34.82510198492763,-273.86560123368326,-195.23575408707657,-78.62984714660669,9.442916524974313,-6.500239661721752,345.8074837859146
2022-03-07,15867.9501953125,15944.599609375,15711.4501953125,15863.150390625,585400,-0.023807855961420165,30.47291568006979,-325.99672592559,-221.38794845477926,-104.60877747081074,10.914534839556474,-5.816433996628289,359.2426216628136
2022-03-08,15747.75,16028.75,15671.4501953125,16013.4501953125,543600,0.009430172336242727,33.96773387081558,-351.13540927408394,-247.33744061864022,-103.79796865544373,11.898250724976668,-7.7164843219403245,359.1038490217197
2022-03-09,16078.0,16418.05078125,15990.0,16345.349609375,462200,0.020514423015661167,41.018250967835435,-340.35310924556325,-265.94057434402487,-74.41253490153838,12.09442643701882,-5.63929323891872,364.0286298951683
2022-03-10,16757.099609375,16757.30078125,16447.900390625,16594.900390625,486400,0.015152013456311012,45.71185951265821,-308.1195855423575,-274.3763765836914,-33.743208958666116,11.72942448914198,-4.101217218371877,367.4516686080134
2022-03-11,16528.80078125,16694.400390625,16470.900390625,16630.44921875,343700,0.0021398626113986923,46.36660951607851,-276.51826204363533,-274.8047536756802,-1.7135083679551144,10.964423472302782,-3.73836720416991,357.1694065645839
2022-03-14,16633.69921875,16887.94921875,16606.5,16871.30078125,314700,0.014378694372337426,50.70457434896421,-229.39495503416765,-265.7227939473777,36.32783891321003,10.486898286021248,-1.9489534671879798,351.760821720685
2022-03-15,16900.650390625,16927.75,16555.0,16663.0,381600,-0.012423307208470636,47.15250330760254,-206.4773841716633,-253.8737119922348,47.396327820571514,10.484713621995406,-2.511082472518645,353.2600487406361
2022-03-16,16876.650390625,16987.900390625,16837.849609375,16975.349609375,260000,0.018571576221107083,52.52342293470376,-161.25222580592163,-235.34941475497217,74.09718894905055,10.032679460794318,-0.5151444808286815,351.23435887523345
2022-03-17,17202.900390625,17344.599609375,17175.75,17287.05078125,448300,0.01819544269851146,57.19827290927295,-99.11672647172236,-208.10287709832224,108.98615062659988,9.974163244587412,6.3952718555062935,352.52119038414537
2022-03-21,17329.5,17353.349609375,17096.400390625,17117.599609375,285500,-0.009850560325581039,54.08066749960035,-62.82300450508046,-179.04690257967388,116.22389807459342,9.705179582500577,2.7565625028945018,345.6946209817064
2022-03-22,17120.400390625,17334.400390625,17006.30078125,17315.5,338300,0.011494902983443505,57.02661214480586,-17.884894828875986,-146.8145010295143,128.92960620063832,9.772411288125124,3.1058872402635953,344.43783443837026
2022-03-23,17405.05078125,17442.400390625,17199.599609375,17245.650390625,292100,-0.004042093720190609,55.669095404925706,11.954793711782258,-115.060642081255,127.01543579303726,9.830663938355048,3.852240925515446,337.17804492491524
2022-03-24,17094.94921875,17291.75,17091.150390625,17222.75,290300,-0.0013287761390126268,55.20510345880491,33.37041831672104,-85.3744300016598,118.74484831838085,9.995766826776904,4.392635398926151,327.42244238563563
2022-03-25,17289.0,17294.900390625,17076.55078125,17153.0,237100,-0.004058098847076208,53.73601568345621,44.20464935116979,-59.45861413109389,103.66326348226369,10.09360554959545,5.587139781228258,319.6315257420188
2022-03-28,17181.849609375,17235.099609375,17003.900390625,17222.0,253200,0.004014550846285441,55.011455645941716,57.693523815753,-36.028186541724516,93.72171035747752,10.045590032937364,8.56607657315075,313.314932385446
2022-03-29,17297.19921875,17343.650390625,17235.69921875,17325.30078125,235100,0.00598026976240216,56.92602515011929,75.84477241261266,-13.653594750857083,89.49836716346974,10.412412607696218,8.192179511205575,299.6246079739855
2022-03-30,17468.150390625,17522.5,17387.19921875,17498.25,505000,0.009932969892759297,59.99558956784843,102.99802711200027,9.67672962171439,93.32129749028589,11.002198628958237,7.0533847129445615,292.3085087437008
2022-03-31,17519.19921875,17559.80078125,17435.19921875,17464.75,281100,-0.001916312115762529,59.116802567135764,120.42581324842467,31.82654634705645,88.59926690136822,11.361247665487154,5.241668156480206,280.32944115486504
2022-04-01,17436.900390625,17703.69921875,17422.69921875,17670.44921875,291800,0.01170914487476482,62.727001617831995,149.1167421929349,55.28458551623214,93.83215667670277,11.82298235086613,6.253589342778859,280.3773382152318
2022-04-04,17809.099609375,18114.650390625,17791.400390625,18053.400390625,345500,0.0214403456403388,68.33339143352592,200.44486556463744,84.31664152591321,116.12822403872423,12.452351880569019,7.006570653335349,292.079040619501
2022-04-05,18080.599609375,18095.44921875,17921.55078125,17957.400390625,283500,-0.005331746328175393,65.66685400046092,230.71681560725847,113.59667634218228,117.12013926507619,11.571891641803255,7.768111328242214,283.63756896810804
2022-04-06,17842.75,17901.0,17779.849609375,17807.650390625,328800,-0.008374145812508964,61.6269969685405,239.85903497846084,138.849148069438,101.00988690902284,10.334529535368398,4.902996405978844,276.05994127395746
2022-04-07,17723.30078125,17787.5,17623.69921875,17639.55078125,308800,-0.009484577848941177,57.36099530425802,230.87865071825217,157.25504859920085,73.62360211905133,9.376532619243893,2.0390985394821133,269.4807434597462
2022-04-08,17698.150390625,17842.75,17600.55078125,17784.349609375,274400,0.008175250776633796,59.93382436068226,232.76254505748147,172.35654789085697,60.4059971666245,8.908141683235336,3.89511388988695,267.5320631233357
2022-04-11,17740.900390625,17779.05078125,17650.94921875,17674.94921875,251700,-0.006170496392137639,57.12904103858908,222.85886934681912,182.4570121820494,40.40185716476972,8.173523154382478,2.07588125523375,257.95122937345457
2022-04-12,17584.849609375,17595.30078125,17442.349609375,17530.30078125,266000,-0.008217481851263662,53.56003151490159,201.02097035018232,186.16980381567598,14.851166534506348,7.691375795715413,1.650563383679286,256.14039937356495
2022-04-13,17599.900390625,17663.650390625,17457.400390625,17475.650390625,245100,-0.0031223510971550208,52.23234810109193,177.26109273486873,184.38806159951451,-7.126968864645789,6.529586901725739,1.4684088814213758,252.5767994183103
2022-04-18,17183.44921875,17237.75,17067.849609375,17173.650390625,376100,-0.017432250630348714,45.51757720642581,132.53456648087376,174.01736257578636,-41.4827960949126,6.198260927302293,0.12038938159505627,263.6642266920024
2022-04-19,17258.94921875,17275.650390625,16824.69921875,16958.650390625,401400,-0.012598203971631295,41.43379508447009,78.83105370090198,154.98010080080948,-76.1490470999075,6.672213219654734,-1.5291464950354197,277.04186563364505
2022-04-20,17045.25,17186.900390625,16978.94921875,17136.55078125,286100,0.010435603778864927,45.76941165302182,50.04877651629795,133.9938359439072,-83.94505942760924,6.6466293252755175,-1.0894471754526267,273.55673237409894
2022-04-21,17234.599609375,17414.69921875,17215.5,17392.599609375,285200,0.014831150992767859,51.35158194655313,47.35375046406989,116.66581884793973,-69.31206838386984,6.610592954597591,-0.6037768955466976,273.8847113116633
2022-04-22,17242.75,17315.30078125,17149.19921875,17171.94921875,262700,-0.012767612798961313,46.87386984874581,27.100878373701562,98.7528307530921,-71.65195237939054,6.687184089515023,-1.6765243204168396,271.7072598340445
2022-04-25,17009.05078125,17054.30078125,16888.69921875,16953.94921875,275700,-0.012776394201003337,42.89428097531855,-6.4659117640367185,77.70908224966634,-84.17499401370306,7.072496825508595,-4.054792219089294,272.53174127446994
2022-04-26,17121.30078125,17223.849609375,17064.44921875,17200.80078125,261100,0.014455140840464372,48.251833474850265,-12.999130826206965,59.56743963449168,-72.56657046069864,7.022276740146241,-4.7226538542719565,272.34378765665065
2022-04-27,17073.349609375,17110.69921875,16958.44921875,17038.400390625,265100,-0.00948629657994312,45.244455143365265,-30.924628422479145,41.46902602309751,-72.39365444557666,7.242322766629483,-5.117667257003309,270.20148585974704
2022-04-28,17189.5,17322.5,17071.05078125,17245.05078125,312900,0.012055547873445796,49.55311714267213,-28.13147283212311,27.548926252053388,-55.6803990841765,7.289945733041073,-3.1593140983449772,271.19420896797936
2022-04-29,17329.25,17377.650390625,17053.25,17102.55078125,336200,-0.008297570200330234,46.81731823527151,-36.990037850137014,14.641133431615309,-51.63117128175232,7.483264692740129,-3.044295212839577,274.99465051490944
2022-05-02,16924.44921875,17092.25,16917.25,17069.099609375,278200,-0.0019578324241160947,46.17287998093122,-46.17743967649949,2.477418809992349,-48.65485848649184,7.691158393269677,-4.021794531203755,268.5879455674159
2022-05-04,17096.599609375,17132.849609375,16623.94921875,16677.599609375,310600,-0.023203310190181764,39.3465597389296,-84.0800771224931,-14.83408037650474,-69.24599674598835,8.378722313172563,-5.642729701972712,285.7531202143862
2022-05-05,16854.75,16945.69921875,16651.849609375,16682.650390625,265800,0.00030280236440618743,39.47088960390802,-112.41478684944377,-34.35022167109255,-78.06456517835122,8.190445642529447,-4.835344248808481,286.33144086871573
2022-05-06,16415.55078125,16484.19921875,16340.900390625,16411.25,300500,-0.016402205362178027,35.28535353975221,-154.9834391714212,-58.47686517115828,-96.50657400026292,8.529868379391985,-6.09076267167721,290.28990937809317
2022-05-09,16227.7001953125,16403.69921875,16142.099609375,16301.849609375,288400,-0.0066885009232451696,33.732550267894084,-195.2958510499302,-85.84066234691267,-109.45518870301754,9.097010869193104,-5.076385983296313,288.77994375287227
2022-05-10,16248.900390625,16404.55078125,16197.2998046875,16240.0498046875,283100,-0.003798172823006312,32.853021211353195,-229.58395473551354,-114.58932082463285,-114.9946339108807,9.77027009803686,-4.237368949682184,282.9564460964171
2022-05-11,16270.0498046875,16318.75,15992.599609375,16167.099609375,284300,-0.004502112641840228,31.79902544737419,-259.6509010698246,-143.6016368736712,-116.04926419615342,10.02010886131599,-5.657212961057061,286.0417278484587
2022-05-12,16021.099609375,16041.9501953125,15735.75,15808.0,314900,-0.022462147872579268,27.176946420670305,-308.8947634634351,-176.66026219162399,-132.2345012718111,11.028891840000718,-9.110769206236803,296.4208622432117
2022-05-13,15977.0,16083.599609375,15740.849609375,15782.150390625,369100,-0.0016365617019766783,26.874128425447253,-346.01804599018215,-210.53181895133565,-135.4862270388465,11.892612944982087,-8.093424982922048,299.7300863686965
2022-05-16,15845.099609375,15977.9501953125,15739.650390625,15842.2998046875,217600,0.003803986233609079,28.860470803392758,-366.3617694008517,-241.69780904123888,-124.66396035961282,12.334467809039444,-6.556875921470177,295.34220910575397
2022-05-17,15912.599609375,16284.25,15900.7998046875,16259.2998046875,295700,0.025981475212963467,40.85516579201111,-344.86056387472854,-262.33036000793686,-82.53020386679168,12.322409327083223,-5.473588052881804,305.8142081205215
2022-05-18,16318.150390625,16399.80078125,16211.2001953125,16240.2998046875,290400,-0.0011692453072036017,40.51993095137106,-325.6005246291952,-274.98439293218854,-50.616131697006665,12.440580452574443,-4.684128601512598,297.44180653602
2022-05-19,15917.400390625,15984.75,15775.2001953125,15809.400390625,313900,-0.026891070897403772,33.75520890178548,-341.1739454346389,-288.2223034326786,-52.951642001960295,12.886657414762112,-8.324999496005761,309.4173638816614
2022-05-20,16043.7998046875,16283.0498046875,16003.849609375,16266.150390625,252400,0.02848156086057151,44.35904839005777,-313.0514238954911,-293.1881275252411,-19.863296370249998,12.173107954410673,-4.890500845885334,321.14822460886415
2022-05-23,16290.9501953125,16414.69921875,16185.75,16214.7001953125,293800,-0.0031680351601504043,43.51409162543132,-291.5548607897981,-292.8614741781525,1.3066133883543785,11.727591675439793,-5.005533001829993,314.562581333231
2022-05-24,16225.5498046875,16262.7998046875,16078.599609375,16125.150390625,249800,-0.005538061057189644,42.01403065017948,-278.53383581551316,-289.99594650562466,11.462110690111501,11.557641201735407,-3.312522375458942,305.2509823317502
2022-05-25,16196.349609375,16223.349609375,16006.9501953125,16025.7998046875,243300,-0.006180277818558741,40.35201653810868,-273.0834061718069,-286.6134384388611,13.530032267054196,10.91803960569122,-3.937327526246216,298.9044417410895
2022-05-26,16105.0,16204.4501953125,15903.7001953125,16170.150390625,314300,0.008967062770830264,43.82886950630227,-254.18591847107564,-280.12793444530405,25.94201597422841,10.30789059067356,-1.4691117945007235,299.03626733101163
2022-05-27,16296.599609375,16370.599609375,16221.9501953125,16352.4501953125,274100,0.011210771015034579,47.954814694291514,-221.94105430345553,-268.49055841693433,46.549504113478804,8.940744882717016,0.31039782079942757,291.9943352895108
2022-05-30,16527.900390625,16695.5,16506.150390625,16661.400390625,251400,0.018716945110386057,54.10717842841033,-169.50314167650504,-248.6930750688485,79.18993339234345,7.981834421520278,2.5945153555864224,295.6411545322243
2022-05-31,16578.44921875,16690.75,16521.900390625,16584.55078125,651600,-0.004623104079880039,52.44638774698317,-132.618100432579,-225.4780801415946,92.85997970901559,6.835637390869829,2.582103048545132,286.58461559242255
2022-06-01,16594.400390625,16649.19921875,16438.849609375,16522.75,249600,-0.003733367056413342,51.08832858105988,-107.13822331346455,-201.81010877596862,94.67188546250406,6.5772326714933165,4.521444838056681,281.13925800546383
2022-06-02,16481.650390625,16646.400390625,16443.05078125,16628.0,236000,0.006349802260260305,53.305901587812045,-77.55839681486032,-176.95976638374697,99.40136956888665,6.467958858189771,5.3595333236556675,275.58285453185925
2022-06-03,16761.650390625,16793.849609375,16567.900390625,16584.30078125,245500,-0.0026315095876877827,52.246743227928526,-56.985440263932105,-152.964901159784,95.9794608958519,6.68264350338714,4.683669578977119,272.037594833155
2022-06-06,16530.69921875,16610.94921875,16444.55078125,16569.55078125,233600,-0.0008897910968418909,51.87209607746397,-41.39425846176164,-130.65077262017954,89.2565141584179,6.915673970819132,1.9081447558587716,264.49194073792967
2022-06-07,16469.599609375,16487.25,16347.099609375,16416.349609375,233800,-0.009288955076891798,48.02046796408753,-40.92839174682376,-112.70629644550839,71.77790469868462,6.974310604326604,1.084030509317852,261.48902867629187
2022-06-08,16474.94921875,16514.30078125,16293.349609375,16356.25,243500,-0.003667678332650513,46.55991609534466,-44.89124687190997,-99.1432865307887,54.25203965887873,6.9747301998507885,3.4590154962441373,258.5934674761996
2022-06-09,16263.849609375,16492.80078125,16243.849609375,16478.099609375,205000,0.007422115570615706,49.887822089992405,-37.7642699756434,-86.86748321975965,49.10321324411625,6.558167378091555,1.303007863939073,257.9047320761139
2022-06-10,16283.9501953125,16324.7001953125,16172.599609375,16201.7998046875,189700,-0.01690986774485526,43.30275022852528,-53.791104177562374,-80.2522074113202,26.461103233757825,5.916477381946858,-0.07955984674159666,261.3043940706772
2022-06-13,15877.5498046875,15886.150390625,15684.0,15774.400390625,225500,-0.026733937520215956,35.497279903994084,-99.82927677747102,-84.16762128455036,-15.661655492920659,6.0895596507648735,-2.175173511584255,279.62549482902165
2022-06-14,15674.25,15858.0,15659.4501953125,15732.099609375,225400,-0.0026852114114221596,34.82814589846609,-138.13583584546177,-94.96126419673266,-43.17457164872911,6.844319866371048,-1.8326710609887535,273.8343741046273
2022-06-15,15729.25,15783.650390625,15678.900390625,15692.150390625,183000,-0.0025425739848417965,34.17298861456024,-169.76073192898002,-109.92115774318214,-59.839574185797886,7.5595997253266685,-2.9560640343650175,261.7569188114396
2022-06-16,15832.25,15863.150390625,15335.099609375,15360.599609375,264700,-0.021354848179315097,29.254474051425944,-219.05197230006888,-131.7473206545595,-87.30465164550938,8.67990356190237,-6.0654554766466635,280.7779089856225
2022-06-17,15272.650390625,15400.400390625,15183.400390625,15293.5,342600,-0.004377862497838008,28.364691899577608,-260.5268220873895,-157.5032209411255,-103.02360114626401,10.071423390599495,-8.209996510225439,276.222344058078
2022-06-20,15334.5,15382.5,15191.099609375,15350.150390625,260000,0.0036973698916184226,30.292390730013352,-285.53327640551834,-183.1092320340041,-102.42404437151424,11.059559714566229,-7.443074020555181,270.16363309857246
2022-06-21,15455.9501953125,15707.25,15419.849609375,15638.7998046875,262800,0.018629721921802747,39.261126665003694,-278.84512323775016,-202.2564102747533,-76.58871296299685,11.408998641208594,-5.3498975371079265,276.37334568974586
2022-06-22,15545.650390625,15565.400390625,15385.9501953125,15413.2998046875,220900,-0.01452423294963793,35.42636648066002,-288.41599898109234,-219.48832801602114,-68.9276709650712,12.051104538906364,-7.305149117828362,274.69307881012116
2022-06-23,15451.5498046875,15628.4501953125,15367.5,15556.650390625,259200,0.009257464658604653,39.47359686613458,-281.1923819646945,-231.82913880575583,-49.36324315893867,12.401188559303842,-6.196525281227705,273.7114442745768
2022-06-24,15657.400390625,15749.25,15619.4501953125,15699.25,219600,0.009124715461734611,43.281870525279885,-260.9529139593724,-237.65389383647914,-23.29902012289324,12.452922798809423,-5.2524102357369085,267.9177417817499
2022-06-27,15926.2001953125,15927.4501953125,15815.5,15832.0498046875,210900,0.008423413606869335,46.64848818377293,-231.5282419122177,-236.42876345162685,4.900521539409141,11.971827551867726,-3.559255367915775,265.08077417680346
2022-06-28,15757.4501953125,15892.099609375,15710.150390625,15850.2001953125,251900,0.0011457767431705531,47.11056486184559,-204.38833103439538,-230.02067696818057,25.63234593378519,11.505043324215933,-3.0939231467329003,259.14280593203176
2022-06-29,15701.7001953125,15861.599609375,15687.7998046875,15799.099609375,444900,-0.003229179201912245,45.90510462987735,-184.87205636405452,-220.99095284735537,36.11889648330086,11.062604125278774,-4.1206208003117775,253.04687727170807
2022-06-30,15774.5,15890.0,15728.849609375,15780.25,306000,-0.0011937935294284723,45.44318702366624,-168.9783962577876,-210.58844152944184,41.61004527165423,10.301623355391847,-2.6018702228720128,246.4828425112289
2022-07-01,15703.7001953125,15793.9501953125,15511.0498046875,15752.0498046875,364100,-0.0017886549985601772,44.71821304318037,-156.8500069543552,-199.84075461442453,42.99074766006933,9.469421880790257,-0.14168897317189527,249.08409594792687
2022-07-04,15710.5,15852.349609375,15661.7998046875,15835.349609375,304300,0.005274254882250374,47.38822462763636,-138.915244511305,-187.65565259380065,48.74040808249566,8.458707902668609,0.6563014636550594,244.90307514361066
2022-07-05,15909.150390625,16025.75,15785.4501953125,15810.849609375,254200,-0.0015483695040555473,46.674197492070256,-125.23512869966726,-175.17154781497396,49.936419115306705,7.657490779768647,0.7564241725653787,244.57427011103135
2022-07-06,15818.2001953125,16011.349609375,15800.900390625,15989.7998046875,288400,0.01125461822453212,52.324716479040376,-98.8146790365663,-159.90017405929242,61.08549502272612,6.98519855117608,4.096195534765985,242.13676644238626
2022-07-07,16113.75,16150.5,16045.9501953125,16132.900390625,264600,0.00890968266712923,56.311410298973584,-65.57337197175184,-141.03481364178433,75.46144167003249,6.010083156506381,5.4886088248275415,236.31986850453723
2022-07-08,16273.650390625,16275.5,16157.900390625,16220.599609375,281100,0.005421325887187373,58.59646208730078,-31.786388907050423,-119.18512869483756,87.39873978778714,6.058702869619742,5.67062339194814,229.62556428099884
2022-07-11,16136.150390625,16248.5498046875,16115.5,16216.0,255900,-0.00028360614005298526,58.42386707920459,-5.3197882349122665,-96.4120606028525,91.09227236794024,6.630895344542168,3.690821562531242,222.72729573860607
2022-07-12,16126.2001953125,16158.75,16031.150390625,16058.2998046875,208600,-0.009772571447684876,52.69317388766232,2.8967042694403062,-76.55030762839395,79.44701189783426,6.8412470646398145,4.184697684293679,220.0217467126342
2022-07-13,16128.2001953125,16140.0,15950.150390625,15966.650390625,233300,-0.0057236413300785416,49.645431249714676,1.9900519271868689,-60.84223571727779,62.83228764446466,6.910312157813814,2.6355287912562515,217.86659404566035
2022-07-14,16018.849609375,16070.849609375,15858.2001953125,15938.650390625,228600,-0.0017551946856914542,48.718325431533216,-0.9765851150568778,-48.86910559683361,47.892520481776735,6.503667162369255,1.5249160986989825,217.49393833257747
2022-07-15,16010.7998046875,16066.9501953125,15927.2998046875,16049.2001953125,205800,0.006912014580365188,52.490687718606566,5.52904361740184,-37.989475753986525,43.518519371388365,5.887824186042173,1.3715873389983073,211.93368492489338
2022-07-18,16151.400390625,16287.9501953125,16142.2001953125,16278.5,227700,0.014186202470718856,59.19554007231406,28.854759452746293,-24.620628712639963,53.475388165386256,5.596773566978325,2.7021728395213858,213.8491360016867
2022-07-19,16187.0498046875,16359.5,16187.0498046875,16340.5498046875,222600,0.003804517906147779,60.8074309036848,51.750905743798285,-9.346321821352314,61.0972275651506,5.897536222286091,3.4270952693481966,210.89206880960197
2022-07-20,16562.80078125,16588.0,16490.94921875,16520.849609375,284400,0.010973459265845803,65.11918633316,83.48261838856706,9.21946622063156,74.2631521679355,5.955533584636412,4.6932058071006475,213.50336355980897
2022-07-21,16523.55078125,16626.94921875,16483.900390625,16605.25,243600,0.005095714512164849,66.9520445327017,114.1250726371618,30.200587503937605,83.92448513322418,6.326418394187859,5.416439167546336,208.47089674303692
2022-07-22,16661.25,16752.25,16610.900390625,16719.44921875,190900,0.006853755230166662,69.30248290703437,145.94203204689256,53.3488764125286,92.59315563436397,7.01680749285642,5.583076036739894,204.08011840424857
2022-07-25,16662.55078125,16706.05078125,16564.25,16631.0,211400,-0.005304241963650273,65.42151188164729,162.15091405398198,75.10928394081927,87.04163011316271,7.43116799843505,5.187263245731552,200.58862557180223
2022-07-26,16632.900390625,16636.099609375,16463.30078125,16483.849609375,208200,-0.008887333683346772,59.456103857853336,161.26381421989026,92.34018999663347,68.9236242232568,7.485425931933444,3.0897810524348563,198.60364003988778
2022-07-27,16475.349609375,16653.44921875,16438.75,16641.80078125,185200,0.00953655956008488,63.32217038244104,171.33112220064504,108.13837643743578,63.19274576320926,7.612241218899175,3.1544259141445354,199.75332423346723
2022-07-28,16774.849609375,16947.650390625,16746.25,16929.599609375,376300,0.017145896529526243,69.10323365702872,200.2244338627679,126.55558792250221,73.6688459402657,8.149645707673105,4.370985148972053,207.33163031500527
2022-07-29,17079.5,17172.80078125,17018.150390625,17158.25,436100,0.013415561413115864,72.77473595512568,238.81980112525525,149.00843056305283,89.81137056220243,8.926559564643973,5.810619141588554,209.89374042643345
2022-08-01,17243.19921875,17356.25,17154.80078125,17340.05078125,381500,0.010539792401854702,75.28909822521952,280.8393699790504,175.37461844625236,105.46475153279803,9.948629702150361,7.981859799306713,209.2905603066882
2022-08-02,17310.150390625,17390.150390625,17215.849609375,17345.44921875,333600,0.0003112792114048116,75.36186290693632,310.9908805342566,202.49787086385322,108.49300967040335,10.514300376696879,8.635492068734575,206.79129037406761
2022-08-03,17349.25,17407.5,17225.849609375,17388.150390625,285400,0.002458783072766921,75.96475148488032,334.4761645600265,228.89352960308793,105.58263495693859,11.134262785231297,9.094245525659973,204.9955118205628
2022-08-04,17463.099609375,17490.69921875,17161.25,17382.0,325000,-0.00035377417814128954,75.67751233985695,348.5739922276807,252.82962212800652,95.7443700996742,11.659003230773362,8.304462455872235,213.8850623155226
2022-08-05,17423.650390625,17474.400390625,17348.75,17397.5,355300,0.0008913297215996853,75.92458177708106,356.88341285359274,273.6403802731238,83.24303258046893,12.100469537615789,6.874097736277912,207.58258576619954
2022-08-08,17401.5,17548.80078125,17359.75,17525.099609375,257000,0.007307599012140524,77.91359804865799,369.505481466731,292.81340051184526,76.69208095488574,12.56435598078263,7.249142892044529,206.25888544361388
2022-08-10,17566.099609375,17566.099609375,17442.80078125,17534.75,312700,0.0005505095416120064,78.06122211316776,375.9535096155778,309.4414223325918,66.51208728298599,12.591139793967129,6.137095939966957,200.3331670637129
2022-08-11,17711.650390625,17719.30078125,17631.94921875,17659.0,311200,0.007060942140366637,79.92197760343072,386.6326939531027,324.879676656694,61.7530172964087,12.38214090898895,6.3458845846946,199.20585379130483
2022-08-12,17659.650390625,17724.650390625,17597.849609375,17698.150390625,303900,0.0022145679837284517,80.48367109537736,393.7166137665117,338.64706407865754,55.06954968785419,11.836900155473154,5.85366873675143,194.03406289549733
2022-08-16,17797.19921875,17839.099609375,17764.05078125,17825.25,0,0.007155855032733008,82.22244563603721,404.9188945531823,351.9014301735625,53.01746437961981,11.402544571603041,7.1808670554987675,190.24228831367608
2022-08-17,17868.150390625,17965.94921875,17833.349609375,17944.25,262800,0.006653737907021656,83.68780758056984,418.57402742532577,365.2359496239152,53.33807780141058,11.345209792207742,8.859583320842809,186.70349763055634
2022-08-18,17898.650390625,17968.44921875,17852.05078125,17956.5,263900,0.0006824370229270742,83.8355171117851,425.4796269413855,377.2846850874093,48.19494185397622,11.115707295856952,7.899981714906998,181.6817076212309
2022-08-19,17966.55078125,17992.19921875,17710.75,17758.44921875,295600,-0.011090751389954998,72.41808643143631,410.2423035344109,383.8762087768096,26.366094757601275,10.694054138841159,4.895860673019184,188.807958416143
2022-08-22,17682.900390625,17690.05078125,17467.349609375,17490.69921875,287600,-0.015192148554208883,60.43505126473687,372.27012931487843,381.5549928844234,-9.284863569544996,10.051958437482607,1.9375473533140037,196.11450491320423
2022-08-23,17357.349609375,17625.55078125,17345.19921875,17577.5,285600,0.004950408657946044,62.5958692846254,345.2017345780405,374.28434122314684,-29.082606645106353,9.531353352650516,1.3693686468713033,202.13143759797535
2022-08-24,17525.44921875,17623.650390625,17499.25,17604.94921875,262000,0.001560393032835227,63.278859966903745,322.25006117079465,363.8774852126764,-41.62742404188174,8.688017519328934,1.4960696418256318,196.57921995704854
2022-08-25,17679.0,17726.5,17487.44921875,17522.44921875,230200,-0.004697196795508722,59.747641224070435,294.01441891530703,349.90487195320253,-55.8904530378955,7.092696184017091,0.7723583308631181,199.61290290654506
2022-08-26,17619.30078125,17685.849609375,17519.349609375,17558.900390625,266600,0.002078094793881999,60.78880320841897,271.4496710992971,334.2138317824215,-62.76416068312437,5.534393274730035,1.0177217272178116,197.24769555607756
2022-08-29,17188.650390625,17380.150390625,17166.19921875,17312.900390625,244900,-0.014109055185943692,51.169447387335104,231.05336245599028,313.5817379171353,-82.528375461145,4.715409973916329,-0.48627451860899557,211.2086581502863
2022-08-30,17414.94921875,17777.650390625,17401.5,17759.30078125,324700,0.025457455427431688,62.70314884963377,232.38103371173565,297.34159707605534,-64.96056336431968,4.345496303021083,1.3363756959744455,229.31875399669443
2022-09-01,17485.69921875,17695.599609375,17468.44921875,17542.80078125,308500,-0.012265712506503565,55.81720932413036,213.50235980997604,280.5737496228395,-67.07138981286346,4.167159212413867,0.0459132936027032,233.7139546040734
2022-09-02,17598.400390625,17643.849609375,17476.44921875,17539.44921875,256300,-0.00019106884593758132,55.71520427116571,196.01093954723183,263.661187607718,-67.65024806048615,3.9782816344445124,-0.6769963262359138,228.97727146271103
2022-09-05,17546.44921875,17683.150390625,17540.349609375,17665.80078125,230300,0.00717802628935595,58.77394930330779,190.15241937503015,248.95943396118042,-58.807014586150274,3.830449558013125,-0.18278525530066755,222.88612149216024
2022-09-06,17695.69921875,17764.650390625,17587.650390625,17655.599609375,251200,-0.000577619915734608,58.42309458625019,182.58166285834523,235.68387974061338,-53.10221688226815,3.637165291272525,-0.9517419987096956,219.60854138557738
2022-09-07,17519.400390625,17650.75,17484.30078125,17624.400390625,354100,-0.0017686636555011566,57.296547784023836,172.08062918734504,222.9632296299597,-50.88260044261466,3.4347808294700988,-1.7824629581899496,216.15784758125042
2022-09-08,17748.150390625,17807.650390625,17691.94921875,17798.75,279800,0.009843902383512463,61.73680250101542,175.8005217406935,213.53068805210648,-37.73016631141297,3.467300576996013,-0.878511959457578,213.80728703973253
2022-09-09,17923.349609375,17925.94921875,17786.0,17833.349609375,270300,0.0019420477956010656,62.56859673939412,179.47162552333612,206.71887554635242,-27.247250023016306,3.5193706281271013,0.4217732624193193,208.53171073332305
2022-09-12,17890.849609375,17980.55078125,17889.150390625,17936.349609375,228200,0.005759080279283832,65.00732023839905,188.5191099624608,203.0789224295741,-14.559812467113318,3.759173533779229,2.5479278161004766,204.15095795772854
2022-09-13,18044.44921875,18088.30078125,18015.44921875,18070.05078125,259900,0.007426556664034913,67.92831577995145,204.12484954482716,203.28810785262473,0.8367416922024233,4.218603607221681,2.8021662992461955,200.4224018089622
2022-09-14,17771.150390625,18091.55078125,17771.150390625,18003.75,365900,-0.003675845320864187,65.02942584215762,208.73640826839255,204.3777679357783,4.358640332614243,4.438680318746429,2.2652765213617356,208.99225815296492
2022-09-15,18046.349609375,18096.150390625,17861.5,17877.400390625,289600,-0.0070427023794097186,59.792598575181515,199.89151924675753,203.48051819797416,-3.588998951216638,4.360144683825559,2.025693825353949,210.82498190096743
2022-09-16,17796.80078125,17820.05078125,17497.25,17530.849609375,468500,-0.019575203370476822,48.30288799015054,163.03872029252307,195.39215861688396,-32.353438324360894,4.23921720471001,-0.15975249375511463,222.91965395268403
2022-09-19,17540.650390625,17667.19921875,17429.69921875,17622.25,258300,0.005200144374609497,50.97844726773987,139.59865289627123,184.23345747276142,-44.63480457649018,4.2321501669704995,1.7868156253155247,223.96110724177802
2022-09-20,17770.400390625,17919.30078125,17744.400390625,17816.25,263100,0.010948654031257964,56.164240449293935,135.1188433647767,174.41053465116448,-39.29169128638779,4.166732789589113,0.3206726405024128,229.18179824236532
2022-09-21,17766.349609375,17838.69921875,17663.599609375,17718.349609375,245500,-0.005510158516157929,53.11087382484438,122.25948743280969,163.98032520749354,-41.720837774683844,4.123198622115602,1.0006887173491086,225.31878475183925
2022-09-22,17609.650390625,17722.75,17532.44921875,17629.80078125,284100,-0.005010107310831895,50.439860715612895,103.72749877605384,151.9297599212056,-48.202261145151766,4.11012443312571,0.5151334079716283,222.81749878742215
2022-09-23,17593.849609375,17642.150390625,17291.650390625,17327.349609375,390800,-0.01730454089090743,42.56562021201907,63.89889567573482,134.32358707211145,-70.42469139637663,4.429026168535215,-1.9158552508654059,231.9376774454634
2022-09-26,17156.30078125,17196.400390625,16978.30078125,17016.30078125,492000,-0.018114401349380974,36.29094741100412,7.152945183450356,108.88945869437923,-101.73651351092887,5.5252502054194155,-3.6209409041284375,240.30275963685887
2022-09-27,17110.900390625,17176.44921875,16942.349609375,17007.400390625,359900,-0.0005231876910193474,36.12684034553108,-38.09765055333264,79.49203684483686,-117.5896873981695,6.1942769954911565,-3.5008283194031535,239.85967747529753
2022-09-28,16870.55078125,17037.599609375,16820.400390625,16858.599609375,323900,-0.008787677246935572,33.406977610828505,-84.98638303311236,46.59635286924701,-131.5827359023594,7.30217969653095,-5.282114702577428,238.24107328063343
2022-09-29,16993.599609375,17026.05078125,16788.599609375,16818.099609375,340000,-0.0024052250050792126,32.685688883789226,-123.98483289010983,12.480115717375647,-136.46494860748547,8.2924695584864,-5.692985458358774,238.18465175165963
2022-09-30,16798.05078125,17187.099609375,16747.69921875,17094.349609375,376100,0.016292312526781774,41.900314357276,-131.08920434058018,-16.23374829421552,-114.85545604636467,8.630170704174459,-4.694377720870818,252.5572045283268
2022-10-03,17102.099609375,17114.650390625,16855.55078125,16887.349609375,278400,-0.012183178897324074,37.73223866306902,-151.67423377510204,-43.321845390392824,-108.35238838470922,9.216274586452169,-6.545090471478943,253.02451916023205
2022-10-04,17147.44921875,17287.30078125,17117.30078125,17274.30078125,226000,0.022655095268550494,48.121331783138224,-135.20572479188922,-61.6986212706921,-73.50710352119712,9.26068982577997,-4.051651565646046,263.51928006842974
2022-10-06,17379.25,17428.80078125,17315.650390625,17331.80078125,265500,0.0033231164632058175,49.47046867665377,-116.17534624616019,-72.59396626578572,-43.581379980374464,9.269973730834135,-3.051895675285738,255.73218863497047
2022-10-07,17287.19921875,17337.349609375,17216.94921875,17314.650390625,216300,-0.0009900230150986376,49.06065036868662,-101.30969226450543,-78.33711146552967,-22.972580798975756,9.150101074159242,-1.2332500909390198,246.0656316342583
2022-10-10,17094.349609375,17280.150390625,17064.69921875,17241.0,234000,-0.004262718329192525,47.25040843981606,-94.38353079295848,-81.54639533101545,-12.837135461943035,8.987472932574113,-2.163458128218587,246.3431702228827
2022-10-11,17256.05078125,17261.80078125,16950.30078125,16983.55078125,282600,-0.015044993668578569,41.487732185499176,-108.41871483042996,-86.92085923089834,-21.49785559953162,8.828174695768421,-4.673818669753736,250.99722949267678
2022-10-12,17025.55078125,17142.349609375,16960.05078125,17123.599609375,256000,0.008212331644389038,45.389550058524705,-107.00741444149753,-90.93817027301819,-16.069244168479344,8.110683261431575,-3.356689607734743,246.090200823557
2022-10-13,17087.349609375,17112.349609375,16956.94921875,17014.349609375,266400,-0.0064005234917517235,42.98169547258374,-113.39733676422111,-95.43000357125878,-17.96733319296233,7.417777191941412,-3.4909706553777795,240.41592866651723
2022-10-14,17322.30078125,17348.55078125,17169.75,17185.69921875,227000,0.010020514532698735,47.67055144418705,-103.44249411234705,-97.03250167947644,-6.4099924328706095,6.710012286891278,-0.8174960038225334,247.1148746099803
2022-10-17,17144.80078125,17328.55078125,17098.55078125,17311.80078125,212200,0.007310797834822186,50.87239576383452,-84.4049002214233,-94.5069813878658,10.102081166442503,6.547785598915773,1.7365701499917472,245.89238356641027
2022-10-18,17438.75,17527.80078125,17434.05078125,17486.94921875,239500,0.010066448739082915,54.99164158397764,-54.55557209922699,-86.51669953013806,31.961127430911063,6.364343960290703,2.8196480185727975,243.75721331166667
2022-10-19,17568.150390625,17607.599609375,17472.849609375,17512.25,210500,0.0014457922593648584,55.571162903689675,-28.529334500937694,-74.919226524298,46.389892023360304,5.760861435326093,3.8772520005843645,235.97098378940476
2022-10-20,17423.099609375,17584.150390625,17421.0,17563.94921875,249600,0.0029478254394111857,56.795332649183955,-3.6891327843186446,-60.67320777630213,56.98407499198348,5.436759508103633,4.434803138870917,230.76951284909015
2022-10-21,17622.849609375,17670.150390625,17520.75,17576.30078125,277700,0.0007029866326317706,57.09946457492985,16.799914945619093,-45.178583231917884,61.97849817753698,5.32865400477852,2.819359512869007,224.95743269022657
2022-10-24,17736.349609375,17777.55078125,17707.400390625,17730.75,45000,0.008748972260095097,60.814049021694224,44.98187104519093,-27.14649237649612,72.12836342168706,5.9455970782951635,4.994273288194299,223.26404464092465
2022-10-25,17808.30078125,17811.5,17637.0,17656.349609375,251400,-0.004204950452158822,58.199821632713416,60.61406336912842,-9.594381227371212,70.20844459649963,6.2279643035599985,2.2116601590015517,219.7808985951443
2022-10-27,17771.400390625,17783.900390625,17654.5,17736.94921875,324600,0.0045545202832827395,60.19604034616268,78.60034740931587,8.044564499966206,70.55578290934966,6.5373693576602605,2.33760151419638,213.32514802584825
2022-10-28,17756.400390625,17838.900390625,17723.69921875,17786.80078125,250000,0.0028066628790527496,61.42316067573187,95.77319775522847,25.59029115101866,70.1829066042098,6.574095530784413,2.726883765904077,206.31629258650196
2022-10-31,17910.19921875,18022.80078125,17899.900390625,18012.19921875,227200,0.012592609626880552,66.45821190982015,126.11677981820685,45.6955888844563,80.42119093375055,6.80573826669999,4.47305387593527,208.4365574017518
2022-11-01,18130.69921875,18175.80078125,18060.150390625,18145.400390625,349900,0.007367843877008389,69.03068411858928,159.07874779696795,68.37222066695863,90.70652713000932,7.564565095860837,6.841028853976125,205.23405776591238
2022-11-02,18177.900390625,18178.75,18048.650390625,18082.849609375,270900,-0.0034531529072475455,66.45323566377652,178.1009823495915,90.3179730034852,87.7830093461063,7.585840435371523,5.601917948810367,199.86731145227577
2022-11-03,17968.349609375,18106.30078125,17959.19921875,18052.69921875,213000,-0.001668738878993079,65.18974515796691,188.5696422785768,109.96830685850352,78.60133542007327,7.935654838863979,6.102787548240244,196.09832938425606
2022-11-04,18053.400390625,18135.099609375,18017.150390625,18117.150390625,267900,0.0035638102334325083,66.64950268647935,199.764046050248,127.92745469685244,71.83659135339556,8.324241762660241,5.41992013254116,190.51625005323777
2022-11-07,18211.75,18255.5,18064.75,18202.80078125,314800,0.0047164462855731094,68.5376992886541,213.09058676394852,144.96008111027166,68.13050565367686,8.719110692030904,5.146778265638436,190.53294647800652
2022-11-09,18288.25,18296.400390625,18117.5,18157.0,307200,-0.0025193100341803654,66.37364193328271,217.4496023599968,159.4579853602167,57.99161699978009,8.830206119404368,3.831719145907696,189.7020496313632
2022-11-10,18044.349609375,18103.099609375,17969.400390625,18028.19921875,256500,-0.007119006002546902,60.58064336634421,208.11202117615903,169.18879252340517,38.92322865275386,8.202862897104508,2.946218896772259,189.55187532733726
2022-11-11,18272.349609375,18362.30078125,18259.349609375,18349.69921875,378500,0.01767602773148285,68.07152747932945,224.07132912413363,180.16529984355086,43.90602928058277,8.105235561014988,4.473652196404611,199.87685298252745
2022-11-14,18376.400390625,18399.44921875,18311.400390625,18329.150390625,301400,-0.0011204729970374992,67.19263452735015,232.38231824577815,190.60870352399633,41.773614721781826,7.451997264238755,4.28332229144669,191.88913692127548
2022-11-15,18362.75,18427.94921875,18282.0,18403.400390625,250900,0.00404274135870096,68.76208152882555,242.1686223354336,200.9206872862838,41.24793504914982,7.061431941011091,3.7936939533014677,188.6077141947558
2022-11-16,18398.25,18442.150390625,18344.150390625,18409.650390625,219300,0.000339553496785159,68.89696115804085,247.57477371809364,210.25150457264579,37.32326914544785,6.728216029869566,4.266458231264403,182.13573460941612
2022-11-17,18358.69921875,18417.599609375,18312.94921875,18343.900390625,200500,-0.0035778894143715548,65.68386728191481,243.7439832205382,216.95000030222428,26.79398291831393,6.4781839979361155,3.421959235432566,176.60106718195783
2022-11-18,18382.94921875,18394.599609375,18209.80078125,18307.650390625,198800,-0.001978088841936149,63.914096825716655,235.0732045319055,220.57464114816054,14.498563383744965,6.091146932603418,2.9282928154457935,177.1866215350323
2022-11-21,18246.400390625,18262.30078125,18133.349609375,18159.94921875,213800,-0.008100449774708418,57.15660868646958,213.81853282250086,219.22341948302864,-5.404886660527779,5.57399354140136,0.8202774031401895,176.9804900861014
2022-11-22,18179.150390625,18261.849609375,18137.69921875,18244.19921875,177700,0.004628601630860599,59.769462559984696,201.45013153653053,215.66876189372903,-14.218630357198492,4.989985451530348,0.5444841447314956,173.20691155316558
2022-11-23,18325.19921875,18325.400390625,18246.0,18267.25,178800,0.0012626606067816233,60.47961706865578,191.3028694146269,210.79558339790862,-19.492713983281703,4.63753619468891,1.019752940539848,166.6350730047252
2022-11-24,18326.099609375,18529.69921875,18294.25,18484.099609375,204000,0.011801042862214367,66.47507672709344,198.47118993119875,208.33070470456667,-9.85951477336792,4.218730014441152,2.3896725104517134,173.4789405579591
2022-11-25,18528.44921875,18534.900390625,18445.099609375,18512.75,205900,0.0015488019469054911,67.18343193103041,204.11111676833025,207.4867871173194,-3.3756703489891606,3.85944369324948,2.1835641966062673,167.50192917881918
2022-11-28,18430.55078125,18614.25,18365.599609375,18562.75,206500,0.0026972005940332764,68.43682730608569,210.19241424166103,208.02791254218772,2.1645016994733055,3.525821987373957,1.9774386539502742,173.2982478535464
2022-11-29,18552.44921875,18678.099609375,18552.150390625,18618.05078125,195300,0.0029746977400658824,69.81023841546366,216.97306672940613,209.81694337963143,7.1561233497747025,3.6862414121937856,2.539245366800683,169.91617434615023
2022-11-30,18625.69921875,18816.05078125,18616.55078125,18758.349609375,345600,0.007507383568474861,73.01799617475692,231.00484551776026,214.05452380725723,16.950321710503033,4.225727663638292,4.050046162489798,172.0293047499966
2022-12-01,18871.94921875,18887.599609375,18778.19921875,18812.5,325000,0.0028825767148602448,74.15924240666558,243.68555982609905,219.9807310110256,23.704828815073455,4.646734177669613,2.5221164430701033,168.97364012499685
2022-12-02,18752.400390625,18781.94921875,18639.19921875,18696.099609375,254400,-0.006206617442539312,67.54561333109811,241.55804774059652,224.2961943569398,17.261853383656728,4.645997368570464,2.001997970062417,169.28272163392563
2022-12-05,18719.55078125,18728.599609375,18591.349609375,18701.05078125,288400,0.0002647887259970962,67.67765640935635,237.5333605554806,226.94362759664796,10.589732958832656,4.657218935627932,1.617366270945385,166.99467008864525
2022-12-06,18600.650390625,18654.900390625,18577.900390625,18642.75,217800,-0.0031223832280691255,64.35725345981467,227.02240815340338,226.95938370799905,0.06302444540432361,4.639076757901201,1.266181619036636,163.862935841242
2022-12-07,18638.849609375,18668.30078125,18528.400390625,18560.5,200500,-0.004421663914122268,59.89281901672647,209.63892797339213,223.4952925610777,-13.856364587685562,4.444600400114444,1.1807718356653167,162.15132546865328
2022-12-08,18570.849609375,18625.0,18536.94921875,18609.349609375,202800,0.0026284549446723396,61.596730464725695,197.52717954348554,218.30166995755928,-20.77449041407374,3.932756866091199,1.6479406822433884,156.85842945303517
2022-12-09,18662.400390625,18664.69921875,18410.099609375,18496.599609375,215800,-0.006077211303593385,55.7133823402733,176.79259396970156,209.99985475998776,-33.2072607902862,3.870272366480228,1.8538068943354267,163.83994230460408
2022-12-12,18402.150390625,18521.55078125,18345.69921875,18497.150390625,193900,2.977698935843848e-05,55.735624067594614,158.57675484243737,199.7152347764777,-41.13847993404033,3.7791609421518233,1.3864745108408816,164.6979151757038
2022-12-13,18524.400390625,18617.25,18490.19921875,18608.0,187600,0.005974908495510217,60.08089173072062,151.34064738697634,190.04031729857743,-38.69966991160109,3.7722471485615006,1.8653601390466548,162.00883418101066
2022-12-14,18671.25,18696.099609375,18632.900390625,18660.30078125,208000,0.002806718551028224,61.97743307025293,148.1187947807084,181.65601279500362,-33.537218014295206,3.791450763913905,0.9532580736885451,156.72960383772417
2022-12-15,18614.400390625,18652.900390625,18387.69921875,18414.900390625,183100,-0.01323817358829901,49.97908313959413,124.33048827544917,170.19090789109273,-45.860419615643565,3.7249013823679413,-0.5285525347395714,165.00617231360098
2022-12-16,18319.099609375,18440.94921875,18255.150390625,18269.0,277700,-0.007954506384605002,44.46727215812338,92.63727693770488,154.68018170041518,-62.04290476271029,3.7832063922265693,-1.5824702697606767,166.49136201441522
2022-12-19,18288.099609375,18431.650390625,18244.55078125,18420.44921875,154800,0.008255783729645224,50.56209836299247,78.83213704986701,139.51057277030554,-60.67843572043853,3.3646977244690865,-1.061343987196565,167.96337968302842
2022-12-20,18340.30078125,18404.900390625,18202.650390625,18385.30078125,169000,-0.0019099433205291773,49.21217671069445,64.31390836794526,124.4712398898335,-60.15733152188824,3.130425467808997,-1.988708153400439,171.5230545717407
2022-12-21,18435.150390625,18473.349609375,18162.75,18199.099609375,187600,-0.01017935391694218,42.70720134208688,37.35265100754623,107.04752211337605,-69.69487110582982,3.286123950751099,-3.2606000830564787,181.4570942005449
2022-12-22,18288.80078125,18318.75,18068.599609375,18127.349609375,195700,-0.0039502948868902,40.48641594487693,10.079840813414194,87.65398585338369,-77.5741450399695,3.8284921108503114,-3.04207835796299,186.3637582308631
2022-12-23,17977.650390625,18050.44921875,17779.5,17806.80078125,221500,-0.01784137526808462,32.38432220050451,-36.97346218983148,62.728496244740654,-99.70195843457213,5.126424122518295,-4.781816863983871,197.89846188401575
2022-12-26,17830.400390625,18084.099609375,17774.25,18014.599609375,176700,0.01160206785899442,40.67280985422358,-56.84069093522703,38.814658808747126,-95.65534974397416,5.589645845677304,-3.3694084329028713,205.89497241908606
2022-12-27,18089.80078125,18149.25,17967.44921875,18132.30078125,214300,0.006512402811413872,44.800308290485646,-62.36915910828611,18.577895225340477,-80.9470543336266,5.753245100147586,-2.307045708628539,204.17395876415134
2022-12-28,18084.75,18173.099609375,18068.349609375,18122.5,193900,-0.0005406611691443354,44.522543180029366,-66.77164909733983,1.5079863608044146,-68.27963545814424,5.722147797495278,-2.6161559624294197,197.0722474238548
2022-12-29,18045.69921875,18229.69921875,17992.80078125,18191.0,281100,0.0037727060871833766,46.99608468284091,-63.99557545232528,-11.592726001821527,-52.40284945050376,5.446148239830098,-1.6521934616571734,199.9169752864366
2022-12-30,18259.099609375,18265.25,18080.30078125,18105.30078125,192000,-0.004722210041123311,44.33290873946595,-67.92769958569261,-22.859720718595746,-45.06797886709686,5.356970586626375,-2.1184323049760305,198.84784981954826
2023-01-02,18131.69921875,18215.150390625,18086.5,18197.44921875,256100,0.005076675205536103,47.76082561521783,-62.883446276100585,-30.864465830096716,-32.018980446003866,5.103827699745807,-2.206313312822442,193.83374559136624
2023-01-03,18163.19921875,18251.94921875,18149.80078125,18232.55078125,208700,0.001927069632871597,49.04793859266263,-55.41465084805532,-35.77450283368844,-19.64014801436688,4.864250543711092,-2.2922995991029587,187.2847950134115
2023-01-04,18230.650390625,18243.0,18020.599609375,18042.94921875,235200,-0.010453517612292944,42.89940215633522,-64.05643547454383,-41.43088936185951,-22.62554611268432,4.840152121049463,-2.019838087554141,189.79305184281068
2023-01-05,18101.94921875,18120.30078125,17892.599609375,17992.150390625,269900,-0.0028194100932680756,41.40189909388508,-74.14940475627009,-47.97459244074163,-26.174812315528456,4.7258567830645966,-1.5154064775028737,192.50077470225278
2023-01-06,18008.05078125,18047.400390625,17795.55078125,17859.44921875,238200,-0.0074028372147649955,37.69969727416041,-91.79784277891667,-56.73924250837665,-35.058600270540026,4.899465278589964,-3.0455283328756364,196.73997717887758
2023-01-09,17952.55078125,18141.400390625,17936.150390625,18101.19921875,257200,0.01344545509952314,46.99808764444993,-85.29393703849564,-62.45018141440045,-22.843755624095195,4.715523584548952,-1.5452646974899489,202.82649108574347
2023-01-10,18121.30078125,18127.599609375,17856.0,17914.150390625,283300,-0.010387266093937284,41.799749892442584,-94.14754775282563,-68.78965468208548,-25.357893070740147,4.414023933002201,-1.565732508014916,207.7388566778332
2023-01-11,17924.25,17976.349609375,17824.349609375,17895.69921875,259900,-0.0010305082936186098,41.3143066924558,-101.48311917142928,-75.32834757995424,-26.15477159147504,3.7995875087053217,-1.2779054611778236,203.75750977227372
2023-01-12,17920.849609375,17945.80078125,17761.650390625,17858.19921875,227800,-0.0020976741216788596,40.290174808390674,-109.06531194473791,-82.07574045291098,-26.989571491826936,3.699361143416982,0.2886449853143802,202.3570012617542
2023-01-13,17867.5,17999.349609375,17774.25,17956.599609375,256700,0.0054949708747303715,44.19901168715375,-105.91326301989102,-86.843244966307,-19.070018053584022,3.645871797375582,-0.3219610829974603,203.98147326984318
2023-01-16,18033.150390625,18049.650390625,17853.650390625,17894.849609375,206200,-0.0034447734977776498,42.32644057883839,-107.16264619250796,-90.9071252115472,-16.255520980960767,3.306070708513627,-1.3095479428652552,203.41136803628297
2023-01-17,17922.80078125,18072.05078125,17886.94921875,18053.30078125,219100,0.008815596703469526,48.370975068385995,-94.28030139250768,-91.5817604477393,-2.698540944768382,2.8414426054783624,-0.3818414608911574,202.1035247836913
2023-01-18,18074.30078125,18183.75,18032.44921875,18165.349609375,255800,0.00618737497867869,52.18714193129692,-74.17450876267685,-88.10031011072681,13.925801348049959,2.7980754749640084,-0.14100594043757902,198.47475738842763
2023-01-19,18119.80078125,18155.19921875,18063.75,18107.849609375,237800,-0.0031703874707042848,50.13902600131105,-62.16370816936251,-82.91298972245394,20.749281553091436,2.7836324461636583,0.014077800506024111,191.5551039588971
2023-01-20,18115.599609375,18145.44921875,18016.19921875,18027.650390625,237200,-0.004438812272184146,47.34790438198443,-58.44277691341267,-78.0189471606457,19.576170247233023,2.535969771558557,-0.9330913694763625,187.10473939040443
2023-01-23,18118.44921875,18162.599609375,18063.44921875,18118.55078125,202500,0.005029606393094338,50.6979313622936,-47.610189618426375,-71.93719565220184,24.32700603377546,2.556020449115801,-0.6252553543809973,183.37934505894697
2023-01-24,18183.94921875,18201.25,18078.650390625,18118.30078125,216900,-1.379810823647804e-05,50.6883792374302,-38.60049655690091,-65.26985583314166,26.669359276240755,2.545713595216627,0.41762331416249643,179.03793536723649
2023-01-25,18093.349609375,18100.599609375,17846.150390625,17891.94921875,257200,-0.012571672991636754,42.82154107393849,-49.15826342827495,-62.04753735216832,12.88927392389337,2.6235763196120137,-0.5569160422714724,185.6888250285053
2023-01-27,17877.19921875,17884.75,17493.55078125,17604.349609375,476300,-0.016204838949638832,35.32069105742555,-79.81222895082465,-65.60047567189959,-14.211753278925059,3.2391066473399364,-1.428373329157206,200.88236877646924
2023-01-30,17541.94921875,17709.150390625,17405.55078125,17648.94921875,432400,0.002530238851503625,37.15900091674361,-99.36152393771772,-72.35268532506322,-27.0088386126545,3.6318718426927132,-2.498453249061753,208.21931453350717
2023-01-31,17731.44921875,17735.69921875,17537.55078125,17662.150390625,398300,0.0007477066778470427,37.72321721601945,-112.49251314895446,-80.38065088984146,-32.111862259112996,3.783644053733986,-1.4067091908075025,207.49996617397096
2023-02-01,17811.599609375,17972.19921875,17353.400390625,17616.30078125,512900,-0.0025992997802722563,36.497545829895216,-125.15587794380917,-89.33569630063501,-35.820181643174166,3.860242949985468,-1.561260245183735,236.8784563133302
2023-02-02,17517.099609375,17653.900390625,17445.94921875,17610.400390625,490100,-0.00033499535771969267,36.33393668086773,-134.12172621819627,-98.29290228414726,-35.82882393404901,4.105973824617165,-1.387591352799036,234.8122217105923
2023-02-03,17721.75,17870.30078125,17584.19921875,17854.05078125,424100,0.013740758205234283,46.91616738370332,-120.18130010162349,-102.67058184764252,-17.51071825398097,4.08931139660292,-0.5710926921345401,238.47574605269284
2023-02-06,17818.55078125,17823.69921875,17698.349609375,17764.599609375,282500,-0.005022725956678951,44.0231318378106,-115.02543238092767,-105.14155195429956,-9.88388042662811,4.138532555436089,-0.727863060283909,232.56327646857193
2023-02-07,17790.099609375,17811.150390625,17652.55078125,17721.5,354400,-0.0024290993398515346,42.65821587394281,-113.11324921792402,-106.73589140702447,-6.377357810899554,4.0790510271795375,-1.8378953814064038,227.28015739045964
2023-02-08,17750.30078125,17898.69921875,17744.150390625,17871.69921875,291000,0.00843982073038998,48.63504590163767,-98.34435607918203,-105.05758434145598,6.713228262273944,4.074385233020406,-1.6165413655096914,223.70294748756967
2023-02-09,17885.5,17916.900390625,17779.80078125,17893.44921875,260900,0.0012162679944837883,49.45660793244901,-83.91750981858058,-100.8295694368809,16.91205961830032,4.074099450644182,-1.18401905941387,217.51699476524325
2023-02-10,17847.55078125,17876.94921875,17801.0,17856.5,232000,-0.00206709283308457,48.05055224630681,-74.60561626889466,-95.58477880328365,20.97916253438899,4.0742714399564814,-0.9493771341050863,208.58358219272586
2023-02-13,17859.099609375,17880.69921875,17719.75,17770.900390625,231300,-0.0048052775756446476,44.868064525609356,-73.28822558873071,-91.12546816037307,17.837242571642363,4.080413426497421,-1.9187538496995376,205.18112766110258
2023-02-14,17840.349609375,17954.55078125,17800.05078125,17929.849609375,244500,0.008904589905162998,51.31606846935476,-58.74117868160465,-84.64861026461939,25.90743158301474,4.0905032544823134,-1.0401150425211043,203.64321787280954
2023-02-15,17896.599609375,18034.099609375,17853.80078125,18015.849609375,229300,0.004785004379327248,54.42206815093775,-39.81410570671869,-75.68170935303925,35.86760364632056,4.051461642005131,0.692492411587876,201.9757614622517
2023-02-16,18094.75,18134.75,18000.650390625,18035.849609375,230200,0.00110951785824931,55.138875009290516,-22.936038781019306,-65.13257523863527,42.19653645761596,3.854602418603543,2.4510987885074123,197.12746488459086
2023-02-17,17974.849609375,18034.25,17884.599609375,17944.19921875,208100,-0.005094522761127012,51.167586172807674,-16.762244985598954,-55.45850918802801,38.696264202429056,3.666151274237121,1.6729041278351602,193.8505031071201
2023-02-20,17965.55078125,18004.349609375,17818.400390625,17844.599609375,174600,-0.005565979846782634,47.18989904097692,-19.679472304167575,-48.30270181125593,28.623229507088354,3.5496341585975206,1.0329955000657414,193.28612565304007
2023-02-21,17905.80078125,17924.900390625,17800.30078125,17826.69921875,198200,-0.0010036299610954843,46.49039776788901,-23.168733161404816,-43.275908081285706,20.10717491988089,3.2472805693617706,1.1943394933625262,188.37994591889438
2023-02-22,17755.349609375,17772.5,17529.44921875,17554.30078125,204000,-0.015398310946496917,37.40412537416599,-47.36824328418152,-44.09437512186487,-3.2738681623166457,3.135133473671329,-0.3185595337449849,196.15637835325907
2023-02-23,17574.650390625,17620.05078125,17455.400390625,17511.25,240800,-0.0024554471223785586,36.19994509523007,-69.2224147531997,-49.11998304813184,-20.102431705067858,3.388870389702904,-1.9200168379155904,193.90595065838343
2023-02-24,17591.349609375,17599.75,17421.80078125,17465.80078125,209400,-0.002598803690668268,34.92174736736311,-89.18134814342193,-57.13225606718987,-32.04909207623206,3.6285743090761415,-1.681990220411798,192.7661840934989
2023-02-27,17428.599609375,17451.599609375,17299.0,17392.69921875,246400,-0.004194194796816341,32.908997953162796,-109.63384113412758,-67.63257308057742,-42.00126805355016,4.042466546229416,-1.8553778249583839,190.91151246182042
2023-02-28,17383.25,17440.44921875,17255.19921875,17303.94921875,420900,-0.005115779048087727,30.602875503976207,-131.48825768087045,-80.40371000063602,-51.08454768023442,4.604701765070575,-3.1768104031448114,190.50711871454752
2023-03-01,17360.099609375,17467.75,17345.25,17450.900390625,272900,0.008456491641293511,38.31125385948075,-135.38962151885062,-91.40089230427895,-43.98872921457166,4.787391058146189,-2.473244944084154,188.59952318136556
2023-03-02,17421.5,17445.80078125,17306.0,17321.900390625,310700,-0.007419626196212839,34.67056316550348,-147.19394222930714,-102.5595022892846,-44.634439940022546,5.171526207760759,-2.9938655916613,185.4781565701966
2023-03-03,17451.25,17644.75,17427.69921875,17594.349609375,356200,0.015606186138582535,46.28138068550157,-133.0310769912976,-108.6538172296872,-24.37725976161039,5.15714339429272,-0.9934824762347944,195.29040319911113
2023-03-06,17680.349609375,17799.94921875,17671.94921875,17711.44921875,362800,0.006633473404126094,50.36457625821174,-111.07751200292842,-109.13855618433544,-1.938955818592973,5.148486950898845,-1.2180826687514699,196.02677506881747
2023-03-08,17665.75,17766.5,17602.25,17754.400390625,267000,0.0024221155475668,51.811426770708294,-89.18528057183721,-105.1479010618358,15.962620489998585,5.153918083605362,-1.4512178133078348,193.7570054210448
2023-03-09,17772.05078125,17772.349609375,17573.599609375,17589.599609375,262400,-0.009325598438082557,46.2416912834244,-84.16339199395225,-100.9509992482591,16.78760725430685,5.108606537174318,-2.4742388612956723,194.11364789097019
2023-03-10,17443.80078125,17451.5,17324.349609375,17412.900390625,235900,-0.010096462811863625,41.135617499525395,-93.36540110536225,-99.43387961967973,6.068478514317476,5.171215891499254,-2.960838885303072,199.194815898758
2023-03-13,17421.900390625,17529.900390625,17113.44921875,17154.30078125,254900,-0.014962416687813755,35.0378753228529,-120.13998789657853,-103.5751012750595,-16.564886621519037,5.653428378820721,-3.8683906797344916,214.71312703991816
2023-03-14,17160.55078125,17224.650390625,16987.099609375,17043.30078125,290600,-0.006491706128142258,32.79096842600228,-148.60281244357975,-112.58064350876356,-36.02216893481619,6.306067876708956,-4.394523225455147,216.344388054924
2023-03-15,17166.44921875,17211.349609375,16938.900390625,16972.150390625,248200,-0.004183422059139645,31.400923831710614,-174.88508149814152,-125.04153110663916,-49.84355039150236,6.771703261622908,-3.3162835585385615,220.35187596171514
2023-03-16,16994.650390625,17062.44921875,16850.150390625,16985.599609375,349800,0.0007921148752918237,31.987825846432898,-192.41073830444657,-138.51537254620064,-53.89536575824593,6.864777599248913,-3.0017867977728603,219.7766582590926
2023-03-17,17111.80078125,17145.80078125,16958.150390625,17100.05078125,408100,0.0067155298897271865,36.93274432761257,-194.81894302243745,-149.776086641448,-45.04285638098946,6.5242459934104335,-2.094092361299817,217.4819248566574
2023-03-20,17066.599609375,17066.599609375,16828.349609375,16988.400390625,241800,-0.006550651968001941,34.3118960383635,-203.39213807331907,-160.49929692782223,-42.892841145496845,6.37210370430184,-2.3245318224623257,221.35472821511044
2023-03-21,17060.400390625,17127.69921875,17016.0,17107.5,246700,0.006986182644570191,39.26317253207783,-198.29034611946554,-168.0575067661509,-30.23283935331463,6.0858921765622975,-1.1352854557451775,215.49359249438825
2023-03-22,17177.44921875,17207.25,17107.849609375,17151.900390625,0,0.002592013577443892,41.047178031927636,-188.49158512434224,-172.14432243778919,-16.34726268655305,5.656967283112119,-1.713378641256982,207.22619303050337
2023-03-23,17097.400390625,17205.400390625,17045.30078125,17076.900390625,219200,-0.0043822814890137705,38.9651817580898,-184.64934690737573,-174.6453273317065,-10.004019575669219,5.6665705157441915,-1.4143944629343295,203.8600084836817
2023-03-24,17076.19921875,17109.44921875,16917.349609375,16945.05078125,228000,-0.007750894050448838,35.55125753032546,-190.0526978053931,-177.72680142644384,-12.325896378949267,5.839696061832128,-3.690382665688458,203.01997997591872
2023-03-27,16984.30078125,17091.0,16918.55078125,16985.69921875,218400,0.002395965721106003,37.37300606848302,-188.87763927472042,-179.9569689960992,-8.92067027862123,5.931959232701862,-4.097631938733133,200.83635417406737
2023-03-28,17031.75,17061.75,16913.75,16951.69921875,238800,-0.0020036899079230227,36.44503987292121,-188.51680835439765,-181.6689368677589,-6.847871486638752,6.075891287174931,-4.521139290622604,197.06232887591972
2023-03-29,16977.30078125,17126.150390625,16940.599609375,17080.69921875,345900,0.0075810476927372725,42.29903892680301,-175.79516807945038,-180.4941831100972,4.6990150306468195,6.111644658252611,-2.8931891681818813,196.2400754740683
2023-03-31,17210.349609375,17381.599609375,17204.650390625,17359.75,263900,0.016205182818433635,52.49292363456098,-141.56424607680674,-172.70819570343912,31.143949626632377,6.036842167018184,-0.30523571279151085,203.71581227056342
2023-04-03,17427.94921875,17428.05078125,17312.75,17398.05078125,230200,0.002203867672376198,53.701930118501075,-110.07654690291747,-160.1818659433348,50.10531904041733,6.084232659292266,1.4209264668276291,197.40045291195176
2023-04-05,17422.30078125,17570.55078125,17402.69921875,17557.05078125,248300,0.00909744726853034,58.43137491681804,-71.46850285610344,-142.43919332588854,70.9706904697851,6.025297242655854,3.014380879584056,195.62184913252665
2023-04-06,17533.849609375,17638.69921875,17502.849609375,17599.150390625,242700,0.002395004471214228,59.60792143345433,-37.04720602762245,-121.36079586623532,84.31358983861287,5.800694979132011,3.6942873211065783,191.35240343556046
2023-04-10,17634.900390625,17694.099609375,17597.94921875,17624.05078125,254800,0.0014138632460749291,60.323228549301675,-7.670407197299937,-98.62271813244824,90.9523109351483,5.502619148429389,3.758779122066521,184.55225966337755
2023-04-11,17704.80078125,17748.75,17655.150390625,17722.30078125,304300,0.005559286811614234,63.099962276455926,23.27062216773993,-74.2440500724106,97.51467224015053,5.785314353132762,3.6388780826445832,180.27704245527914
2023-04-12,17759.55078125,17825.75,17717.25,17812.400390625,232800,0.005071088231309614,65.48543957848241,54.434410342142655,-48.50835798949995,102.94276833164261,6.467473788754087,4.850368375204543,175.15011085133065
2023-04-13,17807.30078125,17842.150390625,17729.650390625,17828.0,285800,0.0008753891763391581,65.89651614824515,79.47456182103633,-22.911774027392696,102.38633584842903,7.104323285080491,4.211603098056408,170.67510293337847
2023-04-17,17863.0,17863.0,17574.05078125,17706.849609375,357400,-0.00681870678285114,59.92700547860638,88.5228024817552,-0.6248587255631151,89.14766120731832,7.3221179449663225,3.235496977660434,179.12325406313715
2023-04-18,17766.599609375,17766.599609375,17610.19921875,17660.150390625,258900,-0.0026408372714739102,57.755123244787164,90.87777925317641,17.675668870184793,73.20211038299162,7.310813200370242,3.4154324652511105,177.5001923889845
2023-04-19,17653.349609375,17666.150390625,17579.849609375,17618.75,281500,-0.0023470351496987078,55.82355226485184,88.3846070526888,31.8174565066856,56.567150546003205,7.191466334527391,3.975787546741732,170.98594873619987
2023-04-20,17638.599609375,17684.44921875,17584.349609375,17624.44921875,215100,0.00032342232975522987,56.04150311223009,85.8786735531321,42.6296999159749,43.2489736371572,7.152399848488948,3.760516371883609,165.92263878182845
2023-04-21,17639.75,17663.19921875,17553.94921875,17624.05078125,230200,-2.260734499433094e-05,56.020694370415846,82.9048768107059,50.684735294921104,32.220141515784796,6.9016442038816725,3.966278269946666,161.874593154555
2023-04-24,17707.55078125,17754.5,17612.5,17743.400390625,255700,0.006749146939408538,60.725021183246355,89.15096071694643,58.377980379326175,30.772980337620254,6.859506704394307,3.879824610151398,160.45497935780105
2023-04-25,17761.55078125,17807.44921875,17716.849609375,17769.25,297400,0.0014557975062981768,61.68107018897525,95.09072793588712,65.72052989063837,29.370198045248742,6.827605561912084,2.358904938147151,155.46531007331527
2023-04-26,17767.30078125,17827.75,17711.19921875,17813.599609375,233000,0.002492753268886545,63.33033951330277,102.19859726912182,73.01614336633507,29.182453902786747,6.649107647605736,2.388479223045146,152.6857008716499
2023-04-27,17813.099609375,17931.599609375,17797.900390625,17915.05078125,241400,0.005678996739265909,66.84570115918919,114.69575536046978,81.35206576516202,33.34368959530775,6.177705765013916,2.039066836796559,151.32952357724636
2023-04-28,17950.400390625,18089.150390625,17885.30078125,18065.0,290300,0.008335179280697748,71.2350365822212,135.14166299203134,92.10998521053588,43.03167778149546,5.827821926243197,2.64700055988587,155.0809582770859
2023-05-02,18124.80078125,18180.25,18101.75,18147.650390625,265200,0.004564732669242972,73.33085387580212,156.21365411514125,104.93071899145696,51.2829351236843,5.232183499892573,2.970937929502852,152.2358898287226
2023-05-03,18113.80078125,18116.349609375,18042.400390625,18089.849609375,226200,-0.003190111363585117,69.51625028616402,166.3319477544428,117.21096474405414,49.12098301038867,4.569768734953166,2.073934037469123,148.87975484095674
2023-05-04,18081.0,18267.44921875,18066.69921875,18255.80078125,226600,0.009131894646700034,73.73992054312517,185.60213513988492,130.88919882322028,54.71293631666464,4.8073474458579195,2.4892792711889067,152.58477235231697
2023-05-05,18117.30078125,18216.94921875,18055.44921875,18069.0,239700,-0.010285117822267788,63.135680877586935,183.6832494288792,141.44800894435207,42.23524048452714,4.5745087958313455,1.351806147632937,155.99668593429436
2023-05-08,18120.599609375,18286.94921875,18100.30078125,18264.400390625,228400,0.010756068652657526,68.2750441687555,195.67408808773325,152.2932247730283,43.38086331470495,4.869533688813222,3.148785885405619,160.42186684970193
2023-05-09,18303.400390625,18344.19921875,18229.650390625,18265.94921875,245400,8.479678637020549e-05,68.31275360885398,202.96226890349863,162.42703359912235,40.53523530437627,5.089249146395467,3.4303152279302904,157.14522122650894
2023-05-10,18313.599609375,18326.75,18211.94921875,18315.099609375,220500,0.0026872067245805376,69.54969503691608,210.28025063062523,171.99767700542296,38.282573625202275,5.315718318906494,3.952321301880099,154.120618371044
2023-05-11,18357.80078125,18389.69921875,18270.400390625,18297.0,248900,-0.0009887229108728535,68.48942841918696,212.17351248229897,180.03284410079817,32.1406683815008,5.517548654524688,3.8160102077658014,151.63334763918374
2023-05-12,18273.75,18342.75,18194.55078125,18314.80078125,241700,0.0009724068345624825,68.9901247645293,212.65891087056298,186.55805745475115,26.100853415811827,5.745947020068843,3.9193600187244124,151.38805271852775
2023-05-15,18339.30078125,18458.900390625,18287.900390625,18398.849609375,216100,0.004578622613795238,71.30832687774925,217.3204952033011,192.71054500446115,24.609950198839954,6.0472910999633,3.694045134078791,152.78890609577576
2023-05-16,18432.349609375,18432.349609375,18264.349609375,18286.5,219500,-0.0061250587396132535,64.38002205151983,209.53378479928506,196.07519296342593,13.458591835859124,6.0001951796656146,2.9109275855762062,153.87541280322034
2023-05-17,18300.44921875,18309.0,18115.349609375,18181.75,229900,-0.005744738948538704,58.65762049448665,192.68911100925106,195.39797657259098,-2.708865563339913,5.731549533208802,2.0666816291932855,156.7164826476332
2023-05-18,18287.5,18297.19921875,18104.849609375,18129.94921875,272100,-0.0028531199312594804,56.00648171699372,173.16357365512522,190.95109598909784,-17.787522333972618,5.288378887384956,1.1995413249116436,159.26170598530229
2023-05-19,18186.150390625,18218.099609375,18060.400390625,18203.400390625,260900,0.004043187469679982,58.84674937470606,161.75176666223706,185.11123012372568,-23.359463461488616,4.776734635258165,0.7661244983393302,159.15009975420926
2023-05-22,18201.099609375,18335.25,18178.849609375,18314.400390625,262600,0.0060792457091855085,62.759604685499056,159.82226811610235,180.053437722201,-20.23116960609866,4.1845223699782945,0.9188517323771146,158.95369195926577
2023-05-23,18362.900390625,18419.75,18324.19921875,18348.0,270400,0.0018329197446846867,63.87915465490702,159.16952706154188,175.8766555900692,-16.707128528527306,3.7665997814409105,1.4270455321597284,155.1248289175325
2023-05-24,18294.80078125,18392.599609375,18262.94921875,18285.400390625,232600,-0.003417628155656871,60.24524557434696,151.8505214753568,171.07142876712672,-19.22090729176992,3.1954508137206106,0.16213810464781633,153.30522618235162
2023-05-25,18268.900390625,18338.099609375,18202.400390625,18321.150390625,235900,0.0019532029433287895,61.589118717395465,147.23761941808698,166.30466689731878,-19.067047479231803,2.5838365649696255,1.3954861399358016,152.04765422289796
2023-05-26,18368.349609375,18508.55078125,18333.150390625,18499.349609375,198700,0.009679423693686186,67.48866296704605,156.1609230693066,164.27591813171637,-8.114995062409776,2.4060277406691015,1.2863779468533658,154.57284968019096
2023-05-29,18619.150390625,18641.19921875,18581.25,18598.650390625,265300,0.005353443226476252,70.23238311230047,169.29393357303343,165.27952121997978,4.014412353053643,2.730202208551926,1.8214283193861185,153.66404680124873
2023-05-30,18606.650390625,18662.44921875,18575.5,18633.849609375,234400,0.0018907797884415813,71.16144266864212,180.4619685566031,168.31601068730447,12.145957869298627,3.1206927784856995,1.7403672750807238,148.89870194044528
2023-05-31,18594.19921875,18603.900390625,18483.849609375,18534.400390625,696500,-0.005351312266430236,64.98983959014198,179.2220358536215,170.49721572056788,8.724820133053612,3.107903946750319,1.2974825961906324,148.97736608755636
2023-06-01,18579.400390625,18580.30078125,18464.55078125,18487.75,265600,-0.0025201353688439534,62.26202362331129,172.48676356235592,170.8951252889255,1.5916382734304193,3.1763699784114743,0.9443139503163958,146.60398279558805
2023-06-02,18550.849609375,18573.69921875,18478.400390625,18534.099609375,270900,0.002503906967370625,63.88400071090127,168.94158444029017,170.50441711919845,-1.5628326789082791,3.002320714890553,0.7351003072011869,142.93932889054605
2023-06-05,18612.0,18640.150390625,18582.80078125,18593.849609375,256100,0.0032186023111129003,65.91763274004524,169.00514399490567,170.20456249433988,-1.1994184994342163,3.1522409572424115,1.6807459567167036,140.30443263050705
2023-06-06,18600.80078125,18622.75,18531.599609375,18599.0,220800,0.00027695595857881204,66.09485784801419,167.53981419160118,169.67161283379215,-2.1317986421909723,3.264647855315845,2.294883605813522,136.7934296301137
2023-06-07,18665.599609375,18738.94921875,18636.0,18726.400390625,260100,0.006826497990157328,70.21997118677244,174.64547226802097,170.66638472063792,3.9790875473830454,3.591254762136351,3.2898667540565976,137.01884313867703
2023-06-08,18725.349609375,18777.900390625,18615.599609375,18634.55078125,286500,-0.004916887367083021,64.1592942918283,170.895287138228,170.71216520415595,0.18312193407206223,3.6818035485208775,2.368515669451782,138.82469586091437
2023-06-09,18655.900390625,18676.650390625,18555.400390625,18563.400390625,221800,-0.003825505177262602,59.84997090016226,160.33376862898513,168.6364858891218,-8.30271726013666,3.6818328233212063,1.3595858706215749,137.56936044227763
2023-06-12,18595.05078125,18633.599609375,18559.75,18601.5,179500,0.0020503013499982166,61.347100854009255,153.27119426414356,165.56342756412616,-12.292233299982598,3.745684046261684,1.381621975147155,133.0179496517578
2023-06-13,18631.80078125,18728.900390625,18631.80078125,18716.150390625,233200,0.00614458574708609,65.51436955542235,155.13705811062027,163.47815367342497,-8.341095562804696,3.8388789268972046,2.355704500847831,132.61669543556079
2023-06-14,18744.599609375,18769.69921875,18690.0,18755.900390625,261400,0.002121582036807868,66.84885618169159,158.00191373836424,162.38290568641284,-4.380991948048603,3.759140526324175,2.372940512635403,128.83687567230643
2023-06-15,18774.44921875,18794.099609375,18669.05078125,18688.099609375,263000,-0.0036214536561356998,62.41246684454721,153.03725780581954,160.5137761102942,-7.476518304474666,3.354786079476434,1.0203061404080191,128.56630084749884
2023-06-16,18723.30078125,18864.69921875,18710.5,18826.0,272800,0.007351956368470602,67.18283804151498,158.40415673694952,160.09185223562525,-1.6876954986757369,3.2043414734933267,1.2223984246168735,131.99725145660608
2023-06-19,18873.30078125,18881.44921875,18719.150390625,18755.44921875,219800,-0.003754557931873424,62.79212981467257,155.17583395664406,159.108648579829,-3.932814623184953,3.0728903708021575,0.6525737403924372,134.1616497900628
2023-06-20,18752.349609375,18839.69921875,18660.650390625,18816.69921875,211600,0.0032603966930515953,64.93473572042606,155.76417555091757,158.4397539740467,-2.6755784231291386,3.017372003476535,1.5231074228211414,137.3678768139869
2023-06-21,18849.400390625,18875.900390625,18794.849609375,18856.849609375,217500,0.0021314905059401927,66.30450581962575,157.65291678659196,158.28238653655575,-0.6294697499637891,2.7775130737323126,1.9964550006085109,133.345227130845
2023-06-22,18853.599609375,18886.599609375,18759.5,18771.25,252700,-0.004549778379793411,60.84720503911501,150.5076265021562,156.72743452967583,-6.219808027519633,2.362623775017218,1.2795355351659141,132.89911157685606
2023-06-23,18741.849609375,18756.400390625,18647.099609375,18665.5,210600,-0.005649543898520234,54.841830891918235,134.75838053569169,152.33362373087903,-17.57524319518734,2.2262447527206044,0.3853445743095284,132.27420293743776
2023-06-26,18682.349609375,18722.05078125,18646.69921875,18691.19921875,171300,0.0013758829522746805,55.97889411465307,122.93359980087553,146.45361894487834,-23.520019144002816,2.201368004037433,0.4957213761492553,128.20830004904934
2023-06-27,18748.55078125,18829.25,18714.25,18817.400390625,222500,0.006729211402828641,61.151934139302185,122.33554769609327,141.63000469512133,-19.294456999028057,2.2910437359112983,0.4859449659399429,128.9113344205458
2023-06-28,18908.150390625,19011.25,18861.349609375,18972.099609375,398800,0.008187463868637099,66.36908078280072,132.8135294778658,139.86670965167025,-7.053180173804435,2.539381307220653,1.8114138198847278,133.54978263157824
2023-06-30,19076.849609375,19201.69921875,19024.599609375,19189.05078125,247900,0.011370386219451868,72.04006418344152,156.8158761575687,143.25654295284994,13.559333204718769,3.189020863882302,3.3703436733550696,140.41048454182265
2023-07-03,19246.5,19345.099609375,19234.400390625,19322.55078125,226100,0.006933003527425256,74.85037934108092,184.48363066551246,151.50196049538246,32.98167017013,4.025568467919377,3.8763044982931483,141.52750908347818
2023-07-04,19406.599609375,19434.150390625,19300.0,19389.0,226900,0.0034330468644171055,76.13611952610918,209.35906112711382,163.07338062172875,46.28568050538507,4.8047072122468135,3.5950213870478045,141.00057205072974
2023-07-05,19405.94921875,19421.599609375,19339.599609375,19398.5,224400,0.0004898485434720244,76.32248961998944,227.22033500868565,175.90277149912012,51.31756350956553,5.364116028956972,3.4261197596048163,136.78624547567762
2023-07-06,19385.69921875,19512.19921875,19373.0,19497.30078125,268300,0.005080291021865595,78.2269659017742,246.5063488331798,190.02348696593205,56.48286186724775,6.063309084351037,4.330034560973012,136.95860070955777
2023-07-07,19422.80078125,19523.599609375,19303.599609375,19331.80078125,237100,-0.008524585713268293,68.31463906338352,245.60500526168107,201.13979062508187,44.4652146365992,6.227863101442555,2.686714019175608,142.89012923030364
2023-07-10,19400.349609375,19435.849609375,19327.099609375,19355.900390625,268200,0.0012458539412885826,68.93198601494427,244.0223829234783,209.71630908476118,34.30607383871711,6.239051019587466,3.201475821089496,140.45154857099624
2023-07-11,19427.099609375,19515.099609375,19406.44921875,19439.400390625,251300,0.004304651710725516,71.03754393644522,246.66252345139583,217.1055519580881,29.556971493307714,6.3098977905330935,3.3093007686199614,141.7906678694965
2023-07-12,19497.44921875,19507.69921875,19361.75,19384.30078125,327900,-0.00283845407345589,67.77346883003979,241.52463025730322,221.98936761793115,19.535262639372064,6.3471078787870905,2.797133046088297,142.0877072181039
2023-07-13,19495.19921875,19567.0,19385.80078125,19413.75,310400,0.0015180775225879406,68.60381470150651,237.09602335016825,225.0106987643786,12.085324585789664,6.386543941658925,3.4227875074915093,144.9885294703822
2023-07-14,19493.44921875,19595.349609375,19433.5,19564.5,291200,0.007735121594226721,72.50870544369303,242.95000912548494,228.59856083659986,14.35144828888508,6.447540710943307,4.816372451849669,147.60360660642633
2023-07-17,19612.150390625,19731.849609375,19562.94921875,19711.44921875,268700,0.007482946045497489,75.68357814449871,256.4902489451706,234.17689845831404,22.313350486856564,6.793212865240501,5.458451263932495,149.12480546489587
2023-07-18,19787.5,19819.44921875,19690.19921875,19749.25,286400,0.0019158704007220429,76.43740637287132,267.19118008372243,240.77975478339573,26.411425300326698,6.9646315779813035,4.952063462704742,147.7051765031176
2023-07-19,19802.94921875,19851.69921875,19727.44921875,19833.150390625,259700,0.00423928389630214,78.06295074196608,279.2230954121187,248.46842290914034,30.754672502978366,7.202094004682941,4.538510755153924,146.0298067528949
2023-07-20,19831.69921875,19991.849609375,19758.400390625,19979.150390625,274700,0.007334449485705515,80.57439654289637,297.11450377012807,258.1976390813379,38.916864688790156,7.57940199122511,4.117450197937993,152.27405046697385
2023-07-21,19800.44921875,19887.400390625,19700.0,19745.0,312500,-0.011788954585924888,67.27259421859355,289.06740504041954,264.37159227315425,24.695812767265295,7.3089567314348916,2.1863015061134243,161.33664619254714
2023-07-24,19748.44921875,19782.75,19658.30078125,19672.349609375,265600,-0.0036862180542648424,63.75569316105184,273.67300985998736,266.2318757905209,7.441134069466443,6.586013954809461,1.461393622027954,158.7018299466509
2023-07-25,19729.349609375,19729.349609375,19615.94921875,19680.599609375,369700,0.00041928243166748923,63.98594055848088,259.15121295383506,264.81574322318374,-5.664530269348688,5.677136369649325,1.45423413859319,155.46601285224727
2023-07-26,19733.349609375,19825.599609375,19716.69921875,19778.30078125,244700,0.0049520574860006375,66.68507363269528,252.6142722458353,262.37544902771407,-9.76117678187876,4.905349443129273,1.4412251375340617,154.71844050565818
2023-07-27,19850.900390625,19867.55078125,19603.55078125,19659.900390625,334900,-0.006004368496797154,60.74364214001042,235.1688969718125,256.93413861653374,-21.765241644721243,4.195406769044954,1.6972014820948562,162.52426618382546
2023-07-28,19659.75,19695.900390625,19563.099609375,19646.05078125,258700,-0.0007047080421790248,60.069447694367,217.7160683372167,249.09052456067036,-31.37445622345365,3.8372947543542306,1.499028124599845,160.40116011712365
2023-07-31,19666.349609375,19772.75,19597.599609375,19753.80078125,295100,0.005469577389253641,63.46677071741972,210.15654654843092,241.30372895822248,-31.147182409791554,3.713547495779352,1.6173358452795963,161.45467658197194
2023-08-01,19784.0,19795.599609375,19704.599609375,19733.55078125,298000,-0.0010256449710540406,62.39239638648354,200.22351327746583,233.08768582207114,-32.86417254460531,3.619377052508188,1.8017157489519648,156.42219968325963
2023-08-02,19655.400390625,19678.25,19423.55078125,19526.55078125,290700,-0.010545154493387934,52.59170956025398,173.64665230132232,221.19947911792138,-47.552826816599065,3.500795068291566,0.5810355096259096,167.3920425630268
2023-08-03,19463.75,19537.650390625,19296.44921875,19381.650390625,315700,-0.007448355676119346,47.02340692666681,139.28644057726342,204.8168714097898,-65.53043083252638,3.6235895959032205,-0.9345989387666436,172.66412322816774
2023-08-04,19462.80078125,19538.849609375,19436.44921875,19517.0,280800,0.006959118337332752,52.122671923274616,121.57585674841903,188.16866847751567,-66.59281172909664,3.4059675215216494,-0.9864785515873449,171.55948719401292
2023-08-07,19576.849609375,19620.44921875,19524.80078125,19597.30078125,216600,0.004105960861445235,54.896510277043056,112.72032368594955,173.07899951920245,-60.3586758332529,3.1665260818879797,-0.769392350342418,166.69446801944056
2023-08-08,19627.19921875,19634.400390625,19533.099609375,19570.849609375,260300,-0.0013506471779916257,53.79098027622814,102.387600895574,158.94071979447676,-56.55311889890277,3.0456894660394127,-1.32253714656441,162.02349039305196
2023-08-09,19578.80078125,19645.5,19467.5,19632.55078125,266500,0.0031477485221408875,56.016096708570984,98.04738335017464,146.76205250561634,-48.7146691554417,2.792424768225388,-1.7348065488192035,163.1646696506911
2023-08-10,19605.55078125,19623.599609375,19495.400390625,19543.099609375,312200,-0.004566679886024027,52.09926520728827,86.39387289181468,134.688416582856,-48.294543691041326,2.611052588200203,-1.0225393295771081,161.30650686314175
2023-08-11,19554.25,19557.75,19412.75,19428.30078125,235500,-0.005891456761763215,47.50807213309839,67.12134282025363,121.17500183033553,-54.0536590100819,2.7833838386728553,-1.24056776628602,160.14175637291734
2023-08-14,19383.94921875,19465.849609375,19257.900390625,19434.55078125,243900,0.0003216439248586792,47.77789303792186,51.75544213375906,107.29108989102025,-55.53564775726119,2.9399104028680156,-1.2502100190473506,163.55657511413753
2023-08-16,19369.0,19482.75,19317.19921875,19465.0,0,0.0015655309306883672,49.14928301780554,41.55582295335262,94.14403650348673,-52.588213550134114,2.9994872395916286,-1.5840631847757711,163.69901840955626
2023-08-17,19450.55078125,19461.55078125,19326.25,19365.25,268700,-0.005137758290060533,44.98187897889759,25.133832735617034,80.34199574991278,-55.20816301429575,3.0610002384310606,-1.4987379629120943,161.91694566601652
2023-08-18,19301.75,19373.80078125,19253.599609375,19310.150390625,256100,-0.0028493381372506382,42.82197040952098,7.585765204792551,65.79074964088873,-58.20498443609618,2.800282593091665,-1.7097603704943085,158.93724753808675
2023-08-21,19320.650390625,19425.94921875,19296.30078125,19393.599609375,262600,0.0043122099570484,46.97475050215024,0.4077495159181126,52.71414961589461,-52.3064000999765,2.7870305267076163,-1.823452488277078,156.84518967822342
2023-08-22,19417.099609375,19443.5,19381.30078125,19396.44921875,208700,0.00014692476375842436,47.115998336633034,-4.993379401479615,41.17264381241977,-46.166023213899386,2.816271335779458,-1.708266121170144,150.08476318335033
2023-08-23,19439.19921875,19472.05078125,19366.599609375,19444.0,225200,0.0024485198272942723,49.53186702696235,-5.374903788022493,31.863134292331317,-37.23803808035381,2.7691393530609814,-0.4227617164689825,146.89664951846817
2023-08-24,19535.150390625,19584.44921875,19369.0,19386.69921875,268300,-0.0029513155310064644,46.75976684047573,-10.183568933745846,23.453793647115887,-33.63736258086173,2.576806898729187,0.02604952634705527,151.79326160643473
2023-08-25,19297.400390625,19339.55078125,19229.69921875,19265.80078125,466500,-0.0062556798015631025,41.48438706953529,-23.479309359208855,14.06717304585094,-37.54648240505979,2.694651228629102,-1.287079052876979,152.16517149168936
2023-08-28,19298.349609375,19366.849609375,19249.69921875,19306.05078125,248200,0.0020870149074536447,43.75928595872794,-30.417803318083315,5.170177773064089,-35.587981091147405,2.7104271871307555,-1.486174056575473,149.66411571549725
2023-08-29,19374.849609375,19377.900390625,19309.099609375,19342.650390625,307400,0.0018939637920959618,45.821860606561295,-32.58767671671012,-2.381393124890753,-30.206283591819368,2.4225257072497133,-1.16601590275716,144.10593669117603
2023-08-30,19433.44921875,19452.80078125,19334.75,19347.44921875,233000,0.00024806491573087567,46.10097561016112,-33.5335379425087,-8.611822088414343,-24.92171585409436,2.0677271250514697,-1.4521880812975423,142.24485415966345
2023-08-31,19375.55078125,19388.19921875,19223.650390625,19253.80078125,562600,-0.004852103039648143,41.597233001374285,-41.3629793536893,-15.162053541469334,-26.200925812219964,2.1668536378380057,-1.4803118947734408,143.8379951571875
2023-09-01,19258.150390625,19458.55078125,19255.69921875,19435.30078125,333000,0.009382556025202547,51.48882164276649,-32.54715163477522,-18.63907316013051,-13.908078474644707,2.1602556378177473,0.03602991367498082,148.1888526459598
2023-09-04,19525.05078125,19545.150390625,19432.849609375,19528.80078125,296800,0.004799298621963187,55.655518190467355,-17.810566936084797,-18.47337191532137,0.6628049792365722,2.1718379661385288,0.4849610421195338,145.6254189748198
2023-09-05,19564.650390625,19587.05078125,19525.75,19574.900390625,256800,0.002357814188949651,57.5896762191296,-2.384378553222632,-15.255573242901622,12.87119468967899,2.13572595293611,0.5646051406370409,139.6022305659041
2023-09-06,19581.19921875,19636.44921875,19491.5,19611.05078125,287600,0.0018450694598145603,59.096335397566456,12.612630725980125,-9.681932449125274,22.2945631751054,2.2018124292778345,1.2692879319915829,139.98415829333953
2023-09-07,19598.650390625,19737.0,19550.05078125,19727.05078125,304900,0.005897607236551244,63.56879703086478,33.47225189087476,-1.0510955811252671,34.523347472000026,2.4215225613652795,2.1589701902446263,143.33880546881528
2023-09-08,19774.80078125,19867.150390625,19727.05078125,19819.94921875,288100,0.004698136818212182,66.70826421521946,56.84451132899994,10.528025800899774,46.316485528100166,2.9572595704688607,2.1984036896837846,143.10743431925704
2023-09-11,19890.0,20008.150390625,19865.349609375,19996.349609375,248800,0.008860770587058942,71.69602566324248,88.58013593774012,26.138447828267843,62.44168810947228,3.855431429720097,3.0928361364465267,146.3284155732387
2023-09-12,20110.150390625,20110.349609375,19914.650390625,19993.19921875,328100,-0.00015756069892455075,71.49002707518565,112.1834558413102,43.347449430876324,68.83600641043388,4.496828651786723,2.824517685404238,149.8549015144359
2023-09-13,19989.5,20096.900390625,19944.099609375,20070.0,251400,0.003833986143147051,73.48974603691428,135.5241995026081,61.78279944522268,73.74140005738542,5.1586040049946265,3.524585456967013,150.06532149554764
2023-09-14,20127.94921875,20167.650390625,20043.44921875,20103.099609375,275100,0.0016478497893743786,74.32557012328697,154.9070962870719,80.40765881359253,74.49943747347938,5.682197449376109,4.346036988713607,148.2178822369371
2023-09-15,20156.44921875,20222.44921875,20129.69921875,20192.349609375,438200,0.004429787863222843,76.47898219996289,175.44746161635703,99.41561937414545,76.03184224221158,6.1772027800215135,4.590782642019008,146.15586274679873
2023-09-18,20155.94921875,20195.349609375,20115.69921875,20133.30078125,264900,-0.0029286010148227575,72.16629006205332,184.83049133597888,116.49859376651214,68.33189756946673,6.493844480623909,4.087601102526325,141.40547188095596
2023-09-20,19980.75,20050.650390625,19878.849609375,19901.400390625,378100,-0.011585098803333688,58.26929245929211,171.57636105122947,127.51414722345561,44.06221382777386,6.469214085278696,2.863174187004222,149.48016473767342
2023-09-21,19840.55078125,19848.75,19709.94921875,19742.349609375,275100,-0.00802404589005525,51.01341396295523,146.5489731665839,131.32111241208128,15.227860754502615,6.381908545829688,2.5374149949695406,152.47809381891102
2023-09-22,19744.849609375,19798.650390625,19657.5,19674.25,246400,-0.0034553806166447805,48.243401787203176,119.83809959551581,129.0245098487682,-9.186410253252376,6.223639827932117,1.2294598444317553,151.6689721622031
2023-09-25,19678.19921875,19734.150390625,19601.55078125,19674.55078125,188400,1.5287950028248088e-05,48.256765947656596,97.56909459430244,122.73342679787505,-25.164332203572613,5.882262902420425,0.7463335902322151,150.30687482026002
2023-09-26,19682.80078125,19699.349609375,19637.44921875,19664.69921875,204900,-0.0005008515772894238,47.82121833840284,78.22409031022835,113.83155950034572,-35.60746919011737,5.561494125281696,0.45874475135519627,143.99212594917
2023-09-27,19637.05078125,19730.69921875,19554.0,19716.44921875,203600,0.002628162551917123,50.355964194849136,66.30451042600544,104.32614968547767,-38.02163925947224,5.245446491416701,0.5374441108518814,146.32834686351498
2023-09-28,19761.80078125,19766.650390625,19492.099609375,19523.55078125,352800,-0.009831803841213342,42.13874101727506,40.82229173693122,91.62537809576838,-50.80308635883716,5.01325468927305,-1.0315784262765773,155.48709217683535
2023-09-29,19581.19921875,19726.25,19551.05078125,19638.30078125,243500,0.005860311697675281,47.61506625758731,29.546225336809584,79.20954754397663,-49.66332220716704,4.460061375528665,-0.9164929510927181,158.8593869320614
2023-10-03,19622.400390625,19623.19921875,19479.650390625,19528.75,221700,-0.005594042173129665,43.39261499660817,11.635897597836447,65.6948175547486,-54.05891995691215,4.325882490927659,-2.3384248550834132,158.84445862441413
2023-10-04,19446.30078125,19457.80078125,19333.599609375,19436.099609375,277100,-0.004755597219883326,40.149814337220455,-9.919927633247426,50.5718685171494,-60.49179615039682,4.4588303007668415,-2.7864455472065797,161.43773948159884
2023-10-05,19521.849609375,19576.94921875,19487.30078125,19545.75,234900,0.005625729970019748,45.35463065052795,-17.94830737830489,36.867833338058546,-54.816140716363435,4.489123256634231,-2.6121076233183858,159.96715875969895
2023-10-06,19621.19921875,19675.75,19589.400390625,19653.5,159100,0.005497568008546022,49.95984967282794,-15.438367778238899,26.40659311479906,-41.84496089303796,4.458898140848652,-2.2364690923847936,157.82664741972047
2023-10-09,19539.44921875,19588.94921875,19480.5,19512.349609375,165100,-0.007207861089913015,44.65124936124086,-24.555815289262682,16.214111433986712,-40.7699267232494,4.617738400240175,-3.3676120568172334,158.91045831831187
2023-10-10,19565.599609375,19717.80078125,19565.44921875,19689.849609375,216600,0.0090556762901256,51.61398235434384,-17.25973211084056,9.519342725021259,-26.77907483586182,4.629543018251444,-2.20257560691679,162.23479500093245
2023-10-11,19767.0,19839.19921875,19756.94921875,19811.349609375,213700,0.00615173136873013,55.720184499398016,-1.6544278301880695,7.284588613979394,-8.939016444167464,4.516555903003501,-0.45248464672074257,161.31442459908016
2023-10-12,19822.69921875,19843.30078125,19772.650390625,19794.0,217900,-0.0008761245971014768,55.00239001982593,9.206789622799988,7.669028815743514,1.5377608070564746,4.392000133735819,0.2616223076126304,154.83842217236014
2023-10-13,19654.55078125,19805.400390625,19635.30078125,19751.05078125,255000,-0.002172167428733089,53.176162789786844,14.185221292551432,8.972267311105098,5.212953981446335,4.1372430547676595,0.39036192612170734,155.92850697254872
2023-10-16,19737.25,19781.30078125,19691.849609375,19731.75,181000,-0.0009776805295215437,52.33521016803732,16.384383540447743,10.454690556973627,5.929692983474116,3.769452278986795,0.2907269364671406,151.18012589415235
2023-10-17,19843.19921875,19849.75,19775.650390625,19811.5,185800,0.004033563661320618,55.46891641357315,24.282480645888427,13.220248574756587,11.06223207113184,3.097153654856466,0.7465193320120942,148.81011690171292
2023-10-18,19820.44921875,19840.94921875,19659.94921875,19671.099609375,198900,-0.007112043473065063,49.32116579909469,18.993693876403995,14.37493763508607,4.618756241317925,2.3384825476134745,-0.2300090085788536,151.1093942658763
2023-10-19,19545.19921875,19681.80078125,19512.349609375,19624.69921875,230300,-0.002361596586600212,47.44946724662902,10.932149504289555,13.686380008926768,-2.7542305046372135,2.0911029803627823,0.5180842288029942,152.41952123795656
2023-10-20,19542.150390625,19593.80078125,19518.69921875,19542.650390625,198300,-0.004189660467809165,44.251555037647606,-2.0536638514095102,10.538371236859513,-12.592035088269023,2.116355872928607,-0.48706042182796094,149.1038411495311
2023-10-23,19521.599609375,19556.849609375,19257.849609375,19281.75,176000,-0.01344022395196905,35.953700412657795,-33.0168973411819,1.8273175212512305,-34.844214862433134,2.6698341256188507,-1.2648018946425141,159.8107096388503
2023-10-25,19286.44921875,19347.30078125,19074.150390625,19122.150390625,225300,-0.008311683270009834,32.000605359237966,-69.63117279082508,-12.464380541164031,-57.16679224966104,3.4875364083299014,-1.6152892044171592,167.906401137861
2023-10-26,19027.25,19041.69921875,18837.849609375,18857.25,300400,-0.013949914095014037,26.744504644798695,-118.65570838908025,-33.70264611074728,-84.95306227833296,4.802469244248473,-3.522504892367906,176.2202854315852
2023-10-27,18928.75,19076.150390625,18926.650390625,19047.25,205200,0.010025278863763394,34.99209935107994,-140.55634786476367,-55.07338646155056,-85.4829614032131,5.266528597190368,-3.0846922939934363,179.26886437397198
2023-10-30,19053.400390625,19158.5,18940.0,19140.900390625,180100,0.004904693073893485,38.65803997099934,-148.6425003629156,-73.78720924182358,-74.85529112109202,5.549569483897568,-1.9036621738856692,182.07108834725972
2023-10-31,19232.94921875,19233.69921875,19056.44921875,19079.599609375,206000,-0.003207746304394414,37.18005370913438,-158.1739642106113,-90.66456023558112,-67.50940397503018,5.839982355251334,-3.0993126514762177,181.726724893884
2023-11-01,19064.05078125,19096.05078125,18973.69921875,18989.150390625,194100,-0.004751896973195711,35.050686375531896,-171.05440531110798,-106.74252925068649,-64.3118760604215,6.242809351760288,-4.150142392928769,177.48564186574944
2023-11-02,19120.0,19175.25,19064.150390625,19133.25,245600,0.007559875254064636,40.86170223898416,-167.7014555073838,-118.93431450202596,-48.76714100535784,6.412198654524453,-3.3381327675053045,178.10092525926734
2023-11-03,19241.0,19276.25,19210.900390625,19230.599609375,189500,0.005075080802081226,44.47592502953858,-155.39759203002177,-126.22697000762513,-29.170622022396643,6.4625274169390785,-2.635055611163093,175.59371631217684
2023-11-06,19345.849609375,19423.0,19309.69921875,19411.75,180700,0.009375812778954773,50.53409935873308,-129.53615681094743,-126.8888073682896,-2.647349442657827,6.374716143096743,-1.6217517452836165,176.79419304880707
2023-11-07,19404.05078125,19423.5,19329.099609375,19406.69921875,198700,-0.0002602258142791332,50.36908245193535,-108.20106439644951,-123.1512587739216,14.950194377472087,6.358663846997736,-2.0432616472755725,170.90892144710656
2023-11-08,19449.599609375,19464.400390625,19401.5,19443.5,195000,0.0018944969651071763,51.6089968403276,-87.31680073099778,-115.98436716533685,28.667566434339065,6.224148832791887,-1.1570253513765385,163.19402638838466
2023-11-09,19457.400390625,19463.900390625,19378.349609375,19395.30078125,208400,-0.0024820150223140987,49.85231789919655,-73.80437456027721,-107.54836864432492,33.74399408404771,5.909984377491445,-1.1689271511525954,157.64808030707147
2023-11-10,19351.849609375,19451.30078125,19329.44921875,19425.349609375,152200,0.0015480850435944918,50.97272778531299,-59.979582871703315,-98.03461148980061,38.055028618097296,5.579198760484131,-0.6002296459556556,155.09118617799496
2023-11-13,19486.75,19494.400390625,19414.75,19443.55078125,189300,0.0009365417093074231,51.67699344098081,-47.012720027418254,-87.83023319732415,40.817513169905894,5.280784559986396,0.8391395036757556,149.70255792420963
2023-11-15,19651.400390625,19693.19921875,19579.650390625,19675.44921875,291500,0.011856190289938534,59.633203177904065,-17.81871885280634,-73.82793032842059,56.00921147561425,5.197518609260635,2.8934968966474885,156.84154932248038
2023-11-16,19674.69921875,19875.25,19627.0,19765.19921875,282700,0.004551150068331243,62.225430689027576,12.416680572918267,-56.57900814815282,68.99568872107109,5.111092278980182,4.814854863514033,163.37072437087463
2023-11-17,19674.75,19806.0,19667.44921875,19731.80078125,236800,-0.0016911889743673853,60.66423295256923,33.29962037286896,-38.603282443948466,71.90290281681743,5.202362092527735,3.59396123456142,161.59787129081215
2023-11-20,19731.150390625,19756.44921875,19670.5,19694.0,173800,-0.0019175662679732529,58.864119153825065,46.26596820333725,-21.62943231449132,67.89540051782858,5.2918883752014665,2.889621690136907,156.1943961093256
2023-11-21,19770.900390625,19829.099609375,19754.05078125,19783.400390625,195000,0.004529201141300913,61.754598056702285,63.02919532033047,-4.697706787526961,67.72690210785743,5.587555451989591,3.6887607479151643,154.68762562830236
2023-11-22,19784.0,19825.55078125,19703.849609375,19811.849609375,184500,0.0014370018446946907,62.653908771704565,77.7139497388307,11.784624517744573,65.92932522108613,5.934243600270521,4.332469867404753,152.33145036020935
2023-11-23,19828.44921875,19875.150390625,19786.75,19802.0,170000,-0.0004972811112830416,62.10937969373457,87.54774633037232,26.937248880270126,60.610497450102194,6.081749262164299,3.4952242823357245,147.76494609340867
2023-11-24,19809.599609375,19832.849609375,19768.849609375,19794.69921875,145900,-0.0003687570669664962,61.68145971734371,93.67219420032052,40.28423794428021,53.38795625604031,5.693779832015416,2.9333438417593545,141.7817356581652
2023-11-28,19844.650390625,19916.849609375,19800.0,19889.69921875,229600,0.004787784883390938,65.05530792641562,104.9814089793399,53.22367215129215,51.757736828047754,5.64125737668393,2.4621645073215968,140.37949672722482
2023-11-29,19976.55078125,20104.650390625,19956.30078125,20096.599609375,236200,0.010348656573869122,71.03652584568044,129.15041002154248,68.40901972534222,60.741390296200265,5.947091101370422,3.554959979791128,145.7060449520659
2023-11-30,20108.5,20158.69921875,20015.849609375,20133.150390625,486600,0.0018171025823992028,71.9499288016151,149.53016934210973,84.63324964869572,64.896919693414,6.040538017873017,3.5469457177205754,145.50201383941834
2023-12-01,20194.099609375,20291.55078125,20183.69921875,20267.900390625,265800,0.00667064331563437,75.07118990910325,174.54245747825917,102.61509121460841,71.92736626365075,5.993190811478544,4.499025919817481,146.42332646695988
2023-12-04,20601.94921875,20702.650390625,20507.75,20686.80078125,381100,0.020457480483773903,81.83734719171679,225.56644706523002,127.20536238473274,98.36108468049729,6.976314374400115,6.493840251226174,167.018088862177
2023-12-05,20808.900390625,20864.05078125,20711.150390625,20855.099609375,421000,0.008102650447744338,83.7461135470121,276.3974970243653,157.04378931265927,119.35370771170602,8.081884504853342,7.259727628999735,167.74893965773578
2023-12-06,20950.75,20961.94921875,20852.150390625,20937.69921875,359200,0.003952820545223537,84.60144612143958,319.66170731828606,189.56737291378465,130.0943344045014,9.164072310752063,6.415355430854004,163.6096459768261
2023-12-07,20932.400390625,20941.25,20850.80078125,20901.150390625,275000,-0.0017471243957791426,82.5318782864475,346.99972388254173,221.05384310753607,125.94588077500566,9.808670185181029,5.747228547018108,158.38390117490994
2023-12-08,20934.099609375,21006.099609375,20862.69921875,20969.400390625,292400,0.0032600507599202964,83.35091996609452,369.9084294655622,250.8247603791413,119.08366908642091,10.3494747213594,6.272106753434385,157.31365042134493
2023-12-11,20965.30078125,21026.099609375,20923.69921875,20997.099609375,212900,0.001320063516009915,83.68526084198322,385.8509891307149,277.830006129456,108.02098300125886,10.619937933040195,6.616734078272571,153.39127472160604
2023-12-12,21018.55078125,21037.900390625,20867.150390625,20906.400390625,244900,-0.004328963470418101,78.15106117539767,386.7091709722881,299.60583909802244,87.10333187426568,10.569368414028158,5.676476125571262,154.63118367006274
2023-12-13,20929.75,20950.0,20769.5,20926.349609375,260300,0.0009537608817135473,78.48803255149446,384.5659842131572,316.59786812104943,67.96811609210778,10.367153721482754,5.62542126037852,156.47895626505826
2023-12-14,21110.400390625,21210.900390625,21074.44921875,21182.69921875,334400,0.012175662163725103,82.2717592140087,398.953872437909,333.0690689844214,65.88480345348762,10.634437297123247,6.972524082163418,165.62694376398264
2023-12-15,21287.44921875,21492.30078125,21235.30078125,21456.650390625,508800,0.012849864921501506,85.25626443063625,427.53360629703457,351.96197644694405,75.57162985009052,11.219966135289361,8.395940516745823,175.9108451022696
2023-12-18,21434.80078125,21482.80078125,21365.349609375,21418.650390625,249700,-0.0017725827811074615,83.1648428300714,442.0216187929691,369.9739049161491,72.04771387682001,11.434080433144238,7.687150796295899,171.73515415746462
2023-12-19,21477.650390625,21505.05078125,21337.75,21453.099609375,249800,0.001607082806947435,83.55860537814253,451.0834281553907,386.1958095639974,64.88761859139333,11.396943994793576,6.749898123895533,171.41841323550287
2023-12-20,21543.5,21593.0,21087.349609375,21150.150390625,363900,-0.014222122733049722,68.40602120758297,428.8756952124968,394.7317866936973,34.14390851879949,10.944599419068043,5.051370402883227,195.2921259061812
2023-12-21,21033.94921875,21288.349609375,20976.80078125,21255.05078125,277500,0.004947534816775346,70.40714666086036,414.9571242647871,398.7768542079153,16.180270056871848,10.443297252641488,4.870511358352691,203.59617606466827
2023-12-22,21295.849609375,21390.5,21232.44921875,21349.400390625,284700,0.004429103580375731,72.11773582189667,406.8498694352129,400.3914572533748,6.458412181838071,9.791474256827302,3.203006672619788,200.34293357790625
2023-12-26,21365.19921875,21477.150390625,21329.44921875,21441.349609375,219500,0.004297627887901326,73.71251491582858,403.1965462703338,400.9524750567666,2.2440712135671674,8.932394410833028,2.8110630540285833,196.5828077419844
2023-12-27,21497.650390625,21675.75,21495.80078125,21654.75,256500,0.009903547502138933,77.00045298349558,412.76281658963853,403.31454336334104,9.448273226297488,8.19962772459004,3.4246875636071374,199.2840636621998
2023-12-28,21715.0,21801.44921875,21678.0,21778.69921875,393100,0.0057075621422148105,78.66928730337013,425.4415949271024,407.7399536760933,17.701641251009107,7.762703311039923,4.198567120585936,195.52800331132838
2023-12-29,21737.650390625,21770.30078125,21676.900390625,21731.400390625,270900,-0.0021741548367498844,76.3914130091147,426.75364756412455,411.54269245369954,15.210955110425004,6.981803493391217,3.6338664234799722,188.8330622265906
2024-01-01,21727.75,21834.349609375,21680.849609375,21741.900390625,154000,0.0004830551173010514,76.55371438096844,423.75592643855634,413.98533925067096,9.770587187885383,6.1692738870063835,3.5471602988321957,186.30927206754842
2024-01-02,21751.349609375,21755.599609375,21555.650390625,21665.80078125,263700,-0.0035062758581720864,72.65522070364781,410.5075330545478,413.28977801144634,-2.7822449568985235,5.903244461751119,3.632382315635435,187.28355397343782
2024-01-03,21661.099609375,21677.0,21500.349609375,21517.349609375,311900,-0.006875448193459907,65.6335224026871,383.60733041830827,407.35328849281876,-23.745958074510497,5.653954868277668,2.824190606732634,186.52404230569226
2024-01-04,21605.80078125,21685.650390625,21564.55078125,21658.599609375,339200,0.006543017882762483,68.73016081255125,369.4278858409889,399.76820796245283,-30.34032212146394,5.550391438389067,2.2466465945178213,185.22238080171425
2024-01-05,21705.75,21749.599609375,21629.19921875,21710.80078125,309300,0.0024072823978970102,69.81273031755941,358.2728260414806,391.4691315782584,-33.1963055367778,5.352718580294677,1.1844830670123854,180.59223864623465
2024-01-08,21747.599609375,21763.94921875,21492.900390625,21513.0,231500,-0.009152465005292239,61.17087017969547,329.67124591603715,379.1095544458142,-49.43830852977703,5.034409461695855,0.44050212153561774,187.0534236090036
2024-01-09,21653.599609375,21724.44921875,21517.849609375,21544.849609375,228600,0.001479387172036867,61.98682763699149,306.04637282298427,364.4969181212482,-58.45054529826393,4.698722308031181,0.4276771267118215,188.79598040478908
2024-01-10,21529.30078125,21641.849609375,21448.650390625,21618.69921875,217000,0.003421854015216792,63.88205644262719,289.94028584469197,349.58559166593693,-59.64530582124496,4.107130275289229,2.2153451368964667,189.11049742944698
2024-01-11,21688.0,21726.5,21593.75,21647.19921875,212500,0.001317434984659037,64.61526052944083,276.2908982025001,334.9266529732496,-58.635754770749486,3.367875390003368,1.8449658932169248,185.0847476130579
2024-01-12,21773.55078125,21928.25,21715.150390625,21894.55078125,294700,0.011361703346499745,70.25839877590579,282.1800678765394,324.37733595390756,-42.197268077368165,3.348893601493821,2.5534693277118348,191.9394643014109
2024-01-15,22053.150390625,22115.55078125,21963.55078125,22097.44921875,345500,0.009224398809286917,73.93102974353947,299.76399277356177,319.45466731783847,-19.690674544276703,3.9497577860416473,3.059973468685607,194.01521685131016
2024-01-16,22080.5,22124.150390625,21969.80078125,22032.30078125,292400,-0.002952587985615914,70.90348538660356,304.92743187779706,316.5492202298302,-11.62178835203315,4.2466763866216874,1.743500992853762,191.18195917443086
2024-01-17,21647.25,21851.5,21550.44921875,21571.94921875,456000,-0.021115770473744744,54.05768934014116,268.77470331983204,306.9943168478306,-38.21961352799855,4.1909341082032725,-0.9493220780697595,211.94407369768578
2024-01-18,21414.19921875,21539.400390625,21285.55078125,21462.25,387300,-0.0050982455047793645,50.95115213307862,228.63602157704008,291.32265779367253,-62.68663621663245,3.743954720173199,-1.2385321966692602,217.26224254070823
2024-01-19,21615.19921875,21670.599609375,21575.0,21622.400390625,343100,0.007434254509367264,55.015502214745304,207.35832747995664,274.5297917309294,-67.17146425097275,3.3619600564344725,-0.5496299672660069,216.6256258860148
2024-01-23,21716.69921875,21750.25,21192.599609375,21238.80078125,449700,-0.017900098054810153,45.327046526603205,157.7241729240668,251.1686679695569,-93.4444950454901,3.5621504920542675,-1.9708479936247452,240.98453765308517
2024-01-24,21185.25,21482.349609375,21137.19921875,21453.94921875,407500,0.010079006802925212,50.583427326260356,134.20242664324905,227.77541970429533,-93.57299306104628,3.549363269827848,-0.29464776924652825,248.42495572250763
2024-01-25,21454.599609375,21459.0,21247.05078125,21352.599609375,418100,-0.004735247364061254,48.23103666009108,106.15946653983337,203.45222907140297,-97.2927625315696,3.7588148513750497,-1.4128337266438356,245.81954593875707
2024-01-29,21433.099609375,21763.25,21429.599609375,21737.599609375,376700,0.01786996821930258,56.505804717356106,113.69094262360159,185.4999717818427,-71.80902915824112,3.7373598961829115,0.12343546603837915,257.59317770206013
2024-01-30,21775.75,21813.05078125,21501.80078125,21522.099609375,375100,-0.009963166019046519,51.539871021843354,101.10516528041262,168.62101048155668,-67.51584520114406,3.7474761407424046,0.04229818888578999,261.4258078661987
2024-01-31,21487.25,21741.349609375,21448.849609375,21725.69921875,410600,0.009415559590485083,55.517391703027194,106.33388218070468,156.16358482138628,-49.8297026406816,3.739920560027267,0.8394099409090576,263.64539301861305
2024-02-01,21780.650390625,21832.94921875,21658.75,21697.44921875,332500,-0.00130114950214822,54.84474181810526,106.96511186405405,146.32389022991984,-39.35877836586579,3.747082265404674,0.36426798487348283,257.25638057085496
2024-02-02,21812.75,22126.80078125,21805.55078125,21853.80078125,442800,0.007180149098767169,57.88601095645737,118.71317871723659,140.8017479273832,-22.088569210146602,3.8143595254901728,0.9544032020597353,269.5488935657939
2024-02-05,21921.05078125,21964.30078125,21726.94921875,21771.69921875,440800,-0.0037639297855089193,55.76217904609525,120.01523546867611,136.64444543564179,-16.629209966965675,3.84587454108528,-0.5611056546782741,267.24908420395144
2024-02-06,21825.19921875,21951.400390625,21737.55078125,21929.400390625,371000,0.007217294659854949,58.882781386206126,132.24782087400672,135.76512052331478,-3.5172996493080575,3.99711660789586,-0.7604897129140507,263.43483600188347
2024-02-07,22045.05078125,22053.30078125,21860.150390625,21930.5,346300,5.014190025218764e-05,58.90454979289313,140.4123757613852,136.69457157092887,3.71780419045632,4.075877506380017,-0.46205243047804984,258.41451847496324
2024-02-08,22009.650390625,22011.05078125,21665.30078125,21717.94921875,491100,-0.009739290405751649,53.05723491121083,128.25334788669352,135.0063268340818,-6.7529789473882715,4.03200683068627,0.6768048567122488,264.65276715532303
2024-02-09,21727.0,21804.44921875,21629.900390625,21782.5,349200,0.0029678235415700974,54.53336270027387,122.41481745340207,132.48802495794584,-10.073207504543774,4.032270863176606,1.4921548299921956,258.21677151029996
2024-02-12,21800.80078125,21831.69921875,21574.75,21616.05078125,287400,-0.007670764664605448,50.15386189914159,103.16742923696438,126.62390581374956,-23.456476576785178,4.041696494463909,-0.029365885656955328,258.1262320274214
2024-02-13,21664.30078125,21766.80078125,21543.349609375,21743.25,365800,0.005867234081485647,53.244061129265496,97.05881570001657,120.71088779100297,-23.652072090986408,3.96464657201189,2.375130422595879,255.64944201653415
2024-02-14,21578.150390625,21870.849609375,21530.19921875,21840.05078125,359100,0.004442111482625561,55.50478428204203,98.88878119728179,116.34646647225875,-17.457685274976967,3.642040015998265,1.7996759410736405,261.7209383457103
2024-02-15,21906.55078125,21953.849609375,21794.80078125,21910.75,345400,0.003231907943473083,57.134959454262784,104.8354008894712,114.04425335570126,-9.208852466230056,3.4717260724455454,2.613969262927313,254.38721618708814
2024-02-16,22020.30078125,22068.650390625,21968.94921875,22040.69921875,343900,0.005913324803860001,60.033384487123605,118.66604743304924,114.96861217117086,3.6974352618783826,3.7346520864375186,1.3943563908697587,247.49530007551041
2024-02-19,22103.44921875,22186.650390625,22021.05078125,22122.25,0,0.0036931806134258504,61.77996669058466,134.6551798682376,118.90592571058421,15.749254157653397,3.956734014083062,2.788530866029331,241.64560788261682
2024-02-20,22099.19921875,22215.599609375,22045.849609375,22196.94921875,295700,0.003370967472487328,63.35948911455442,151.60665800271818,125.44607216901102,26.16058583370716,4.337614651395765,2.1690901418413064,236.51020731957277
2024-02-21,22248.849609375,22249.400390625,21997.94921875,22055.05078125,364500,-0.006413220819374543,58.420414306214475,151.84048593711123,130.72495492263107,21.115531014480155,3.885651441219922,1.6481272010120718,237.57741907353187
2024-02-22,22081.55078125,22252.5,21875.25,22217.44921875,343500,0.007336344949249518,62.06511313363646,163.24816966420258,137.22959787094538,26.018571793257195,3.9332782016654453,1.6640054567167144,247.55403199685102
2024-02-23,22290.0,22297.5,22186.099609375,22212.69921875,226000,-0.000213818777795819,61.89421865917849,169.94651822914238,143.77298194258478,26.173536286557606,3.632562251758081,2.02556537075529,237.82877189886167
2024-02-26,22169.19921875,22202.150390625,22075.150390625,22122.05078125,207800,-0.004089278221713085,58.57927711882275,166.02658527313542,148.2237026086949,17.802882664440517,3.697671337762106,0.8785027734153625,230.66591877215728
2024-02-27,22090.19921875,22218.25,22085.650390625,22198.349609375,252200,0.003443060208267885,60.497051573061114,167.14988807514965,152.00893970198587,15.14094837316378,3.5137608258177404,1.2213566009666903,223.66118238664603
2024-02-28,22214.099609375,22229.150390625,21915.849609375,21951.150390625,203000,-0.011198396451173726,52.08325707723414,146.4055307909657,150.88825791978184,-4.482727128816123,3.4020640006712,1.0737716048883097,230.0640108768856
2024-02-29,21935.19921875,22060.55078125,21860.650390625,21982.80078125,360200,0.0014408171929075416,52.98485343670356,131.0092076034598,146.91244785651745,-15.903240253057646,3.239410703553741,0.9195490933088489,227.9094665731795
2024-03-01,22048.30078125,22353.30078125,22047.75,22338.75,351500,0.0160624736924449,61.71050965680675,145.84838828158536,146.69963594153103,-0.8512476599456704,3.5309426029433078,3.343345304207359,238.09450467509524
2024-03-04,22403.5,22440.900390625,22358.30078125,22405.599609375,298800,0.0029880715530739466,63.095771733713875,161.1451694663665,149.58874264649813,11.556426819868364,3.780150869960984,3.0462309423614222,228.38421081437417
2024-03-05,22371.25,22416.900390625,22269.150390625,22356.30078125,296200,-0.0022027147028049303,61.33350142835504,167.3607448522671,153.14314308765194,14.217601764615154,3.987475288788098,2.363776555149808,222.62462432763317
2024-03-06,22327.5,22497.19921875,22224.349609375,22474.05078125,312300,0.0052531495595052715,63.92520396783477,179.71641508506582,158.4577974871347,21.258617597931107,4.309238782041869,2.570887720639412,226.21212325958794
2024-03-07,22505.30078125,22525.650390625,22430.0,22493.55078125,379900,0.0008672911404987264,64.3513435281924,188.9042887422729,164.54709573816237,24.357193004110542,4.366513004818995,2.054615227972258,216.88628521426023
2024-03-11,22517.5,22526.599609375,22307.25,22332.650390625,277900,-0.007178885448103384,58.23821922699758,181.11465103077353,167.8606067966846,13.254044234088923,4.237355910379123,0.9510804309010159,217.06223694002736
2024-03-12,22334.44921875,22452.55078125,22256.0,22335.69921875,299200,0.00013650954899359894,58.31901787219582,173.19088525502593,168.9266624883529,4.2642227666730435,3.7217368754237325,0.6250859009164934,215.59713296216825
2024-03-13,22432.19921875,22446.75,21905.650390625,21997.69921875,493300,-0.015248393356596964,47.37569720387036,138.04615839077815,162.75056166883795,-24.7044032780598,3.366422511694341,-0.26003822466261184,238.84730984879909
2024-03-14,21982.55078125,22204.599609375,21917.5,22146.650390625,426700,0.006748394232673185,51.6788620602434,120.82008514653353,154.36446636437708,-33.54438121784355,3.0642686618108903,-0.3186631706814059,242.29390267209916
2024-03-15,22064.849609375,22120.900390625,21931.69921875,22023.349609375,661500,-0.005583024746448362,48.167600146749756,96.11104709025676,142.71378250955303,-46.602735419296266,2.922848288132176,-0.8524385420713201,240.34085047230636
2024-03-18,21990.099609375,22123.69921875,21916.55078125,22055.69921875,356300,0.001467800056624233,49.14389560596052,78.23742717191635,129.81851144202568,-51.58108427010933,2.910029949842234,-0.2999340484121736,237.96996383142732
2024-03-19,21946.44921875,21978.30078125,21793.099609375,21817.44921875,344200,-0.010860963960358783,42.756412528143564,44.3365861855018,112.72212639072092,-68.38554020521912,3.2701761466100954,-1.715895088273296,239.7292242273968
2024-03-20,21843.900390625,21930.900390625,21710.19921875,21839.099609375,312400,0.0009918508439663014,43.47538997598659,18.997934679780883,93.97728804853291,-74.97935336875203,3.544107649958849,-0.5104551663855175,238.37007763079706
2024-03-21,21989.900390625,22080.94921875,21941.30078125,22011.94921875,353200,0.007883528864675105,48.98445965121393,12.71778698664275,77.7253878361549,-65.00760084951214,3.5707342927212107,0.13259655941958887,238.61861561252584
2024-03-22,21932.19921875,22180.69921875,21883.30078125,22096.75,388700,0.0038450866714008036,51.48280520721193,14.417245993598044,65.06375946764352,-50.64651347404548,3.5747515226920887,-1.0833193441889095,242.817174318774
2024-03-26,21947.900390625,22073.19921875,21947.55078125,22004.69921875,328400,-0.004174507484794188,48.69509550276993,8.241349605956202,53.69927749530606,-45.45792788934986,3.619526688371251,-1.7892865962723639,236.13017749243298
2024-03-27,22053.94921875,22193.599609375,22052.849609375,22123.650390625,409100,0.005391158338500764,52.29025659048708,12.7977482027527,45.5189716367954,-32.7212234340427,3.6193233262778755,-1.040647971690028,232.75662128761633
2024-03-28,22163.599609375,22516.0,22163.599609375,22326.900390625,410500,0.009145057280234776,57.73954898182682,32.435408092522266,42.90225892794078,-10.466850835418512,3.681480497124868,-0.6547568662956254,244.15612043671516
2024-04-01,22455.0,22529.94921875,22427.75,22462.0,0,0.006032745520934439,60.93361901342306,58.2285815962714,45.9675234616069,12.261058134664495,3.7622784578636734,-0.14026589913185186,241.21988527159263
2024-04-02,22458.80078125,22497.599609375,22388.150390625,22453.30078125,289500,-0.00038736104211539534,60.6159258340227,77.07938006392214,52.189894782069956,24.88948528185219,3.808782274052211,0.5402421500121083,231.80769480576458
2024-04-03,22385.69921875,22521.099609375,22346.5,22434.650390625,309600,-0.0008309754048160305,59.89492903455381,89.48234622018572,59.64838506969312,29.8339611504926,3.880589014795785,0.44301801750595804,227.7214029892814
2024-04-04,22592.099609375,22619.0,22303.80078125,22514.650390625,401000,0.0035595696965144527,61.983756333266186,104.56179439138577,68.63106693403165,35.93072745735412,3.9909564070540684,2.3500238217384597,233.96981840076128
2024-04-05,22486.400390625,22537.599609375,22427.599609375,22513.69921875,242200,-4.22476898839797e-05,61.9424472742824,115.10871250254058,77.92659604773344,37.182116454807144,4.125295579493501,1.6573559506785602,225.11483137213548
2024-04-08,22578.349609375,22697.30078125,22550.349609375,22666.30078125,227600,0.006755296273493474,65.87216058795826,134.23353125056383,89.18798308829952,45.04554816226431,4.374304227325705,2.9194068262954223,222.14959788126865
2024-04-09,22765.099609375,22768.400390625,22612.25,22642.75,232400,-0.0010395619844089984,64.76077925521358,145.80894195057772,100.51217486075517,45.29676708982255,4.552314469441877,2.6616738622865155,217.43536879153518
2024-04-10,22720.25,22775.69921875,22673.69921875,22753.80078125,276800,0.004892486360835239,67.54169605220517,162.07510733434174,112.82476135547248,49.25034597886926,4.966353289336558,4.291755434431336,211.4006437885684
2024-04-12,22677.400390625,22726.44921875,22503.75,22519.400390625,357200,-0.01035502147176367,57.268633834740704,154.27363757279454,121.1145365989369,33.15910097385765,5.060030421087204,3.1150587405991925,214.16136789295638
2024-04-15,22339.05078125,22427.44921875,22259.55078125,22272.5,355500,-0.011024443666037696,48.84174512244169,126.70751315052621,122.23313190925477,4.474381241271445,4.931034294588223,1.183678822173823,217.42481371310234
2024-04-16,22125.30078125,22213.75,22079.44921875,22147.900390625,317300,-0.005610032105390299,45.225071761201704,93.72659197894973,116.53182392319377,-22.805231944244042,4.930462087738413,0.23148377306617487,215.68381139430932
2024-04-18,22212.349609375,22326.5,21961.69921875,21995.849609375,456900,-0.006888920065700564,41.21434416427064,54.689322562710004,104.16332365109703,-49.47400108838703,4.955303827927597,-0.04021690679352404,226.33502352685863
2024-04-19,21861.5,22179.55078125,21777.650390625,22147.0,362500,0.006848265696137249,46.31152746070829,35.538908197417186,90.43844056036106,-54.89953236294387,4.899497497300584,0.105541395577714,238.87540689101158
2024-04-22,22336.900390625,22375.650390625,22198.150390625,22336.400390625,279300,0.008515605079627573,51.93545827377399,35.23888356566749,79.39852916142235,-44.15964559575485,4.497315887852469,0.04254956950490549,238.14504858629647
2024-04-23,22447.05078125,22447.55078125,22349.44921875,22368.0,231500,0.0014137138340638612,52.82337315231891,37.123005373374326,70.94342440381274,-33.820419030438416,4.049620834320466,-0.4184845516872941,229.074001589061
2024-04-24,22421.55078125,22476.44921875,22384.0,22402.400390625,235900,0.001536747364098986,53.82345220886676,40.92030569567214,64.93880066218463,-24.018494966512492,3.8201992204795796,-0.22669446742327173,220.45794567198521
2024-04-25,22316.900390625,22625.94921875,22305.25,22570.349609375,475000,0.007468967297299811,58.45403444127809,56.826728746527806,63.31638627905327,-6.489657532525463,3.7412654694806773,0.6048644235022537,227.61803660612912
2024-04-26,22620.400390625,22620.400390625,22385.55078125,22419.94921875,329900,-0.006685928069119567,53.299462248591304,56.64367600150581,61.98184422354378,-5.338168222037972,3.4024941632649948,-0.4206202194213646,228.13457751819132
2024-04-29,22475.55078125,22655.80078125,22441.900390625,22643.400390625,292000,0.009917283345523465,59.07375025231201,73.6799113394336,64.32145764672175,9.358453692711848,3.3172258234626737,0.5760988925666266,228.68579073117763
2024-04-30,22679.650390625,22783.349609375,22568.400390625,22604.849609375,361900,-0.0017039682453004383,57.74714322152285,83.11245606186276,68.07965732974995,15.03279873211281,3.3540473535829367,-0.27111248751200545,227.70460701823637
2024-05-02,22567.849609375,22710.5,22567.849609375,22648.19921875,445900,0.0019158763335262374,58.86577652130274,93.01356442915494,73.06643874963095,19.947125679523992,3.4456576689623555,0.024066064192732776,221.6293058472909
2024-05-03,22766.349609375,22794.69921875,22348.05078125,22475.849609375,438100,-0.0076389620148829334,52.872413306118816,85.96217263653307,75.64558552701138,10.316587109521691,3.446652068027209,-1.221559310231996,237.70210096534154
2024-05-06,22561.599609375,22588.80078125,22409.44921875,22442.69921875,320300,-0.0014760226012829026,51.78037975396022,76.81347642281253,75.87916370617161,0.9343127166409175,3.446018822897122,-0.3406004180596713,233.5342053606743
2024-05-07,22489.75,22499.05078125,22232.05078125,22302.5,297800,-0.0062665796554610105,47.32823961520972,57.58634397419519,72.22059975977633,-14.634255785581146,3.4869242908717992,0.13469525199236726,235.92461926348327
2024-05-08,22231.19921875,22368.650390625,22185.19921875,22302.5,277400,0.0,47.32823961520972,41.86609668283927,66.14969914438892,-24.28360246154965,3.5176154267321404,0.6980328006190626,232.1765158785916
2024-05-09,22224.80078125,22307.75,21932.400390625,21957.5,331300,-0.015590012996666094,38.00292508925258,1.5511895835370524,53.229997232218544,-51.67880764868149,3.8409399555190746,-0.17434929796326099,242.40316541404937
2024-05-10,21990.94921875,22131.30078125,21950.30078125,22055.19921875,265800,0.004439599522660019,41.51714078284537,-22.2585713442204,38.13228351693076,-60.39085486115116,3.9282202987791304,-0.41450662053551274,238.01722502733156
2024-05-13,22027.94921875,22131.650390625,21821.05078125,22104.05078125,278200,0.002212518664983643,43.249349074322886,-36.76229276802769,23.15336825993907,-59.91566102796676,3.7248173205144894,-1.0402285297165492,243.20168105216501
2024-05-14,22112.900390625,22270.05078125,22081.25,22217.849609375,230200,0.005135117275633606,47.174523439659,-38.62869457137276,10.796955693676706,-49.42565026504947,3.674556492185141,-0.6712732055838698,239.31590249486752
2024-05-15,22255.599609375,22297.55078125,22151.75,22200.55078125,231900,-0.0007789037357247285,46.64635866727365,-41.030725640132005,0.4314194269149638,-41.46214506704697,3.7009767736717167,-0.9010177742357931,232.63625097737696
2024-05-16,22319.19921875,22432.25,22054.55078125,22403.849609375,368900,0.00911570311987133,53.268180282182456,-26.227501861925703,-4.90036483085317,-21.32713703107253,3.6455442878306417,-0.7376934911581575,242.99789153256432
2024-05-17,22415.25,22502.150390625,22345.650390625,22466.099609375,242700,0.0027746873362616406,55.105544623330054,-9.364833638406708,-5.793258592363878,-3.57157504604283,3.405102509484604,0.20584520586872704,236.81947070880975
2024-05-21,22404.55078125,22591.099609375,22404.55078125,22529.05078125,347600,0.002798133238882937,56.948928167090585,8.97512621493297,-2.839581630904508,11.814707845837479,3.357050730758419,-0.5050019316990214,233.2287105242519
2024-05-22,22576.599609375,22629.5,22483.150390625,22597.80078125,290300,0.0030469687473969323,58.932181528738425,28.726090473643126,3.473552790005019,25.252537683638106,3.462820154659786,-0.031182813629853177,227.0230604421625
2024-05-23,22614.099609375,22993.599609375,22577.44921875,22967.650390625,369800,0.01623413013834582,67.58373898718483,73.37680235897642,17.4542027037993,55.92259965517712,4.130526117503704,1.4104925905567478,240.5321554552223
2024-05-24,22930.75,23026.400390625,22908.0,22957.099609375,261900,-0.00045948127907615604,67.14915138848768,106.6816931966714,35.29970080237372,71.38199239429768,4.629123153245189,2.1411871335856585,231.80845796734928
2024-05-27,23038.94921875,23110.80078125,22871.19921875,22932.44921875,260000,-0.0010743358183047916,66.08002467507272,129.59310992054088,54.15838262600715,75.43472729453373,4.9827468693369665,2.1822241399146542,232.36510829111006
2024-05-28,22977.150390625,22998.55078125,22858.5,22888.150390625,217900,-0.00193357757447097,64.1047302202709,142.5329958803195,71.83330527686962,70.69969060344988,5.2398866277876905,2.6259405475843516,225.7712277881736
2024-05-29,22762.75,22825.5,22685.44921875,22704.69921875,269900,-0.0080474093408375,56.56398017225062,136.4124940082911,84.74914302315392,51.663350985137185,5.273790484957538,1.8033817677390425,224.12336665151835
2024-05-30,22617.44921875,22705.75,22417.0,22488.650390625,373400,-0.00956116224385675,49.22072554075455,112.82800632070939,90.36491568266501,22.463090638044378,5.253589138918855,2.418993012068769,228.73955474783847
2024-05-31,22568.099609375,22653.75,22465.099609375,22530.69921875,572100,0.0018680341105537352,50.565849677089325,96.41866457749711,91.57566546163144,4.842999115865666,5.2157721168249225,2.1559542277711943,225.87604302477857
2024-06-03,23337.900390625,23338.69921875,23062.30078125,23263.900390625,569400,0.03202403067452011,66.98728347795905,140.9525368703944,101.45103974338403,39.50149712701037,6.034019254845087,5.24722649641601,267.4563256658658
2024-06-04,23179.5,23179.5,21281.44921875,21884.5,1006100,-0.06112419596275757,40.03944533485666,64.19981264123635,94.0007943229545,-29.800981681718156,6.516971097655927,-1.5003684660568612,389.9559575379468
2024-06-05,22128.349609375,22670.400390625,21791.94921875,22620.349609375,638500,0.03307130264902321,51.295454988576076,62.03454383472854,87.60754422530931,-25.573000390580773,6.485900465108796,1.8909387981470758,424.84847284773633
2024-06-06,22798.599609375,22910.150390625,22642.599609375,22821.400390625,480400,0.008848783029735371,53.84486799650947,75.66940075174352,85.21991553059615,-9.55051477885263,6.535427683546829,1.8637456889340744,415.20220916218375
2024-06-07,22821.849609375,23320.19921875,22789.05078125,23290.150390625,473600,0.02033183181806326,59.206334928593975,122.88281399724656,92.75249522392625,30.13031877332031,6.708570211901359,3.6679743951020645,423.48408261488487
2024-06-10,23319.150390625,23411.900390625,23227.150390625,23259.19921875,304400,-0.0013298220789751808,58.72129248851891,156.00396662979256,105.40278950509952,50.60117712469304,6.776827860808117,3.2409196667427835,406.4316481423931
2024-06-11,23283.75,23389.44921875,23206.650390625,23264.849609375,305200,0.00024290193115634738,58.787670583472746,180.62650806834426,120.44753321774847,60.17897485059579,6.756908940220462,2.951830731592555,390.4578752840079
2024-06-12,23344.44921875,23441.94921875,23295.94921875,23322.94921875,295600,0.002494199810096445,59.508678556076994,202.493977942504,136.8568221626996,65.6371557798044,6.811789993233383,1.546953310774997,375.2179991476502
2024-06-13,23480.94921875,23481.05078125,23353.900390625,23398.900390625,268300,0.0032512085635553246,60.48199457472679,223.37777029612698,154.16101178938507,69.21675850674191,6.794086476845505,1.924462535631381,359.7096822442466
2024-06-14,23464.94921875,23490.400390625,23334.25,23465.599609375,223100,0.0028464728647632507,61.36040095805479,242.51483565527815,171.8317765625637,70.68305909271444,6.963797144991664,2.3248733074227688,345.16973284287184
2024-06-18,23570.80078125,23579.05078125,23499.69921875,23557.900390625,272200,0.0039257349959185015,62.5993375348306,262.1075863850383,189.88693852705865,72.22064785797966,7.186831840315147,2.9261866449214264,328.6184070594524
2024-06-19,23629.849609375,23664.0,23412.900390625,23516.0,328800,-0.0017801967265448713,61.633222770605016,271.1285697686362,206.13526477537417,64.99330499326206,7.296487492901338,3.57327253461262,323.0813500819915
2024-06-20,23586.150390625,23624.0,23442.599609375,23567.0,280300,0.0021663878659495613,62.393992111763296,279.1748835903345,220.74318853836627,58.431695051968234,7.423293571340108,4.795083700641009,312.9612815493492
2024-06-21,23661.150390625,23667.099609375,23398.19921875,23501.099609375,609900,-0.0028002164622532473,60.71857949810122,277.0404842430544,232.00264767930392,45.03783656375046,7.61326524898519,4.30701409309763,309.81407505475283
2024-06-24,23382.30078125,23558.099609375,23350.0,23537.849609375,239400,0.0015625352218749532,61.34198777505205,275.14270145822957,240.63065843508906,34.51204302314051,7.797390893732244,1.1775721789988294,302.5487560776276
2024-06-25,23577.099609375,23754.150390625,23562.05078125,23721.30078125,298100,0.007763664467508334,64.38088707652278,285.1545867597706,249.5354441000254,35.61914265974522,8.10529895605602,8.393158542575796,296.3881864470828
2024-06-26,23723.099609375,23889.900390625,23670.44921875,23868.80078125,287800,0.006198787876631016,66.65084515052425,301.5154132865064,259.93143793732156,41.58397534918481,8.482398739709115,5.519150647245433,290.89268540621975
2024-06-27,23881.55078125,24087.44921875,23805.400390625,24044.5,515200,0.007334080659762657,69.17115793722184,324.91354367598615,272.9278590850545,51.98568459093167,8.829272372269745,5.359441526110062,290.26098131470405
2024-06-28,24085.900390625,24174.0,23985.80078125,24010.599609375,354800,-0.0014108969297394127,68.10174021803549,336.8383891030571,285.70996508865505,51.12842401440207,8.71174623012938,3.093364390811332,282.9708554172252
2024-07-01,23992.94921875,24164.0,23992.69921875,24141.94921875,0,0.00545557559691747,70.03481250892587,352.82063411312265,299.1320988935486,53.68853521957408,8.610072249272473,3.7952725358162223,274.99442154813767
2024-07-02,24228.75,24236.349609375,24056.400390625,24123.849609375,0,-0.0007499973340487516,69.41060066114032,359.87774459407956,311.28122803365477,48.59651656042479,8.978063715644275,3.6922654322848065,268.20547849112785
2024-07-03,24291.75,24309.150390625,24207.099609375,24286.5,0,0.006719678910168409,71.83960026721084,374.2806088145553,323.8811041898349,50.39950462472041,7.119514544019122,4.131341933700964,262.2837144024758
2024-07-04,24369.94921875,24401.0,24281.0,24302.150390625,251200,0.0006441994597673961,72.06942204099292,382.54806227003064,335.61449580587407,46.93356646415657,6.577514711090574,3.860224134130235,252.12059194515612
2024-07-05,24213.349609375,24363.0,24168.849609375,24323.849609375,298400,0.0008924945580705119,72.4056823562378,386.396881575376,345.77097295977444,40.62590861560159,6.1705869301207,3.657481650957307,247.97986327943067
2024-07-08,24329.44921875,24344.599609375,24240.55078125,24320.55078125,266300,-0.0001356303337513403,72.2632484294293,384.7458006499255,353.56593849780467,31.179862152120847,6.284584872566587,3.237344491568107,237.69907505411422
2024-07-09,24351.0,24443.599609375,24331.900390625,24433.19921875,250500,0.00462112711188291,74.13441829147227,388.05385134195603,360.46352106663494,27.590330275321094,6.373919399309534,3.900319862008845,229.50977170203464
2024-07-10,24459.849609375,24461.05078125,24141.80078125,24324.44921875,292300,-0.004460845993233708,69.27564148170597,377.5481491622959,363.8804466857672,13.667702476528689,6.200574637760943,3.2140247751092628,235.91978800903215
2024-07-11,24396.55078125,24402.650390625,24193.75,24315.94921875,306400,-0.0003495037195243165,68.89556353943235,364.3365802276676,363.9716733941473,0.3649068335203083,5.973807668421372,3.4672829055621817,233.98983105302983
2024-07-12,24387.94921875,24592.19921875,24331.150390625,24502.150390625,325800,0.007628403248955412,72.46009691439224,364.6873068218738,364.1148000796926,0.57250674218119,5.92095878787819,4.096809170137293,237.008414549242
2024-07-15,24587.599609375,24635.05078125,24522.75,24586.69921875,305400,0.0034447298074261035,73.92150892767994,367.55074777235495,364.8019896182251,2.7487581541298596,5.919901121902215,3.6481913259328334,229.57212712608185
2024-07-16,24615.900390625,24661.25,24587.650390625,24613.0,283200,0.0010691440871768358,74.37700629930045,367.70363992418424,365.3823196794169,2.321320244767321,5.930891814642407,3.1178743564469373,218.49917384921886
2024-07-18,24543.80078125,24837.75,24504.44921875,24800.849609375,350900,0.007603152387120198,77.41169033248136,378.6182263759147,368.0295010187165,10.5887253571982,5.986790829650728,3.145624194202416,226.69928866356037
2024-07-19,24853.80078125,24854.80078125,24508.150390625,24530.900390625,343800,-0.010944347737899481,65.42069519875946,361.3203923124456,366.68767927746234,-5.367286965016717,5.654935188988404,2.1669628818717515,235.26722451794893
2024-07-22,24445.75,24595.19921875,24362.30078125,24509.25,324200,-0.0008829659721330775,64.55700028282124,341.9232502206978,361.73479346610947,-19.811543245411656,5.0418384169311965,1.5214213977582782,235.0980254452383
2024-07-23,24568.900390625,24582.55078125,24074.19921875,24479.05078125,436400,-0.0012329157000276177,63.301621744900075,320.42044337991683,353.47192344887094,-33.051480068954106,4.264751742624902,1.4724066748325355,254.61613523486412
2024-07-24,24444.94921875,24504.25,24307.25,24413.5,366600,-0.00268142363114976,60.54925071421652,294.6928777681351,341.7161143127238,-47.02323654458871,3.6391445212210063,0.5229242583328186,250.50069700380237
2024-07-25,24230.94921875,24426.150390625,24210.80078125,24406.099609375,391800,-0.0003031729363163769,60.23085105299231,270.5872851988679,327.4903484899526,-56.90306329108472,3.1612283809680743,0.4277367108636621,247.9899050303165
2024-07-26,24423.349609375,24861.150390625,24410.900390625,24834.849609375,383800,0.01741480789992859,70.05546628315034,282.81980059105626,318.55623891017336,-35.7364383191171,3.3086086141684454,2.1008187774810456,262.77996761743674
2024-07-29,24943.30078125,24999.75,24774.599609375,24836.099609375,355000,5.0331230625744864e-05,70.0786744397539,289.2803776009896,312.7010666483366,-23.420689047347025,3.268548750676735,2.11980737098464,260.09214068940554
2024-07-30,24839.400390625,24971.75,24798.650390625,24857.30078125,385000,0.0008532792280141148,70.49634460629471,292.7367023298466,308.70819378463864,-15.971491454792044,3.3431959331183014,1.735759442318733,253.87838845266228
2024-07-31,24886.69921875,24984.599609375,24856.5,24951.150390625,333600,0.0037684255675633532,72.33714584882676,299.595196784594,306.8855943846297,-7.290397600035703,3.424747623779468,2.5764249222626603,244.89418994711497
2024-08-01,25030.94921875,25078.30078125,24956.400390625,25010.900390625,431300,0.002391816490734086,73.47196405084908,306.32085259062296,306.7726460258284,-0.45179343520544535,3.687755239027246,2.8580055239592452,236.4839185669639
2024-08-02,24789.0,24851.900390625,24686.849609375,24717.69921875,345000,-0.011792190883304469,60.381731938054735,284.7101378436055,302.36014438938383,-17.650006545778353,3.5816308942775756,0.8797139217930569,242.73869447289505
2024-08-05,24302.849609375,24350.05078125,23893.69921875,24055.599609375,487000,-0.02715175314145156,42.128375810519046,211.71704334416063,284.2315241803392,-72.51448083617856,3.953170061239354,-2.1601094341691036,284.25735915340255
2024-08-06,24189.849609375,24382.599609375,23960.400390625,23992.55078125,312300,-0.0026244033870099497,40.8616250712441,147.08645545748368,256.8025104357681,-109.71605497828443,4.3838154648493095,-2.5208191555275667,294.1103491245881
2024-08-07,24289.400390625,24337.69921875,24184.900390625,24297.5,317600,0.012630066341245293,48.869729540209306,119.1001894584333,229.26204624030117,-110.16185678186787,4.462305994504905,-2.0295659919034716,297.755926865689
2024-08-08,24248.55078125,24340.5,24079.69921875,24117.0,311900,-0.007456478381555143,44.9866329163498,81.41750026306545,199.69313704485404,-118.27563678178859,4.660994686990582,-1.6872613073068476,295.1162736074255
2024-08-09,24386.849609375,24419.75,24311.19921875,24367.5,215100,0.010333291215294636,50.82627917779868,70.94909704432939,173.9443290447491,-102.99523200041972,4.630890075088876,-0.5783530707793997,295.66153977832374
2024-08-12,24320.05078125,24472.80078125,24212.099609375,24347.0,279900,-0.0008416385761983504,50.35520048921879,60.303492277009354,151.21616169120117,-90.91266941419181,4.68348994290283,-0.5394440431127573,293.16437064237203
2024-08-13,24342.349609375,24359.94921875,24116.5,24139.0,239700,-0.00857984886239657,45.72448479764929,34.68310686355835,127.9095507256726,-93.22644386211425,4.889622656323774,-1.1243779056669465,289.61328836434546
2024-08-14,24184.400390625,24196.5,24099.69921875,24143.75,303300,0.0001967576418212346,45.84695814925859,14.59382362665201,105.24640530586849,-90.65258167921648,5.050062899601267,-1.0749346006693543,275.84096642760653
2024-08-16,24334.849609375,24563.900390625,24204.5,24541.150390625,271600,0.016325768935141063,54.996569238506474,30.389500985180348,90.27502444173088,-59.88552345655053,4.922653467745316,-1.1826092099189938,286.14878244170603
2024-08-19,24636.349609375,24638.80078125,24522.94921875,24572.650390625,243600,0.0012827353541420893,55.636412185354466,44.931533092461905,81.20632617187708,-36.274793079415176,4.930531225266828,-1.060751176285968,273.98469530301276
2024-08-20,24648.900390625,24734.30078125,24607.19921875,24698.849609375,238300,0.0051226163083365125,58.20048193335386,65.87999697318082,78.14106033213783,-12.261063358957003,4.989736667355923,-0.6374431933274131,265.9608163974404
2024-08-21,24680.55078125,24787.94921875,24654.5,24770.19921875,257100,0.0028846181820890576,59.621415836912824,87.23354865923466,79.9595579975572,7.273990661677459,5.085664362957813,-0.7252217594864465,256.4957022797661
2024-08-22,24863.400390625,24867.349609375,24784.44921875,24811.5,220300,0.0016659691560852782,60.459327062691656,106.26407399834716,85.2204611977152,21.043612800631962,5.18369031027953,-0.7972539473218748,245.11389430442566
2024-08-23,24845.400390625,24858.400390625,24771.650390625,24823.150390625,206800,0.0004694458708691634,60.70702859760844,120.89241904040682,92.35485276625353,28.537566274153292,5.264958952320583,0.42662211778598047,233.80218756839525
2024-08-26,24906.099609375,25043.80078125,24874.69921875,25010.599609375,210300,0.007523018148105455,64.55448544764045,145.92889577945243,103.0696613688933,42.859234410559125,5.426302385427313,3.9699696349610645,232.86277350100985
2024-08-27,25024.80078125,25073.099609375,24973.650390625,25017.75,223300,0.0002858535502177548,64.69649173312496,164.45176318007725,115.3460817311301,49.10568144894715,5.585894977517165,4.272989679576653,223.33323387593774
2024-08-28,25030.80078125,25129.599609375,24964.650390625,25052.349609375,220400,0.0013820469762269526,65.41845774278644,179.84996986085025,128.24685935707413,51.60311050377612,5.76037757486227,3.1066966123057926,219.1629470812279
2024-08-29,25035.30078125,25192.900390625,24998.5,25151.94921875,354000,0.003967777356455909,67.48012635178691,197.80978758241326,142.15944500214198,55.650342580271285,5.973139488397386,4.29136799249492,217.39419304864018
2024-08-30,25249.69921875,25268.349609375,25199.400390625,25235.900390625,638200,0.003332202116407902,69.1496347999601,216.32358682914128,156.99227336754186,59.33131346159942,6.231787281938069,3.5637648122499233,210.18035001838015
2024-09-02,25333.599609375,25333.650390625,25235.5,25278.69921875,222800,0.0016945136137639853,69.9953386339583,231.77762566968886,171.94934382797126,59.8282818417176,6.673537378243136,3.8267516275105766,202.17821006171013
2024-09-03,25313.400390625,25321.69921875,25235.80078125,25279.849609375,212100,4.550726442364936e-05,70.01912895900108,241.33591944738873,185.82665895185477,55.509260495533965,6.695240644227157,4.726167651414722,193.87251202158797
2024-09-04,25089.94921875,25216.0,25083.80078125,25198.69921875,253800,-0.003215245383183467,66.04120394411297,239.60080883080082,196.581488927644,43.01931990315683,6.396925881117917,4.369450556562257,194.0279631718317
2024-09-05,25250.5,25275.44921875,25127.75,25145.099609375,222200,-0.0021293438665674616,63.476095180304995,231.2351458183075,203.5122203057767,27.722925512530793,6.311849710224153,2.46096539541486,190.71876714170085
2024-09-06,25093.69921875,25168.75,24801.30078125,24852.150390625,311700,-0.011718747382249265,51.66472396988102,198.67652463110062,202.5450811708415,-3.8685565397408936,5.799376451254002,1.1374434403976028,203.34237082800794
2024-09-09,24823.400390625,24957.5,24753.150390625,24936.400390625,254400,0.003384315433638339,54.29852281377261,177.6243111695403,197.5609271705813,-19.93661600104099,5.55349451760759,0.961788848496945,203.41431643850737
2024-09-10,24999.400390625,25130.5,24896.80078125,25041.099609375,251300,0.0041898603137641086,57.40478046240823,167.45827748975353,191.54039723441576,-24.082119744662236,5.257509745931363,1.0936544685516287,205.57752374647112
2024-09-11,25034.0,25113.69921875,24885.150390625,24918.44921875,279200,-0.004909997784499106,52.87124561853473,147.80100310399575,182.79251840833177,-34.99151530433602,4.473313648552709,0.4310469691473712,207.21833120208035
2024-09-12,25059.650390625,25433.349609375,24941.44921875,25388.900390625,380100,0.018703624424743968,64.46402227463878,168.24453114957942,179.88292095658133,-11.638389807001914,3.726346361166283,2.2791224767895204,229.19562116086033
2024-09-13,25430.44921875,25430.5,25292.44921875,25356.5,250800,-0.0012769785942554214,63.30900789754007,179.75957716222183,179.85825219770945,-0.09867503548761647,3.5547171831385316,1.3830151856708879,222.68527545294174
2024-09-16,25406.650390625,25445.69921875,25336.19921875,25383.75,168700,0.0010740980826790941,63.894928996611974,188.9065838426468,181.66791852669692,7.2386653159498735,3.341823528786754,1.46296129747879,214.60061292058876
2024-09-17,25416.900390625,25441.650390625,25352.25,25418.55078125,216000,0.0013700476615561017,64.67085442900222,196.69639118379928,184.6736130581174,12.022778125681867,3.2625967627266066,1.461743818783215,205.65773989947527
2024-09-18,25402.400390625,25482.19921875,25285.55078125,25377.55078125,215700,-0.0016142974615182065,62.95430326833908,197.2873070073947,187.1963518479729,10.09095515942181,3.1509286305768427,0.8969545880437012,205.01421829951275
2024-09-19,25487.05078125,25611.94921875,25376.05078125,25415.80078125,314500,0.0015061029073179838,63.91655437862427,198.5532688975909,189.4677352578965,9.085533639694404,3.060060825100822,0.7128748641432743,207.2202339566904
2024-09-20,25525.94921875,25849.25,25426.599609375,25790.94921875,533100,0.014652566289984728,71.68485227383721,227.2087751489198,197.01594323610115,30.19283191281866,3.495630329072677,2.02640964856312,223.37944715621254
2024-09-23,25872.55078125,25956.0,25847.349609375,25939.05078125,209200,0.005725960454112572,74.0591904561488,258.88476622732196,209.38970783434533,49.49505839297663,4.211982549255719,2.6076150849826893,219.21311387719737
2024-09-24,25921.44921875,26011.55078125,25886.849609375,25940.400390625,384100,5.20286681844374e-05,74.08052007806047,280.85954555538774,223.68367537855383,57.17587017683391,4.713660290594031,2.943410552411017,212.4622608770404
2024-09-25,25899.44921875,26032.80078125,25871.349609375,26004.150390625,278500,0.0024545416621303915,75.12112794501051,299.9610445097933,238.93914920480174,61.021895304991546,5.182512178181297,3.416374540547514,208.81861166260893
2024-09-26,26005.400390625,26250.900390625,25998.400390625,26216.05078125,370900,0.008115692736807522,78.24728342892666,328.4119817517385,256.8337157141891,71.57826603754938,5.897741074242634,5.488057850879196,211.93871082956545
2024-09-27,26248.25,26277.349609375,26151.400390625,26178.94921875,490300,-0.0014162255444679923,76.43625847605487,344.0003466079397,274.26704189293923,69.73330471500049,6.413118484959016,4.982871660146042,205.79660425245362
2024-09-30,26061.30078125,26134.69921875,25794.099609375,25810.849609375,343100,-0.014160691857076434,61.28168539418512,322.92914970344646,283.9994634550407,38.929686248405744,6.486192031548073,3.0739464800172653,218.5861046183498
2024-10-01,25788.44921875,25907.599609375,25739.19921875,25796.900390625,247400,-0.0005405862138807384,60.78982214936107,301.6275147389206,287.52507371181673,14.10244102710385,6.524395693871117,3.525304340424224,215.00141076168194
2024-10-03,25452.849609375,25639.44921875,25230.30078125,25250.099609375,423400,-0.02142424417261006,45.40529649321509,237.8814134591521,277.5963416612838,-39.714928202131716,6.496323884862665,-0.5466986719174848,240.11556780549037
2024-10-04,25181.900390625,25485.05078125,24966.80078125,25014.599609375,374900,-0.009370461848646757,40.63544629347809,166.44066273044882,255.36520587511683,-88.92454314466801,6.602141134240014,-1.348373752785282,259.98231296224105
2024-10-07,25084.099609375,25143.0,24694.349609375,24795.75,374300,-0.008787371273170997,36.769744217927204,91.11371639479694,222.51490797905288,-131.40119158425594,6.673561110503319,-2.3164426059979317,273.4586042238667
2024-10-08,24832.19921875,25044.0,24756.80078125,25013.150390625,333200,0.008729434677965052,42.610328716582735,48.40102645068691,187.69213167337972,-139.2911052226928,6.597733528023836,-1.594899701850995,274.44007669001905
2024-10-09,25065.80078125,25234.05078125,24947.69921875,24981.94921875,290600,-0.0012481693673798233,42.01055822574789,11.896107211559865,152.53292678101576,-140.6368195694559,6.652274387617185,-1.5588642336292242,275.2908971050177
2024-10-10,25067.05078125,25134.05078125,24979.400390625,24998.44921875,261400,0.0006602588660852999,42.47171580701558,-15.523941847150127,118.92155305538259,-134.44549490253272,6.570385457736181,-1.6420948766953385,266.6737180707307
2024-10-11,24985.30078125,25028.650390625,24920.05078125,24964.25,210500,-0.0013689902517646816,41.730958894470035,-39.55811805443591,87.2256188334189,-126.78373688785481,6.822962509717276,-3.205385004399103,255.3827103067499
2024-10-14,25023.44921875,25159.75,25017.5,25127.94921875,206400,0.006535939888908111,46.537577318166356,-44.87888118772389,60.80471882919035,-105.68360001691424,6.9221431174673915,-3.126951596418106,251.10537385626776
2024-10-15,25186.30078125,25212.05078125,25008.150390625,25057.349609375,257200,-0.0028135592532655376,44.82038958499787,-54.16800768175017,37.81017352700225,-91.97818120875242,7.066119972561212,-3.4041524724080174,247.73358933974865
2024-10-16,25008.55078125,25093.400390625,24908.44921875,24971.30078125,226800,-0.003439985380697183,42.74988451668984,-67.69280808810436,16.709577203980928,-84.40238529208528,7.264128314522843,-3.971864467248129,243.24913094940945
2024-10-17,25027.400390625,25029.5,24728.900390625,24749.849609375,252800,-0.008907784090014885,37.89776019205523,-95.18335421885786,-5.669009080586829,-89.51434513827103,7.641399043657324,-5.592761412117964,247.3455936940945
2024-10-18,24664.94921875,24886.19921875,24567.650390625,24854.05078125,290900,0.004201335956550517,41.275275058454966,-107.3244766022799,-26.000102584925443,-81.32437401735446,7.876386654085782,-5.060930545489868,252.43153901058776
2024-10-21,24956.150390625,24978.30078125,24679.599609375,24781.099609375,242000,-0.002939498473548445,39.64945822556655,-121.4331477177584,-45.086711611492035,-76.34643610626637,7.989719015541766,-3.9896013327123296,255.7365127866172
2024-10-22,24798.650390625,24882.0,24445.80078125,24472.099609375,279500,-0.012547572909439223,33.6104354343133,-155.7526689880906,-67.21990308681175,-88.53276590127884,8.194793262805712,-5.135503727926373,268.62670606971596
2024-10-23,24378.150390625,24604.25,24378.099609375,24435.5,284600,-0.0014966842167451323,32.96989054462341,-183.78585057182136,-90.53309258381367,-93.25275798800769,8.273173284257895,-3.2261243400107253,265.59268353795056
2024-10-24,24412.69921875,24480.650390625,24341.19921875,24399.400390625,216700,-0.0014784351216731097,32.315706684603285,-206.53448474771358,-113.73337101659365,-92.80111373111993,8.13042610562125,-2.459360646809773,256.5825755620255
2024-10-25,24418.05078125,24440.25,24073.900390625,24180.80078125,372600,-0.00899959570008371,28.6133172933186,-239.44196486703004,-138.87508978668095,-100.56687508034909,7.649764929700267,-2.4800589566760434,264.423077977238
2024-10-28,24251.099609375,24492.599609375,24134.900390625,24339.150390625,278600,0.006527218917237164,34.4701139536828,-249.8636176044747,-161.0727953502397,-88.79082225423502,6.638948103127418,-2.6945826074456303,271.0856594610067
2024-10-29,24328.849609375,24484.5,24140.849609375,24466.849609375,332000,0.0052329430871703615,38.82870897917901,-244.99444924942873,-177.85712613007752,-67.13732311935121,5.899502002170733,-2.06188718448117,276.26885454414906
2024-10-30,24371.44921875,24498.19921875,24307.30078125,24340.849609375,285200,-0.00516313130612327,36.26558958565254,-248.43889627325916,-191.97348015871387,-56.46541611454529,4.96428594181171,-2.630561614525151,270.17096761242414
2024-10-31,24349.849609375,24372.44921875,24172.599609375,24205.349609375,287000,-0.00558232586918934,33.690034874467074,-259.1154414198718,-205.40187241094546,-53.71356900892633,4.990942227312554,-3.0399486891254495,265.1480134526081
2024-11-01,24302.75,24368.25,24280.19921875,24304.349609375,38800,0.004081663627652918,37.1993376846059,-256.6299375726885,-215.64748544329407,-40.98245212939443,5.054317675238486,-3.277623662023503,257.8446118220647
2024-11-04,24315.75,24316.75,23816.150390625,23995.349609375,285500,-0.012795285302364113,31.58135087012677,-276.4076204551202,-227.7995124456593,-48.60810800946089,5.571480581837765,-4.238277457735041,275.1842545044172
2024-11-05,23916.5,24229.05078125,23842.75,24213.30078125,289500,0.009042055940529129,38.62245015274729,-271.3665933848897,-236.5129286335054,-34.853664751384315,5.578138530285175,-3.035484641509558,283.1211492719588
2024-11-06,24308.75,24537.599609375,24204.05078125,24484.05078125,351100,0.011119815807918394,46.05008699728606,-242.72628336251728,-237.75559957930778,-4.970683783209495,5.399334483553202,-1.0739411847751916,286.72312633289033
2024-11-07,24489.599609375,24503.349609375,24179.05078125,24199.349609375,322200,-0.011696159889418445,40.49997954974209,-240.23238713145474,-238.2509570897372,-1.9814300417175446,5.305350633652464,-2.634182965333399,289.40710503232674
2024-11-08,24207.69921875,24276.150390625,24066.650390625,24148.19921875,298700,-0.0021159463488489003,39.5770703770787,-239.62116184779006,-238.52499804134777,-1.0961638064422914,5.21175532663126,-2.553964112171866,283.6994546728748
2024-11-11,24087.25,24336.80078125,24004.599609375,24141.30078125,273400,-0.00028571169910344984,39.44651365227022,-236.96185885519662,-238.21237020411758,1.250511348920952,4.764381198186561,-1.3517386468886163,287.1638630444552
2024-11-12,24225.80078125,24242.0,23839.150390625,23883.44921875,255800,-0.010738381367723213,34.82249849811599,-252.74729472874242,-241.11935510904254,-11.627939619699873,4.563440356618655,-2.259216227415031,295.42713063949407
2024-11-13,23822.44921875,23873.599609375,23509.599609375,23559.05078125,304600,-0.013675649189030194,30.04997184746506,-288.11242845042943,-250.51796977731993,-37.5944586731095,4.890953932737143,-3.444140412966411,301.0287362634587
2024-11-14,23542.150390625,23675.900390625,23484.150390625,23532.69921875,257700,-0.0011191584619590343,29.693956432992778,-314.6389407286624,-263.3421639675885,-51.29677676107394,5.342803987759215,-2.6802320087039613,293.2231122446402
2024-11-18,23605.30078125,23606.80078125,23350.400390625,23453.80078125,263300,-0.003358348106569627,28.601363990806945,-338.13008421470295,-278.2997480170114,-59.830336197691565,5.56144083151554,-3.637553469064477,290.59291784323733
2024-11-19,23529.55078125,23780.650390625,23464.80078125,23518.5,297500,0.002754783503889256,30.848388190509212,-347.5203007298114,-292.1438585595714,-55.37644217024001,5.561761681113122,-3.8760593395384237,293.1826815240775
2024-11-21,23488.44921875,23507.30078125,23263.150390625,23349.900390625,420300,-0.007194627306794726,28.344955998670798,-364.36650415213444,-306.588387678084,-57.77811647405042,6.041090403779024,-4.071136524208797,290.48031922771486
2024-11-22,23411.80078125,23956.099609375,23359.0,23907.25,367600,0.02358904203763299,44.40638237375874,-328.9518342433912,-311.06107699114546,-17.89075725224575,5.892029249556864,-1.2315443246460804,313.0316691935924
2024-11-25,24253.55078125,24351.55078125,24135.44921875,24221.900390625,687200,0.013075438521712217,51.07388686618139,-272.35624307706894,-303.32011020833016,30.963867131261225,5.774450297021836,-0.33923647443828975,322.4080343404786
2024-11-26,24343.30078125,24343.30078125,24125.400390625,24194.5,230700,-0.0011318641340202825,50.50582839263795,-227.0969792436008,-288.0754840153843,60.97850477178349,5.779710749523204,0.8299541113882826,314.9432026465159
2024-11-27,24204.80078125,24354.55078125,24145.650390625,24274.900390625,295000,0.0033175761911502914,52.186305208321805,-182.63573591403474,-266.9875343951144,84.35179848107964,5.736286371406593,0.25440401509694516,307.36871607355044
2024-11-28,24274.150390625,24345.75,23873.349609375,23914.150390625,366700,-0.0149725605075969,44.831159200808955,-174.49788731208173,-248.48960497850786,73.99171766642613,5.490470581074492,-2.327639309837702,319.1566928272254
2024-11-29,23927.150390625,24188.44921875,23927.150390625,24131.099609375,282100,0.009031098528695802,49.44570772896233,-148.82700970585574,-228.55708592397744,79.7300762181217,5.3589188944685,-0.28203237319055663,315.9525596342093
2024-12-02,24140.849609375,24301.69921875,24008.650390625,24276.05078125,220400,0.005988850983542634,52.315565158801675,-115.4554080162925,-205.93675034244046,90.48134232614797,5.405137331197326,0.5294455348071212,314.3165788121229
2024-12-03,24367.5,24481.349609375,24280.0,24457.150390625,339500,0.007432322879372628,55.69927842085148,-73.54714260547917,-179.45882879504822,105.91168618956905,5.555247009574211,1.3083371614354486,306.52959662018554
2024-12-04,24488.75,24573.19921875,24366.30078125,24467.44921875,348000,0.0004210081782723239,55.890968403048255,-39.05332851460844,-151.37772873896026,112.32440022435182,5.811221182822335,2.4452079540568348,299.41308525445805
2024-12-05,24539.150390625,24857.75,24295.55078125,24708.400390625,361500,0.009799651742121284,60.22709403050948,7.637967786096851,-119.57458943394883,127.21255722004568,6.294649922270461,4.878590483321746,318.1835233612824
2024-12-06,24729.44921875,24751.05078125,24620.5,24677.80078125,226700,-0.0012391968835286232,59.42811058882326,41.691430888800824,-87.3213853693989,129.01281625819973,6.515940339671768,4.866001778442928,304.7811846390479
2024-12-09,24633.900390625,24705.0,24580.05078125,24619.0,248100,-0.002385583169878571,57.84019463156993,63.20571793919589,-57.215964707679944,120.42168264687584,6.812787160319102,4.968061379976893,291.93604421840166
2024-12-10,24652.650390625,24677.80078125,24510.650390625,24610.05078125,261000,-0.00036357470666444975,57.587989327079995,78.62744996797846,-30.047281772548267,108.67473174052674,7.077397980950992,4.6412431968450365,283.0227832474444
2024-12-11,24620.5,24691.75,24583.849609375,24641.80078125,187300,0.0012892918089711122,58.28298324482638,92.34672776866864,-5.568479864304887,97.91520763297353,7.341424932358414,5.53278758800915,270.5140409172698
2024-12-12,24604.44921875,24675.25,24527.94921875,24548.69921875,266100,-0.003785351792322941,55.4153717267009,94.61616005959877,14.468448120475845,80.14771193912293,7.429579392500492,2.68307404134729,261.7130937981791
2024-12-13,24498.349609375,24792.30078125,24180.80078125,24768.30078125,310100,0.008905773422254015,60.36852653391502,112.83403182531765,34.14156486144421,78.69246696387344,7.366894954170156,2.2558114013072332,286.6978728125949
2024-12-16,24753.400390625,24781.25,24601.75,24668.25,187600,-0.004047649614185296,57.248007273484134,117.84017636455246,50.88128716206586,66.9588892024866,7.046310140860486,1.9580896484738268,279.0408818974095
2024-12-17,24584.80078125,24624.099609375,24303.44921875,24336.0,264900,-0.01356025614827435,48.31621896637755,93.9151878825869,59.48806730617008,34.427120576416826,6.32277774197363,0.2516987027415229,285.16658899402313
2024-12-18,24297.94921875,24394.44921875,24149.849609375,24198.849609375,235300,-0.005651640286891943,45.18246625478438,63.159508333952544,60.222355511726576,2.9371528222259684,5.584169918751487,1.190505261945705,282.26894759266435
2024-12-19,23877.150390625,24004.900390625,23870.30078125,23951.69921875,271100,-0.01026582529903898,40.131173110993316,18.62771104987769,51.9034266193568,-33.27571556947911,4.422370992835424,-0.7434405954517814,285.574653344974
2024-12-20,23960.69921875,24065.80078125,23537.349609375,23587.5,442700,-0.015322359236337606,34.08408056579313,-45.52708445531243,32.417324404422956,-77.94440885973539,4.9955505764081725,-2.836337703584857,302.92297609711875
2024-12-23,23738.19921875,23869.55078125,23647.19921875,23753.44921875,189800,0.007010839504245724,38.62240474205816,-82.03387163794469,9.527085195949429,-91.56095683389411,5.4405933911886875,-2.8772819426450646,301.43210503661027
2024-12-24,23769.099609375,23867.650390625,23685.150390625,23727.650390625,177700,-0.0010866989549987555,38.18227927328702,-111.75922256720514,-14.730176356681486,-97.02904621052366,5.855520228323498,-3.023604224170921,292.9369546768524
2024-12-26,23775.80078125,23854.5,23653.599609375,23750.19921875,177700,0.0009498673594489271,38.838311743422295,-131.97593888566553,-38.1793288624783,-93.79661002318723,6.204132321147234,-3.8780380628709823,286.3629143874344
2024-12-27,23801.400390625,23938.849609375,23800.599609375,23813.400390625,176800,0.002657545248501766,40.73669566867471,-141.2695583145396,-58.79737475289056,-82.47218356164905,6.297975915619079,-3.502744828387482,279.38344840440334
2024-12-30,23796.900390625,23915.349609375,23599.30078125,23644.900390625,364900,-0.007101000468431965,37.40339094958178,-160.38257002303362,-79.11441380691917,-81.26815621611445,6.6952119950928966,-3.9566985229903735,282.0024040987317
2024-12-31,23560.599609375,23689.849609375,23460.44921875,23644.80078125,193600,-4.2127301519090045e-06,37.40144261936684,-173.53737629723037,-97.99900630498142,-75.53836999224895,7.059115416534918,-3.9221780100324226,278.24511742203657
2025-01-01,23637.650390625,23822.80078125,23562.80078125,23742.900390625,154900,0.004140304217561321,40.67872463539656,-174.0406046667922,-113.2073259773436,-60.833278689448605,7.221036759257328,-3.6478681026793107,276.94189474903396
2025-01-02,23783.0,24226.69921875,23751.55078125,24188.650390625,283200,0.018599976157659907,52.776741779587205,-136.89309863534436,-117.94448050894377,-18.94861812640059,7.149846774218593,-1.466671716153494,291.7173899901744
2025-01-03,24196.400390625,24196.44921875,23976.0,24004.75,312300,-0.007631803596810856,48.39191438339516,-120.89900856215536,-118.5353861195861,-2.363622442569266,6.892189748311843,-3.082774179761335,286.62680633016197
2025-01-06,24045.80078125,24089.94921875,23551.900390625,23616.05078125,278100,-0.016325128725884954,40.69574481122941,-137.99760491721463,-122.42782987911181,-15.569775038102819,6.844507988114621,-4.265398715960799,304.5855221726504
2025-01-07,23679.900390625,23795.19921875,23637.80078125,23707.900390625,262300,0.0038817437019732417,43.00252274397806,-142.49428444847217,-126.4411207929839,-16.053163655488277,6.679826267214279,-2.5809484277407955,295.6257304103183
2025-01-08,23746.650390625,23751.849609375,23496.150390625,23688.94921875,266400,-0.0007996806978147784,42.634037723689744,-145.9052318724098,-130.33394300886908,-15.571288863540701,6.444825350950591,-2.107126573601486,292.77383672029555
2025-01-09,23674.75,23689.5,23503.05078125,23526.5,269200,-0.006881216315863482,39.508780497282835,-159.87380092965395,-136.24191459302608,-23.631886336627872,6.182104177468937,-1.7752361319615404,285.1792211509887
2025-01-10,23551.900390625,23596.599609375,23344.349609375,23431.5,261000,-0.004046174437066828,37.76531607919731,-176.57426043684973,-144.30838376179082,-32.265876675058905,6.005140312887455,-0.6613672496025437,282.8271339259181
2025-01-13,23195.400390625,23340.94921875,23047.25,23085.94921875,316500,-0.014857097422370331,32.19936124944938,-215.21172823665256,-158.48905265676316,-56.7226755798894,5.695764160484933,-2.810118201583553,290.0716243597811
2025-01-14,23165.900390625,23264.94921875,23134.150390625,23176.05078125,311200,0.003895278043635164,34.893834032486,-235.84310425374133,-173.9598629761588,-61.88324127758253,5.102238047716387,-2.324712309453707,282.137936905511
2025-01-15,23250.44921875,23293.650390625,23146.44921875,23213.19921875,228000,0.0016015971562733668,36.02274203299743,-246.35620891951112,-188.4391321648293,-57.91707675468183,4.877606548669017,-2.2610336656715546,272.4995965461888
2025-01-16,23377.25,23391.650390625,23272.05078125,23311.80078125,299400,0.004238654922064901,39.04395367256445,-243.91984196055637,-199.53527412397472,-44.38456783658165,4.606227037253254,-2.106375406901035,265.78185192681815
2025-01-17,23277.099609375,23292.099609375,23100.349609375,23203.19921875,272900,-0.004669537131428157,36.97296932224003,-247.89466665698637,-209.20715263057707,-38.6875140264093,4.688093244694999,-1.8680610388620233,261.90108906597396
2025-01-20,23290.400390625,23391.099609375,23170.650390625,23344.75,301500,0.006081952909099664,41.34037178592105,-236.89203489029023,-214.74412908251972,-22.147905807770513,4.7781376446707995,-1.2689926382798544,258.9402411862615
2025-01-21,23421.650390625,23426.30078125,22976.849609375,23024.650390625,312900,-0.013806721311582606,35.371321822943074,-251.10712659142155,-222.0167285843001,-29.09039800712145,5.148858812999265,-3.025114826677218,272.54816480688567
2025-01-22,23099.150390625,23169.55078125,22981.30078125,23155.349609375,276000,0.0056604403518015324,39.22961608322069,-248.95653851862153,-227.4046905711644,-21.551847947457134,5.292372510597441,-4.271841399016148,266.52686732067957
2025-01-23,23128.30078125,23270.80078125,23090.650390625,23205.349609375,275600,0.0021570002277194853,40.68840145121706,-240.44588930467216,-230.01293031786597,-10.432958986806199,5.331778249954952,-3.3301758636311565,260.35711898527387
2025-01-24,23183.900390625,23347.30078125,23050.0,23092.19921875,264300,-0.00488797436469754,38.439610262588396,-240.06411963642677,-232.02316818157814,-8.040951454848624,5.370735218262338,-2.2182013722460012,262.99595200418287
2025-01-27,22940.150390625,23007.44921875,22786.900390625,22829.150390625,257400,-0.011456619090824587,33.76722285951797,-258.01319100447654,-237.22117274615783,-20.792018258318706,5.791656128007719,-3.7065703226401734,266.01758601281267
2025-01-28,22960.44921875,23137.94921875,22857.650390625,22957.25,361900,0.005595545512054291,37.736311781805085,-258.9167602343805,-241.56029024380237,-17.35646999057812,5.95680750399028,-3.088778704337185,269.0733890208261
2025-01-29,23026.75,23183.349609375,22976.5,23163.099609375,226300,0.008926687592645893,43.586719627282086,-240.25301503434457,-241.29883520191083,1.0458201675662622,5.831179070848226,-1.5446428097039508,266.0038333318385
2025-01-30,23169.5,23322.05078125,23139.19921875,23249.5,361900,0.003723148074350194,45.885082730260116,-216.00015769061793,-236.2390996996523,20.23894200903436,4.813722085498561,-0.7767321767705866,260.06438541527865
2025-01-31,23296.75,23546.80078125,23277.400390625,23508.400390625,304900,0.011074194280356322,52.17306770466727,-173.88406840917378,-223.7680934415566,49.88402503238282,4.041838195180446,1.8299060085079484,262.7241279749016
2025-02-01,23528.599609375,23632.44921875,23318.30078125,23482.150390625,281000,-0.001117246011978889,51.5194155316323,-140.99956463129638,-207.21438767950457,66.21482304820819,3.9046275871665816,1.3207582787255634,266.39729294098004
2025-02-03,23319.349609375,23381.599609375,23222.0,23361.05078125,329700,-0.005170435671733403,48.50054117517337,-123.28888732377163,-190.429287608358,67.14040028458638,3.527414168994926,0.6369288485689463,265.95108563269577
2025-02-04,23509.900390625,23762.75,23423.150390625,23739.25,376700,0.016059657410686868,56.97900432335311,-77.83826073156888,-167.9110822330002,90.07282150143132,3.62327636575778,1.833617328669878,275.6473808553604
2025-02-05,23801.75,23807.30078125,23680.44921875,23696.30078125,267000,-0.0018108456539069108,55.85442173344421,-44.76789825070591,-143.28244543654137,98.51454718583545,3.859617984250449,2.1251447175505667,265.0191081156918
2025-02-06,23761.94921875,23773.55078125,23556.25,23603.349609375,307000,-0.003930316218479903,53.398092766518026,-25.762802915262,-119.7785169322855,94.0157140170235,4.020363505532449,1.10774203782435,261.6106561967138
2025-02-07,23649.5,23694.5,23443.19921875,23559.94921875,368100,-0.0018404311807618838,52.242834319174975,-14.041317184757645,-98.63107698277994,84.5897597980223,4.086991560589381,2.3248944893554557,260.8742365576628
2025-02-10,23543.80078125,23568.599609375,23316.30078125,23381.599609375,234200,-0.0075988318246352615,47.677907674858766,-18.92512122428161,-82.68988583108028,63.764764606798664,4.070253911174059,0.9770960223740143,260.2617073839012
2025-02-11,23383.55078125,23390.05078125,22986.650390625,23071.80078125,268000,-0.013338245144624153,40.979573662485436,-47.249089353827,-75.60172653562962,28.35263718180262,4.151602116191888,-0.5755087959159472,270.48589904397966
2025-02-12,23050.80078125,23144.69921875,22798.349609375,23045.25,279700,-0.001151451956867338,40.45500291853248,-71.01979235442559,-74.68533969938882,3.6655473449632296,4.258542835062496,-0.20331202890315875,275.9047354961954
2025-02-13,23055.75,23235.5,22992.19921875,23031.400390625,265700,-0.0006011552347958088,40.16617312560998,-89.93903229245188,-77.73607821800144,-12.202954074450446,4.355572188981284,0.8859287206897363,273.5758816214672
2025-02-14,23096.44921875,23133.69921875,22774.849609375,22929.25,254500,-0.00444513112662715,38.010605132317295,-111.88560149839759,-84.56598287408067,-27.319618624316917,4.535952200282736,-0.1219658277886071,279.666862175291
2025-02-17,22809.900390625,22974.19921875,22725.44921875,22959.5,207400,0.001318406118349223,39.05368780989357,-125.39205199880234,-92.73119669902502,-32.660855299777324,4.591637795749026,-0.8789825749080463,277.4585148770559
2025-02-18,22963.650390625,22992.5,22801.5,22945.30078125,210600,-0.0006186376571162799,38.72429913969447,-135.67776084386423,-101.32050952799287,-34.357251315871366,4.724249007058337,-1.3084118744489128,271.28290667155187
2025-02-19,22847.25,23049.94921875,22814.849609375,22932.900390625,207000,-0.0005405787764224007,38.41954165138871,-143.17938428122943,-109.69228447864019,-33.48709980258924,4.865682694602678,-2.4480610779009266,268.69838543608387
2025-02-20,22821.099609375,22923.849609375,22812.75,22913.150390625,240800,-0.0008615791713867465,37.907840631392396,-149.00054926171288,-117.55393743525472,-31.446611826458152,4.986091133715933,-2.4231170933440884,258.0878143781493
2025-02-21,22857.19921875,22921.0,22720.30078125,22795.900390625,242800,-0.005130286241460248,34.933210082534615,-161.2165554514213,-126.28646103848806,-34.930094412933244,5.026334259722929,-2.4191993584406735,253.98862897613864
2025-02-24,22609.349609375,22668.05078125,22518.80078125,22553.349609375,214300,-0.010697116011174177,29.73507526032391,-188.29905503935152,-138.68897983866077,-49.610075200690744,5.542910303624341,-4.995525935423402,255.63941329034304
2025-02-25,22516.44921875,22625.30078125,22513.900390625,22547.55078125,250300,-0.00025714910818764225,29.621589949443177,-207.83426402517216,-152.51803667596306,-55.3162273492091,6.064465810659802,-4.847803083715763,245.33662595710425
2025-02-27,22568.94921875,22613.30078125,22508.400390625,22545.05078125,289200,-0.00011088293493540093,29.569194380891545,-220.9705757488191,-166.20854449053428,-54.76203125828482,6.493565043284456,-4.483680687865823,235.30546629052537
2025-02-28,22433.400390625,22450.349609375,22104.849609375,22124.69921875,551300,-0.01882096814125905,22.39598259118584,-262.2766930451362,-185.42217420145468,-76.85451884368152,7.35076732092966,-6.091906169550517,249.94087383227355
2025-03-03,22194.55078125,22261.55078125,22004.69921875,22119.30078125,282400,-0.0002440302652016664,22.321091581515375,-292.080772060257,-206.75389377321517,-85.32687828704184,7.980099588318909,-5.39868464610468,250.43449445139686
2025-03-04,21974.44921875,22105.05078125,21964.599609375,22082.650390625,253300,-0.001658315891150207,21.788394870595127,-315.02666829506416,-228.408448677585,-86.61821961747916,8.563619665535125,-4.287269988170421,243.59639998165423
2025-03-05,22073.05078125,22394.900390625,22067.80078125,22337.30078125,305900,0.01146571185468711,33.63870834413679,-309.10018354831845,-244.5467956517317,-64.55338789658674,8.221013417461322,-3.0719962627873425,249.5609149383218
2025-03-06,22476.349609375,22556.44921875,22245.849609375,22544.69921875,372100,0.00924200854408832,41.42319750114419,-284.38981235302344,-252.51539899199008,-31.874413361033362,7.591493270028356,-2.113207028753289,253.9208216837988
2025-03-07,22508.650390625,22633.80078125,22464.75,22552.5,289800,0.00034595413741610534,41.70021013694144,-261.1666408341698,-254.24564736042603,-6.920993473743778,6.932019401357387,-1.6430977899407961,247.85867593852748
2025-03-10,22521.849609375,22676.75,22429.05078125,22460.30078125,293900,-0.004096583464717347,39.332650351402414,-247.35051375148396,-252.86662063863764,5.516106887153683,6.197907485295233,-2.1742599740848014,247.84728613934695
2025-03-11,22345.94921875,22522.099609375,22314.69921875,22497.900390625,347900,0.0016726478000064651,40.80856868752832,-230.70770444879236,-248.43483740066858,17.72713295187623,5.583264156807983,-1.949856290359018,244.95822217403648
2025-03-12,22536.349609375,22577.400390625,22329.55078125,22470.5,369700,-0.001218651042867137,40.04402357092675,-217.22510490880813,-242.19289090229648,24.96778599348835,5.355871145028271,-2.016318837777841,245.16474983124817
2025-03-13,22541.5,22558.05078125,22377.349609375,22397.19921875,287500,-0.00326742167482874,37.993352944622536,-210.0336706691196,-235.76104685566114,25.727376186541534,5.135115426551843,-2.2517688012299844,240.560208548659
2025-03-17,22353.150390625,22577.0,22353.150390625,22508.75,251100,0.004968206335327962,42.79449669625264,-193.10717216885678,-227.23027191830028,34.1230997494435,4.817509761561079,-1.2596580337010637,239.36659432196907
2025-03-18,22662.25,22857.80078125,22599.19921875,22834.30078125,272600,0.014359703182661372,53.99095131343237,-151.6751560684388,-212.11924874832798,60.44409267988917,4.717301132608104,1.2457181604554826,247.2011791025427
2025-03-19,22874.94921875,22940.69921875,22807.94921875,22907.599609375,324000,0.0032048904937790478,56.075502151883626,-111.63848302174665,-192.02309560301174,80.38461258126509,4.651859923255658,1.5968422983857207,239.0260948809325
2025-03-20,23036.599609375,23216.69921875,22973.94921875,23190.650390625,313700,0.012280480863664548,63.03950616692797,-56.41893631255152,-164.9022637449197,108.48332743236818,5.053195622064642,2.863597938364036,244.03134591622305
2025-03-21,23168.25,23402.69921875,23132.80078125,23350.400390625,541000,0.0068649342763162065,66.28810828496115,0.23078189336956711,-131.87565461726186,132.10643651063143,5.735062519049586,5.5399676160851765,245.87899531506426
2025-03-24,23515.400390625,23708.75,23433.5,23658.349609375,311900,0.013101970335000056,71.49017819078647,69.17758389922528,-91.66500691396445,160.84259081318973,6.973743952710827,6.95794520516496,253.91261060505965
2025-03-25,23751.5,23869.599609375,23601.400390625,23668.650390625,338200,0.0004353025297464832,71.64777807768957,123.22909982803685,-48.68618556556419,171.91528539360104,8.024058302505475,7.182108904252376,254.93308261541253
2025-03-26,23700.94921875,23736.5,23451.69921875,23486.849609375,278600,-0.007710730752587225,64.83561129118522,149.6702069679559,-9.014907058860175,158.68511402681605,8.581992566513627,5.146319330981722,257.0664896607402
2025-03-27,23433.94921875,23646.44921875,23412.19921875,23591.94921875,510300,0.004464845602965276,66.80078267379496,177.06454513919743,28.20098338075135,148.86356175844608,9.16145777791554,4.645216109732003,255.43674039925878
2025-03-28,23600.400390625,23649.19921875,23450.19921875,23519.349609375,295400,-0.003082049047667123,64.13449559532964,190.7180942959967,60.70440556380042,130.01368873219627,9.529036080595818,4.287106127369471,251.4055446564546
2025-04-01,23341.099609375,23565.150390625,23136.400390625,23165.69921875,314300,-0.015150767296533939,53.03057738437465,171.03046667045055,82.76961778513045,88.2608488853201,9.173106762235282,3.1406455522130456,264.0730057524221
2025-04-02,23192.599609375,23350.0,23158.44921875,23332.349609375,341000,0.007168090205371445,56.824101362189715,166.95067029948768,99.6058282880019,67.34484201148578,8.795470568523921,3.709009304253652,258.8928468593919
2025-04-03,23150.30078125,23306.5,23145.80078125,23250.099609375,283200,-0.003531376595912815,54.48515606278791,155.29042333877078,110.74274729815569,44.54767604061509,8.166431122272996,3.4694359688257936,253.7254169497925
2025-04-04,23190.400390625,23214.69921875,22857.44921875,22904.44921875,466800,-0.014978235581472139,45.92930540883512,116.81196024745441,111.95658988801544,4.855370359438965,7.747482577287141,2.2647921065744305,263.6486293551645
2025-04-07,21758.400390625,22254.0,21743.650390625,22161.599609375,647100,-0.032970136904421674,33.68632486681098,26.07516750214927,94.78030541084222,-68.70513790869295,8.226795132776902,-1.5422908452268562,327.7307864101527
2025-04-08,22446.75,22697.19921875,22270.849609375,22535.849609375,468300,0.01674631338889978,42.065143844970315,-15.45736433536149,72.73277146160147,-88.19013579696296,8.2408877087722,-1.307030045430899,342.57855947907035
2025-04-09,22460.30078125,22468.69921875,22353.25,22399.150390625,383800,-0.006084328049671031,40.07343790123171,-58.72572593927907,46.44107198142537,-105.16679792070444,8.305002147156221,-2.2195656787274896,331.15149161449386
2025-04-11,22695.400390625,22923.900390625,22695.400390625,22828.55078125,402200,0.018988950673859396,48.346785658237444,-57.7020381894763,25.612449947245036,-83.31448813672134,8.093816197188836,-1.5614034245515667,344.97995649917283
2025-04-15,23368.349609375,23368.349609375,23207.0,23328.55078125,388300,0.02166598602930882,55.969472182238704,-16.35639065684518,17.218681826426995,-33.57507248327217,7.868054961126539,-0.09357273969388741,358.8955901867319
2025-04-16,23344.099609375,23452.19921875,23273.05078125,23437.19921875,348400,0.004646504460063537,57.43927111816953,24.890432374781085,18.753031936097813,6.137400438683272,7.526319613036253,-0.9347667706177003,346.05650785196536
2025-04-17,23401.849609375,23872.349609375,23298.55078125,23851.650390625,505300,0.017528943393621495,62.57186388467556,89.98429965881951,32.99928548064216,56.98501417817735,7.619911726715374,0.7731746296463322,362.3238164428964
2025-04-21,23949.150390625,24189.55078125,23903.650390625,24125.55078125,406100,0.011418063566753105,65.53034405201471,161.807910034815,58.761010391476724,103.04689964333826,8.268009738714104,2.719399078623369,360.57928602733233
2025-04-22,24185.400390625,24242.599609375,24072.0,24167.25,440900,0.0017269335569158489,65.97134066227866,219.56243806404382,90.92129592599015,128.64114213805368,8.83522998990891,2.438547048044561,347.00930912359433
2025-04-23,24357.599609375,24359.30078125,24119.94921875,24328.94921875,415000,0.006668556323176313,67.69719155420327,275.20865909191707,127.77876855917555,147.42989053274152,9.600042983158794,3.442270397869706,339.3194700790519
2025-04-24,24277.900390625,24347.849609375,24216.150390625,24246.69921875,358800,-0.0033864737270896763,65.8672360069573,309.10859113264814,164.04473307387008,145.06385805877807,10.141421454917454,4.666381920063321,324.48945212697674
2025-04-25,24289.0,24365.44921875,23847.849609375,24039.349609375,387700,-0.008588438645809417,61.36389528963377,315.6050523411068,194.35679692731742,121.24825541378937,10.371630488256464,3.030127748968434,338.2830347875498
2025-04-28,24070.25,24355.099609375,24054.05078125,24328.5,320500,0.011956447831200931,64.96152009314287,340.16436163017715,223.51830986788937,116.64605176228778,10.866798468283072,4.638261378416473,336.6735323027248
2025-04-29,24370.69921875,24457.650390625,24290.75,24335.94921875,357600,0.00030614622903455367,65.05180577924877,356.1237084477689,250.0393895838653,106.08431886390358,11.333953664931535,6.249877420445229,324.5468793257445
2025-04-30,24342.05078125,24396.150390625,24198.75,24334.19921875,424500,-7.191266338548166e-05,65.0094256790006,364.4294792199762,272.9174075110875,91.5120717088887,11.735320661161373,9.803442204848459,315.4649872756913
2025-05-02,24311.900390625,24589.150390625,24238.5,24346.69921875,421100,0.0005135484625769229,65.18390314793311,367.7809579820205,291.8901176052741,75.89084037674638,12.09621661605946,8.035417527021833,317.97823037207047
2025-05-05,24419.5,24526.400390625,24400.650390625,24461.150390625,291500,0.004689876016656186,66.81552010810762,375.34553245533607,308.5812005752865,66.76433188004955,12.37970732995522,9.205706305999154,308.10129762227973
2025-05-06,24500.75,24509.650390625,24331.80078125,24379.599609375,302400,-0.0033394596535795407,64.49617871491148,370.48927597482543,320.9628156551943,49.526460319631155,12.582971566219117,6.79433768261338,298.7976056046169
2025-05-07,24233.30078125,24449.599609375,24220.0,24414.400390625,330100,0.001426437150093386,65.05366541032495,365.2385473108952,329.81796198633447,35.42058532456076,12.70071245397164,4.65459521920983,293.85489158821565
2025-05-08,24431.5,24447.25,24150.19921875,24273.80078125,411400,-0.005775526588332327,60.89350403072259,345.74654265470235,333.00367812000803,12.74286453469432,12.36656261837743,3.5695458091712178,294.08316942120024
2025-05-09,23935.75,24164.25,23935.75,24008.0,335600,-0.011010503428714508,53.8787458150248,305.3314163695977,327.469225769926,-22.137809400328308,10.562459644672929,0.6555085573300786,297.22371312325737
2025-05-12,24420.099609375,24944.80078125,24378.849609375,24924.69921875,368700,0.03747214018466671,67.69893245502726,343.3145865437182,330.6382979246845,12.676288619033699,9.731547135754171,3.3124567590021017,342.90778941802466
2025-05-13,24864.05078125,24973.80078125,24547.5,24578.349609375,423000,-0.013993290077199355,60.34187534711952,341.5320349460235,332.8170453289523,8.714989617071183,7.636522641611984,1.7010607718089563,348.8644316917372
2025-05-14,24613.80078125,24767.55078125,24535.55078125,24666.900390625,345500,0.003596321541244558,61.49403508815213,343.30722595984116,334.9150814551301,8.392144504711041,6.0058069625136286,1.3890907035744293,340.5169722851846
2025-05-15,24694.44921875,25116.25,24494.44921875,25062.099609375,500800,0.015894449466611917,66.21196820845032,372.3115756748266,342.39438029906944,29.91719537575716,5.675043378844136,3.362933582293337,360.60867292552854
2025-05-16,25064.650390625,25070.0,24953.05078125,25019.80078125,432700,-0.0016891866264205442,65.28989232498522,387.4186488412706,351.3992340075097,36.01941483376095,5.158491641636336,4.0785261989477375,343.2044261987051
2025-05-19,25005.349609375,25062.94921875,24916.650390625,24945.44921875,255300,-0.002976133107706799,63.612934865248775,388.908468714224,358.90108094885255,30.007387765371448,5.079749119808106,2.535911456727706,329.13974062201186
2025-05-20,24996.19921875,25010.349609375,24669.69921875,24683.900390625,414800,-0.010540184450815589,57.972110625960745,364.77940718347236,360.07674619577654,4.702660987695822,4.987104276845631,1.4297826180822064,329.9619299079396
2025-05-21,24744.25,24946.19921875,24685.349609375,24813.44921875,332700,0.0052345883147392296,59.870253692862256,352.05222096640136,358.47184114990154,-6.419620183500172,4.975183409133805,1.969450466365575,325.1288512091582
2025-05-22,24733.94921875,24737.5,24462.400390625,24609.69921875,403300,-0.008245170966734258,55.61584948411546,321.81522639785544,351.14051819949236,-29.325291801636922,4.936688413722475,1.0802285666611315,326.98027813171836
2025-05-23,24639.5,24909.05078125,24614.05078125,24853.150390625,270500,0.009843878373448323,59.33424377417408,313.8784697042902,343.68810850045196,-29.809638796161778,4.948721713013501,1.6025411468392683,325.00679844373843
2025-05-26,24919.349609375,25079.19921875,24900.5,25001.150390625,302800,0.0059373186446142635,61.44871101091153,315.8895182240958,338.1283904451808,-22.23887222108499,4.788093548036949,2.549470833027902,317.93837199239994
2025-05-27,24956.650390625,25062.900390625,24704.099609375,24826.19921875,525700,-0.00702232377173064,57.63376066380722,299.9090266501662,330.48451768617787,-30.57549103601167,4.732005715298855,1.6867046560075607,320.85711551079993
2025-05-28,24832.5,24864.25,24737.05078125,24752.44921875,684400,-0.002975073210803887,56.05392471943381,278.08774092528984,320.00516233400026,-41.917421408710425,4.618691485200757,1.9718726449700705,307.0244085993142
2025-05-29,24825.099609375,24892.599609375,24677.30078125,24833.599609375,345400,0.003273116733106363,57.43649028891688,264.2957363653404,308.86327714026834,-44.56754077492792,4.504117235407723,3.438852088366378,300.4725814225775
2025-05-30,24812.599609375,24863.94921875,24717.400390625,24750.69921875,853900,-0.0033438193068198903,55.51504944363494,243.8649809894232,295.8636179100993,-51.99863692067612,4.3395819110724965,-0.6981027071697048,289.4780276156077
2025-06-02,24669.69921875,24754.400390625,24526.150390625,24716.599609375,311100,-0.001378673005562118,54.70438932267897,222.35869405257108,281.1626331385937,-58.80393908602264,4.251233072689282,0.5624869130646056,285.10459707163574
2025-06-03,24786.30078125,24845.099609375,24502.150390625,24542.5,349300,-0.007068758288164619,50.6386175612061,189.08674890629118,262.7474562921332,-73.66070738584204,4.1230665780744,-0.5043211293474072,289.2363557629475
2025-06-04,24560.44921875,24644.25,24530.44921875,24620.19921875,280900,0.0031609038835467354,52.341046002107596,167.0623791460239,243.6104408629114,-76.5480617168875,3.987366621121833,-1.7632217472302198,276.70524329773696
2025-06-05,24691.19921875,24899.849609375,24613.099609375,24750.900390625,388400,0.005294655304090157,55.14359691077222,158.32927832506175,226.55420835534147,-68.22493003027972,3.616651392007513,-1.0747503266553413,277.4227259193272
2025-06-06,24748.69921875,25029.5,24671.44921875,25003.05078125,335600,0.010135980900817266,60.02718057973716,169.79734413257393,215.20283551078796,-45.40549137821404,2.4710611244317104,0.23091010306081944,283.181872728661
2025-06-09,25160.099609375,25160.099609375,25077.150390625,25103.19921875,279200,0.003997448256890138,61.80579135541008,184.83633265261233,209.12953493915285,-24.29320228654052,2.661668307299372,1.6986733113063874,274.1723695426852
2025-06-10,25196.05078125,25199.30078125,25055.44921875,25104.25,307300,4.18575835460567e-05,61.82498459031922,194.59644201843184,206.22291635500866,-11.62647433657682,2.7134187123535054,1.1719482393856784,264.8637404682077
2025-06-11,25134.150390625,25222.400390625,25081.30078125,25141.400390625,301200,0.001478750781646587,62.54168014306887,202.98919200426462,205.57617148485988,-2.586979480595261,2.8421059882311117,2.160535027871855,256.0234453901215
2025-06-12,25164.44921875,25196.19921875,24825.900390625,24888.19921875,328300,-0.010122141121121413,54.96730297548737,187.05305714838323,201.87154861756454,-14.81849146918131,2.744044618339932,0.14102368341287216,264.1859727283271
2025-06-13,24473.0,24754.349609375,24473.0,24718.599609375,318700,-0.006837783295332098,50.551073937068594,158.90650906729206,193.27854070751005,-34.37203164021798,2.7045025246058847,-1.1301511203898507,274.9726331584466
2025-06-16,24732.349609375,24967.099609375,24703.599609375,24946.5,305800,0.00917755091754434,55.70147800480522,153.22355801011872,185.2675441680318,-32.04398615791308,2.705066379933924,0.48457188387960237,274.15315936141474
2025-06-17,24977.849609375,24982.05078125,24813.69921875,24853.400390625,242400,-0.0037389519699400583,53.260965990923815,139.59821659911177,176.13367865424783,-36.535462055136065,2.6478359056538685,0.4078431632475763,266.5959024427422
2025-06-18,24788.349609375,24947.55078125,24750.44921875,24812.05078125,237600,-0.0016651260767121068,52.167704147410134,124.03368435716766,165.71367979483182,-41.67999543766416,2.648039682582974,-0.08677287410587485,261.6320210182606
2025-06-19,24803.25,24863.099609375,24733.400390625,24793.25,274600,-0.0007580150449296773,51.64859008825798,108.92598356239978,154.35614054834542,-45.430156985945644,2.5139083748817765,0.17191749159864328,252.20824942767058
2025-06-20,24787.650390625,25136.19921875,24783.650390625,25112.400390625,574700,0.012790324902965947,59.09057245226435,121.30743451592934,147.74639934186223,-26.438964825932885,2.675211373585793,1.6013561230318787,259.375433620337
2025-06-23,24939.75,25057.0,24824.849609375,24971.900390625,248500,-0.005610555258512813,55.071964062988286,118.41760338817039,141.88064015112388,-23.463036762953493,2.6578036920491486,1.7496196012019967,261.3879584510272
2025-06-24,25179.900390625,25317.69921875,24999.69921875,25044.349609375,450200,0.0028970292423300638,56.7069634822824,120.58342718108906,137.62119755711691,-17.03777037602785,2.727632536235064,1.7227739989284077,267.4173062848824
2025-06-25,25150.349609375,25266.80078125,25125.05078125,25244.75,260600,0.00796997571939643,60.941142761338696,136.89248351108108,137.47545474790977,-0.5829712368286835,2.977444080683056,1.995279369966102,264.2054395413194
2025-06-26,25268.94921875,25565.30078125,25259.900390625,25549.0,428900,0.011979963629751521,66.32587616044496,172.38086116550767,144.45653603142935,27.924325134078316,3.7307263632417555,2.183530416053916,268.23010680622514
2025-06-27,25576.650390625,25654.19921875,25523.55078125,25637.80078125,564000,0.00346967847107354,67.72446175241916,205.30451439999524,156.62613170514254,48.6783826948527,4.393144885775184,2.12961526473764,258.40284471292335
2025-06-30,25661.650390625,25669.349609375,25473.30078125,25517.05078125,271000,-0.004720968611190444,63.84160323498923,219.12726819453746,169.12635900302155,50.000909191515916,4.655650589161901,1.6443462013404102,253.94898638521454
2025-07-01,25551.349609375,25593.400390625,25501.80078125,25541.80078125,260700,0.0009694695897414579,64.29348643788433,229.43424318234975,181.1879358388872,48.24630734346255,4.6448107203516455,1.592593826930602,242.35260231305637
2025-07-02,25588.30078125,25608.099609375,25378.75,25453.400390625,309800,-0.0034670116851196766,61.34460656020463,227.84299022342748,190.51894671579527,37.32404350763221,4.517617538681459,2.27096049379577,241.4238171031952
2025-07-03,25505.099609375,25587.5,25384.349609375,25405.30078125,293400,-0.0018915002785163046,59.73906851786323,220.16277487556727,196.4477123477497,23.715062527817565,4.423457610978653,2.778074740182917,238.69000092618126
2025-07-04,25428.849609375,25470.25,25331.650390625,25461.0,193500,0.0021900252291445488,61.0116094494705,216.0797771685502,200.3741253119098,15.7056518566404,4.521015720076819,2.0624135650291624,231.540687243954
2025-07-07,25450.44921875,25489.80078125,25407.25,25461.30078125,196100,1.181334092876479e-05,61.01877467340441,210.44239368392664,202.38777898631318,8.05461469761346,4.624840088323717,2.4459445430827538,220.8985511015287
2025-07-08,25427.849609375,25548.05078125,25424.150390625,25522.5,210400,0.0024007330644550996,62.52775632585916,208.5094252850431,203.61210824605917,4.897317038983942,4.7558582772496205,2.863323249712487,213.97011106749096
2025-07-09,25514.599609375,25548.69921875,25424.349609375,25476.099609375,239100,-0.0018196736296237606,60.61196895138957,200.91735990517918,203.0731585778832,-2.155798672704009,4.837493077676791,2.754175468625533,207.56864666088447
2025-07-10,25511.650390625,25524.05078125,25340.44921875,25355.25,219600,-0.004754933244868607,55.81533787047571,183.0390793308652,199.0663427284796,-16.027263397614405,4.697069128915775,0.9670505630583246,205.85671207796415
2025-07-11,25255.5,25322.44921875,25129.0,25149.849609375,250000,-0.00813389240519248,48.75340513349062,150.5607476705809,189.3652237168999,-38.804476046318996,4.308257625966472,0.7125978238196323,207.3133755009667
2025-07-14,25149.5,25151.099609375,25001.94921875,25082.30078125,259500,-0.0026894675348791744,46.66247728261689,118.0104588251088,175.09427073854167,-57.08381191343287,4.205412847035316,0.15153586524280716,203.15887658125482
2025-07-15,25089.5,25245.19921875,25088.44921875,25195.80078125,241300,0.004514895720960817,50.503700541232284,100.21737829004996,160.11889224884334,-59.90151395879337,3.9328071632294495,-0.19389860763128966,200.28313093259376
2025-07-16,25196.599609375,25255.30078125,25121.05078125,25212.05078125,228800,0.0006447408512447503,51.04727094755348,86.43114848862024,145.38134349679873,-58.9501950081785,3.545700875570754,-1.3188352528474696,195.5664787231228
2025-07-17,25230.75,25238.349609375,25101.0,25111.44921875,243400,-0.003998199509757984,47.564670806663734,66.61980507167755,129.6290358117745,-63.00923074009694,3.107913522801834,-2.0530293022829906,191.40813091254262
2025-07-18,25108.55078125,25144.599609375,24918.650390625,24968.400390625,317000,-0.005712845317742711,43.06557167403083,38.927594680091715,111.48874758543795,-72.56115290534623,3.2673531703340073,-2.15013245585634,193.875351472361
2025-07-21,24999.0,25111.400390625,24882.30078125,25090.69921875,305200,0.004886187422514114,47.62671342785274,26.543831007995323,94.49976426994944,-67.95593326195412,3.1323836943833534,-1.7661306121812266,196.39136989397807
2025-07-22,25166.650390625,25182.0,25035.55078125,25060.900390625,483700,-0.0011883501967580668,46.64614935509851,14.161843767655228,78.4321801694906,-64.27033640183537,3.1143155782788727,-1.5420336535646753,192.82407338369393
2025-07-23,25139.349609375,25233.5,25085.5,25219.900390625,271500,0.006324502693684897,52.290486816458596,16.98322876434031,66.14238988846054,-49.15916112412023,3.1236011251983666,-0.7297705003431094,191.37946881164436
2025-07-24,25243.30078125,25246.25,25018.69921875,25062.099609375,338700,-0.006276651657225533,46.97865309389378,6.4120780065932195,54.19632751208708,-47.78424950549386,3.1380126193834936,-1.5667114042064334,193.96313398581262
2025-07-25,25010.349609375,25010.349609375,24806.349609375,24837.0,278100,-0.009022252428611252,40.63711089796766,-19.899898725336243,39.37708226460242,-59.276980989938664,3.273887529848202,-2.451959491832964,198.3764815582546
2025-07-28,24782.44921875,24889.19921875,24646.599609375,24680.900390625,262100,-0.006304795850755804,36.915625531516795,-52.740306328982115,20.953604545885515,-73.69391087486763,3.6993369808538783,-3.2974810828680576,201.53527640230783
2025-07-29,24609.650390625,24847.150390625,24598.599609375,24821.099609375,284700,0.005664401180259817,42.04878219312465,-66.68495801184326,3.4258920343397588,-70.11085004618302,3.7483855109492787,-2.5710372075910914,204.89352674857156
2025-07-30,24890.400390625,24902.30078125,24771.94921875,24855.05078125,243900,0.001366900490246142,43.252984900841085,-74.14195678176475,-12.087677728881143,-62.0542790528836,3.777324702426646,-1.9727638999812662,199.56910073081644
2025-07-31,24642.25,24956.5,24635.0,24768.349609375,346300,-0.003494369971240235,40.91483312731572,-86.05574495014298,-26.881291173133512,-59.17445377700947,3.884703205788772,-1.516907679073317,208.27845067861526
2025-08-01,24734.900390625,24784.150390625,24535.05078125,24565.349609375,263400,-0.008229715141942045,36.00690532484156,-110.60294941311076,-43.62562282112897,-66.9773265919818,4.1303966470742575,-2.061019746089008,211.194247728357
2025-08-04,24596.05078125,24736.25,24554.0,24722.75,259300,0.006386974825463857,41.83313364666909,-116.01850067283522,-58.10419839147022,-57.914302281364996,4.054397269405461,-1.8774984980911222,209.12680146204576
2025-08-05,24720.25,24733.099609375,24590.30078125,24649.55078125,251800,-0.0029651959185494695,40.00883628523377,-124.77855970056771,-71.43907065328972,-53.33948904727799,3.864125809755129,-2.231075944120844,204.3890890808282
2025-08-06,24641.349609375,24671.400390625,24539.19921875,24574.19921875,225100,-0.003061596134311999,38.16383067098533,-136.23082677698767,-84.39742187802932,-51.83340489895835,3.707596077719101,-2.1394623437298503,199.23280928041189
2025-08-07,24464.19921875,24634.19921875,24344.150390625,24596.150390625,616700,0.0008928622028389917,39.045684014607296,-141.89982200891973,-95.89790190420742,-46.00192010471231,3.591251058157092,-1.490884454655615,205.71966776931103
2025-08-08,24544.25,24585.5,24337.5,24363.30078125,312600,-0.00951200879308063,33.575750972947816,-163.29914811503477,-109.37815114637289,-53.92099696866188,3.9602213090371596,-2.8990759928939056,209.5004336875745
2025-08-11,24371.5,24600.849609375,24347.44921875,24585.05078125,241100,0.009060632685991908,41.92035488205784,-160.51458425954115,-119.60543776900654,-40.90914649053461,4.005832700178638,-1.8987729968114393,212.6361448973906
2025-08-12,24563.349609375,24702.599609375,24465.650390625,24487.400390625,237000,-0.003979850901478695,39.56331573504213,-164.29349463048493,-128.54304914130222,-35.75044548918271,3.9832066510915967,-2.9044523913833236,214.37279302971984
2025-08-13,24586.19921875,24664.55078125,24535.25,24619.349609375,236000,0.0053739877432256436,44.134250238544794,-154.85602525294962,-133.8056443636317,-21.05038088931792,3.7506515222642327,-1.7666117639815786,211.71405000081128
2025-08-14,24607.25,24673.650390625,24596.900390625,24631.30078125,270200,0.00048532037708285097,44.54336601487869,-144.74388567365168,-135.99329262563572,-8.750593048015958,3.580979170806002,-0.8281967175987438,202.07376071503904
2025-08-18,24938.19921875,25022.0,24852.849609375,24876.94921875,363100,0.009923616908863717,52.27903702577672,-115.5758794713729,-131.90980999478316,16.33393052341026,3.525520955061096,0.7943341815822442,215.54700771753625
2025-08-19,24891.349609375,25012.650390625,24873.94921875,24980.650390625,252300,0.004159900285259885,55.124840049693425,-83.13389076478416,-122.15462614878336,39.02073538399921,3.408122298302359,0.6428030335518947,210.05801944306936
2025-08-20,24965.80078125,25088.69921875,24929.69921875,25050.55078125,287100,0.002794273751954044,56.986831551326105,-51.19288394178875,-107.96227770738444,56.769393765595694,3.395949320878392,0.786560452926051,206.41101805427868
2025-08-21,25142.0,25153.650390625,25054.900390625,25083.75,226500,0.0013244115539841486,57.88072452069734,-22.936113180847315,-90.95704480207702,68.0209316212297,3.176034406175196,1.2734009152778538,199.0316317200445
2025-08-22,25064.150390625,25084.849609375,24859.150390625,24870.099609375,210200,-0.008553963109247331,50.59383482021025,-17.57957336750769,-76.28155051516316,58.70197714765547,2.9896477297431683,1.2405685440914576,200.93645936504132
2025-08-25,24949.150390625,25021.55078125,24894.349609375,24967.75,213000,0.003918729092601476,53.476758720416846,-5.392742371386703,-62.10378888640787,56.71104651502117,3.083531426901954,0.9909900799870565,197.4017959728955
2025-08-26,24899.5,24919.650390625,24689.599609375,24712.05078125,750500,-0.010293981565065833,45.92062070464328,-16.180858130872366,-52.91920273530077,36.738344604428406,3.0778148300138795,0.2535543164849131,203.16955273376013
2025-08-28,24695.80078125,24702.650390625,24481.599609375,24500.900390625,326600,-0.00858114302373062,40.79455491107537,-41.29259413895488,-50.5938810160316,9.30128687707672,3.1736722438979617,-0.29827555100584247,205.11823981527726
2025-08-29,24466.69921875,24572.44921875,24404.69921875,24426.849609375,325500,-0.003026946376657732,39.14424033865326,-66.4036451380016,-53.75583384042561,-12.647811297575984,3.3001564179549434,-0.6883222722305772,202.44907982847172
2025-09-01,24432.69921875,24635.599609375,24432.69921875,24625.05078125,229300,0.008081328102276956,45.49940798875656,-69.5098891029229,-56.90664489292507,-12.603244209997825,3.301872657186253,1.0743618130817596,202.89914555500945
2025-09-02,24653.0,24756.099609375,24522.349609375,24579.599609375,271600,-0.0018474345185382894,44.35548649233296,-74.77715504720254,-60.48074692378057,-14.296408123421969,3.294844267994246,-0.022172709438360742,205.1027780153659
2025-09-03,24616.5,24737.05078125,24533.19921875,24715.05078125,340300,0.005495586709857895,48.51013770913215,-67.2465473605589,-61.83390701113625,-5.412640349422659,3.2941619973198275,0.9296633656227385,205.01340547855406
2025-09-04,24980.75,24980.75,24708.19921875,24734.30078125,314100,0.0007785744550393448,49.09188171325081,-59.044543647538376,-61.27603433841668,2.231490690878303,3.2919190780317957,0.4669139262364056,209.83750374794303
2025-09-05,24818.849609375,24832.349609375,24621.599609375,24741.0,210100,0.0002708106342015157,49.30653634290071,-51.411189457594446,-59.303065362252234,7.8918759046577875,3.260386906195866,0.4453651056606233,209.9026820516614
2025-09-08,24802.599609375,24885.5,24751.55078125,24773.150390625,213200,0.0012986346282709543,50.38769492255239,-42.28005527649657,-55.898463345101106,13.618408068604538,3.2398675046638625,-0.4172490252412696,205.23106190511416
2025-09-09,24864.099609375,24891.80078125,24814.0,24868.599609375,226900,0.0038455266535053208,53.554708558654085,-27.03002608587485,-50.12477589325586,23.094749807381007,2.997392857877069,-0.44855029592044404,199.04672824224886
2025-09-10,24991.0,25035.69921875,24915.05078125,24973.099609375,244100,0.004193282121674665,56.80569817314366,-6.437780696232949,-41.38737685385128,34.94959615761833,3.0418524853197444,-0.3091795168550592,196.76479118030252
2025-09-11,24945.5,25037.30078125,24940.150390625,25005.5,224600,0.0012965707489705478,57.79217192425278,12.353756461707235,-30.639150190739578,42.99290665244681,2.977277105446055,-0.31195495091443665,189.64947685492376
2025-09-12,25074.44921875,25139.44921875,25038.05078125,25114.0,225700,0.004329658895022681,61.00393865631343,35.59095786508624,-17.393128579574416,52.984086444660655,3.116842209649758,0.980697280894925,185.67088699028636
2025-09-15,25118.900390625,25138.44921875,25048.75,25069.19921875,185400,-0.001785489719644452,59.007309823263896,49.81729598322636,-3.951043667014261,53.76833965024062,3.1643853919469076,0.4063210291275746,178.8157678302659
2025-09-16,25073.599609375,25261.400390625,25070.44921875,25239.099609375,240100,0.0067543940269436074,63.84071075378266,73.94887642783578,11.628940351955748,62.31993607588004,3.4671632567503456,2.132760379907007,179.77186811917548
2025-09-17,25276.599609375,25346.5,25275.349609375,25330.25,268900,0.003604969810507005,66.14689374967335,99.28391931688384,29.15993614494137,70.12398317194247,3.830689375588092,3.38497604640008,174.60247686959153
2025-09-18,25441.05078125,25448.94921875,25329.75,25423.599609375,272200,0.0036785274558399,68.37168175556903,125.44856370354682,48.41766165666246,77.03090204688436,4.255506978036997,4.0805507707283235,170.6451012896207
2025-09-19,25410.19921875,25428.75,25286.30078125,25327.05078125,380400,-0.0038048357551339826,63.708256549619215,136.81641488308742,66.09741230194746,70.71900258113996,4.4775614912541934,2.850755542540918,168.63110967964778
2025-09-22,25238.099609375,25331.69921875,25151.05078125,25202.349609375,254500,-0.00493579674708062,58.18787074992008,134.21601773876318,79.72113338931061,54.494884349452576,4.595518698381711,2.5336051436837663,169.48949023824437
2025-09-23,25209.0,25261.900390625,25084.650390625,25169.5,299200,-0.001304284606843299,56.79181169085924,128.02866062154135,89.38263883575677,38.64602178578458,4.676134717700083,1.8387549464181825,170.04381236408406
2025-09-24,25108.75,25149.849609375,25027.44921875,25056.900390625,244400,-0.004483689738311146,52.17125828213856,112.73969505965943,94.05405008053731,18.685644979122117,4.6245865484657775,1.3042600727955438,168.04431014164948
2025-09-25,25034.5,25092.69921875,24878.30078125,24890.849609375,342500,-0.006649003929024595,46.20154475689294,86.2301617697558,92.48927241838102,-6.259110648625224,4.332899957438118,0.605673211976072,171.35531923867453
2025-09-26,24818.55078125,24868.599609375,24629.44921875,24654.69921875,291500,-0.009532730366893805,39.31214549350087,45.639696700513014,83.11935727480741,-37.4796605742944,4.031664537873922,-0.4781433528124301,177.7871100519835
2025-09-29,24728.55078125,24791.30078125,24606.19921875,24634.900390625,394400,-0.0008033674181471517,38.789894877388086,11.738546078457148,68.84319503553736,-57.104648957080215,4.020762964148019,-0.9397361428501979,178.30957094112753
2025-09-30,24691.94921875,24731.80078125,24587.69921875,24611.099609375,303000,-0.0009666077692868598,38.13404936736562,-16.854594891290617,51.70363705017177,-68.5582319414624,3.9820885778743786,-1.4495597489392296,175.86614176676127
2025-10-01,24620.55078125,24867.94921875,24605.94921875,24836.30078125,308900,0.009108779315782467,47.226178718824734,-21.0997874115601,37.1429521578254,-58.2427395693855,3.9006462844155667,-0.6766480124372638,182.0185602119926
2025-10-03,24759.55078125,24904.80078125,24747.55078125,24894.25,365900,0.0023305289834215856,49.29135689589164,-19.562609828732093,25.801839760513904,-45.36444958924599,3.807684922432592,-0.875009954606992,180.24937733970742
2025-10-06,24916.55078125,25095.94921875,24881.650390625,25077.650390625,268800,0.007340173682814145,55.25874763461642,-3.5051021019753534,19.940451388016054,-23.445553489991408,3.702023726403119,0.03371137546619007,182.6814809672283
2025-10-07,25085.30078125,25220.900390625,25076.30078125,25108.30078125,288000,0.0012214730903828323,56.1867067151653,11.560555934396689,18.264472297292183,-6.7039163628954945,3.6113993631622514,-0.5182388839117505,179.96134728206917
2025-10-08,25079.75,25192.5,25008.5,25046.150390625,227400,-0.0024783611817054724,53.75220810365313,18.274524022046535,18.266482642243055,0.008041379803479742,3.564993114586923,-1.121582334856545,180.2498224762071
2025-10-09,25074.30078125,25199.25,25024.30078125,25181.80078125,286300,0.005401403691044332,58.02693619124629,34.14761252778408,21.44270861935126,12.704903908432815,3.5925203350354167,-0.9510802240444198,179.87120792433515
2025-10-10,25167.650390625,25330.75,25156.849609375,25285.349609375,232900,0.004103618794970308,60.99102273468494,54.454951776977396,28.04515725087649,26.409794526100907,3.6834111679701116,-0.164650721614504,179.44472097438262
2025-10-13,25177.30078125,25267.30078125,25152.30078125,25227.349609375,234300,-0.0022964532241035664,58.49908729206813,65.11791042774712,35.45970788625061,29.658202541496507,3.725516365001252,0.0991971002207678,176.13072862799817
2025-10-14,25277.55078125,25310.349609375,25060.55078125,25145.5,292100,-0.0032497538671527296,55.079051695103004,66.20068229313256,41.607902767627,24.592779525505556,3.735914927924807,-0.0953535032479787,181.39273573492687
2025-10-15,25181.94921875,25365.150390625,25159.349609375,25323.55078125,289900,0.007055869574947451,60.4902973842534,80.49806522421204,49.385935258944016,31.112129965268025,3.7958173968659947,1.0641794733907584,184.1254253699321
2025-10-16,25394.900390625,25625.400390625,25376.849609375,25585.30078125,372800,0.010283174673804386,66.81839556675563,111.66270352948413,61.84128891305204,49.821414616432094,4.10588502663313,2.7899858091362173,192.53429565600837
2025-10-17,25546.849609375,25781.5,25508.599609375,25709.849609375,422100,0.0048561734175648985,69.33518796509603,144.74245255321875,78.42152164108538,66.32093091213338,4.505092810959481,4.2797130934882945,198.27473101093636
2025-10-20,25824.599609375,25926.19921875,25788.5,25843.150390625,301100,0.0051714188632333265,71.80048567853984,179.64382875354568,98.66598306357744,80.97784568996823,5.143137666842019,4.904627097497048,199.56579375122664
2025-10-21,25901.19921875,25934.349609375,25825.80078125,25868.599609375,42500,0.000984272270986046,72.25902567129566,206.97112580504108,120.32701161187018,86.6441141931709,5.746977870080672,5.109483200502695,193.06458192078188
2025-10-23,26057.19921875,26104.19921875,25862.44921875,25891.400390625,448400,0.0008810194252249848,72.68753127418799,227.84162170515992,141.82993363052813,86.01168807463179,6.276194646475881,4.248215620627128,196.54211178358315
2025-10-24,25935.099609375,25944.150390625,25718.19921875,25795.150390625,284900,-0.0037243774174138414,67.91820855540553,233.91860143653685,160.24766719172987,73.67093424480697,6.5760807942376,3.6189095498960606,198.64275893297008
2025-10-27,25843.19921875,26005.94921875,25827.0,25966.05078125,266300,0.00660344071508198,71.494643054077,249.64710843904686,178.12755544119327,71.5195529978536,6.903835737237761,3.542598197146566,199.51104958954366
2025-10-28,25939.94921875,26041.69921875,25810.05078125,25936.19921875,395200,-0.0011502994876563522,70.02618737966469,256.7437102679214,193.8507864065389,62.89292386138251,6.837768889824888,3.297309701332898,201.80657729743342
2025-10-29,25982.0,26097.849609375,25960.30078125,26053.900390625,321900,0.004527837947802368,72.43062066172783,268.7671389698262,208.83405691919637,59.93308205062982,6.716216488969799,4.023572422439857,198.93827824940246
2025-10-30,25984.400390625,26032.05078125,25845.25,25877.849609375,257400,-0.006780108726120027,64.14245920648966,261.0803938477329,219.2833243049037,41.797069542829234,6.199767760378282,2.764094729250927,199.63200056194515
2025-10-31,25863.80078125,25953.75,25711.19921875,25722.099609375,334400,-0.006036845980053782,57.837002412913726,239.65823862275647,223.35830716847425,16.299931454282216,5.778969718818833,1.727284798301017,202.69762775394906
2025-11-03,25696.849609375,25803.099609375,25645.5,25763.349609375,23300,0.001602394830084992,58.98693853744321,223.43394904622983,223.37343554402537,0.060513502204457836,5.348493103224004,2.124678209560355,199.47634072688126
2025-11-04,25744.75,25787.400390625,25578.400390625,25597.650390625,305100,-0.006452358545521922,52.7618767800577,194.95818393304216,217.69038522182873,-22.73220128878657,5.0425393625959645,1.798136408601937,200.1566021035326
2025-11-06,25593.349609375,25679.150390625,25491.55078125,25509.69921875,371900,-0.0034418242922323408,49.76012274075014,163.41031796620518,206.83437177070402,-43.42405380449884,4.740892859618417,0.7350803175588929,199.25967405149456
2025-11-07,25433.80078125,25551.25,25318.44921875,25492.30078125,305600,-0.0006822649376453303,49.16424448426641,135.44319357092536,192.55613613074829,-57.112942559822926,4.306353847809893,-0.3634899616585878,201.65546742281637
2025-11-10,25503.5,25653.44921875,25503.5,25574.349609375,243600,0.0032134043686110675,52.07866251233541,118.53332235871494,177.7515733763416,-59.21825101762667,3.9919051567599477,-0.5270353660512679,198.7621081426152
2025-11-11,25617.0,25715.80078125,25449.25,25694.94921875,297700,0.004704563337770722,56.065650816614166,113.55452232938842,164.912163166951,-51.35764083756257,3.759737341151402,-0.5734640306421862,203.60415622171413
2025-11-12,25834.30078125,25934.55078125,25781.150390625,25875.80078125,312600,0.007013755040664786,61.269557892682926,122.78658971576442,156.48704847671368,-33.70045876094926,3.4419573975778204,0.02783750177334777,206.17539952730598
2025-11-13,25906.099609375,26010.69921875,25808.400390625,25879.150390625,385200,0.00012944111834060272,61.36084501925217,128.8876188749964,150.96716255637023,-22.07954368137382,2.8222171751346457,-0.04731300669405118,205.89850156999842
2025-11-14,25767.900390625,25940.19921875,25740.80078125,25910.05078125,518900,0.0011933141887742222,62.244915756743175,134.66381112795716,147.70649227068762,-13.042681142730459,2.4262351322614064,0.44543407921653155,205.43421127928423
2025-11-17,25948.19921875,26024.19921875,25906.349609375,26013.44921875,281800,0.003982727442351947,65.12073392769265,145.9029959571635,147.34579300798282,-1.4427970508193084,2.4481526578609656,0.18254003236497657,199.17816828612106
2025-11-18,26021.80078125,26029.849609375,25876.5,25910.05078125,280000,-0.003982727442351953,60.183874026005356,144.79760448765956,146.83615530391816,-2.0385508162586063,2.453282605273684,-0.10081830911098404,195.90469979246956
2025-11-19,25918.099609375,26074.650390625,25856.19921875,26052.650390625,250100,0.005488550984983714,64.21329191694599,153.6569093037142,148.20030610387738,5.45660319983682,2.5859254674039884,-0.004797746138807642,197.51516208407887
2025-11-20,26132.099609375,26246.650390625,26063.19921875,26192.150390625,240400,0.005340256999340202,67.66114321397333,169.97508932422716,152.55526274794735,17.419826576279803,2.8728872519977697,1.214555250897414,197.26407907807325
2025-11-21,26109.55078125,26179.19921875,26052.19921875,26068.150390625,235600,-0.0047454848460117445,61.94786611713221,170.93121225398136,156.23045264915416,14.700759604827198,2.973274548691524,1.3453442234702877,193.17029999213946
2025-11-24,26122.80078125,26142.80078125,25912.150390625,25959.5,464700,-0.00417664636992243,57.37622414405274,161.0651097444861,157.19738406822057,3.867725676265536,2.991439332296371,0.761354379764435,195.84744932305807
2025-11-25,25998.5,26032.599609375,25857.5,25884.80078125,260500,-0.002881677226487561,54.4035808585839,145.54084548781975,154.86607635214042,-9.325230864320673,2.9674257198519745,1.1217841725433022,194.36546075533963
2025-11-26,25842.94921875,26215.150390625,25842.94921875,26205.30078125,275300,0.012305756174877891,63.21062053612769,157.28632681963063,155.35012644563847,1.9362003739921647,3.1913148322887506,2.7268120903155246,207.0680115496011
2025-11-27,26261.25,26310.44921875,26141.900390625,26215.55078125,240300,0.0003910657620054032,63.45374163541803,165.5138540531625,157.38287196714327,8.13098208601923,3.349183242449306,2.8371311252217852,204.31664130498672
2025-11-28,26237.44921875,26280.75,26172.400390625,26202.94921875,202500,-0.0004808059270205712,62.90336588751481,169.06847178253156,159.71999193022094,9.348479852310618,3.5303004690385302,2.457929992262908,197.46185330998767
2025-12-01,26325.80078125,26325.80078125,26124.19921875,26175.75,213800,-0.001038560391932615,61.66021511635801,167.7569842140001,161.3273903869768,6.429593827023325,3.605113266012809,1.8711879021700975,197.75754682355998
2025-12-02,26087.94921875,26154.599609375,25997.849609375,26032.19921875,254800,-0.005499206353098099,55.43353819450387,153.36636058664953,159.73518442691133,-6.368823840261797,3.587373156592423,0.6044197001753417,196.33917852366284
2025-12-03,26004.900390625,26066.44921875,25891.0,25986.0,265700,-0.0017762718275890193,53.55898658277614,136.6584829089552,155.11984412332012,-18.461361214364928,3.3993321070129445,0.4128791237818511,194.84703853982978
2025-12-04,25981.849609375,26098.25,25938.94921875,26033.75,248100,0.0018358417105443499,55.24361167031109,125.82002053573524,149.25987940580313,-23.439858870067894,3.042242225999808,0.47741789390669914,192.30802016198479
2025-12-05,25999.80078125,26202.599609375,25985.349609375,26186.44921875,249300,0.005848298407896911,60.21389476078801,128.0756356075908,145.02303064616066,-16.94739503856985,2.6141180581444745,0.665040604747274,194.08959015041447
2025-12-08,26159.80078125,26178.69921875,25892.25,25960.55078125,320700,-0.008663963433110109,51.162084924763676,110.36291581366095,138.09100767966072,-27.728091865999772,2.14221084916971,0.19490505991807897,201.24027790752774
2025-12-09,25867.099609375,25923.650390625,25728.0,25839.650390625,276000,-0.004667959097577137,47.08266078945259,85.58325614390196,127.58945737250897,-42.00620122860701,1.9245594417136556,-0.8175751672338398,203.47674243199003
2025-12-10,25864.05078125,25947.650390625,25734.55078125,25758.0,207900,-0.003164890577820058,44.50191867731431,58.680263633192226,113.80761862464563,-55.1273549914534,2.0708130556977027,-1.6575591700191068,204.16409007077644
2025-12-11,25771.400390625,25922.80078125,25693.25,25898.55078125,206100,0.005441754277616313,49.62100861097864,48.14572767883874,100.67524043548426,-52.529512756645516,2.055748258043242,-0.6506008551952878,205.97742515500667
2025-12-12,25971.19921875,26057.599609375,25938.44921875,26046.94921875,216300,0.0057136360690816825,54.40322939801253,51.18155660145203,90.77650366867782,-39.59494706722579,2.0161471581513846,0.33686788555249525,202.62538251000618
2025-12-15,25930.05078125,26047.150390625,25904.75,26027.30078125,181600,-0.0007546316435640039,53.67670636273644,51.4093927191534,82.90308147877295,-31.493688759619545,2.015193704313573,0.5505161164045804,198.32359737536288
2025-12-16,25951.5,25980.75,25834.349609375,25860.099609375,264400,-0.006444791966669916,47.823881718165346,37.66404955388498,73.85527509379536,-36.19122553991038,2.0575241578815477,-1.3172952096851827,197.9398526967655
2025-12-17,25902.400390625,25929.150390625,25770.349609375,25818.55078125,206500,-0.0016079691231565723,46.46795154093237,23.15124967877273,63.71447001079083,-40.563220332018105,2.1733349055025513,-1.5143683354688244,195.14420473628226
2025-12-18,25764.69921875,25902.349609375,25726.30078125,25815.55078125,197600,-0.00011620227379163036,46.36573132921675,11.277674281707732,53.227110864974215,-41.94943658326648,2.183794525124409,-1.478453567443431,193.78024926404782
2025-12-19,25911.5,25993.349609375,25880.44921875,25966.400390625,382900,0.005826355812965194,52.07467706330196,13.88008206284212,45.3577051045478,-31.477623041705677,2.172586726066903,-0.7997845692100513,192.63871918268725
2025-12-22,26055.849609375,26180.69921875,26047.80078125,26172.400390625,253000,0.00790202570190833,58.56141280256768,32.19387639777415,42.72493936319307,-10.531062965418926,2.247987239906868,0.538568296504194,194.1858698214239
2025-12-23,26205.19921875,26233.55078125,26119.05078125,26177.150390625,216600,0.00018147242687454733,58.70022254291742,46.55432635935722,43.4908167624259,3.0635095969313184,2.2762521276892893,0.7355898969637498,188.49402197703648
2025-12-24,26170.650390625,26236.400390625,26123.0,26142.099609375,188800,-0.0013398810760412456,57.17815503262558,54.47878379240137,45.688410168420994,8.79037362398038,2.2246397460157845,0.4161890214625246,183.13019116617673
2025-12-26,26121.25,26144.19921875,26008.599609375,26042.30078125,142200,-0.0038248575837020187,52.96690356380303,52.10540336908525,46.971808808553845,5.133594560531407,2.1144550636738524,-0.5504695817896035,179.73514960966412
2025-12-29,26063.349609375,26106.80078125,25920.30078125,25942.099609375,234300,-0.0038550524856079535,49.05993390282125,41.65886763578965,45.909220574001004,-4.250352938211357,2.0077893591283833,-0.07107388448910087,180.21835320897384
2025-12-30,25940.900390625,25976.75,25878.0,25938.849609375,396900,-0.00012528683662081574,48.93385566382872,32.74025567795252,43.27542759479131,-10.535171916838792,1.9096420753050323,0.3839030995016516,174.39918512261855
2025-12-31,25971.05078125,26187.94921875,25969.0,26129.599609375,246300,0.007326926621050068,56.06966955158195,40.59615507648414,42.73957309112988,-2.1434180146457393,1.9665715994530277,1.442657074986412,179.73492971207435
2026-01-01,26173.30078125,26197.55078125,26113.400390625,26146.55078125,425600,0.0006485241297397655,56.64939909390267,47.64065800180833,43.71979007326557,3.920867928542762,2.037321869738832,0.9575825384775842,172.90746263442617
2026-01-02,26155.099609375,26340.0,26118.400390625,26328.55078125,357500,0.00693665088228735,62.3884323472671,67.1354604874432,48.4029241561011,18.732536331342097,2.3219562267202907,1.081130692638998,176.38547311589573
2026-01-05,26333.69921875,26373.19921875,26210.05078125,26250.30078125,338800,-0.002976484097528138,58.785067150710184,75.40192442362604,53.8027242096061,21.599200214019945,2.387995153595951,0.8567926496651878,175.4399705719032
2026-01-06,26189.69921875,26273.94921875,26124.75,26178.69921875,383000,-0.0027313741255683985,55.619482117060834,75.30741198703254,58.10366176509139,17.20375022194115,2.441531976639251,1.23201230539537,173.56563115605294
2026-01-07,26143.099609375,26187.150390625,26067.900390625,26140.75,338200,-0.0014506737349826563,53.96092150906759,71.34787155110462,60.75250372229404,10.59536782881058,2.379215998449023,1.2479368864653246,169.68594321633486
2026-01-08,26106.5,26133.19921875,25858.44921875,25876.849609375,328500,-0.010146667926064248,44.11025065354498,46.38070333575888,57.87814364498701,-11.497440309228132,2.2424337490157558,0.23744923609966803,177.7298602187395
2026-01-09,25840.400390625,25940.599609375,25623.0,25683.30078125,348800,-0.007507725861466694,38.55165958463047,10.851184076323989,48.47275173125441,-37.62156765493042,2.5092325875403403,-1.0902535781479026,187.72055658704383
2026-01-12,25669.05078125,25813.150390625,25473.400390625,25790.25,275800,0.00415550786875295,42.838162599969195,-8.577432469686755,37.062714891066186,-45.64014736075294,2.6390989516892494,-1.4601274049050805,198.57980254511213
2026-01-13,25897.349609375,25899.80078125,25603.30078125,25732.30078125,339500,-0.002249471049361169,41.16263792958842,-28.32426422260687,23.985319068331577,-52.30958329093845,2.812353848136148,-1.6993813411192267,205.57410236331842
2026-01-14,25648.55078125,25791.75,25603.94921875,25665.599609375,393100,-0.002595483815978393,39.25922808909005,-48.793536267228774,9.429548001219505,-58.223084268448275,3.0025651476444466,-1.8227304123235726,204.3045794266528
2026-01-16,25696.05078125,25873.5,25662.400390625,25694.349609375,434000,0.0011195495104741853,40.535594195614486,-61.98121623076804,-4.852604845178005,-57.128611385590034,3.117361758191792,-1.3360999659658286,204.78993870867757
2026-01-19,25653.099609375,25653.30078125,25494.349609375,25585.5,443100,-0.004245323404225256,37.336667977891594,-80.29026519814943,-19.940136915772293,-60.350128282377135,3.358229036575925,-1.3745981040259803,204.44780022948632
2026-01-20,25580.30078125,25585.0,25171.349609375,25232.5,409800,-0.013892938636022806,29.26958158683007,-121.87951706491731,-40.328012945601294,-81.55150411931601,4.197036302171984,-2.723133909222043,219.42655668630871
2026-01-21,25141.0,25300.94921875,24919.80078125,25157.5,395600,-0.0029767833055262707,27.890745884031674,-159.05765437289665,-64.07394123106036,-94.98371314183629,4.8777675408467225,-3.7203004405250124,230.9781196015724
2026-01-22,25344.150390625,25435.75,25168.5,25289.900390625,486400,0.005249059162526262,33.81793778088279,-175.8113472637924,-86.42142243760678,-89.38992482618563,5.173510545282914,-3.276341869304283,234.35468248717436
2026-01-23,25344.599609375,25347.94921875,25025.30078125,25048.650390625,393900,-0.009585172530157553,29.120886372822994,-206.17892605564703,-110.37292316121484,-95.80600289443218,5.726036237688281,-4.861264113087786,240.66137927380478
2026-01-27,25063.349609375,25246.650390625,24932.55078125,25175.400390625,618700,0.0050473933153695125,34.28513499287635,-217.51046013980158,-131.8004305569322,-85.71002958286937,6.024208226944191,-4.094811711234857,245.90696713817587
2026-01-28,25258.849609375,25372.099609375,25187.650390625,25342.75,574900,0.006625350304204862,40.4539692253019,-210.55986461296925,-147.55231736813963,-63.007547244829624,6.140760877963875,-3.1932420009290112,242.39212796759188
2026-01-29,25345.0,25458.150390625,25159.80078125,25418.900390625,582400,0.003000314101836464,43.07270766765674,-196.64002368467845,-157.3698586314474,-39.27016505323104,6.17513348266044,-2.7613959407247304,246.38909092526387
2026-01-30,25247.55078125,25370.69921875,25213.650390625,25320.650390625,508400,-0.003872723399525638,40.592273047933766,-191.3308602943107,-164.16205896402008,-27.16880133029062,6.101727130729973,-2.1494085529967024,243.4505844306022
2026-02-02,24796.5,25108.099609375,24679.400390625,25088.400390625,449200,-0.00921468029121448,35.40230173932687,-203.51791621018856,-172.0332304132538,-31.48468579693477,6.133391221500415,-2.316292581284197,271.8648283998449
2026-02-03,26308.05078125,26341.19921875,25641.30078125,25727.55078125,637300,0.025156829049839922,53.153591294719284,-159.76053095242605,-169.57869052108825,9.818159568662196,5.58491930863584,-0.24311210147245568,341.9315426659274
2026-02-04,25675.05078125,25818.55078125,25563.94921875,25776.0,429800,0.0018813938963879184,54.18142497830379,-119.79215148036019,-159.62138271294265,39.82923123258246,5.094931773483943,0.16982243104293926,335.6936869397897
2026-02-05,25755.900390625,25757.650390625,25579.5,25642.80078125,343800,-0.005180965509696233,50.876487517117454,-97.73832003950884,-147.2447701782559,49.506450138747056,4.58671441360625,-0.08883029608500617,325.75128072980476
2026-02-06,25605.80078125,25703.94921875,25491.900390625,25693.69921875,375500,0.001982934332408332,52.0793689129144,-75.28557594722224,-132.85293133204917,57.567355384826925,4.071344015711898,-0.0025312593425703776,317.6296769723187
2026-02-09,25888.69921875,25922.25,25780.900390625,25867.30078125,359400,0.006733857702297746,56.03381819170808,-42.98788170458283,-114.8799214065559,71.89203970197306,4.0605776007469805,1.10140814621563,311.2668987064388
2026-02-10,25922.650390625,25989.44921875,25870.44921875,25935.150390625,460900,0.0026195535786092045,57.50963465675699,-11.781025562006107,-94.26014223764595,82.47911667563984,4.285855175205593,2.7847038170018825,297.7584371916932
2026-02-11,25997.44921875,26009.400390625,25899.80078125,25953.849609375,331400,0.0007207392533858182,57.92877508279918,14.294722775481205,-72.54916923502051,86.84389201050172,4.449580785093988,3.165456064294942,284.3185209190722
2026-02-12,25906.69921875,25906.69921875,25752.400390625,25807.19921875,419400,-0.005666453301894332,53.47371194981854,22.86293065071368,-53.46674925787367,76.32967990858735,4.500415552616222,2.0454759415215547,278.3992850498528
2026-02-13,25571.150390625,25630.349609375,25444.30078125,25471.099609375,453500,-0.013109031702560043,44.94290481672745,2.504002960075013,-42.27259881428394,44.77660177435895,4.4744164735451655,1.6865148906709593,284.4349387962919
2026-02-16,25423.599609375,25697.0,25372.69921875,25682.75,275800,0.008275099528577884,50.31798271587606,3.4085323353865533,-33.13637258434984,36.544904919736396,4.468862048864941,2.015259346436971,287.2824989715567
2026-02-17,25637.94921875,25764.400390625,25570.30078125,25725.400390625,344100,0.0016592855446634625,51.34873481814146,7.480675886297831,-25.012962890220308,32.49363877651814,4.521585370855877,1.509900822227264,280.6265782860884
2026-02-18,25752.650390625,25828.05078125,25645.150390625,25819.349609375,310200,0.0036453498285502696,53.63085713988405,18.080376450270705,-16.394295022122108,34.474671472392814,4.5058374048663845,1.5753994570815253,273.64613631029636
2026-02-19,25873.349609375,25885.30078125,25388.75,25454.349609375,298200,-0.014237559265090531,44.832152386814364,-2.937868138644262,-13.70300964542654,10.765141506782278,4.297808379345204,0.5280244254685585,289.56789666313233
2026-02-20,25406.55078125,25663.55078125,25379.75,25571.25,296600,0.00458203709696536,47.786712475199764,-10.046286520118883,-12.971665020365009,2.9253785002461257,4.1830149749214405,1.924593046416106,289.1559598479086
2026-02-23,25678.400390625,25771.44921875,25609.349609375,25713.0,313700,0.00552802706402003,51.19959986147227,-4.19338027745107,-11.216008071782223,7.022627794331154,3.744023605508294,-0.0565571957226666,282.8019069123437
2026-02-24,25641.80078125,25641.80078125,25327.599609375,25424.650390625,439100,-0.011277509359324957,44.78648676674737,-22.562230205247033,-13.485252498475187,-9.076977706771846,3.476660685101879,-1.3630881803809745,290.13037003467633
2026-02-25,25512.599609375,25652.599609375,25428.19921875,25482.5,414200,0.0022727508349003555,46.24133129105031,-32.08187620759054,-17.20457724029826,-14.87729896729228,3.3699546711444857,-0.6251297688480731,285.688859228628
2026-02-26,25556.30078125,25572.94921875,25400.94921875,25496.55078125,405200,0.000551237474627977,46.609308964076156,-38.05382284808729,-21.374426361856067,-16.679396486231227,3.320543284883711,-0.7673026597747776,277.5682264265832
2026-02-27,25459.849609375,25476.400390625,25141.30078125,25178.650390625,438900,-0.012546750821351201,39.94689959877203,-67.65861194279933,-30.631263478044723,-37.0273484647546,3.513553121290315,-2.6622429469880005,283.11692453897007
