Date,Open,High,Low,Close,Volume,log_return,rsi,macd,macd_signal,macd_diff,bb_width,roc,atr
2023-04-20,26694.099609375,26868.900390625,26597.94921875,26637.150390625,19800,-0.001886515544833204,29.64094006247892,-529.2266369583886,-345.74748658008264,-183.47915037830592,10.296110954699135,-4.692873954559685,576.6081565300996
2023-04-21,26701.69921875,26835.69921875,26602.80078125,26822.099609375,27000,0.006919287369105775,32.66040265322047,-564.7924671972032,-389.5564827035068,-175.23598449369644,10.990303333096293,-3.179105170012565,552.0574623136639
2023-04-24,26910.69921875,27034.900390625,26721.5,27013.650390625,24400,0.007116148269010399,35.73643264158471,-570.9406483136845,-425.83331582554234,-145.10733248814216,11.435555952520717,-3.561599650141203,535.0105286216165
2023-04-25,27028.80078125,27082.099609375,26820.69921875,26985.80078125,18000,-0.0010314775887467589,35.48265345365806,-571.4727744569282,-454.96120755181954,-116.51156690510862,11.820448975393864,-5.968231382152453,515.4669473361439
2023-04-26,27007.55078125,27158.75,26977.55078125,27065.0,16600,0.0029305495676764785,36.855948096082415,-559.0592857576812,-475.7808231929919,-83.27846256468933,12.118623355365642,-5.476198791604093,491.59068100856217
2023-04-27,27079.0,27378.099609375,27024.150390625,27355.25,24400,0.01066708632214399,41.74948649659127,-519.8087258279811,-484.5864037199898,-35.22232210799132,12.227261941449964,-5.597329150087427,481.7591479900934
2023-04-28,27401.94921875,27743.0,27388.80078125,27708.19921875,39000,0.012819903499545583,47.116530698771385,-454.9776232382974,-478.6646476236513,23.687024385353936,12.23080528919973,-3.6724076469449902,475.0442088479439
2023-05-02,27792.69921875,28154.099609375,27756.0,28025.0,26000,0.011368598887592854,51.44128374297876,-373.7272369701641,-457.6771654929539,83.94992852278983,12.235144077141113,-3.500494542479777,472.962507546305
2023-05-03,27872.400390625,27883.44921875,27693.30078125,27743.75,16100,-0.010086379358015247,47.71092832524534,-328.24642451540785,-431.79101729744474,103.54459278203689,12.228769597693285,-3.250132952058795,462.87227263228317
2023-05-04,27716.55078125,27912.5,27685.55078125,27883.19921875,14100,0.005013739305368407,49.660138493303165,-277.74845514754634,-400.9825048674651,123.23404971991874,11.900297024819276,-3.785842494702263,446.02062592640584
2023-05-05,27905.349609375,27915.25,27634.849609375,27719.94921875,14900,-0.005871986520977913,47.431025717212705,-248.04208649583597,-370.39442119313924,122.35233469730326,11.577519285165327,-2.1975653264021933,434.19060911916256
2023-05-08,27837.30078125,27947.0,27735.150390625,27920.94921875,14900,0.007224932737892661,50.38408823979559,-205.90698756363054,-337.4969344672375,131.58994690360697,10.867786866358461,3.3795292777844232,419.3949071285081
2023-05-09,27961.0,28168.44921875,27910.650390625,28125.5,15500,0.007299363021847742,53.261535346191685,-154.23119829977804,-300.8437872337456,146.61258893396757,10.387410064684381,3.5283710862478093,407.852330056829
2023-05-10,28220.44921875,28236.849609375,27998.94921875,28091.75,14700,-0.001200699217934734,52.71827886825185,-114.67915601842105,-263.6108609906807,148.93170497225964,9.455896245350717,5.262026991561899,395.71290581169836
2023-05-11,28298.25,28348.349609375,28039.19921875,28102.0,16100,0.00036480925774396133,52.87548623235544,-81.56653991742496,-227.20199677602957,145.6354568586046,8.93722624701821,5.499272962360706,389.5298690126485
2023-05-12,28070.849609375,28164.44921875,27874.099609375,28028.400390625,15500,-0.002622452398097255,51.55009109424943,-60.565267766593024,-193.87465097414227,133.30938320754925,7.801780669498824,4.497413695489996,382.44556475281644
2023-05-15,28083.75,28323.55078125,27957.5,28165.400390625,13700,0.00487599235253357,53.86813548312446,-32.492302203783765,-161.5981812200706,129.10587901628682,7.625213872421709,4.263585199872547,381.27450878832957
2023-05-16,28252.75,28421.05078125,28178.69921875,28216.0,12300,0.0017949047951660907,54.72963309520597,-6.091094793275261,-130.49676393471154,124.40566914143628,7.723109905556158,4.55869080455361,372.3013574909489
2023-05-17,28197.80078125,28300.099609375,27776.80078125,27942.94921875,22400,-0.009724289244236331,49.371535195168775,-7.118802650646103,-105.82117167789845,98.70236902725235,7.67243272652949,3.2438544938111957,383.0868911076668
2023-05-18,28125.44921875,28137.69921875,27858.75,27892.55078125,13800,-0.0018052476000764873,48.42909714379349,-11.863249089888996,-87.02958716029657,75.16633807040758,7.0529622814519914,1.9641596448579342,375.64848593926206
2023-05-19,28063.349609375,28369.400390625,28007.05078125,28303.650390625,22900,0.014631129309400531,55.83486973278585,17.349056574123097,-66.15385841341264,83.50291498753573,6.404561842216497,2.149007112205477,382.8771376132433
2023-05-22,28357.599609375,29062.05078125,28294.25,29007.30078125,22200,0.02455676398123661,65.07867693848867,96.170135687531,-33.68905959322391,129.8591952807549,6.738232208253078,3.5050875334522744,410.37168358729735
2023-05-23,29076.5,29319.900390625,28830.0,28873.69921875,20800,-0.004616430254139537,62.40782567923014,146.17091193663873,2.28293471274862,143.88797722389012,6.806933554265428,4.072806375309755,416.0523055185618
2023-05-24,28721.150390625,28959.349609375,28655.0,28890.80078125,14800,0.0005921132529371987,62.61930470483356,185.0437711125851,38.83510199271591,146.20866911986917,6.589377457610198,3.6136511976087746,408.07354150830736
2023-05-25,28854.94921875,28970.94921875,28686.19921875,28928.75,16200,0.0013126779328617142,63.11517637479719,216.41824209245533,74.35173001266381,142.06651207979152,6.266093752007963,4.36076116774542,399.26471711485686
2023-05-26,28975.94921875,29384.849609375,28975.94921875,29355.900390625,17500,0.014657651213158257,68.2246373782037,272.6077506069705,114.00293413152517,158.60481647544535,6.736305358527595,5.139335201796702,403.32435227629566
2023-05-29,29629.75,29659.599609375,29200.25,29240.19921875,13600,-0.003949113439781075,65.57487762266479,304.2945056684039,152.06124843890092,152.23325722950295,7.13629042602691,3.9633045412526,407.3261563547745
2023-05-30,29253.5,29405.19921875,29172.69921875,29297.650390625,17300,0.0019628732761579316,66.27529867850295,330.2355667274387,187.6961120966085,142.53945463083022,7.645061092175573,4.292720783237072,394.8385737580049
2023-05-31,29248.05078125,29495.05078125,29212.5,29319.75,46000,0.0007540290178276606,66.5571740026163,348.55932338505954,219.8687543542987,128.69056903076086,7.836922498401673,4.3333214717813675,386.81801715029025
2023-06-01,29455.349609375,29599.099609375,29382.05078125,29446.25,13600,0.004305217145581508,68.19581504578326,369.0345250582941,249.70190849509777,119.33261656319632,8.124221903313252,5.058617650721321,379.1417023091981
2023-06-02,29485.849609375,29550.150390625,29272.55078125,29328.150390625,21200,-0.004018748555009692,64.9939964642013,371.4497766178538,274.051482119649,97.39829449820479,7.984993519266458,4.128292102628967,371.8886956710411
2023-06-05,29459.150390625,29533.400390625,29217.349609375,29238.75,14800,-0.0030529346598871156,62.59805887391074,361.9773667457994,291.6366590448791,70.34070770092029,7.841923633704176,3.624716472923164,367.9002732123953
2023-06-06,29003.5,29013.900390625,28485.849609375,28689.05078125,27300,-0.018979340215880245,50.315827711464486,306.5802148745788,294.625370210819,11.954844663759786,7.624470444577307,2.6700888179668536,395.4002815990099
2023-06-07,28886.69921875,28937.94921875,28754.849609375,28913.69921875,16900,0.007799960121861341,54.265183897157996,277.6047693643668,291.2212500415286,-13.616480677161803,7.3632593112123335,3.6610077203352764,384.9358641633663
2023-06-08,28892.650390625,28918.05078125,28568.599609375,28591.099609375,19000,-0.011220037292899335,48.32469139321867,226.00518060292598,278.1780361538081,-52.172855550882105,7.0791052847829095,1.0155906209370493,382.40124328562587
2023-06-09,28645.69921875,28674.44921875,28322.150390625,28355.349609375,19100,-0.008279755807085369,44.49157911308168,164.19632695105247,255.381694313257,-91.18536736220452,6.80249590920301,-2.2475416681872518,380.2510707741526
2023-06-12,28457.44921875,28844.30078125,28402.55078125,28784.0,18200,0.015003966092398449,51.953942804867516,148.09373685256287,233.92410282111817,-85.8303659685553,6.489908332310522,-0.31066063988001624,388.01536370992744
2023-06-13,28935.900390625,28974.150390625,28866.19921875,28899.30078125,17900,0.003997723197104247,53.754874377039826,142.98785266596678,215.7368527900879,-72.74900012412112,6.181522153887773,0.029421129806538493,373.88215134671833
2023-06-14,28896.25,28928.650390625,28666.900390625,28855.05078125,18300,-0.0015323523669293151,52.93481264423507,133.82811032414975,199.3551042969003,-65.52699397275055,5.436648292115346,-0.2547611588817353,365.87271196480987
2023-06-15,28824.599609375,28833.25,28645.80078125,28699.0,27900,-0.0054227690853903485,50.03582025887505,112.67807197572984,182.01969783266622,-69.34162585693639,4.438490787298088,-2.2377116078333112,354.6853753958949
2023-06-16,28671.099609375,28759.400390625,28441.05078125,28588.80078125,42600,-0.0038472188902194293,48.035209344262434,86.03262764889587,162.82228379591217,-76.7896561470163,4.1106889068903385,-2.2277496559677914,352.0899635372595
2023-06-19,28641.44921875,28750.69921875,28568.55078125,28708.30078125,16300,0.004171246712632312,50.35337982455586,73.70890200651775,144.99960743803328,-71.29070543151553,4.181528496588136,-2.0115934264939788,339.95128310602666
2023-06-20,28728.5,28966.94921875,28640.30078125,28930.80078125,20000,0.007720491789834617,54.429670550841756,80.96286166555001,132.19225828353663,-51.22939661798662,4.1746785412772,-1.3265775415888608,339.0010798484533
2023-06-21,29022.69921875,29084.44921875,28869.80078125,29025.69921875,15600,0.0032748189525257715,56.08579958959865,93.29375542501293,124.41255771183191,-31.118802286818976,4.174274966343212,-1.428198093984803,330.11874825213516
2023-06-22,28969.150390625,28977.900390625,28750.400390625,28811.150390625,17600,-0.007419138964237513,51.52653582816586,84.77652914196733,116.485351997859,-31.70882285589167,4.1984121734803175,-1.762811473325176,326.2030396716255
2023-06-23,28747.599609375,28752.5,28482.150390625,28554.30078125,18300,-0.008954913472599805,46.63860756170595,56.64794678611361,104.51787095550992,-47.86992416939631,4.165293392189455,-2.3408976743191827,326.4028225522237
2023-06-26,28539.80078125,28631.75,28451.150390625,28590.099609375,12100,0.0012529253107368093,47.38773458665795,36.82007001259626,90.9783107669272,-54.15824075433093,4.1436057827359605,-0.3449091872348404,315.98830732527915
2023-06-27,28681.94921875,28821.849609375,28630.44921875,28800.150390625,11700,0.007320118633332776,51.67463711563853,37.62199446339946,80.30704750622165,-42.68505304282219,3.934229497037642,-0.39271636349929817,309.9712853734735
2023-06-28,28945.0,28997.349609375,28778.150390625,28843.0,16000,0.0014867201732484939,52.52447028016856,41.23974463040213,72.49358693105775,-31.25384230065562,3.6510856197956096,0.8810447799020715,303.48756632893975
2023-06-30,29013.150390625,29594.19921875,28957.150390625,29563.0,28000,0.0246562502301459,63.98515197061451,101.04009311303889,78.20288816745398,22.837204945584915,3.850704366393344,4.2589860723343715,335.4669700733012
2023-07-03,29648.400390625,29718.94921875,29334.400390625,29424.80078125,19300,-0.004685696695765009,60.94405843518881,135.71632483745634,89.70557550145446,46.01074933600188,3.977257069309431,2.226239512402724,338.972817076994
2023-07-04,29557.55078125,29743.349609375,29444.80078125,29729.849609375,19000,0.010313695716851616,64.90865535014328,185.67206732282648,108.89887386572887,76.7731934570976,4.6604850513568765,2.8739409109298033,337.5139607232801
2023-07-05,29910.0,29910.349609375,29702.650390625,29841.849609375,21300,0.003760179193553351,66.2627677720207,231.6297337450087,133.44504584158483,98.18468790342388,5.455639377370984,3.4198478304748696,328.24147915376005
2023-07-06,29792.099609375,29848.05078125,29690.25,29805.19921875,18400,-0.0012289089219858242,65.37376426718114,262.0731194818218,159.17066056963222,102.90245891218956,6.055544198766128,3.854486981253702,316.0671435892058
2023-07-07,29654.25,29937.75,29508.849609375,29560.44921875,18800,-0.00824555591108672,59.621176919939245,263.4139701932072,180.01932249434722,83.39464769885998,6.168332723417773,3.3987030268763734,324.1266612346197
2023-07-10,29609.849609375,29609.849609375,29116.30078125,29194.75,15800,-0.012448394221213636,52.226239538902426,232.29003839793222,190.47346567506423,41.81657272286799,5.808014132542343,1.6944549329360177,336.2282445839326
2023-07-11,29299.30078125,29371.5,29092.69921875,29324.80078125,20100,0.004444702449486708,54.39265793701719,215.632432921313,195.505259124314,20.127173796999017,5.785319434110025,1.361870357405906,332.1262829172232
2023-07-12,29412.5,29424.75,29020.19921875,29118.05078125,24400,-0.007075317407203054,50.473995714013654,183.63137526389255,193.1304823522297,-9.499107088337155,5.752934741097127,0.3181717064040366,337.2994613695644
2023-07-13,29158.55078125,29903.650390625,29115.69921875,29628.19921875,39800,0.017368300500070013,58.43181906652519,197.16225815036887,193.93683751185756,3.2254206385113093,5.900253120716056,2.835877141479444,369.4888692628098
2023-07-14,29860.55078125,31017.55078125,29847.05078125,30945.5,53600,0.04350100862886494,71.26930962838316,310.6003368859201,217.2695373866701,93.33079949925002,7.808438311916284,8.374217379961781,442.3362044940377
2023-07-17,31007.599609375,31658.099609375,30805.0,31041.599609375,51100,0.0031006350344469527,71.94988330334469,403.60278522561566,254.53618695445923,149.06659827115644,9.132936440454715,8.574646585687749,471.6764476998207
2023-07-18,31089.900390625,31491.75,30865.849609375,31371.150390625,37100,0.010560465416561865,74.20634219036879,498.15744057466145,303.26043767849967,194.89700289616178,10.586617927569902,8.927036717269745,482.6924436230478
2023-07-19,31490.44921875,31653.849609375,31068.150390625,31353.55078125,30000,-0.0005611699859242106,73.86460323422227,565.1577579427176,355.63990173134323,209.51785621137435,11.68835307629405,8.704194366917449,490.0500704178301
2023-07-20,31292.349609375,31348.599609375,30960.75,31145.94921875,20500,-0.006643327579258926,69.78224889453283,594.6495314311651,403.4418276713076,191.2077037598575,12.298089449910622,5.354494532862023,483.103692620128
2023-07-21,29854.25,30338.099609375,29701.19921875,29871.05078125,78300,-0.04179438555473548,51.1032844206582,509.2776890767418,424.60899995239447,84.66868912434734,11.946530284989084,1.5165778124294331,551.7927145758332
2023-07-24,29993.849609375,30112.900390625,29807.150390625,29843.44921875,21700,-0.0009244509948409124,50.786329554785695,434.3853496073061,426.5642698833768,7.8210797239293015,11.304022289965268,0.3821062362157982,534.2182349632737
2023-07-25,29899.0,29921.400390625,29685.400390625,29761.150390625,18000,-0.002761494279442466,49.79463969788468,364.1936061884335,414.09013714438817,-49.89653095595469,10.608761620674112,-0.27042297915960223,512.916932465897
2023-07-26,29854.400390625,29988.900390625,29770.19921875,29800.400390625,16000,0.0013179645313699162,50.29315209370987,308.180774664379,392.90826464838636,-84.72748998400738,10.043955555057167,-0.01610064099816897,492.54786586119013
2023-07-27,29826.0,29895.0,29670.5,29745.0,36200,-0.0018607787082419711,49.545350090265536,256.3646416009251,365.59954003889413,-109.23489843796904,9.46388540256835,0.6243165653008433,473.401589728248
2023-07-28,29741.150390625,29829.75,29339.349609375,29490.25,19400,-0.008601350398634494,46.147443289961025,192.5244844531917,330.9845289217537,-138.460044468562,9.49743354502645,1.0121682836811414,474.6157897923017
2023-07-31,29605.5,29951.599609375,29452.349609375,29928.44921875,22500,0.014749806674252706,52.21783200217526,175.2693191300059,299.8414869634041,-124.57216783339823,9.329962403166519,2.0584911795409946,476.37537623570876
2023-08-01,29998.150390625,30348.75,29948.0,30288.650390625,20700,0.01196356086242813,56.553201888231584,188.4869404180463,277.57057765433257,-89.08363723628628,9.305476384191918,4.020185341969335,472.3700480224438
2023-08-02,30253.099609375,30259.400390625,29801.55078125,30043.599609375,19300,-0.00812342085113412,53.02817343294317,177.1464168212915,257.4857454877244,-80.33932866643289,9.28019450141999,1.4020440039505226,473.4221595476264
2023-08-03,29913.650390625,30054.349609375,29685.150390625,29971.150390625,17300,-0.0024143815959790896,51.9962679959925,160.46320376889344,238.0812371439582,-77.61803337506475,9.249259406619133,-3.1485986956908114,465.97766377636736
2023-08-04,30082.55078125,30555.80078125,30027.30078125,30436.099609375,22500,0.015394125726673131,57.68694705508218,182.65363602107027,226.9957169193806,-44.34208089831034,9.156038385857048,-1.950608240617634,474.45428712269825
2023-08-07,30582.44921875,30809.0,30451.349609375,30779.25,15000,0.011211370584655761,61.330471027696156,225.33159973264992,226.66289348203446,-1.3312937493845425,8.872932195428374,-1.88676660962323,467.20043737286267
2023-08-08,30817.25,30910.55078125,30670.150390625,30824.94921875,22500,0.0014836400022161592,61.80220217975923,259.8463910339415,233.29959299241588,26.54679804152559,8.615480448088231,-1.6859384322623947,451.0004340337296
2023-08-09,30772.5,30964.69921875,30590.55078125,30940.05078125,17000,0.0037270847807387834,63.025644269033805,293.108572782432,245.26138895041913,47.84718383201289,8.04615420770954,-0.6610761356280906,445.5110057098918
2023-08-10,30845.650390625,30967.75,30722.19921875,30867.0,16900,-0.002363834363302846,61.675481983135555,310.0010053029582,258.20931222092696,51.79169308203126,7.83560674536555,3.334161981925173,431.2281325341852
2023-08-11,30950.30078125,31164.30078125,30764.5,30819.150390625,23300,-0.0015513893692203889,60.75734874827844,315.88597926145667,269.7446456290329,46.141333632423766,7.772409296931887,3.269398133986429,428.983321728172
2023-08-14,30755.80078125,31058.900390625,30570.5,31028.900390625,13700,0.0067827781635085415,63.334051584742966,333.62906735701836,282.52152997463,51.10753738238833,7.7638140542572165,4.25974797129936,433.2273980779454
2023-08-16,31129.30078125,31304.75,31047.0,31212.099609375,0,0.005886786774070218,65.46684404059577,358.34248924263375,297.6857218282308,60.656767414402964,7.608280873409908,4.737182052071055,421.9861274563064
2023-08-17,31205.30078125,31238.25,30885.400390625,31060.19921875,17300,-0.004878595933067455,62.234363764668565,361.50377164739984,310.4493317920646,51.05443985533526,7.3377664673237755,4.421580832913095,417.0478047362131
2023-08-18,30907.44921875,30934.099609375,30515.0,30604.05078125,20000,-0.014794853027773306,53.66518686550677,323.47294921070716,313.05405527579313,10.418893934914024,7.019812668661313,3.7768441476420174,426.2014771657693
2023-08-21,30626.25,30987.650390625,30597.05078125,30937.599609375,12900,0.010839881351395098,58.197774117420835,316.598303115461,313.7629048437267,2.8353982717343342,7.023169373495462,3.3718766490339003,423.6584866092858
2023-08-22,30973.900390625,31024.599609375,30785.69921875,30902.400390625,11400,-0.0011383965896300185,57.55788915499515,304.796311623566,311.96958619969456,-7.173274576128563,6.915816348412754,2.02633657189945,410.46147975326534
2023-08-23,31036.94921875,31084.650390625,30887.44921875,30924.099609375,12200,0.0007019391245168557,57.865449016521374,293.80726666126793,308.33712229200927,-14.529855630741338,6.669558850021268,2.930740695017261,395.22860061910353
2023-08-24,31084.55078125,31212.44921875,31004.75,31112.150390625,37500,0.006062628132446022,60.5345526635924,296.850587013756,306.0398152363586,-9.189228222602594,6.473062360336414,3.806994343323257,387.59438695881045
2023-08-25,30907.849609375,30998.94921875,30803.0,30914.55078125,15200,-0.00637145855292166,56.485445681976245,280.08911033677214,300.84967425644135,-20.76056391966921,5.98847658288552,1.5719858260932564,381.9912443635382
2023-08-28,30975.349609375,31025.75,30745.0,30773.599609375,11100,-0.004569805263217088,53.72487651755068,252.5210324449872,291.18394589415055,-38.66291344916334,4.862960003666569,-0.018357791775303167,374.75972690899977
2023-08-29,30899.94921875,30978.25,30784.849609375,30866.05078125,11400,0.002999732821816164,55.26905865206622,235.4194007141523,280.0310368581509,-44.61163614399862,4.256145190608214,0.133338621933557,362.6090600315712
2023-08-30,31069.849609375,31197.75,31023.75,31103.900390625,11800,0.007676326117293002,59.05462207447366,238.31160223456754,271.6871499334342,-33.37554769886668,4.103446278924411,0.5295712361089421,360.4012142257447
2023-08-31,31175.099609375,31428.0,31067.69921875,31164.900390625,35300,0.0019592482510605845,59.989823230114084,242.72786721797456,265.8952933903423,-23.167426172367755,3.5281923146536096,0.9651096336702627,360.39404044176297
2023-09-01,31166.599609375,31550.94921875,31149.25,31514.349609375,14300,0.011150511196007592,64.93131976460177,271.2980652993574,266.97584777214536,4.322217527212047,2.883098425142927,2.2557377797198312,363.34441032092275
2023-09-04,31552.5,32197.849609375,31454.5,32163.94921875,30800,0.0204032506039926,71.883174326889,342.4103196403303,282.06274214578235,60.34757749454792,4.169695129732946,3.6580375515593233,390.4876388247854
2023-09-05,32207.400390625,32482.650390625,32014.94921875,32365.30078125,24000,0.006240649503322685,73.62824952437518,410.2851698261038,307.7072276818467,102.57794214425712,5.531261519088799,3.6947247583710117,396.002891185515
2023-09-06,32437.849609375,32515.05078125,32038.55078125,32312.30078125,19400,-0.001638898492916416,72.35526378704328,454.55993655483326,337.077769456444,117.48216709838925,6.394451064818722,4.031209052078933,401.75268467226397
2023-09-07,32264.5,32497.650390625,32153.400390625,32448.349609375,17700,0.004201595488867615,73.61627456955111,494.9208718587688,368.64638993690903,126.27448192185977,7.244305684330336,6.026322597971036,397.6453500528165
2023-09-08,32450.75,32561.25,32353.400390625,32415.650390625,12700,-0.001008239440059892,72.75724160423012,518.2940786853978,398.5759276866068,119.71815099879103,7.8103158753977695,4.777522496613173,384.0885114329725
2023-09-11,32531.0,32674.44921875,32458.05078125,32642.80078125,15300,0.006982991742396287,74.94449893817439,548.8201940702456,428.62478096333456,120.19541310691108,8.431177778229817,5.6319262213462,375.1392483395459
2023-09-12,32758.55078125,33114.1484375,32429.5,32977.8984375,24400,0.010213258105712605,77.77887476383516,593.2137420176841,461.5425731742045,131.67116884347962,9.344611437737537,6.641418356776885,397.2470475652926
2023-09-13,32943.1484375,32982.3515625,32713.099609375,32886.69921875,14900,-0.0027692958062192985,75.282817088592,613.9595898594962,492.02597651126285,121.93361334823334,9.995791194886701,5.703716412542552,388.10454081955737
2023-09-14,32991.44921875,33240.19921875,32949.55078125,33045.3984375,24000,0.004814029308260407,76.68497583199823,635.8765355063915,520.7960883102886,115.08044719610291,10.577724897238083,6.892701340956833,385.63278790387466
2023-09-15,33216.8984375,33402.75,33156.19921875,33355.05078125,31900,0.009326882336805004,79.16816602688596,670.503086890636,550.7374880263582,119.76559886427788,10.950309196744696,8.388525244503981,383.61270037502646
2023-09-18,33255.1015625,33266.8984375,33030.3515625,33129.5,14200,-0.006785084471886111,73.06392386244622,671.9984356316745,574.9896775474215,97.00875808425303,11.126920320663238,7.333135148358412,379.4045945446674
2023-09-20,32860.8984375,33167.30078125,32851.75,32949.19921875,16600,-0.005457166404239649,68.51602021555219,651.1289350227307,590.2175290424834,60.91140598024731,10.981187544557386,5.932692700755916,374.8436078807626
2023-09-21,32849.8984375,32976.8515625,32504.75,32919.94921875,20700,-0.0008881244897333731,67.7789379405849,625.0245805852574,597.1789393510383,27.8456412342191,10.68846964791582,5.631491858234697,381.79060463927954
2023-09-22,32799.05078125,33109.6484375,32664.400390625,32906.30078125,22900,-0.00041468069943474857,67.41450390520853,596.3608995520808,597.0153313912468,-0.6544318391660227,10.411427875242978,4.416880529436399,386.3232790846882
2023-09-25,32881.3515625,32960.94921875,32581.150390625,32648.599609375,15200,-0.007862188724259644,60.77042769975513,546.550105549708,586.9222862229391,-40.37218067323113,9.717180605619726,1.5068124480885348,385.8572468732819
2023-09-26,32675.099609375,32693.25,32391.44921875,32471.0,12200,-0.005454580518780881,56.628285793162895,487.12857325526056,566.9635436294034,-79.83497037414281,8.634433026757353,0.3265819139590203,379.85321361447603
2023-09-27,32439.05078125,32651.0,32339.94921875,32594.650390625,13800,0.0038007931600585166,58.73706433211441,444.88576773818204,542.5479884511592,-97.66222071297716,7.424033433269097,0.8738146233735242,374.9387541598706
2023-09-28,32616.05078125,32623.349609375,31808.75,31879.599609375,26100,-0.022181881921230058,45.0853809930503,349.67854134744266,503.9740990304159,-154.29555768297325,6.5521020106752745,-1.7527856018775032,406.3431009609513
2023-09-29,31814.650390625,32020.349609375,31514.900390625,31784.400390625,22000,-0.002990678867379065,43.63141435117584,263.5068047439054,455.8806401731138,-192.37383542920844,5.723074586470381,-1.9473618218148268,413.4221093744548
2023-10-03,31772.75,31852.650390625,31499.349609375,31717.25,14300,-0.0021149187538141404,42.588119638420025,187.6336830275286,402.2312487439968,-214.59756571646818,5.458732074333377,-2.8353902211161843,409.1277287941366
2023-10-04,31531.349609375,31874.69921875,31412.5,31811.5,16000,0.0029671627144719575,44.590779771742916,133.56917247449383,348.4988334900962,-214.9296610156024,5.739049246589107,-3.536909544768502,412.9185495052697
2023-10-05,31995.0,32368.44921875,31956.900390625,32125.400390625,21400,0.009819147027114334,50.752284060177,114.72926890047165,301.74492057217134,-187.0156516716997,5.838682056093094,-2.31491407228535,423.20645445132186
2023-10-06,32251.44921875,32438.400390625,32098.80078125,32341.69921875,14000,0.006710388433293244,54.50635475774396,115.91581200316068,264.5790988583692,-148.66328685520853,5.829866112943578,-2.1294923106493413,417.2345369458703
2023-10-09,32216.150390625,32638.25,32203.55078125,32308.55078125,17400,-0.0010254698289605202,53.82913852054541,112.88014207502783,234.23930750170095,-121.35916542667312,5.861928141814196,-3.13745587396399,418.48201421759387
2023-10-10,32423.94921875,32616.349609375,32200.25,32569.44921875,14500,0.008042783189351399,58.22816775787952,130.0277957829021,213.3970051579412,-83.3692093750391,5.8492697286361715,-1.6904896881933018,418.3118424431229
2023-10-11,32688.69921875,32981.8984375,32489.599609375,32548.05078125,24900,-0.0006572254238951707,57.74223327864768,140.27377110065936,198.77235834648485,-58.49858724582549,5.844669935146561,-1.2174755290311374,423.59662713468555
2023-10-12,32474.150390625,32556.5,31907.0,32003.650390625,28500,-0.01686751202817151,46.99659870507511,103.27473175729756,179.6728330286474,-76.39810127134984,5.8953557872700015,-2.7834150716220107,439.73258233935087
2023-10-13,31457.5,32024.349609375,31434.099609375,31807.94921875,37300,-0.0061337370208647025,43.838308994410234,57.49847090558251,155.2379606040344,-97.7394896984519,6.076884479396508,-3.33781536187088,450.48382645796863
2023-10-16,31831.05078125,31949.75,31710.650390625,31750.400390625,15800,-0.0018108979923360036,42.924782015867144,16.387836132522352,127.467935709732,-111.08009957720965,6.114269633377678,-2.751111010874976,435.3849538091851
2023-10-17,31884.25,31938.19921875,31770.75,31794.900390625,13200,0.0014005758640595444,43.89831726737784,-12.458249072955368,99.48269875319454,-111.94094782614991,5.656350412007798,-2.082164421714761,417.70023054602905
2023-10-18,31778.55078125,31882.44921875,31568.19921875,31606.650390625,14900,-0.005938358001831406,40.733047944632084,-49.93357794820986,69.59944341291366,-119.53302136112352,5.452351511302808,-3.031172257286037,410.3109283641698
2023-10-19,31345.55078125,31667.0,31345.55078125,31540.05078125,31200,-0.0021093622575089187,39.643964259856205,-84.03833632827445,38.871887464676036,-122.91022379295049,5.357723076167178,-1.0650975303502466,403.9636633917291
2023-10-20,31445.44921875,31605.75,31360.5,31469.349609375,17300,-0.002244147733791601,38.46810655885336,-115.4408663046379,8.009336710813251,-123.45020301545114,5.211266411725051,-0.9912119699540599,392.6269731494627
2023-10-23,31358.44921875,31456.099609375,30802.05078125,30848.400390625,13500,-0.01992914604668294,30.04057952202035,-188.2628332655513,-31.24509728445966,-157.01773598109165,5.685749261620562,-2.739359841647684,412.246391362001
2023-10-25,30790.349609375,31004.19921875,30469.0,30530.5,16600,-0.010358713865327843,26.803119949368806,-268.53121081167774,-78.70231998990329,-189.82889082177445,6.620877959499386,-4.026845637583892,421.0287361754295
2023-10-26,30184.0,30312.44921875,30054.19921875,30225.650390625,28200,-0.010035269376860223,24.118818190967502,-352.6778434169137,-133.49742467530535,-219.18041874160832,7.804367695389535,-5.91354497344847,424.97673939504165
2023-10-27,30328.25,30676.94921875,30313.94921875,30599.69921875,15100,0.012299264887822091,32.98696028026072,-384.74691864560737,-183.74732346936577,-200.9995951762416,8.061083011244108,-5.386235238345426,426.85688859003864
2023-10-30,30627.900390625,30698.400390625,30433.650390625,30641.0,11000,0.0013488019581194995,33.905459509433356,-402.19303299976673,-227.43646537544598,-174.75656762432075,8.521503762310392,-5.161329558049225,415.2778251193216
2023-10-31,30765.25,30769.19921875,30396.05078125,30582.25,12400,-0.0019192061196711084,33.20819267926143,-415.9648544111442,-265.14214318258564,-150.82271122855855,8.966143244628224,-6.101421013917496,412.2685831465129
2023-11-01,30609.44921875,30694.44921875,30283.150390625,30344.849609375,10900,-0.0077929720468505985,30.48041778306336,-440.9523256589637,-300.30417967786127,-140.6481459811024,9.554556634174498,-6.769072552707829,412.19931493069055
2023-11-02,30575.80078125,30731.55078125,30495.30078125,30582.75,12400,0.007809321266175694,36.141271882427965,-436.52649760487475,-327.548643263264,-108.97785434161074,9.824559191935506,-4.439807250991693,410.3780189981412
2023-11-03,30797.25,30924.849609375,30739.349609375,30779.94921875,11800,0.006427354080997004,40.46856094816937,-412.35331575218515,-344.50957776104826,-67.84373799113689,9.761548169296818,-3.231896507788749,405.50098973934536
2023-11-06,30955.349609375,31034.150390625,30863.650390625,30972.94921875,9500,0.0062507391000839446,44.43698649948797,-373.31901867954,-350.27146594474664,-23.047552734793385,9.376529921881264,-2.448634229206632,394.69385989189215
2023-11-07,30949.94921875,31052.5,30860.650390625,30981.599609375,9400,0.0002792495739162431,44.61519384044677,-337.7921847559046,-347.77560970697823,9.98342495107363,8.916903409689315,-2.5579598339921477,380.2049848549713
2023-11-08,31049.75,31128.900390625,30865.25,30917.19921875,11100,-0.0020808291947901642,43.49670005960985,-311.24564022449704,-340.469615810482,29.223975585984988,8.014191185384531,-2.181348429378336,371.87965669568763
2023-11-09,30982.650390625,30993.05078125,30655.55078125,30717.69921875,20500,-0.006473627823689579,40.13960980281758,-302.814636500756,-332.9386199485368,30.1239834477808,6.914858619344072,-2.6073247890547893,369.4239669317099
2023-11-10,30623.69921875,30680.849609375,30504.099609375,30639.05078125,12700,-0.0025636455834100952,38.86607938191145,-299.03221963456235,-326.157339885742,27.125120251179624,6.38175042840279,-2.6384365690152256,358.29365567765916
2023-11-13,30793.650390625,30810.349609375,30572.94921875,30635.849609375,8900,-0.00010448558406476953,38.81210260789248,-292.91637717233607,-319.5091473430608,26.592770170724748,5.940972276025975,-0.6890171890876888,349.6584224596121
2023-11-15,31095.80078125,31472.5,30987.75,31429.349609375,24300,0.025571278204585057,55.36111695748186,-221.48753903614852,-299.90482568167835,78.41728664552983,5.623032605736255,2.9441037957943696,384.4435630428541
2023-11-16,31555.099609375,32453.650390625,31431.5,32273.349609375,26900,0.02649964287307967,65.91941361528148,-95.67306426807045,-259.0584733989568,163.38540913088633,6.373497278359033,6.774706887316902,430.1476500576503
2023-11-17,32288.900390625,32405.849609375,32134.650390625,32191.349609375,16400,-0.002544029374826,64.32745061321478,-2.551489287176082,-207.75707657660064,205.20558728942456,7.071503688710759,5.201522992911363,418.7941906785324
2023-11-20,32202.30078125,32600.349609375,32198.099609375,32383.19921875,15300,0.005941974890319936,66.3735752275666,85.74032877377613,-149.05759550652527,234.7979242803014,7.990931265602515,5.6858432125257,418.0946056300658
2023-11-21,32507.75,32587.150390625,32300.05078125,32325.69921875,12400,-0.0017771903562710666,65.16710129109188,149.3508377528815,-89.37590885464392,238.7267466075254,8.736516098797374,5.700853334041805,408.7378201832754
2023-11-22,32298.0,32583.44921875,32262.150390625,32564.400390625,11100,0.007357123813890942,67.7849967620113,216.52781618804875,-28.195163846105395,244.72298003415415,9.6885342953474,7.314423402396013,402.4921778933986
2023-11-23,32657.150390625,32688.0,32334.5,32370.650390625,14200,-0.005967519009916546,63.60635593248133,251.23595808240498,27.69106053959668,223.5448975428083,10.101542219169879,5.846107333791108,398.9927366152987
2023-11-24,32341.0,32420.44921875,32010.0,32055.150390625,11800,-0.009794291053605214,57.40104434623914,250.39776773658377,72.2324019789941,178.16536575758965,9.902591503909271,4.142960609883641,399.81105676777736
2023-11-28,32115.849609375,32187.94921875,31807.849609375,32118.5,14300,0.0019743190411365126,58.28112986984349,251.94106017662125,108.17413361851953,143.76692655810172,9.905736641826692,3.6985524793245115,398.40309623972183
2023-11-29,32258.5,32633.0,32248.349609375,32608.400390625,18800,0.015137747760091802,64.40545091213907,289.35944227863,144.41119535054165,144.94824692808837,10.19177344287878,5.250861161983811,406.69573222259885
2023-11-30,32569.80078125,32701.650390625,32455.30078125,32582.19921875,39500,-0.0008038328667880939,63.865456771912974,313.2881730377085,178.186590887975,135.10158214973347,10.251518446921903,5.385351979070104,395.2424377334846
2023-12-01,32729.80078125,32729.80078125,32478.75,32598.69921875,13400,0.0005062833053234932,64.06975963649211,329.7817578428294,208.50562427894587,121.27613356388352,9.932901566995946,6.123505496309576,384.94303369895
2023-12-04,32888.19921875,32888.19921875,32522.44921875,32665.55078125,16800,0.0020486433501033874,64.93480804013205,344.2787736264072,235.66025414843813,108.61851947796907,9.708121495943065,6.614108297506871,383.5721027204536
2023-12-05,32754.0,32755.19921875,32252.44921875,32479.150390625,19000,-0.005722672634105723,60.55692608037936,336.8438827673708,255.89697987222468,80.94690289514614,9.396886142523424,6.016809733541465,392.0848096689926
2023-12-06,32560.150390625,33073.05078125,32529.30078125,33022.6015625,25300,0.016593865838452605,67.44768113517523,370.53237933487617,278.82405976475496,91.7083195701212,9.487595370232341,5.069312514980431,406.5002083087074
2023-12-07,33053.6484375,33111.6484375,32891.75,32961.6015625,16800,-0.0018489279096692865,66.05278716945656,387.8378124936389,300.62681031053177,87.21100218310715,9.366917086692228,2.1325705619508164,393.1715103937997
2023-12-08,33098.6484375,33452.3984375,33012.69921875,33392.8984375,25700,0.012999960787705489,70.67126316627373,431.3818448830534,326.7778172250361,104.60402765801734,9.363959473375052,3.7325208253309023,400.14475072281397
2023-12-11,33424.0,33615.69921875,33332.5,33514.25,16300,0.0036274657761107654,71.83243788796278,470.26197387894354,355.47464855581757,114.78732532312597,8.96151319331249,3.492708591296678,391.7914984390415
2023-12-12,33484.80078125,33799.80078125,33358.0,33493.8984375,19700,-0.0006074354716652686,71.32244105204293,493.7410161249645,383.12792206964696,110.61309405531756,8.040418993276829,3.613840526216382,395.3635900683957
2023-12-13,33466.30078125,33497.44921875,32715.650390625,33066.6484375,23500,-0.01283811171089677,61.457573049976986,472.42697781487004,400.9877332186916,71.43924459617847,6.230488927021928,1.5423224160442173,422.96610707243883
2023-12-14,33451.94921875,34308.55078125,33419.1015625,34223.3515625,44000,0.03438303095849925,72.53373335306351,542.6167756879877,429.31354171255083,113.30323397543685,6.694039326309678,5.723398045816121,481.4615525494075
2023-12-15,34427.55078125,35947.6015625,34427.55078125,35782.44921875,67500,0.0445493226150493,80.61858097291227,715.7975782160647,486.61034901325365,229.18722920281107,10.30897209472487,11.627768962878125,570.2321559387354
2023-12-18,35707.30078125,36132.0,35487.94921875,35685.55078125,27600,-0.0027116610755965167,79.06095773848928,835.5935159150904,556.406982393621,279.1865335214694,12.356436837443386,11.105907129068916,575.50491488954
2023-12-19,35728.3984375,35762.1015625,35091.94921875,35345.0,20600,-0.009588927212317829,73.67344817285813,892.7618547429302,623.6779568634829,269.08389787944725,13.458860693169697,8.392314791871176,582.26544552243
2023-12-20,35492.80078125,35928.5,34621.0,34741.05078125,32400,-0.017234932253861152,65.18934697598809,879.1996542690904,674.7822963446044,204.41735792448594,13.704837991555156,6.625862017495894,634.0679136993994
2023-12-21,34406.80078125,35020.0,34394.55078125,34846.05078125,19900,0.0030178029355945853,65.92405752961051,866.9306977238448,713.2119766204526,153.71872110339223,13.993371510585822,6.893991528371711,633.4522926315851
2023-12-22,34974.6484375,35770.44921875,34740.1484375,35637.80078125,39200,0.022467083919568073,70.90984340831045,910.5982594308589,752.6892331825339,157.90902624832495,14.644648860094636,9.099035310637007,661.7986132471862
2023-12-26,35421.1484375,35682.6484375,35185.44921875,35493.44921875,40100,-0.004058743819724313,68.92963976086153,922.9183240511047,786.7350513562482,136.18327269485656,14.64808877606929,9.280719451932054,650.0415136402443
2023-12-27,35557.30078125,35814.69921875,35447.1015625,35741.0,22900,0.006950338789863406,70.45347240776854,941.800849262967,817.7482109375919,124.05263832537503,14.615123267607755,8.231933006111108,629.866952398084
2023-12-28,35812.0,35850.3984375,35614.80078125,35691.6484375,21700,-0.0013817651012987687,69.7193548114732,941.9252005057278,842.5836088512192,99.34159165450865,14.663351381961329,8.28250675205643,601.7048598160779
2023-12-29,35559.3984375,35781.1015625,35395.05078125,35515.0,18000,-0.0049615816432858175,67.02715318825292,917.1968231260616,857.5062517061878,59.69057141987389,14.362392163677626,6.354948692075481,586.3009970613582
2024-01-01,35496.3984375,35890.75,35353.8515625,35695.8984375,17600,0.005080650029609985,68.37397021034559,901.8009974226006,866.3652008494703,35.43579657313035,13.965396564085278,6.509614380450107,582.7722428069754
2024-01-02,35668.05078125,35701.80078125,35106.1484375,35283.1015625,18400,-0.011631652435619375,62.13680381051123,846.5321411315963,862.3985889058956,-15.866447774299331,13.214257926454565,5.34187780003774,583.6922500171914
2024-01-03,35039.05078125,35076.94921875,34367.75,34395.44921875,24900,-0.02547987456814158,51.299920213446505,722.7733671442766,834.4735445535719,-111.70017740929529,11.969898761126633,4.018552965117089,607.3822009088207
2024-01-04,34552.94921875,34800.3515625,34236.6015625,34409.3984375,26900,0.0004054719810092464,51.44323694327263,618.687389394734,791.3163135218043,-172.62892412707026,11.154275348586703,0.5436255261564141,604.265615129619
2024-01-05,34469.69921875,34991.55078125,34459.44921875,34851.75,24600,0.012773613697194276,55.87757644700506,565.3752820195077,746.1281072213451,-180.75282520183737,10.082694560515588,-2.600993612986988,602.6860957453606
2024-01-08,34876.6484375,34881.80078125,34419.75,34514.6484375,15000,-0.009719524839050066,51.981679975888156,490.27222103299573,694.9569299836753,-204.68470895067958,9.373099741567659,-3.2811665173043054,592.6407161385492
2024-01-09,34926.6484375,35139.3515625,34608.44921875,34662.44921875,18700,0.0042731196062132755,53.512099257804145,437.63401937937306,643.4923478628149,-205.85832848344182,8.659397214022583,-1.931109863488471,594.9308882000814
2024-01-10,34693.0,34941.0,34546.94921875,34834.3515625,16300,0.0049470678478662185,55.296667335434165,405.1189883045445,595.8176759511608,-190.69868764661635,7.765538070496474,0.2685606196469887,580.5823091322185
2024-01-11,34978.30078125,35104.94921875,34665.1015625,34735.25,21900,-0.0028489922985371983,54.00946607554338,367.1219705017065,550.07853486127,-182.95656435956346,5.903575148242403,-0.3179722773911005,570.5298339263458
2024-01-12,35673.0,36581.1015625,35659.55078125,36521.69921875,67100,0.05015156161735389,68.32389733624186,475.67727063621714,535.1982820162594,-59.521011380042296,6.3934102196146645,2.480227225370884,661.6242431101782
2024-01-15,37538.44921875,37929.30078125,37109.3515625,37201.94921875,99200,0.0184545751721777,71.90924749944602,609.5718531275124,550.0729962385101,59.498856889002354,7.954912314792291,4.813564298781806,714.9083373523083
2024-01-16,37132.3984375,37132.3984375,36600.44921875,36727.1015625,28800,-0.012846213534910165,66.2704058657437,669.6487431491623,573.9881456206406,95.66059752852175,8.658557306508513,2.7590206275705773,706.8077418271434
2024-01-17,36299.6015625,37107.19921875,36289.30078125,36960.3984375,35600,0.0063320822258272225,67.61410002647544,727.6967838424753,604.7298732650075,122.96691057746773,9.51273082570138,3.5547531580720366,714.7427915180617
2024-01-18,36784.3515625,36826.44921875,36136.3984375,36730.5,34200,-0.006239554361313854,64.87154507683901,746.5437006666689,633.0926387453399,113.45106192132903,9.829652046591674,3.422497536252288,722.5468778382002
2024-01-19,37065.0,37263.94921875,36831.3515625,37069.25,24400,0.00918031237499276,66.9958395697664,779.8249750939794,662.4391060150679,117.38586907891158,10.327395346640293,3.8473651669101514,709.0399021890431
2024-01-23,36958.30078125,37383.44921875,36424.8984375,36521.3515625,31200,-0.014890721091710052,60.61149773831747,753.3061554846863,680.6125159089916,72.69363957569476,10.540339217047372,3.5094703843044557,726.8621078362543
2024-01-24,36761.6015625,37174.19921875,36435.30078125,37090.1484375,23600,0.01545432971026754,64.40388534153882,769.3187266684545,698.3537580608842,70.96496860757031,11.048709784101481,7.83446438397158,727.7218456693789
2024-01-25,36938.6015625,36938.6015625,36354.1015625,36496.19921875,30800,-0.016143269409716252,58.111933711526135,725.7164589871536,703.8262982461381,21.890160741015507,11.182250239255847,6.0646244224245605,728.3164906215661
2024-01-29,36553.80078125,36653.25,36351.5,36531.8984375,18300,0.0009776845553798761,58.3751544011735,686.1326660432605,700.2875718055626,-14.154905762302064,11.306714870045852,4.820843824198211,697.8474555771685
2024-01-30,36682.1015625,37022.8984375,36321.1015625,36381.94921875,19500,-0.0041130576691227804,56.76170510363371,635.3387861323063,687.2978146709114,-51.95902853860514,11.33562721454072,5.410168916051269,698.1295569645135
2024-01-31,36373.94921875,36704.5,36228.8515625,36638.3984375,25100,0.007024077024120809,58.8561735214407,608.760170761816,671.5902858890923,-62.83011512727637,11.455580752013809,5.700547027938082,682.238048431334
2024-02-01,36632.5,36951.3984375,36451.1484375,36534.55078125,18700,-0.0028384184888132257,57.63859042378998,572.7148878987573,651.8152062910253,-79.10031839226804,11.401601918234707,4.880812021717966,669.2389021148102
2024-02-02,36730.1484375,37663.94921875,36729.94921875,37323.25,26900,0.02135804726573907,63.76896151066025,600.8637932721686,641.6249236872541,-40.76113041508552,11.02802782955866,7.45064451817678,702.1074403566096
2024-02-05,37441.0,37574.44921875,37097.94921875,37162.1484375,15400,-0.004325728722393439,61.80157833416078,603.2189216328552,633.9437232763744,-30.724801643519186,10.326773305786265,1.7536128724843054,685.9926231882803
2024-02-06,37267.1484375,38286.0,37161.6015625,38246.30078125,36900,0.028756115856172083,68.78171457780931,684.6749052159212,644.0899596642838,40.58494555163736,10.649346317450266,2.807249578131354,717.307324210546
2024-02-07,38345.3984375,38373.44921875,37734.55078125,37767.75,17800,-0.012591280132596628,63.284551887370725,702.5161416531846,655.775196062064,46.740945591120635,9.872974029680643,2.833461921107731,711.7066894455069
2024-02-08,37893.44921875,38101.5,37625.75,37851.6015625,20900,0.002217728534688558,63.830035228478856,715.1774499256426,667.6556468347796,47.52180309086293,8.967569311679258,2.411237872630144,694.8526401993993
2024-02-09,37891.5,38082.05078125,37443.75,37699.25,16100,-0.004033092039586375,62.02688033915329,704.7937069775653,675.0832588633368,29.710448114228484,7.783152689428255,2.6374538870965547,690.8132217030136
2024-02-12,37770.0,38285.3515625,37770.0,37998.0,38300,0.00789332640547372,64.16467032604781,712.4583675512622,682.5582806009219,29.900086950340324,6.027031216886922,2.5054458884385307,683.3338174742269
2024-02-13,38070.3984375,38258.5,37605.30078125,38204.0,20500,0.005406695410142807,65.60266585520321,726.7773082565691,691.4020861320513,35.37522212451779,6.402963697600972,4.607300566684771,681.181346136782
2024-02-14,37724.75,37844.69921875,37200.05078125,37775.3984375,23000,-0.011282166418751387,60.19079500333357,695.5230510227557,692.2262791101922,3.296771912563486,6.560620435626677,1.8475256338073263,704.2361941805833
2024-02-15,38053.30078125,38270.44921875,37735.6015625,37999.55078125,19200,0.005916282356718469,61.95829774437605,680.9910073806241,689.9792247642786,-8.9882173836545,6.711018333479073,4.119200340532035,692.1370128998273
2024-02-16,38211.55078125,38516.55078125,38131.8515625,38477.05078125,29500,0.012487641850921981,65.4749224960718,699.936089913077,691.9705977940383,7.965492119038686,7.2370369768334815,5.324531236934845,679.6272262641253
2024-02-19,38526.94921875,38559.8515625,38042.6484375,38363.19921875,17700,-0.0029633335605792105,63.95681263543578,697.7204477101477,693.1205677772602,4.599879932887461,7.451675717438594,5.445695028838456,668.0255047452592
2024-02-20,38190.75,38347.8984375,37780.19921875,38029.69921875,15700,-0.008731233543973505,59.59768930637204,661.4293269219779,686.7823196062038,-25.35299268422591,7.529120160404773,3.7973842760167726,661.9522544063121
2024-02-21,37938.8515625,38001.44921875,37302.6015625,37405.8984375,18900,-0.016539008638987544,52.40312803839724,575.6965707982381,664.5651698446106,-88.86859904637254,7.168683366533079,2.3849962230743693,666.6054973951469
2024-02-22,37535.75,38192.1015625,37395.3515625,38130.1484375,23900,0.019176862576129557,58.64519151026947,559.7413166181141,643.6003991993114,-83.8590825811973,7.228750605969367,2.161919011608046,675.9015332954936
2024-02-23,38487.5,38490.44921875,37980.1015625,38045.6484375,22900,-0.00221855334963125,57.69450548056014,534.1212021850442,621.7045597964579,-87.5833576114137,6.816230235901768,2.3774190598422664,664.0762563636725
2024-02-26,37991.8984375,38005.8515625,37384.8984375,37598.6484375,14500,-0.011818609505725665,52.81683380498989,472.30349199178454,591.8243462355233,-119.52085424373877,6.264287398897013,-1.6933725105971749,663.8386666234102
2024-02-27,37606.69921875,37929.30078125,37606.69921875,37870.25,17900,0.007197739484856212,55.29020992636148,440.15465859830147,561.4904087080789,-121.33575010977745,5.4023518866866285,0.27139556897088124,640.0396435610237
2024-02-28,37926.6484375,38138.3515625,37594.5,37741.75,14800,-0.0033989346588040575,53.85187682968694,399.70010641140834,529.1323482487448,-129.4322418373365,4.66596746243275,-0.29021641876530574,633.1690663423791
2024-02-29,37616.19921875,37896.05078125,37414.94921875,37720.3984375,26400,-0.0005658880249736854,53.602356271243366,361.74669892695965,495.6552183843878,-133.90851945742816,3.502205987061692,0.056097767196960156,622.3071017822092
2024-03-01,37823.69921875,37888.8515625,37462.8515625,37516.05078125,18800,-0.005432158504779798,51.15918566296954,311.58741622345406,458.8416579522011,-147.25424172874705,3.358510871666054,-1.2683541732459602,608.285165940623
2024-03-04,37634.25,37733.25,37279.44921875,37314.80078125,14500,-0.00537881050408093,48.80011126314301,252.68384810847056,417.61009598345504,-164.92624787498448,3.1901074507231697,-2.327502928358287,597.2505670341499
2024-03-05,37180.05078125,37202.30078125,36613.1015625,36720.75,18100,-0.016048061350523394,42.561257179984075,156.2660746068941,365.3412917081429,-209.07521710124877,4.058109291735537,-2.791892292664848,604.7111850138535
2024-03-06,36627.6484375,37050.1484375,36134.0,37001.80078125,20100,0.007624590843096478,46.073861626385806,101.36427934660605,312.54588923583555,-211.1816098892295,4.472397980148539,-2.6256889344395002,626.9567030485783
2024-03-07,37057.94921875,37318.94921875,36838.3515625,37099.8984375,20500,0.00264765085254615,47.28560885069586,65.02035786806664,263.04078296228175,-198.0204250942151,4.7324172074951685,-3.5791525488255225,616.5024854201084
2024-03-11,37082.0,37203.8515625,36820.3515625,36988.30078125,21000,-0.0030125645332877878,46.0187487920316,26.902425637097622,215.81311149724493,-188.9106858601473,5.04299329243839,-3.5838993240897876,599.8594507472436
2024-03-12,36991.5,37568.94921875,36981.69921875,37224.25,20600,0.006358763074274312,49.122410236046555,15.553528369106061,175.76119487161716,-160.2076665025111,5.107982713722048,-2.1179479072842224,598.958775693869
2024-03-13,37320.80078125,37556.6015625,36689.1015625,36946.44921875,21800,-0.007490884761845875,45.78468037905507,-15.676052078684734,137.4737454815568,-153.14979756024152,5.192065831862038,-1.2282801321232135,618.1402917157355
2024-03-14,36901.8984375,37723.3515625,36607.6484375,37679.6015625,26000,0.01964932955353381,54.55987032500165,18.52005963121337,113.68300831148811,-95.16294868027474,5.178987610982837,-1.181602730287037,653.680494093183
2024-03-15,37524.3515625,37592.05078125,37264.8984375,37500.69921875,30300,-0.004759296772756958,52.333876796646436,30.829418197303312,97.11229028865115,-66.28287209134784,5.089446061706319,-1.4323562381785204,636.6106820150986
2024-03-18,37458.8515625,37522.8515625,36746.6015625,36886.05078125,14300,-0.016526126668235448,45.469979707953705,-8.909614045187482,75.90790942188343,-84.81752346707091,4.821747329936033,-1.895274659764823,646.5849190140201
2024-03-19,36562.0,36573.05078125,35783.3984375,35814.6484375,25700,-0.029476468018081285,36.486732983017696,-125.41064263637236,35.64419901023227,-161.05484164660464,5.7654246491736245,-5.428011598814373,679.1611636380186
2024-03-20,35875.6015625,36115.19921875,35697.8515625,35748.8984375,15000,-0.001837528221324937,36.01647345618577,-220.5022104199379,-15.58508287580177,-204.91712754413615,6.661237562295576,-5.280230944511052,660.4601988245887
2024-03-21,36039.19921875,36296.3515625,35816.80078125,36026.80078125,26600,0.0077436718962550465,39.562101045473305,-270.32245735383185,-66.5325577714078,-203.78989958242406,7.243572776515429,-4.489872128620726,652.3882649799752
2024-03-22,35256.6015625,35419.25,34701.75,35188.3984375,48800,-0.02354668919084901,33.52605721999588,-373.1559151954498,-127.8572292562162,-245.29868593923356,8.257962249236693,-6.204417296804941,700.4355875706913
2024-03-26,35003.1015625,35400.1484375,34938.0,34969.1015625,29100,-0.00625157935266722,32.144574794257935,-466.96471788964845,-195.67872698290267,-271.2859909067458,9.2172867690723,-6.286243446671892,683.4150768513562
2024-03-27,35057.3984375,35121.55078125,34693.6015625,34744.3515625,22400,-0.00644784524605639,30.746253328682855,-553.0688827595804,-267.1567581382383,-285.9121246213422,10.349400062982049,-5.382238754655066,665.1675155584022
2024-03-28,34862.6015625,35203.25,34786.6484375,34898.1484375,35100,0.004416760599331684,32.897405559637136,-601.957934919672,-334.11699349452505,-267.8409414251469,10.854053349221536,-5.685270174245109,650.4340099828021
2024-04-01,35224.0,35265.30078125,34963.80078125,35042.80078125,16258200,0.004136419411387742,34.94421056150955,-621.8621855730889,-391.66603191023785,-230.1961536628511,11.081770196664218,-5.544752796872127,630.1996052518876
2024-04-02,34900.1484375,34984.3515625,34769.8984375,34793.94921875,17500,-0.007126695207290684,33.07508813511629,-650.2213420898843,-443.3770939461672,-206.8442481437171,11.31837816592553,-5.932555743713305,604.6783722874671
2024-04-03,34682.6015625,35289.69921875,34626.19921875,35047.3984375,27300,0.007257887765104519,36.783824809622914,-644.8119533399076,-483.6640658249153,-161.1478875149923,11.306196452480693,-5.847939347334063,608.8799171240765
2024-04-04,35314.69921875,35649.6015625,34915.1484375,35426.69921875,31100,0.010764364677844541,41.96694290152687,-602.967931702864,-507.5248390005051,-95.44309270235891,11.091572956747106,-4.113385811453676,617.8494319723568
2024-04-05,35331.80078125,35371.1015625,35146.5,35247.8984375,15000,-0.005059842394605143,40.28995463264091,-577.5760348310796,-521.53507816662,-56.0409566644596,11.168318610172243,-6.453632799079576,593.7315595993314
2024-04-08,35381.0,35429.94921875,35018.6015625,35064.1484375,27200,-0.005226712248651516,38.58360466447228,-565.7581551186304,-530.379693557022,-35.37846156160833,11.12566178823888,-6.497347601539513,580.704137931522
2024-04-09,35241.8984375,35568.80078125,35002.80078125,35079.3515625,24200,0.00043348635976438307,38.814497291393025,-548.8389612684987,-534.0715470993174,-14.76741416918128,10.902025948741347,-4.898055445036651,579.6538423649847
2024-04-10,35191.1484375,35350.6015625,34952.25,35293.1484375,19200,0.006076167047578542,42.11043645571051,-512.2735861862748,-529.7119549167089,17.43836873043415,10.564932613302808,-1.4561081086976675,566.7036795174857
2024-04-12,35222.55078125,35363.6015625,34980.8515625,35018.1015625,31900,-0.007823734551318226,39.18594081729906,-499.72868592315353,-523.7153011179979,23.986615194844376,9.996263635209464,-2.044250052285265,553.5641309805225
2024-04-15,34845.80078125,35188.1484375,34335.1484375,34463.6015625,26100,-0.015961375363575492,34.05166591733749,-528.4387647948024,-524.6599938533589,-3.778770941443554,9.79867565861832,-4.338989821054443,574.9524073390565
2024-04-16,34108.6015625,34175.6015625,33504.3515625,33574.94921875,37500,-0.02612350999439806,27.771593366561063,-615.7999678019914,-542.8879886430855,-72.91197915890598,9.2107159105952,-4.5851737799767545,602.4022353862667
2024-04-18,33746.3984375,34102.1484375,33445.3515625,33498.6484375,47200,-0.002275137068200484,27.305937407585162,-683.3143633312502,-570.9732635807184,-112.34109975053184,8.353304482509493,-4.205006875489411,606.2875667872477
2024-04-19,33047.3515625,33538.55078125,32915.5,33368.30078125,43300,-0.0038987219509873175,26.48881736796251,-738.8213026253288,-604.5428713896405,-134.27843123568834,8.0478815358359,-3.960502122984469,607.4849392488728
2024-04-22,33488.75,33627.55078125,33341.6484375,33538.80078125,25300,0.005096629956719273,29.462237586534187,-760.28888979162,-635.6920750700364,-124.59681472158366,8.405942767426716,-3.8951856104471876,584.5147538560961
2024-04-23,33752.8515625,33803.8515625,33614.25,33714.55078125,18900,0.005226517221499023,32.49337022502384,-754.4240205937967,-659.4384641747885,-94.98555641900828,8.461136423649352,-3.7903648406741888,561.6958986699464
2024-04-24,33829.55078125,33840.1015625,33393.6484375,33442.55078125,13400,-0.00810045344413033,30.32169446881437,-762.9296185659477,-680.1366950530204,-82.79292351292736,8.287983274790964,-3.884004166942191,553.4642719792358
2024-04-25,33283.44921875,33659.44921875,33283.44921875,33554.44921875,29000,0.0033404045419853185,32.3255426192861,-751.9728228909516,-694.5039206206068,-57.46890227034487,8.514660876081091,-4.259800399771114,540.7882525521476
2024-04-26,33743.1015625,34307.44921875,33574.6015625,33666.25,51300,0.0033263826659741262,34.35678872365078,-725.9003671154933,-700.7832099195841,-25.117157195909158,8.672702064991583,-4.96927249100944,555.9462345127084
2024-04-29,33640.75,33792.8515625,33527.05078125,33579.3984375,28000,-0.0025831146791206534,33.51520538417445,-704.1291903157398,-701.4524059988154,-2.6767843169244543,8.896449699418552,-4.733615545784977,535.2215592796578
2024-04-30,33547.69921875,33688.94921875,33145.8984375,33200.94921875,25700,-0.011334270739884137,30.059897715784842,-709.2374175060686,-703.0094083002662,-6.2280092058024366,9.266236742305917,-5.313687346695599,535.7807894203964
2024-05-02,33059.30078125,33332.19921875,33059.30078125,33203.3515625,30400,7.235506504198498e-05,30.10915578062186,-704.9654721565457,-703.4006210715221,-1.5648510850236335,9.441351043214805,-5.347875363823581,517.0034785689396
2024-05-03,33248.5,33305.0,32690.5,32908.3984375,31100,-0.008922924653381339,27.54417893681871,-717.1137360888897,-706.1432440749957,-10.970492013894045,9.857608200522511,-6.756977219595783,523.9675158140154
2024-05-06,33041.19921875,33435.3515625,32990.80078125,33217.1484375,18200,0.00933836492252826,33.89270497207528,-693.8297407528153,-703.6805434105596,9.850802657744339,9.776592971846956,-5.14292050294524,524.1807736130144
2024-05-07,33268.1484375,33525.5,32998.19921875,33473.0,22600,0.007672881939080807,38.6869306229848,-647.270591378372,-692.3985530041222,45.12796162575012,9.091502074855484,-2.8743413850799566,524.4036313013705
2024-05-08,33425.1484375,33489.6484375,33237.1015625,33335.1484375,21700,-0.004126794750740501,37.12471659261847,-614.4130281490652,-676.8014480331108,62.38841988404556,8.456030739453995,-0.7142252984141009,504.9852915655583
2024-05-09,33275.75,33454.75,33006.94921875,33205.8515625,22500,-0.0038862366880293643,35.66980046515536,-591.9823458110186,-659.8376275886924,67.85528177767378,7.885199814743733,-0.8740557862992141,500.9006836858756
2024-05-10,33166.1015625,33178.3984375,32786.55078125,32935.1484375,20700,-0.008185683208482711,32.77384345737431,-589.2567631152779,-645.7214546940096,56.46469157873173,7.219715563369881,-1.29809529885739,495.07211922617023
2024-05-13,32910.6484375,33108.25,32669.25,33074.6015625,13000,0.004225234377246979,35.671293227613276,-569.2816924776926,-630.4335022507462,61.15180977305363,5.705212808069286,-1.3840662395106043,491.0669678528724
2024-05-14,33106.75,33321.6015625,32918.69921875,33122.8515625,12900,0.0014577602692182033,36.68804999941964,-543.2951648559028,-613.0058347717775,69.71066991587463,3.9883346118101284,-1.7550262573246784,484.7694947026672
2024-05-15,33144.0,33292.3515625,32986.05078125,33117.3984375,13700,-0.00016464687293051632,36.6176074547199,-517.1789590000262,-593.8404596174273,76.66150061740109,2.79747614921379,-0.9722713613469367,472.0217294560481
2024-05-16,33364.6484375,33705.19921875,33208.25,33668.44921875,32600,0.016502397023599215,47.57233906547194,-446.8652999647893,-564.4454276868997,117.58012772211043,2.8643017880564585,0.3397463008759434,480.2916617270447
2024-05-17,33763.8515625,33766.69921875,33361.0,33381.8515625,20200,-0.008548787949662674,43.37355246562304,-409.546259909097,-533.4655941313392,123.91933422224224,2.8347354544150076,-0.8447582890877362,474.9636300858272
2024-05-21,33253.0,33453.6015625,33191.75,33379.75,21300,-6.295722246044632e-05,43.34334279023054,-375.80814792917954,-501.9341048909073,126.12595696172775,2.8358006506442472,-0.5945563255744373,459.74133954398246
2024-05-22,33444.25,33724.3515625,33364.1484375,33613.1015625,18800,0.006966489731598564,47.69928192347568,-326.47750081750564,-466.84278407622696,140.36528325872132,2.880039075837124,1.2413872297278774,452.6314670765551
2024-05-23,33683.69921875,34098.05078125,33615.3515625,34042.8515625,25500,0.012704152705280592,54.61908809109726,-249.82554082042043,-423.4393354250657,173.61379460464525,3.285168460641953,2.528359218254746,454.9398779103726
2024-05-24,34024.6484375,34088.19921875,33761.69921875,33824.30078125,15500,-0.006440568940232329,50.928715929185195,-204.3578220526615,-379.62303275058485,175.26521069792335,3.4997447470942986,2.7831872325524807,445.76560091677453
2024-05-27,33914.44921875,34227.05078125,33769.8984375,33995.25,35800,0.00504130678642273,53.571201393374395,-152.7691266841648,-334.2522515373009,181.48312485313608,3.832672491874479,2.342469474657174,446.5789396905763
2024-05-28,34095.6484375,34136.25,33802.05078125,33880.8515625,21800,-0.0033708048395795173,51.56987058129635,-119.73547573524411,-291.3488963768895,171.6134206416454,3.977575644286017,1.2184493845786155,438.55181676624943
2024-05-29,33888.8984375,33888.8984375,33515.1484375,33542.69921875,20700,-0.01003077337616725,46.08886210005439,-119.46501907172933,-256.9721209158575,137.50710184412816,3.9675968686279677,0.6226184402302468,433.9231155686602
2024-05-30,33363.8984375,33433.25,32685.349609375,32806.75,31500,-0.0221849438576704,36.89747241096134,-176.59989789294195,-240.8976763112744,64.29777841833246,4.240404079264399,-1.2019013026930259,464.1678651262559
2024-05-31,32732.80078125,32816.8515625,32280.80078125,32386.099609375,76700,-0.012904980561637459,32.86329965894717,-252.90731390935252,-243.29960383089005,-9.607710078462475,4.974260185985481,-1.6670604329199024,469.3023591350948
2024-06-03,33114.69921875,33143.55078125,32455.80078125,32511.400390625,26500,0.003861502737355057,35.13820840881249,-299.81468790899817,-254.6026206465117,-45.21206726248647,5.324627378298564,-1.7028207303139753,489.88441718794513
2024-06-04,32575.19921875,32594.349609375,31320.150390625,32315.55078125,37300,-0.006042246370873544,33.24217066853167,-348.7721185664559,-273.43652023050055,-75.33559833595535,5.951499112899223,-2.43729251307573,545.9069030138062
2024-06-05,32464.05078125,33319.6015625,32410.80078125,33087.94921875,26600,0.023620581446190947,45.688995061966445,-321.5386390978965,-283.05694400397977,-38.481695093916755,5.9505211814910455,-0.08892370820001853,578.6314657449628
2024-06-06,33451.69921875,34093.1484375,33343.0,34023.80078125,35900,0.02789115854065191,56.31635699128873,-221.88278394050576,-270.822111991285,48.93932805077924,6.27054118723701,1.0554438079141,609.1005909596084
2024-06-07,34274.6015625,35248.1015625,34256.30078125,35169.8984375,81900,0.033130256029965006,65.27724658908409,-49.84966234777676,-226.62762206258336,176.7779597148066,7.9273379986291275,5.356344214916554,653.0434616946364
2024-06-10,35140.44921875,35167.75,34360.6484375,34526.25,60800,-0.01847065443423916,58.07256097908369,34.157035194650234,-174.47069061113663,208.62772580578687,8.324052066741142,3.434717156359769,664.2010715735911
2024-06-11,34600.8515625,34751.30078125,34483.3984375,34531.44921875,16900,0.00015057607822574433,58.11277790032013,99.99974689946248,-119.5766031090168,219.57635000847927,8.66363616804299,2.73211222279631,635.8940195861917
2024-06-12,34860.05078125,35016.3984375,34505.8984375,34547.44921875,30300,0.0004632384316492003,58.245511303766804,151.7226720596518,-65.31674807528307,217.0394201349349,8.935645209428115,1.4822426238988775,626.9373039014637
2024-06-13,34796.3984375,35039.55078125,34783.19921875,34902.05078125,27000,0.010211870324481877,61.18142701274128,218.80460220441455,-8.492478019343551,227.2970802237581,9.389139586058878,3.1863186381000808,617.3061795156448
2024-06-14,35035.69921875,35035.69921875,34568.8515625,34598.55078125,19200,-0.008733792870875987,57.45759089869066,244.65734403060924,42.137486390647005,202.51985763996223,9.653079537828328,1.7746619932196408,606.5591421395272
2024-06-18,34696.0,34917.6484375,34655.8984375,34802.94921875,28600,0.005890334603269015,59.256197069788975,278.42951176872884,89.39589146626338,189.03362030246547,9.940934962310813,2.721589374898109,586.0261788617039
2024-06-19,34904.8984375,35036.6484375,34604.05078125,34927.1015625,24000,0.003560946064146018,60.352650506440604,311.62009212744306,133.8407315984993,177.77936052894376,10.228628799264648,4.127283659319028,575.0669986751536
2024-06-20,35002.5,35002.5,34728.6015625,34936.44921875,23900,0.00026759751547841875,60.438973933120245,334.81856393694034,174.03629806618753,160.7822658707528,10.509740068427405,6.491649489053319,553.5549585912141
2024-06-21,35474.3515625,35875.30078125,35061.0,35200.30078125,88800,0.007523953055016235,62.894764491879094,370.2263965348466,213.27431775991934,156.95207877492723,10.9576945364776,8.689534108208436,581.0761445846989
2024-06-24,35067.75,35282.0,34918.1484375,35143.80078125,18100,-0.0016063894738805459,62.00712052969548,389.2413491795378,248.46772404384305,140.77362513569474,11.284085313044132,8.0968532852989,565.5601030072204
2024-06-25,35146.6484375,35468.0,35004.8515625,35426.8984375,16000,0.008023136456982043,64.69570888376168,422.28659406720544,283.23149804851556,139.05509601868988,11.757910198852414,9.628019888354352,558.244984042419
2024-06-26,35484.05078125,35593.94921875,35336.0,35406.6015625,18200,-0.0005730869025392545,64.34414140060842,441.74523642572603,314.9342457239577,126.81099070176833,12.11777238412762,7.007543224939688,536.7952865215319
2024-06-27,35289.25,36191.19921875,35105.69921875,36123.69921875,54800,0.020050850428852122,70.45323724094872,509.1608491832376,353.7795664158137,155.3812827674239,12.815345173179882,6.171851437177536,575.9884803414225
2024-06-28,36154.19921875,36334.6484375,36041.19921875,36157.5,29200,0.0009352579669167941,70.70799548731135,558.8733049854709,394.79831412974517,164.07499085572573,12.805243907145778,2.8080876157633914,555.8071045134637
2024-07-01,36103.0,37093.3515625,36085.44921875,36869.19921875,0,0.01949209699779086,75.4983542137299,648.2266105429444,445.483973412385,202.7426371305594,12.674246332791528,6.785993899569169,588.0996216017877
2024-07-02,37006.3515625,37525.44921875,36944.8984375,37299.1484375,0,0.01159400333178465,77.85453743472544,745.143507155859,505.4158801610798,239.72762699477914,12.649847351328294,8.015010320641816,592.9675057730885
2024-07-03,37439.44921875,37444.0,37064.0,37314.3515625,0,0.00040751674188723493,77.93533745636874,813.7966696627773,567.0920380614193,246.70463160135796,11.739376203232831,8.008991709432237,577.7555410750108
2024-07-04,37455.6484375,37935.1015625,37399.1015625,37725.8984375,32000,0.010968806773806107,80.05661157946561,891.140673966911,631.9017652425177,259.23890872439324,11.766317232494185,8.090778601946855,580.8265738553672
2024-07-05,37754.1484375,37884.6484375,37491.3984375,37720.75,20600,-0.00013647889242570236,79.95305555006078,941.1716774933229,693.7557476926788,247.4159298006441,12.28332704079234,9.02407513681762,567.4282471514124
2024-07-08,37766.0,37949.80078125,37582.69921875,37742.25,20600,0.0005698156866738142,80.06900132942587,971.3592537320437,749.2764489005518,222.0828048314919,13.156530181609588,8.445550872069369,553.1191982477401
2024-07-09,37747.30078125,37827.80078125,37603.8515625,37668.6484375,16000,-0.0019520145601158165,78.39736620705587,978.0695178366586,795.0350626877732,183.0344551488854,13.427151381864618,7.849339774427497,529.6070568550443
2024-07-10,37713.94921875,37824.6484375,37110.3515625,37280.75,23500,-0.01035103440437432,70.09195860713443,941.2372907922763,824.2755083086739,116.9617824836024,13.23017421786764,6.710186162799396,542.7991867225412
2024-07-11,37464.8515625,37636.19921875,37108.3515625,37332.6015625,24500,0.0013898737896415165,70.54122370617303,905.7900889393568,840.5784244348106,65.2116645045462,12.893728602156852,6.05762091210824,541.7312202602168
2024-07-12,37917.3515625,39237.69921875,37825.25,39023.0,76200,0.0442842344585611,80.71291577086336,1002.5422695225207,872.9711934523526,129.57107607016803,13.98893836693513,11.038075371801103,639.11453711663
2024-07-15,39432.1015625,39567.0,38831.6484375,38911.3515625,35300,-0.002865193887971524,78.77813202364796,1058.0138488167577,909.9797245252337,148.034124291524,14.293026177632226,9.8356144022804,645.9886103582993
2024-07-16,39013.75,39280.0,38730.55078125,39141.5,22100,0.005897263197830816,79.85038253989684,1107.7767695023722,949.5391335206614,158.2376359817108,14.586869401274265,10.548593405405287,639.092939529135
2024-07-18,39010.3515625,40075.69921875,39010.3515625,40010.3984375,41700,0.021956096068607853,83.28425435120478,1203.4544115551762,1000.3221891275643,203.13222242761185,15.422506630949226,10.75941640199631,669.5397050091968
2024-07-19,40682.69921875,40682.69921875,39833.1015625,39923.30078125,63900,-0.0021792483413393023,81.77977809998401,1257.7529857526097,1051.8083484525735,205.94463730003622,15.65793826908178,10.414992135103367,682.4009872406829
2024-07-22,39664.8515625,39945.5,39418.44921875,39773.1484375,57200,-0.0037681106971605887,79.12607466449104,1273.983271610974,1096.2433330842537,177.73993852672038,15.56489432847761,7.8763555495753295,671.3045439556341
2024-07-23,39773.75,40193.8515625,39081.30078125,40044.69921875,30800,0.006804288437206953,80.36686858480908,1293.8431502423336,1135.7632965158698,158.07985372646385,15.235815835372508,7.360894004994669,702.8221323338031
2024-07-24,40003.0,40282.1015625,39918.75,40115.05078125,21200,0.0017552844304754283,80.68716272021618,1300.2703233837965,1168.6647018894553,131.60562149434122,14.812148833542654,7.505689102111139,678.5742344885314
2024-07-25,39809.80078125,40198.6484375,39693.6015625,40055.5,27700,-0.001485602671358613,79.50479883601724,1285.7374728007999,1192.079256071724,93.65821672907578,13.900110960327103,6.175072454164134,666.1794230964935
2024-07-26,40164.44921875,41073.6484375,40081.8984375,40977.3515625,42900,0.02275352073480687,83.52859202861842,1333.2370737935926,1220.310819616098,112.92625417749468,14.033159180845786,8.633448599245773,691.3200669824582
2024-07-29,41220.75,41381.1015625,40691.3515625,40820.1015625,18100,-0.0038448677241490112,80.62091910362936,1342.7141164655113,1244.7914789859806,97.92263747953075,13.62132274133926,8.154923361749763,691.2079193408541
2024-07-30,40827.1015625,40889.8984375,40561.6015625,40776.3515625,14500,-0.0010723506357672356,79.78872619649299,1331.3475360350785,1262.1026903958002,69.24484563927831,13.458098853934597,8.250105203950483,665.2857018879359
2024-07-31,40728.75,41074.05078125,40657.05078125,40851.1015625,17800,0.001831492176545642,80.16544436257429,1313.2330067971634,1272.328753676073,40.904253121090505,13.4019302074919,9.57693062103096,647.5510088959405
2024-08-01,40862.3984375,41036.05078125,40537.19921875,40709.3984375,20100,-0.003474801345745054,77.2268208519732,1272.7711405076552,1272.4172310423894,0.353909465265815,13.033348101870995,9.045168923860743,636.9296198676591
2024-08-02,40346.55078125,40632.25,39662.6484375,39730.30078125,24200,-0.024344845200088262,60.67643667720163,1148.4610773548193,1247.6260003048753,-99.16492295005605,12.472099552548938,1.8125228230786974,666.2025041628264
2024-08-05,38822.55078125,39044.69921875,37829.1015625,38435.94921875,33000,-0.0331209412064948,46.49157497441843,934.7261616099495,1185.04603256589,-250.3198709559406,12.050189768665446,-1.221757468348026,754.4165552047673
2024-08-06,38565.8515625,39395.3984375,38551.69921875,38624.19921875,21500,0.004885803577968684,48.38163962211873,771.6349750678419,1102.3638210662805,-330.7288459984386,11.536330533796974,-1.3216171614526782,769.0617454579982
2024-08-07,39269.05078125,39427.1015625,38882.94921875,39194.80078125,16000,0.014665102066140502,53.71804531485377,680.5814923061625,1018.007355314257,-337.42586300809444,10.731937905006008,-2.038464219555424,771.478931050284
2024-08-08,39030.5,39098.75,38371.1484375,38448.30078125,21600,-0.019229602838755282,46.88849010515938,541.9375215691616,922.7933885652379,-380.8558669960763,9.696465096146351,-3.694584293222405,775.2056033859781
2024-08-09,39007.69921875,39252.3984375,38931.8515625,39043.30078125,13900,0.01535680464117066,52.114259745366304,474.60178926445224,833.1550687050808,-358.55327944062856,8.222636804716569,-1.8350261040985762,777.2693214476939
2024-08-12,39038.94921875,39329.05078125,38747.8515625,39109.55078125,13600,0.0016953959975708687,52.67263674783905,421.7222065269816,750.868496269461,-329.14628974247944,8.186121138532384,-2.335261484651478,763.2643141121443
2024-08-13,39198.25,39383.30078125,38972.69921875,39114.8515625,12400,0.00013552756171453364,52.72014140297179,375.9092372850646,675.8766444725818,-299.9674071875172,8.091987141059047,-2.4933265676370495,738.0741175684198
2024-08-14,39259.69921875,39767.1484375,39177.69921875,39731.25,24100,0.015635801472393435,57.99953767550959,384.90340469057264,617.68199651618,-232.77859182560735,7.965845572687192,-0.809501816229981,731.9471716706755
2024-08-16,40287.30078125,40927.1484375,40063.8984375,40878.25,33700,0.028460105057391157,65.67934366878676,479.0623289576761,589.9580630044793,-110.89573404680323,8.306221683601278,-0.24184472329512818,765.0865478013415
2024-08-19,40940.8984375,41271.6015625,40736.55078125,41236.8515625,16300,0.00873417520913796,67.66973678717343,575.9805586090224,587.1625621253879,-11.182003516365512,8.854567086029274,1.020943074729764,748.6554216191028
2024-08-20,41421.25,41746.55078125,41366.19921875,41572.80078125,17900,0.008113814085977201,69.45681570301603,672.1491313859005,604.1598759774905,67.98925540841003,9.563805692450043,1.9532135373348483,731.5871214141669
2024-08-21,41532.05078125,41603.6015625,41368.05078125,41570.8515625,11500,-4.68879750987651e-05,69.43283449733711,739.6795668933046,631.2638141606533,108.4157527326513,10.160611379541027,1.7618863934398952,696.1559542595835
2024-08-22,41735.25,41834.0,41406.19921875,41506.19921875,17000,-0.0015564432341733027,68.58695972305838,779.0011790641365,660.8112871413499,118.18989192278661,10.626412613446666,1.9572895002939086,676.9877276160418
2024-08-23,41492.75,41548.75,41029.5,41089.8515625,16900,-0.01008162445398072,63.24360132253108,767.7182852057886,682.1926867542377,85.52559845155088,10.817295108763169,3.4219493799845973,665.7207470720388
2024-08-26,41343.44921875,41820.8984375,41319.05078125,41662.1015625,21200,0.013830709739946923,67.04394075757854,795.7790574226965,704.9099608879295,90.86909653476698,11.157233839227997,8.393580513360142,670.3868990668932
2024-08-27,41696.8515625,41936.69921875,41589.8515625,41709.25,14800,0.001131046615957582,67.34352907359781,812.4564146305565,726.419251636455,86.03716299410155,11.546278315916696,7.987352084059187,647.2769531514008
2024-08-28,41792.8984375,42717.1484375,41594.8984375,42394.3984375,37800,0.016293314439457432,71.41072250288833,870.9196733873687,755.3193359866377,115.60033740073095,12.385317488790424,8.163321645917442,681.2035993548722
2024-08-29,42191.1015625,42790.30078125,42151.5,42591.6484375,31500,0.004641946800510032,72.47362074759172,922.534253058504,788.7623194010109,133.77193365749304,13.255278759924336,10.776412928684165,678.1748266330957
2024-08-30,42644.1015625,42913.94921875,42455.1015625,42787.80078125,38100,0.004594845496240401,73.52762552795299,968.1072958571604,824.6313146922408,143.47598116491952,14.166997723383254,9.590633796510986,662.5086001771604
2024-09-02,42864.8515625,43299.5,42847.80078125,42975.6015625,22600,0.0043795156509273655,74.53307127289577,1007.7613683962045,861.2573254330337,146.50404296317083,14.921140363653679,9.885183296719102,651.7365015037918
2024-09-03,42953.1015625,43194.55078125,42746.75,42851.30078125,20100,-0.002896547929901999,72.56846808168432,1017.4291820704311,892.4916967605132,124.93748530991797,14.624737715315886,9.552507729141405,637.1696643428068
2024-09-04,42315.69921875,42498.44921875,42023.5,42450.5,22900,-0.009397309953968008,66.48323322669063,981.4363335152448,910.2806241114596,71.15570940378518,13.968320357268693,6.844108856378794,650.7861726933206
2024-09-05,42578.1484375,42766.05078125,42294.55078125,42644.6484375,17700,0.004563098553620693,67.8879458961966,957.539973296618,919.7324939484913,37.80747934812666,13.600690733633925,4.321120491948652,637.9800175009406
2024-09-06,42607.8515625,42983.6015625,42167.1484375,42228.8984375,22500,-0.009797006032045683,61.9047603592967,894.7403751390448,914.734070186602,-19.993695047557253,12.134382715279855,2.4057289473140777,650.7280966080162
2024-09-09,42104.05078125,42431.6484375,41809.6484375,41919.05078125,18600,-0.00736438759321441,57.81514852707238,810.6247473074545,893.9122056107726,-83.28745830331809,10.87929522459756,0.8328762880853683,648.6760897074437
2024-09-10,42128.30078125,42937.44921875,42055.8515625,42644.19921875,21600,0.01715085956922944,63.83647507861467,793.330900034176,873.7959444954533,-80.46504446127733,9.540669276107645,2.581971780482456,675.0848288354834
2024-09-11,42710.1484375,42984.19921875,42406.1484375,42473.30078125,15900,-0.004015594140914825,61.604725095395914,757.1078577256703,850.4583271414967,-93.35046941582641,7.594906982754562,2.3300171557580773,668.1538254365204
2024-09-12,42836.5,43265.25,42449.05078125,43152.1015625,26400,0.015855458385830558,66.59952615268705,774.2493215697177,835.2165260271411,-60.96720445742335,6.2463344385568105,5.018879167434325,678.7284963874832
2024-09-13,43244.19921875,43571.6484375,42989.3984375,43394.3515625,28000,0.005598164313326739,68.18994310082725,798.1806756176666,827.8093559452462,-29.628680327579673,6.148286407325633,4.157855545048155,671.8371752169487
2024-09-16,43457.3984375,43583.1484375,43286.80078125,43352.6484375,11500,-0.0009614886558091993,67.5932497594973,804.5074908903625,823.1489829342696,-18.64149204390708,6.131495745701536,3.9401294377146554,645.016495290738
2024-09-17,43294.44921875,43645.8984375,43133.55078125,43415.0,12500,0.0014372078615803112,68.04349953205784,805.2701347263501,819.5732132926858,-14.303078566335671,6.249535672147571,2.4073972036768567,635.540149644971
2024-09-18,43222.44921875,43222.44921875,41814.3984375,42089.30078125,27100,-0.031011433335449673,51.621358079051575,690.9369962391429,793.8459698819772,-102.90897364283433,6.011720425732028,-1.1794510770982647,704.4731077060445
2024-09-19,42551.0,42850.44921875,41670.80078125,41945.6015625,32400,-0.0034199922842810325,50.20686653844814,582.0226395612553,751.4813038178329,-169.45866425657755,5.7598648956940455,-1.9683162101639475,738.414202691327
2024-09-20,42186.8515625,42375.19921875,41614.25,42204.3984375,39800,0.0061508660944657205,52.71957226536995,510.7029069553755,703.3256244453414,-192.6227174899659,4.9522181947651145,-1.7945138566086827,740.0238466955179
2024-09-23,42288.3515625,42378.5,41785.1484375,41987.44921875,14000,-0.005153698486996248,50.422471494027064,431.6991570424434,649.0003309647618,-217.3011739223184,4.73440392769849,-2.0159284473296237,729.5472549672667
2024-09-24,41863.3515625,42403.8984375,41691.3984375,42243.94921875,21800,0.006090384289369778,53.02837151377506,385.3435221301188,596.2689691978333,-210.92544706771446,4.423660403287623,-0.4865685474847175,728.3295938981762
2024-09-25,42128.1484375,42222.8515625,41645.8515625,41960.94921875,17300,-0.0067217245263119195,49.911240948918994,322.0581270035982,541.4268007589862,-219.36867375538804,4.595126489885998,-1.603247403368865,719.0273126375922
2024-09-26,42033.8984375,42345.3984375,41982.8515625,42160.8984375,27100,0.004753808930024287,52.0556238461226,284.7557394172545,490.0925884906399,-205.3368490733854,4.670824914763374,-0.1610271698198379,695.128877359907
2024-09-27,42738.55078125,43377.94921875,42270.55078125,42312.6015625,46500,0.003591736771604651,53.67604243502294,264.3868162152139,444.95143403555477,-180.56461782034086,4.665336673607435,0.9388351451556045,732.4090133520566
2024-09-30,42045.55078125,42275.3984375,41853.25,41946.1015625,20900,-0.008699452942241639,49.33761964849679,216.17883574393636,399.1969143772311,-183.01807863329475,4.703868497279507,-1.6370284095827439,712.9049097197668
2024-10-01,41916.30078125,42470.5,41916.30078125,42434.80078125,19500,0.011583300707728823,54.606272458507995,214.93002706136758,362.34353691405846,-147.41350985269088,4.63307217674794,-0.09064518012924479,701.568788936212
2024-10-03,41978.44921875,42325.8515625,41631.5,41762.6015625,26100,-0.01596755914398854,47.317173800765005,157.879540961796,321.450737723606,-163.57119676180997,4.8460598476970596,-3.220005398781092,708.8353598157682
2024-10-04,41682.94921875,42566.1484375,41682.94921875,41912.5,28100,0.003582872205814216,48.95354077497774,123.3403797332212,281.828666125529,-158.48828639230783,4.928139792706947,-3.4148489587768567,721.2899211682134
2024-10-07,42134.6484375,42491.8515625,41760.1015625,42190.6015625,22000,0.0066133726565663015,51.936310670332595,117.05893498453224,248.87471989732967,-131.81578491279743,4.934117414145618,-2.6804518682988476,722.037069656198
2024-10-08,42275.25,42445.25,41639.44921875,42387.55078125,18400,0.004657221026307732,53.98686585129253,126.51461897077388,224.40269971201855,-97.88808074124466,4.831646796029053,-2.366576572037314,728.0201919128982
2024-10-09,42524.69921875,42920.55078125,42498.55078125,42622.75,16700,0.005533442811480326,56.38020514693714,151.24348719110276,209.7708572078354,-58.52737001673265,4.827114740801822,1.2674223825253987,714.090178204834
2024-10-10,42801.05078125,42880.3984375,42012.3515625,42088.80078125,19800,-0.012606457683700785,50.01943111335363,126.30014441851381,193.0767146499711,-66.7765702314573,4.867038545980613,0.3413926929540624,725.0870851187746
2024-10-11,41770.5,42567.19921875,41734.19921875,42335.69921875,20800,0.005848992682944245,52.67800903340344,125.01392336400022,179.46415639277694,-54.45023302877672,4.573877406353737,0.31110686589797454,732.7951504674336
2024-10-14,42383.25,42985.1015625,42357.75,42872.75,28300,0.012605742689022965,57.92117384276108,165.42319798380777,176.6559647109831,-11.232766727175346,4.144160917107036,2.1084890788141957,726.8385214161883
2024-10-15,42917.6484375,43329.5,42572.80078125,42731.30078125,29400,-0.003304734908987477,56.156358295798356,183.91402306503733,178.10757638179396,5.806446683243365,3.61243266218643,1.153660042474648,728.9714283686035
2024-10-16,42605.3515625,42691.1484375,42168.69921875,42230.69921875,17100,-0.011784264863167443,50.313530458219276,156.37122265215294,173.76030563586576,-17.389082983712825,2.6465439241685846,0.642859623107534,717.0878665208462
2024-10-17,42455.6015625,42900.44921875,42369.80078125,42734.3515625,35400,0.011855656847377079,55.347319697803655,173.18749222722545,173.64574295413772,-0.45825072691226865,2.8289652065038604,1.360153948925202,713.7065903407857
2024-10-18,42216.8984375,42579.75,41838.0,42106.5,58500,-0.014800959980139854,48.72084553299711,134.30396064385423,165.777386492081,-31.473425848226782,2.7688655881550703,-0.4870926269933251,726.7526597807297
2024-10-21,42426.44921875,42609.05078125,41481.55078125,41562.69921875,28100,-0.012999011432381894,43.82654451769124,58.92900650425145,144.4077104945151,-85.47870399026365,3.1242795813569777,-0.9140357016938219,755.3774697963919
2024-10-22,41556.3515625,41850.6015625,41155.8515625,41238.80078125,21800,-0.007823531930867928,41.17348382955142,-26.63505236871424,110.19915792186924,-136.83421029058348,3.7146347803790793,-2.8184414159626683,751.0469362395067
2024-10-23,41168.3984375,42530.94921875,41151.3515625,42222.1015625,27400,0.023564237943065468,50.892456835521074,-14.928938709424983,85.17353859561041,-100.10247730503539,3.713627878031832,1.1002667046791452,795.9434162402562
2024-10-24,41929.25,42379.6015625,41926.8515625,42139.8515625,16300,-0.0019499317646018454,50.14614724277329,-12.148605344344105,65.70910980761951,-77.85771515196362,3.6813581367945982,0.5424433343274679,771.4296007945235
2024-10-25,42235.30078125,42366.1484375,41874.55078125,42038.8515625,19000,-0.0023996579827607577,49.1921835243162,-17.88881589484663,48.98952466712628,-66.87834056197292,3.6962770304308847,-0.35967726076434753,751.4416047556289
2024-10-28,42012.6015625,42401.30078125,41963.30078125,42205.3984375,19200,0.003953910016992274,50.85251715125077,-8.896480105126102,37.412323712675814,-46.308803817801916,3.687861506023402,-0.4297307591326426,729.0529187016554
2024-10-29,42167.55078125,42210.8984375,41746.6015625,42031.44921875,16300,-0.004130008917563258,49.04961917856258,-15.626109342752898,26.804637101590075,-42.43074644434297,3.66646052767989,-1.3872891384295947,710.1417727229657
2024-10-30,41975.3515625,42164.3515625,41572.1015625,41668.6015625,22800,-0.008670243945927799,45.43135009419866,-49.6656477415454,11.51058013296298,-61.17622787450838,3.782407621745745,-0.9983634861300044,701.7209318141824
2024-10-31,41501.94921875,41501.94921875,40191.94921875,40407.55078125,29400,-0.030731217026636934,35.601862536196705,-176.3654549885614,-26.064626891341895,-150.3008280972195,5.198493592338169,-4.554426814913795,757.0731755238837
2024-11-01,40568.6484375,40646.69921875,40366.5,40433.6484375,2200,0.0006456524002318919,35.91090133871887,-271.5399586864951,-75.15969325037254,-196.38026543612256,6.234435082038478,-5.689165174848826,723.0107500400348
2024-11-04,40202.25,40472.44921875,39975.0,40421.80078125,21800,-0.00029305770852229807,35.82684626997755,-343.95751725397713,-128.91925805109346,-215.03825920288367,7.049320122759566,-5.404703245105475,706.8992120907467
2024-11-05,40345.44921875,40658.25,40225.19921875,40424.6015625,11900,6.928647830760563e-05,35.86506389518216,-396.55175275837246,-182.44575699254926,-214.1059957658232,7.638372268249477,-4.276741066716961,687.3386098878362
2024-11-06,40770.6015625,42105.5,40675.05078125,42039.5,34500,0.03917110330381454,53.17917160549343,-304.4151473528909,-206.8396350646176,-97.57551228827333,7.459860372510932,-1.6259789539189877,758.3071690029908
2024-11-07,42151.5,42369.6484375,41348.75,41752.3984375,19600,-0.006852755251594436,50.56559293153772,-251.6619185041127,-215.80409175251663,-35.857826751596065,7.4354895265801595,-0.8409665075463408,777.0636881813487
2024-11-08,41938.80078125,42306.69921875,41840.69921875,42050.1484375,21700,0.007106019184903287,53.137865428309716,-183.7109623575816,-209.38546587352963,25.674503515948032,7.363688115428804,1.1728045288504727,761.1520519719667
2024-11-11,41991.3515625,42798.1484375,41793.6484375,42590.30078125,18100,0.012763629724205007,57.46213275597877,-85.29038567745738,-184.5664498343152,99.27606415685781,7.192932082870465,3.277253398247422,778.5340482596833
2024-11-12,42846.0,42884.6015625,42462.05078125,42609.55078125,18300,0.00045187872923564145,57.612249793827885,-5.672664510093455,-148.78769276947085,143.1150282593774,7.121994093727293,0.9176455088964995,753.106672044706
2024-11-13,42484.44921875,42659.69921875,42201.3984375,42369.5,15000,-0.00564966112356514,55.00539617620902,37.62118763824401,-111.50591668792788,149.1271043261719,7.169945743560945,0.5449673622115052,732.0491084165127
2024-11-14,42318.75,42633.0,42162.80078125,42390.8515625,16600,0.0005038101555273967,55.199572017068455,72.81539943379903,-74.6416534635825,147.45705289738152,6.990482733872744,0.8373206853110023,713.3455448689047
2024-11-18,42442.8515625,42442.8515625,41035.3984375,41406.55078125,21800,-0.023493474176755003,45.45986754567655,21.039686530792096,-55.50538546470758,76.54507199549968,6.978459735443574,-1.8927617930985206,762.9246577354115
2024-11-19,41534.6015625,42447.6484375,41534.6015625,41748.3515625,18800,0.008220867239279504,48.83589051780923,7.501059979644197,-42.90409637583723,50.405156355481424,6.970868532323807,-0.6735376997748431,782.7941576293107
2024-11-21,41928.8984375,42325.8515625,41678.19921875,41952.80078125,19200,0.004885228449815338,50.797764587277825,13.117731157763046,-31.699730869117175,44.81746202688022,6.902725849510954,0.6820464524678636,773.1411709236456
2024-11-22,42229.19921875,43436.1484375,41983.55078125,43332.1015625,24600,0.032348540468441316,61.51833265678453,127.39845914735633,0.1199071341775273,127.27855201317881,7.5978775591404775,7.2376343646323065,823.8702055898138
2024-11-25,43697.8515625,43751.6484375,43337.6015625,43618.1484375,42000,0.006579576411408516,63.30405506439469,238.30136188396136,47.7561980841343,190.54516379982707,8.459961023221666,7.8758660745700855,794.9899676905414
2024-11-26,43763.19921875,44244.6015625,43699.44921875,44085.94921875,21700,0.010667807551442404,66.07653664911368,359.7928566988703,110.16352980708152,249.6293268917888,9.609889404297393,9.064782782264484,782.9516217840743
2024-11-27,44132.5,44330.6015625,43980.1484375,44018.69921875,18100,-0.0015265939823402885,65.31258913071018,445.51362492480257,177.23354883062575,268.2800760941768,10.479416153559773,8.890867237598393,752.0588720137832
2024-11-28,43948.0,44013.1015625,42864.80078125,42968.75,24100,-0.02414141858225739,54.68273775992242,423.840059789276,226.55485102235582,197.28520876692016,10.631675026145343,2.2104211515360555,780.7616981199416
2024-11-29,42873.80078125,43468.94921875,42738.75,43146.25,16700,0.004122400310567092,55.986886509724044,416.1888043721119,264.48164169230705,151.70716267980487,10.772066198117535,3.3383748351282967,777.15009245066
2024-12-02,43171.75,43578.0,42860.80078125,43547.0,14500,0.009245306976683826,58.865166665926694,437.4199996507159,299.06931328398883,138.35068636672707,10.347297435946404,3.5596819942854694,772.8678871863273
2024-12-03,43794.69921875,43811.5,43404.0,43754.94921875,28300,0.004763916817277179,60.315411408222715,465.6578253715488,332.38701570150084,133.27080967004798,9.818768740275615,2.7345391230782905,746.7701809587325
2024-12-04,43761.1484375,44225.55078125,43585.05078125,43949.25,28900,0.004430827733690358,61.67502462960759,497.9746135389141,365.5045352689835,132.47007826993064,9.098817200046607,3.1441289433624444,739.1794537473944
2024-12-05,44174.80078125,45027.94921875,44023.8984375,44806.3984375,34800,0.019315392349272157,67.03977840431901,585.9956236297148,409.6027529411298,176.39287068858505,8.661456701415869,5.751539285334969,763.4308655332949
2024-12-06,44780.44921875,44852.30078125,44519.69921875,44716.05078125,17900,-0.002018436441632773,65.99120341615622,641.0727202264388,455.8967463981916,185.1759738282472,9.15937560625065,5.485143923852968,732.6573438880596
2024-12-09,44648.30078125,44913.30078125,44477.1484375,44832.0,19500,0.002589655107793666,66.71082726239203,686.1681299363845,501.95102310583025,184.21710683055426,9.37580564702876,8.272722924559888,711.4784153067695
2024-12-10,44848.5,45377.75,44824.1484375,45199.75,32300,0.008169385694841788,68.95461066065084,743.0158938979075,550.1639972642457,192.8518966336618,9.833309794694035,8.267149021041064,700.2014972491431
2024-12-11,45238.80078125,45398.94921875,45046.6015625,45350.3515625,19400,0.00332637288673084,69.85083091522968,791.1011225697657,598.3514223253497,192.74970024441598,10.435676958386251,8.098507651409225,675.3547943206329
2024-12-12,45409.69921875,46002.6484375,45375.5,45701.6484375,29300,0.007716439355903514,71.88936419025066,847.7830197050498,648.2377418012898,199.54527790376005,11.108929837673028,5.468340536362602,673.7078000834448
2024-12-13,45496.94921875,46088.8984375,45073.5,45995.80078125,20500,0.006415736865946984,73.5048093390853,905.9957127488815,699.7893359908081,206.20637675807336,11.657572249822767,5.451062066875475,698.1142741846272
2024-12-16,45937.1015625,46005.19921875,45536.8515625,45653.6015625,15600,-0.007467605903140493,68.56812662119988,913.98126719633,742.6277222319126,171.35354496441744,11.74665466809332,3.555900171212076,681.7023729035825
2024-12-17,45576.1484375,45759.6484375,45213.8515625,45413.75,24200,-0.005267576425325848,65.25976345167956,890.6885568096113,772.2398891474523,118.44866766215898,10.69734158976722,3.1692230938431973,671.9948373390408
2024-12-18,45293.05078125,45693.0,45237.30078125,45526.8515625,21600,0.0024873734914936437,66.09061146909002,871.3113322125064,792.0541777604632,79.25715445204321,9.675596272776836,5.953399999999999,656.5451502969664
2024-12-19,44493.44921875,45265.94921875,44434.1015625,44954.19921875,27800,-0.012658119794804011,58.466285733422005,800.5186036710438,793.7470629425793,6.771540728464515,8.292568510929065,4.190281238230438,687.7026395614688
2024-12-20,45513.3515625,45647.30078125,43663.05078125,43771.05078125,47400,-0.02667151852903166,46.524347102025445,641.5492845440167,763.3075072628668,-121.7582227188501,8.074833584575716,0.5145033670516913,780.3131653070781
2024-12-23,44011.5,44267.3984375,43643.94921875,43828.3515625,16400,0.001308246127016044,47.08802280207689,514.2605722274675,713.498120255787,-199.23754802831945,7.985116914159904,0.16775780811224303,769.1085976958582
2024-12-24,43897.0,44203.05078125,43262.1015625,43668.8984375,15500,-0.0036447614414937147,45.64612555434582,395.95252186861035,649.9890005783517,-254.03647870974135,8.129337589010428,-0.6378983998589282,781.382927771154
2024-12-26,43708.19921875,43851.0,43420.8984375,43664.25,14300,-0.00010645299265069784,45.60228569891707,298.3779344436407,579.6667873514095,-281.28885290776884,8.253022896656379,-2.5490744119797344,756.2914016803572
2024-12-27,43707.0,43863.6484375,43546.05078125,43721.3984375,15700,0.0013079595258284867,46.2853164588523,223.0891394874052,508.3512577786087,-285.26211829120354,7.79375511166176,-2.2243743049130584,724.9561341496175
2024-12-30,43674.05078125,44175.5,43259.80078125,43971.44921875,41600,0.005702892895659832,49.285842263123754,181.50693636514188,442.98239349591535,-261.47545713077346,7.338117035150756,-1.919501207284975,738.580640192502
2024-12-31,43622.3984375,43659.6484375,42574.44921875,43337.80078125,19800,-0.014515290486094528,42.7663813653418,96.3123783763076,373.6483904719938,-277.3360120956862,7.470970556583781,-4.119379462828887,785.6105944644661
2025-01-01,43290.6484375,43568.5,43249.80078125,43373.1015625,12800,0.0008142178721720688,43.21701988937146,31.28294508446561,305.1753013944882,-273.8923563100226,7.680612258966837,-4.359944150102199,752.2597819134328
2025-01-02,43401.6484375,44420.94921875,43325.8984375,44351.75,23700,0.02231269752951634,54.02462492256721,58.046279313537525,255.74949697829808,-197.70321766476056,7.585612298370062,-2.953719359480161,776.7448532946162
2025-01-03,44334.1484375,44337.1484375,43554.94921875,43726.55078125,27300,-0.01419667985617311,47.76946950765506,28.479765554962796,210.29555069363101,-181.81578513866822,7.764061587775756,-4.933602549485453,778.1774195771435
2025-01-06,43961.6484375,44331.1015625,43401.69921875,43674.8515625,22700,-0.0011830296401045147,47.28195004181363,0.866408088215394,168.4097221725479,-167.5433140843325,7.942650428822542,-4.33426921924458,788.9791998752046
2025-01-07,43836.3515625,44112.05078125,43293.6484375,43375.8515625,20000,-0.006869586691738925,44.456126409953704,-44.62971423574345,125.80183489088964,-170.4315491266331,8.208169614545502,-4.487404007596818,791.0808530091186
2025-01-08,43333.8984375,43725.94921875,42735.55078125,43634.25,20100,0.00593952179128398,47.38284147117875,-59.15324281734502,88.8108193492427,-147.96406216658772,8.18921528782246,-4.157110578801624,805.3178233298959
2025-01-09,43606.30078125,43838.6484375,43032.44921875,43126.44921875,21900,-0.011705912571082687,42.62906998368251,-110.36628915259644,48.97539764887488,-159.34168680147133,8.25488024536387,-4.065804823051239,805.3807801456177
2025-01-10,43731.5,44798.6484375,43731.5,44609.5,46400,0.03381036096873915,56.3900684404631,-30.92669003744959,32.99498011160999,-63.92167014905958,7.727822829477829,1.9155336775903093,867.2963829030735
2025-01-13,44390.6015625,44655.69921875,43927.3984375,43999.1015625,28700,-0.013777626152390098,50.97101524028491,-17.02799981860153,22.990384125567687,-40.018383944169216,6.748393302082858,0.3895880039122792,857.3681256421397
2025-01-14,43996.6015625,44007.55078125,42916.75,43061.19921875,38300,-0.02154687317953728,43.97771262913991,-80.7630819141632,2.239690917621509,-83.00277283178471,6.18262212205413,-1.3916064762195777,874.0418867569869
2025-01-15,43190.80078125,43447.69921875,42976.30078125,43401.25,16600,0.007865901038750256,46.82628264909261,-102.65104024358152,-18.738455314619095,-83.91258492896242,5.451315047334041,-0.602323411028473,845.2816403814878
2025-01-16,43696.44921875,44012.3515625,43095.0,43188.8515625,31300,-0.004905846272396073,45.27767153838908,-135.57337821969122,-42.10543989563352,-93.4679383240577,4.310104433098115,-1.2180462977671653,850.4294919613815
2025-01-17,42469.0,42495.05078125,41962.6484375,42032.19921875,34600,-0.02714642363818698,37.92259857273927,-252.09080003037525,-84.10251192258187,-167.98828810779338,4.747279478231097,-4.410248091557279,877.2704657498542
2025-01-20,42377.3515625,42478.5,41709.55078125,42192.80078125,54700,0.003813636263500363,39.394724422068784,-327.69502808684047,-132.8210151554336,-194.87401293140687,5.4790165632356125,-2.642035311804243,869.5332338212932
2025-01-21,42288.55078125,42536.69921875,41639.0,41697.94921875,32700,-0.011797660698895098,36.520884583736596,-422.6700319420488,-190.79081851275663,-231.87921342929218,6.5183569122790646,-3.8621917349768733,871.5450898876294
2025-01-22,41755.19921875,42635.3515625,41750.19921875,42590.69921875,49400,0.021183953050962944,44.400976041101,-421.04737078084145,-236.8421289663736,-184.20524181446785,6.688917263665363,-3.9706455354072836,876.2491794492273
2025-01-23,42750.44921875,43663.44921875,42741.19921875,43351.75,60000,0.01771117026065579,50.08904358064942,-354.26719078807946,-260.32714133071477,-93.9400494573647,6.6555487558492565,-0.8571469154404812,890.2849523457111
2025-01-24,43220.44921875,43959.1484375,43217.5,43524.1015625,36100,0.0039677720681662336,51.30404486703941,-284.1604614115495,-265.0938053468817,-19.066656064667768,6.618180140221385,-0.3451643099101832,879.6680584281603
2025-01-27,42986.8984375,43245.94921875,41961.1484375,42060.69921875,29700,-0.03420104911589527,41.96326175155316,-342.7338893340784,-280.6218221443211,-62.11206718975734,6.9311826603682345,-3.0319919871890124,928.4741346118632
2025-01-28,42097.05078125,42463.1484375,41731.25,41820.6484375,31300,-0.005723595132563707,40.655656311384675,-403.86830242911674,-305.2711182012802,-98.59718422783652,7.484344464459813,-4.1563715716438345,914.4330133895872
2025-01-29,42052.0,42968.3984375,42051.55078125,42914.5,29700,0.02581956484414968,48.52665474372942,-359.90433274656243,-316.19776111033667,-43.70657163622576,7.48421550799548,-0.4914599337286763,931.0985124331881
2025-01-30,42893.80078125,43025.8515625,42117.3515625,42426.6484375,24800,-0.011433098466028418,45.62046356090031,-360.2750870380405,-325.0132262958775,-35.26186074216304,7.136464347559808,-4.893243731716338,929.4843329736748
2025-01-31,42586.1015625,42967.75,42486.80078125,42662.75,27500,0.005549508464534863,47.266451571141886,-337.6255523713844,-327.53569151097884,-10.089860860405565,7.014589570842121,-3.0372246592393135,901.7427065112695
2025-02-03,41592.19921875,42375.25,41328.25,42314.25,27100,-0.00820226540919546,45.09663077494499,-343.8331756112311,-330.7951883310293,-13.037987280201833,6.973948663011393,-1.734622426457548,932.6539417604645
2025-02-04,42642.75,42931.1015625,42407.3515625,42860.19921875,32200,0.012819729408532187,49.04309406522659,-301.2268666753589,-324.88152399989525,23.654657324536345,6.903241478669549,-1.246624881195818,910.0966289561457
2025-02-05,43060.6484375,43250.75,42818.1015625,42888.30078125,21900,0.0006554415180683753,49.245325202018435,-262.17135050993966,-312.3394893019041,50.16813879196445,6.715217951806639,-0.6958989886893916,875.9931867092781
2025-02-06,43197.30078125,43431.80078125,42838.1484375,43020.94921875,26500,0.003088108507893085,50.249022930545266,-218.00294994717115,-293.4721814309575,75.46923148378636,6.699574013810206,2.3523632319455983,855.8259836407582
2025-02-07,43106.1484375,43133.3515625,42623.44921875,42921.6484375,19200,-0.0023108639521646377,49.460488782113586,-188.83514345272124,-272.54477383531025,83.70963038258901,5.533943396968647,1.7274218415334295,831.1171522199896
2025-02-10,42956.44921875,42973.6484375,42511.25,42596.55078125,21600,-0.007603041815067515,46.8674440408981,-189.76462212855404,-255.98874349395902,66.22412136540498,4.847717959542505,2.1550257970383173,804.7801011685617
2025-02-11,42616.8984375,42790.25,41866.6015625,41968.30078125,21500,-0.014858692403303944,42.25689610056907,-238.44709548279934,-252.4804138917271,14.033318408927755,4.985343716496504,-1.4613482495398835,813.2706966208073
2025-02-12,42039.5,42263.05078125,41591.19921875,41733.0,23600,-0.005622407272135345,40.6441897429331,-292.6417213103996,-260.51267537546164,-32.12904593493795,5.01416153814117,-3.733989977336555,803.1693298978925
2025-02-13,41787.0,41944.69921875,41182.3984375,41315.55078125,21300,-0.010053221415371936,37.88198777193519,-365.0677422287772,-281.42368874612475,-83.64405348265245,5.406874704840854,-5.074316762354191,800.2501478516144
2025-02-14,41547.05078125,41606.75,40958.0,41311.1484375,18600,-0.0001065598358832782,37.85277184772247,-418.00264367787895,-308.7394797324756,-109.26316394540333,5.8418293227949665,-1.7820692360622052,789.4287087193562
2025-02-17,40968.80078125,41254.8984375,40592.5,41073.19921875,17400,-0.005776579828422865,36.226481656301196,-473.69399823284766,-341.73038343255007,-131.9636148002976,6.456286197831737,-1.787273145386652,784.3729750608308
2025-02-18,41097.44921875,41530.30078125,41039.25,41464.3515625,23200,0.009478237926190316,40.734142815368735,-480.72556770488154,-369.52942028701636,-111.19614741786518,6.580491802216865,-3.379157248715469,763.4213897886285
2025-02-19,41373.5,41403.25,40785.05078125,40924.25,20800,-0.013111262709258964,36.85996149586077,-523.8413029869043,-400.391796826994,-123.44950615991036,7.180811585043469,-3.5411669147357454,757.4127748930122
2025-02-20,40725.3984375,41004.8515625,40701.1015625,40865.94921875,17400,-0.0014256180246784143,36.45688769045086,-556.302510581234,-431.573939577842,-124.72857100339195,7.335527385746469,-4.211638446302688,725.0082909720828
2025-02-21,40821.6484375,40905.3984375,40417.44921875,40544.55078125,18400,-0.007895790033396109,34.23436576175099,-601.034072678427,-465.465966197959,-135.56810648046803,7.4064888370457105,-4.182277173174522,708.0755000990769
2025-02-24,40100.25,40186.5,39306.69921875,39446.6015625,32200,-0.027453490680832287,27.962867037461734,-716.8164698608089,-515.736066930529,-201.0804029302799,9.111774654228313,-7.964493209253814,745.9166474134284
2025-02-25,39085.6015625,39518.19921875,39066.3984375,39131.30078125,24900,-0.008025219917228333,26.463578898376994,-824.5125246206662,-577.4913584685564,-247.0211661521098,10.768403761212959,-8.759964679324609,724.9083712588979
2025-02-27,38971.6015625,39237.69921875,38742.8984375,38946.6484375,31400,-0.0047299574299449355,25.597966757078595,-914.2237228698941,-644.837831348824,-269.3858915210701,11.935560490080736,-9.47050415027635,708.4721148296909
2025-02-28,38620.69921875,38642.0,37167.30078125,37318.30078125,50700,-0.042708876903178324,19.53095076525058,-1103.9884493714853,-736.6679549533562,-367.3204944181291,14.738195323931421,-13.054828647621184,784.9632249311416
2025-03-03,37408.6484375,37930.1484375,37369.69921875,37614.44921875,30400,0.007904420415404078,23.10071054059432,-1216.4590754126548,-832.626179045216,-383.8328963674388,16.369006548138884,-11.6960210888554,772.5978271682028
2025-03-04,37228.80078125,37537.19921875,36797.3984375,37276.94921875,26600,-0.009013112101155494,21.907930167384905,-1317.6373827051648,-929.6284197772059,-388.0089629279589,18.005863609807207,-11.178321435867938,775.7730381740455
2025-03-05,37287.25,38381.75,37287.25,38072.30078125,31500,0.021111851906827208,30.95554302593726,-1318.445477362191,-1007.3918312942029,-311.0536460679881,18.33644565842735,-8.771713557017229,799.2750198223279
2025-03-06,38226.1015625,38347.1015625,37912.0,38145.30078125,30200,0.0019155686042504623,31.737277180816278,-1298.2302184483342,-1065.5595087250292,-232.67070972330498,18.299739987668456,-7.673260891002659,773.2626300135901
2025-03-07,38028.1484375,38048.3515625,37625.05078125,37820.44921875,22900,-0.008552631749733522,30.103852442381466,-1293.5114910263874,-1111.149905185301,-182.36158584108648,18.03945182938095,-8.449775304676194,755.1902992983336
2025-03-10,37791.6015625,38037.30078125,37564.3984375,37644.3984375,20500,-0.004665777672530757,29.22597055957722,-1289.117547635673,-1146.7434336753754,-142.37411396029756,17.575647903471836,-8.348024615732259,735.026873902024
2025-03-11,37185.25,37500.80078125,36826.8984375,37400.1015625,28500,-0.006510743304934788,28.005514349705308,-1290.4722709319976,-1175.4892011267,-114.98306980529765,17.12876690523062,-9.801793219589793,740.9178114804508
2025-03-12,37181.8515625,37201.55078125,35828.80078125,36310.6484375,44900,-0.02956237635253057,23.327183915026794,-1363.7353687176437,-1213.1384346448888,-150.59693407275495,17.623480908046457,-11.273515244628795,800.2308807497044
2025-03-13,36378.19921875,36592.94921875,35948.25,36122.5,23400,-0.005195103753505519,22.62427545557621,-1420.603080017303,-1254.6313637193716,-165.97171629793138,17.998816856738355,-11.607338895663345,789.1214763211541
2025-03-17,35828.05078125,36170.25,35828.05078125,36137.19921875,29600,0.00040684417764482133,22.819943484097095,-1447.795758542481,-1293.2642426839936,-154.5315158584874,18.243603937864357,-10.87039189625995,757.1984579232145
2025-03-18,36242.1484375,36681.1484375,36008.8515625,36619.3515625,29900,0.013254047830794754,29.148958040885404,-1414.13917146343,-1317.439228439881,-96.69994302354917,17.787138476949398,-7.167284095489055,751.1340591429849
2025-03-19,36581.6484375,36581.6484375,35804.6015625,36223.5,36900,-0.01086875241214703,27.178406676026157,-1403.2324068406597,-1334.5978641200368,-68.6345427206229,17.409660681451026,-7.430881987555319,755.678054918486
2025-03-20,36444.55078125,37109.8515625,36444.55078125,36676.6484375,37100,0.012432190708127242,32.78052940737258,-1342.5473750781966,-1336.1877663116688,-6.359608766527799,15.949112447151148,-5.828486124146995,765.0118768885942
2025-03-21,35942.5,37033.8984375,35674.3984375,36702.80078125,53100,0.0007127975239859291,33.10039740570042,-1277.6162102349263,-1324.4734550963203,46.857244861394065,14.555783676731703,-1.6493248275367574,807.4753142536946
2025-03-24,36944.8984375,37469.8515625,36539.94921875,37217.05078125,27900,0.013913942887482484,39.22463009657363,-1171.1616940729946,-1293.8111028916553,122.64940881866073,12.521127409320751,-1.0565047362222317,816.2201020748593
2025-03-25,37542.3984375,38073.05078125,37406.0,37706.8984375,36100,0.013076049540260912,44.441940013142585,-1035.334420295716,-1242.1157663724675,206.78134607675156,10.256598914098811,1.1533916475486117,819.0615233552264
2025-03-26,37719.44921875,37929.3984375,37216.6015625,37336.69921875,23500,-0.00986632393366052,41.539648770319694,-946.649919312993,-1183.0225969605726,236.37267764757962,9.007059162072474,-1.9321174381514448,811.4711913298531
2025-03-27,37168.1484375,37627.6015625,37160.0,37548.30078125,35100,0.005651388814334162,43.79888163067345,-849.4998304312321,-1116.3180436547045,266.8182132234724,7.883405053368497,-1.5650682725601952,786.9090749848637
2025-03-28,37376.6015625,37540.80078125,36767.25,36886.1484375,28900,-0.017792025546652473,38.752058480949415,-816.5254482682358,-1056.3595245774109,239.8340763091751,6.718876929439121,-2.470358762388279,786.4906254323733
2025-04-01,36422.8515625,36538.6015625,35890.3984375,35980.6484375,31000,-0.024854848950718066,33.13004028834733,-853.6193032884767,-1015.8114803196241,162.19217703114748,7.239397350684894,-4.4196482585909305,801.4377236157752
2025-04-02,36024.44921875,36368.8515625,35970.69921875,36283.5,21600,0.00838184195407748,36.45077204878007,-848.7944861016149,-982.4080814760223,133.6135953744074,7.348132629114482,-2.9855575676285975,772.631625053934
2025-04-03,35676.44921875,35686.55078125,34642.3984375,34757.25,38300,-0.042974909135689944,28.71235556938133,-957.093623791654,-977.3451899391487,20.251566147494714,9.044164522104317,-4.278079583662075,834.6651920143673
2025-04-04,34224.6015625,34361.6484375,33418.6484375,33511.44921875,42300,-0.036501035177852956,24.196802477874726,-1130.416445001334,-1007.9594409515859,-122.4570040497482,11.649521000015538,-7.22832246176206,870.6606470490553
2025-04-07,31307.94921875,32835.1015625,30918.94921875,32668.80078125,56200,-0.025466630258802622,21.70977822448667,-1320.5482578294104,-1070.4772043271507,-250.0710535022597,14.529271510385867,-9.597861794724812,993.6491722598372
2025-04-08,33232.3984375,33742.8515625,32859.05078125,33244.3984375,42300,0.01746576695760183,27.21318998884641,-1408.5463237023578,-1138.0910282021923,-270.45529550016545,15.960336097836391,-9.216310450609171,999.3921443305632
2025-04-09,32710.25,32762.30078125,32200.25,32517.349609375,41900,-0.022112503832859495,24.83813977236376,-1519.4370644651863,-1214.360235454791,-305.07682901039516,17.839036199353554,-10.23134261080514,1002.5890224140943
2025-04-11,32926.6484375,33210.80078125,32526.0,32740.849609375,41400,0.006849740769448516,26.948804736298968,-1571.1726925333205,-1285.7227268704971,-285.4499656628234,19.072727268070388,-10.731075482079346,980.5077473755875
2025-04-15,33504.1484375,33520.6484375,32932.94921875,33275.30078125,31500,0.016191881695515466,31.87533706457171,-1551.1669208413077,-1338.8115656646594,-212.35535517664835,19.933492708967286,-9.338524382452505,966.1713960005455
2025-04-16,33215.94921875,33387.44921875,32867.94921875,33295.5,35800,0.0006068492231680368,32.061820019040425,-1516.2044335943938,-1374.2901392506062,-141.91429434378756,20.66056223176254,-10.53697350792149,934.2662962862208
2025-04-17,32832.6484375,33471.55078125,32470.94921875,33372.3515625,82800,0.0023055069194515177,32.81536219943497,-1465.4028795280683,-1392.5126873060985,-72.89019222196976,21.2027474208522,-11.495368366572514,939.0045295872051
2025-04-21,33299.6015625,34528.55078125,33283.8515625,34135.05078125,100,0.022596978889291644,39.93562326380416,-1348.0592413190825,-1383.6219981086954,35.56275678961288,21.117182346213074,-8.575070920817163,960.8398645274046
2025-04-22,34075.6015625,34130.30078125,33789.1484375,33941.05078125,37700,-0.005699519235483941,38.80896776539293,-1256.2366274366213,-1358.1449239742808,101.90829653765945,21.161184645923512,-9.606959369520403,916.9157559004472
2025-04-23,34700.1015625,35522.75,34648.44921875,35414.6484375,71800,0.04250031292562826,50.2826007071189,-1052.4277963755812,-1297.001498454541,244.57370207895974,20.770599778339594,-3.9893023867572244,964.4002889611295
2025-04-24,35463.6015625,35572.0,35197.30078125,35307.1015625,43600,-0.0030414111048533607,49.55233508834369,-889.3342715115141,-1215.4680530659357,326.1337815544216,20.31477142002351,-1.87196980668645,922.2787839460489
2025-04-25,35487.30078125,35941.44921875,35068.1484375,35562.25,46200,0.007200560871140859,51.3572672708081,-731.0658593358312,-1118.5876143199148,387.5217549840836,19.498537978923324,-1.987818154257445,918.7803551820454
2025-04-28,35541.55078125,35679.3515625,35089.75,35482.94921875,29000,-0.0022324045834438647,50.74952279639876,-605.0611444906535,-1015.8823203540626,410.82117586340905,18.085113386504993,2.087907468945328,895.267584276185
2025-04-29,35565.75,36157.19921875,35416.8984375,35920.3984375,33700,0.012253058329078028,53.984408801056844,-464.5479841334309,-905.6154531099363,441.06746897650544,17.04466683961825,7.188436414746779,884.1985269171718
2025-04-30,35913.69921875,36206.55078125,35440.80078125,35794.94921875,32300,-0.003498535552163434,52.91111056781752,-359.1726766981883,-796.3268978275868,437.1542211293985,15.555368507376787,9.569216998299577,875.7379178516595
2025-05-02,35868.5,36300.6015625,35637.3984375,35891.8515625,31300,0.0027034935780241454,53.67723192924785,-264.7904377338491,-690.0196058088393,425.2291680749902,14.733717474571343,7.963606650838499,860.5568612193981
2025-05-05,36042.6015625,36352.3984375,35949.3515625,35991.25,21200,0.0027655596014079654,54.49507038977228,-179.89746418361756,-587.9951774837949,408.09771330017736,14.740911572934815,10.683221210696237,831.9847193465839
2025-05-06,36129.30078125,36314.19921875,35778.80078125,35869.19921875,21800,-0.003396886602776401,53.25183519573048,-121.07200632592867,-494.6105432522217,373.53853692629303,14.437326426349244,9.55488219364726,810.7999849289707
2025-05-07,35479.1015625,36042.25,35440.6484375,35920.30078125,24900,0.0014236502867681319,53.727821355654335,-69.52746875850426,-409.59392835347825,340.066459594974,14.880186247944982,7.9488387419488244,795.8572404697586
2025-05-08,35960.94921875,36240.25,35832.80078125,36002.44921875,30700,0.002284352954321395,54.5293349198563,-21.798084268259117,-332.0347595364344,310.2366752681753,15.051309539026436,8.130075291706087,768.1138103469186
2025-05-09,35490.8984375,35929.30078125,35488.3984375,35880.1015625,22100,-0.0034041021935477173,53.05532324444241,6.085216862484231,-264.4107642566507,270.4959811191349,14.369262973204885,7.514453979377109,749.9664511257103
2025-05-12,36656.6484375,38356.1015625,36600.75,38282.55078125,43200,0.06481133139111317,70.12991745888027,219.5101315875654,-167.62658508780748,387.1367166753729,16.12398602633953,12.15026755512599,873.2545617595881
2025-05-13,38326.3984375,38326.3984375,37304.94921875,37354.6015625,36600,-0.024538094065570042,60.91405053919466,310.1974048013799,-72.06178710997001,382.2591919113499,15.590543888111547,10.057292578389301,883.8398944017605
2025-05-14,37480.6015625,37913.80078125,37379.1484375,37853.55078125,22000,0.013268682277381013,63.677936975064355,417.51589095406234,25.853748502836467,391.66214245122586,15.262575722773185,6.886704940906559,860.651274712349
2025-05-15,37929.1015625,38377.3515625,37456.75,38293.80078125,37300,0.011563236183093748,65.9648759072125,531.958968242303,127.07479245072977,404.88417579157317,15.425708836112923,8.459202501975414,864.9334381257528
2025-05-16,38351.8984375,38351.8984375,37814.8984375,37972.3515625,18000,-0.008429719145091514,62.85309902999358,589.9174646989923,219.64332690038228,370.27413779861,14.825511403552479,6.777134637150349,841.5096211167704
2025-05-19,37845.6015625,37917.19921875,37429.6015625,37477.80078125,21700,-0.013109525922607716,58.29668908930081,589.1524925958438,293.5451600394746,295.6073325563692,13.519346588904172,5.622000443654991,820.1696481798582
2025-05-20,37722.19921875,38019.05078125,37234.19921875,37283.5,25400,-0.00519790899012598,56.56181574034457,566.3393895367262,348.10400593892496,218.23538359780127,12.603621839350465,3.7947840831212942,817.646927774154
2025-05-21,37418.25,37618.8984375,37112.6015625,37540.1015625,14600,0.006858867071501877,58.32566706453603,562.4815059201865,390.97950593517726,171.5019999850092,11.228573202021435,4.875415056702636,795.407638290286
2025-05-22,37246.25,37316.30078125,36868.55078125,37050.1484375,25400,-0.013137378457899042,53.8309507969988,513.9643221075676,415.57646916965535,98.38785293791221,10.882845102990087,3.2271861845383167,786.5607199302656
2025-05-23,37108.69921875,37826.3984375,37062.80078125,37403.55078125,17900,0.009493282444712594,56.43857057461563,498.2867801933244,432.1185313743892,66.16824881893518,10.462840489496932,3.9240114784843536,785.8242399352466
2025-05-26,37491.1015625,37819.6484375,37442.8515625,37785.8984375,10600,0.010170335224356356,59.12819037081385,510.8259916685565,447.8600234332227,62.96596823533383,10.275791468016836,5.343579618437868,759.4151982434432
2025-05-27,37777.8984375,37798.69921875,37323.30078125,37501.44921875,22400,-0.007556397750428054,56.341136459405284,492.1376756116224,456.7155538689027,35.422121742719696,9.762154620868465,4.401824046878088,739.1282867617687
2025-05-28,37751.3984375,37777.5,37440.69921875,37465.75,14900,-0.0009523957629594541,55.98447429841508,469.03962506147946,459.1803681074181,9.85925695406138,9.460982093468706,4.064447872307299,710.3906077966423
2025-05-29,37762.1484375,38121.3984375,37585.05078125,37754.1484375,29700,0.007668179741405903,58.28206723785224,468.6038240599519,461.06505929792485,7.538764762027029,9.060831710951108,5.22308129963226,706.4804527754535
2025-05-30,37646.3984375,37665.44921875,37241.25,37321.75,39500,-0.011519095414601931,53.75168184416248,428.4288473600682,454.53781691035357,-26.108969550285394,8.518445049464656,-2.5097616580987605,692.6531659700639
2025-06-02,37147.8515625,37172.6015625,36770.1484375,37061.8515625,19000,-0.006988085806069186,51.17668564087016,371.3377070982169,437.8977949479263,-66.56008784970936,7.981879722741725,-0.7837053207760338,682.578051436488
2025-06-03,37199.6484375,37367.3515625,36740.55078125,36814.8984375,24300,-0.0066855687299306275,48.78519795951915,302.67644812270737,410.8535255828825,-108.17707746017516,7.305966480051428,-2.7438703168223673,678.5939607088816
2025-06-04,36831.30078125,37088.5,36762.80078125,36938.1015625,20100,0.0033409688988969032,50.03953527470165,255.26087971599918,379.7349964095059,-124.47411669350674,6.53900318946438,-3.5402576685827394,653.3871934261043
2025-06-05,37034.44921875,37408.25,36886.25,37107.94921875,23500,0.004587630328621596,51.792432992139936,228.7520749988762,349.53841212737996,-120.78633712850376,5.6755543012651,-2.276399296280744,644.0023938956683
2025-06-06,37134.1484375,37356.30078125,36910.94921875,37294.8515625,15100,0.005024077989710389,53.716823202971575,220.28579587579588,323.6878888770632,-103.4020930012673,4.279037751382167,-0.4881535600710295,629.8130487959778
2025-06-09,37522.5,37786.25,37445.30078125,37669.19921875,18600,0.009987474371975983,57.38605167365886,241.00478286340513,307.1512676743316,-66.1464848109265,3.8403276649305167,1.0345037851864767,619.926290846265
2025-06-10,37871.6015625,38567.75,37825.1484375,38300.0,37600,0.01660713250658324,62.74562981652743,304.81140441650496,306.6832950227663,-1.8718906062613314,4.30647580743507,2.024231171124712,639.8280401608174
2025-06-11,38355.5,38834.75,38215.0,38784.30078125,42400,0.012565649522307498,66.2547563693376,389.9623935459458,323.3391147274022,66.62327881854361,5.192786387622782,4.68055437530931,638.3938944350448
2025-06-12,38732.94921875,38891.05078125,38227.25,38460.30078125,38400,-0.008388984953530113,62.04421786433233,426.3859617408598,343.94848413009373,82.43747761076605,5.340854641243209,2.8252665266468164,640.2086720646845
2025-06-13,37769.5,38687.55078125,37722.19921875,38469.25,24700,0.00023266010783865013,62.11583272059451,450.7777438822741,365.31433608052987,85.46340780174421,5.674322693090446,1.808483034035308,663.4331642386356
2025-06-16,38440.8515625,39258.3984375,38369.05078125,39073.05078125,25400,0.015573770162965897,66.6833457179145,512.9174902878585,394.8349669219956,118.08252336586293,6.6307338913737555,4.190775543986789,679.5699136680188
2025-06-17,39123.0,39499.1484375,38977.94921875,39356.1015625,24100,0.007218030584333274,68.59486250372044,578.3368127248541,431.53533608256737,146.80147664228673,7.616259904230939,5.045545765132154,668.2577211738745
2025-06-18,39220.3515625,39572.5,38963.80078125,39030.8984375,18500,-0.008297421530994097,64.04814153993831,597.0584050874604,464.63994988354597,132.41845520391445,8.121272351819485,3.381747576994333,664.003542429312
2025-06-19,38945.3515625,38966.80078125,38429.3984375,38664.94921875,30200,-0.00942011538418535,59.28592529680471,575.7297046725507,486.8579008413469,88.8718038312038,8.08733189824477,3.598971695459082,659.5390036843611
2025-06-20,38674.19921875,39041.05078125,38454.05078125,38991.44921875,34000,0.008408886594057604,62.000649982867905,578.5037461745669,505.1870699079909,73.316676266576,8.333205261894863,5.206425407527155,654.3576462783352
2025-06-23,38642.1484375,38646.5,38278.69921875,38414.1015625,21900,-0.014917750917376925,55.01507958813762,528.0282819391214,509.75531231421706,18.272969624904306,8.36463556083107,4.343902042035886,658.5285286870255
2025-06-24,38852.6484375,38936.55078125,38380.0,38417.94921875,25900,0.00010015758304231061,55.05142629662584,482.77149727387587,504.35854930614886,-21.587052032272993,8.30175985081469,4.00629050669014,651.2444038700951
2025-06-25,38635.0,39109.25,38605.5,39046.30078125,20000,0.016223363529735992,60.643870162587135,491.9371439347233,501.87426823186377,-9.937124297140485,8.437288313262952,5.223548062636091,654.1055736829455
2025-06-26,38996.6484375,39103.3515625,38760.1484375,38996.25,27500,-0.001282653824379884,60.00346489945799,489.5194299204668,499.4033005695844,-9.883870649117625,8.580134900847193,4.562019598465858,631.8982559198779
2025-06-27,39125.75,39357.75,38707.1484375,38822.94921875,39100,-0.004453941173358411,57.73022345719686,468.22207679054554,493.16705581377664,-24.9449790232311,8.393371854579703,3.062847164071691,633.2342063898866
2025-06-30,38945.8515625,39011.94921875,38652.30078125,38950.0,21000,0.0032672258297005525,58.95783510118189,456.33535729513096,485.8007161100476,-29.465358814916613,7.962151123101378,1.6971279373368149,613.6923657548947
2025-07-01,39004.6484375,39282.94921875,38725.25,38833.1484375,17400,-0.0030045492565410428,57.30930066525986,432.5005053281202,475.14067395366214,-42.640168625541946,7.059464882717855,0.12594698180975086,609.6928552545451
2025-07-02,39080.30078125,39519.5,38738.8515625,38879.1015625,27500,0.0011826483046379617,57.80892353709174,412.5634716750137,462.6252334979325,-50.06176182291881,6.052069690395782,1.0889170722610988,621.9039682720776
2025-07-03,39009.8515625,39203.69921875,38803.75,38854.30078125,22500,-0.0006380984581592472,57.41835720826969,390.2633006883989,448.1528469360258,-57.889546247626924,4.948621042918263,1.0009313445154246,606.0500575919292
2025-07-04,38968.1015625,39191.8984375,38784.3984375,39166.55078125,16200,0.008004313228435938,60.99173037259112,393.2530436397501,437.1728862767707,-43.91984263702062,3.8434197317309704,0.23929536632155657,591.8679106210772
2025-07-07,39146.1484375,39176.6484375,38799.69921875,38866.94921875,14500,-0.007678831134113942,56.12498620861387,367.21407893052674,423.181124807522,-55.96704587699526,2.846419901298121,-1.2428882036834743,576.5165754874288
2025-07-08,38837.0,39238.19921875,38732.55078125,38983.25,18500,0.002987811693107312,57.54129372670959,351.9059600252367,408.926091851065,-57.02013182582829,2.584647386581711,-0.12207876171823005,571.4545656311839
2025-07-09,38986.80078125,38999.75,38540.6484375,38680.8515625,24200,-0.00778738077484483,52.77128112649415,311.7791429623976,389.49670207333156,-77.71755911093396,2.6098820241123546,0.041128577875613484,563.4293511218136
2025-07-10,38713.80078125,38715.19921875,38197.3515625,38376.6484375,22300,-0.007895524908443492,48.422606826738644,252.52079890503956,362.10152143967315,-109.5807225346336,2.681792745082403,-1.5767579650626524,560.1735157738269
2025-07-11,37702.55078125,37990.80078125,37558.1015625,37693.25,40700,-0.017968127680195366,40.37345446334018,148.69947679281904,319.4211125103023,-170.72163571748325,3.6514547400162662,-1.8765284965136297,578.6287557185535
2025-07-14,37643.3515625,37664.19921875,37016.1015625,37273.69921875,30900,-0.011193070170036715,36.37576252571702,32.194965787028195,261.9758831656475,-229.78091737861928,4.966025688532367,-2.9784255101298984,585.6658758457997
2025-07-15,37077.0,37664.8984375,37048.94921875,37424.6015625,38900,0.004040320795830607,38.72586467466369,-47.41259764528513,200.09818700346096,-247.5107846487461,5.523608621146231,-4.153272362048542,587.8289717675283
2025-07-16,37325.69921875,37758.5,37258.05078125,37660.75,30700,0.006290154103478873,42.31664187830993,-90.40482927863195,141.9975837470424,-232.40241302567435,5.842418558083754,-3.4246882713081384,581.5875608377048
2025-07-17,37552.8515625,37666.55078125,37060.69921875,37138.55078125,32600,-0.013962903326126624,37.13433901163536,-164.71486491127143,80.65509401537963,-245.36995892665107,6.658302823341154,-4.338666874608537,583.320703813583
2025-07-18,37366.69921875,37419.6015625,36951.8515625,37141.8984375,49800,9.013559523328339e-05,37.1874454740745,-220.7908363196184,20.365907948380034,-241.15674426799842,7.196616433500261,-4.642109274711168,575.0656535411842
2025-07-21,37109.80078125,37164.8515625,36780.05078125,37031.75,25900,-0.0029700175409632093,36.106650644906296,-270.99563700912404,-37.90640104312078,-233.08923596600326,7.834194574459319,-4.63881634629564,561.4753055203854
2025-07-22,36963.6484375,37121.0,36827.3984375,36858.8984375,24800,-0.004678586030927934,34.41624828525664,-321.0303418284384,-94.53118920018431,-226.49915262825408,8.511925595540475,-5.196115763509678,542.341466733215
2025-07-23,36958.30078125,37086.6015625,36745.19921875,36951.5,25700,0.0025091752122989594,36.14110867535623,-349.1858367230161,-145.46211870475068,-203.72371801826543,8.778597709489944,-4.897271969872222,527.9886722344139
2025-07-24,36949.30078125,36974.05078125,36097.6484375,36135.80078125,48500,-0.022322156659496835,28.924675390174443,-432.33568251822726,-202.83683146744602,-229.49885105078124,9.656140326999232,-7.73810800171583,552.8753630569557
2025-07-25,35998.0,36271.1015625,35531.6484375,35623.75,34100,-0.014271535056003204,25.484609343699645,-533.4020265028666,-268.94987047453014,-264.4521560283365,10.884002386615043,-8.344362714183475,566.2023460528875
2025-07-28,35521.69921875,35566.55078125,35049.8984375,35370.05078125,28700,-0.007147111322273925,23.96389884303325,-626.7445182828233,-340.50880003618875,-286.2357182466345,11.954031293164444,-9.26859412375828,566.7487186562527
2025-07-29,35270.8984375,35438.75,35101.5,35373.25,37000,9.04458434042333e-05,24.025465575026388,-692.4785041556243,-410.9027408600759,-281.57576329554837,12.738077380082293,-8.551005029337635,550.3559530379489
2025-07-30,35453.05078125,35531.55078125,35258.0,35481.69921875,20900,0.0030611638179988227,26.206739150560423,-727.4367775841165,-474.209548204884,-253.22722937923248,13.111101063926691,-7.543517572840417,530.5841550530954
2025-07-31,35218.8515625,35589.0,34999.25,35301.6484375,25100,-0.005087387797945642,24.92715718962195,-760.8988857251388,-531.547415708935,-229.35147001620385,13.387477616346244,-6.344906747229278,534.8102868350171
2025-08-01,35118.6015625,35166.3984375,34586.8984375,34649.6015625,24500,-0.018643434143061348,20.939715147945407,-830.4595600723842,-591.3298445816249,-239.12971549075928,13.676210469921704,-7.040078423259866,547.6631234896588
2025-08-04,34558.69921875,35219.8515625,34324.8515625,35203.3515625,23000,0.01585506626310553,31.029960177827576,-831.3209481213926,-639.3280652895785,-191.9928828318141,13.382497817387979,-5.935266929403265,572.4729003832546
2025-08-05,35196.75,35196.75,34854.30078125,35034.5,27900,-0.004808002637339573,29.781800037903267,-835.9917221128198,-678.6607966542268,-157.33092545859301,12.750106398826922,-6.973440518311505,556.5141775880221
2025-08-06,34957.94921875,34990.3515625,34347.44921875,34426.25,25900,-0.017513935501695086,25.761792351122025,-878.645556754389,-718.6577486742593,-159.98780808012964,12.540580876664748,-7.303194993325773,565.8382207067349
2025-08-07,34284.94921875,34808.05078125,34224.55078125,34726.80078125,25200,0.008692390871020238,30.73685522030388,-878.0751875931746,-750.5412364580425,-127.53395113513216,11.993772336422985,-6.502353831789108,567.0997763705395
2025-08-08,34603.0,34643.75,34350.8515625,34398.5,30100,-0.009498786869662138,28.490828531509464,-893.8109984344701,-779.1951888533281,-114.615809581142,12.04336368389989,-7.110790065281819,553.4461651119296
2025-08-11,34367.25,34624.3984375,34228.0,34544.6484375,17400,0.004239686168375638,30.911135653808685,-884.2951800231167,-800.2151870872859,-84.07999293583077,12.065209338308385,-6.2786738022683215,542.2284702825061
2025-08-12,34589.8515625,35072.5,34561.30078125,34674.30078125,29700,0.0037461561274282685,33.0751832194709,-856.4196916806322,-811.4560880059552,-44.963603674677074,11.684327314675675,-6.162670578325643,541.2015482980414
2025-08-13,34756.6484375,34842.1484375,34552.8515625,34692.94921875,24700,0.0005376726899008026,33.39832318364893,-823.3325284017046,-813.8313760851051,-9.501152316599473,10.790520788170676,-3.9928589689609453,523.2083573481813
2025-08-14,34732.25,35332.19921875,34732.25,34833.19921875,37800,0.00403445878673394,35.904857767467774,-776.8387961643384,-806.4328601009519,29.594063936613452,10.116016582651435,-2.2191677778167653,531.4970461090254
2025-08-18,35152.69921875,35158.69921875,34514.0,34634.94921875,21900,-0.005707667259476499,33.959307854098284,-747.3740339138167,-794.621094863525,47.24706094970827,9.27636741064116,-2.0783163898924464,539.5829155833807
2025-08-19,34618.8515625,34825.30078125,34549.05078125,34756.69921875,16700,0.003509071413433463,36.24411679788282,-706.0597725048501,-776.90883039179,70.84905788693993,8.208834461764473,-1.7429859604362052,520.7734216131391
2025-08-20,34647.19921875,35773.6484375,34647.19921875,35690.05078125,41800,0.026499623639714445,50.408723835905086,-591.1893886658581,-739.7649420466038,148.57555338074565,7.115565670117023,0.5872085246410589,564.0359785514863
2025-08-21,35918.80078125,35922.55078125,35461.44921875,35723.8984375,24200,0.0009479284972983507,50.83530886085931,-491.75392574453144,-690.1627387861894,198.40881304165794,5.563046748037737,1.1961197810566122,556.6835202620945
2025-08-22,35735.44921875,35767.1484375,35415.3984375,35440.8515625,27600,-0.007954735105436435,47.18040129626424,-430.823853076894,-638.2949616443304,207.47110856743643,4.928071898977816,2.283576042202866,542.0454116719449
2025-08-25,35795.5,36445.30078125,35795.5,36280.1015625,39100,0.023404270914952875,57.04246775625068,-311.22822516832093,-572.8816143491285,261.6533891808076,5.655439305637469,3.058657634027655,575.0742550346631
2025-08-26,36106.80078125,36324.30078125,35998.94921875,36063.19921875,46100,-0.00599649148859624,54.224562035088205,-231.2839375599724,-504.56207899129737,273.27814143132497,6.136779115834636,2.9362463250510213,557.2369198536157
2025-08-28,36017.1484375,36018.94921875,35444.19921875,35488.80078125,22800,-0.016055757402570696,47.52854755268899,-211.83476778066688,-446.01661674917125,234.18184896850437,6.17618268649816,3.0864551940742895,561.6485684355004
2025-08-29,35491.6015625,35575.19921875,35130.3515625,35181.25,28100,-0.008703905529037988,44.36924894062119,-218.71670827801427,-400.5566350549399,181.8399267769256,6.103581504657699,1.3086411893011758,553.3056461365361
2025-09-01,35255.30078125,35787.69921875,35255.30078125,35740.6484375,14500,0.015775382523402125,50.778144743137545,-176.9916671203464,-355.8436414680212,178.8519743476748,6.29419648572395,3.901764430135035,557.1016156089264
2025-09-02,35767.0,36061.1015625,35541.19921875,35737.8984375,16900,-7.69461641733387e-05,50.74719361765957,-142.50348197264975,-313.1756095689469,170.67212759629717,6.348348666508804,3.454225340167785,554.4445247618603
2025-09-03,35807.94921875,35832.0,35293.1015625,35474.94921875,15400,-0.007384915010167665,47.75011644370718,-134.83485884299444,-277.5074594237565,142.67260058076204,6.3924107645879,2.309054312446144,553.3340899574417
2025-09-04,35580.6015625,35599.30078125,35093.3984375,35143.1015625,17400,-0.009398449695909637,44.202139870644714,-153.7622764469197,-252.75842282838914,98.99614638146943,6.381407935205867,1.2975326511206855,549.9461080854816
2025-09-05,35234.75,35331.5,34343.3984375,34635.8515625,23500,-0.014539023949086294,39.38484299427122,-207.30356059304177,-243.66745038131967,36.3638897882779,6.238557154197013,-0.5665504767755348,581.2429262579471
2025-09-08,34744.8984375,34912.8515625,34259.3984375,34310.44921875,19600,-0.009439368210242086,36.62714626476812,-272.8474481224257,-249.50344992954086,-23.34399819288484,6.52240676025084,-0.9369149004680176,586.4007975966651
2025-09-09,34773.05078125,35304.8515625,34770.3515625,35255.94921875,35900,0.02718433745695618,48.01670136401479,-245.66562270388386,-248.73588448440947,3.0702617805256125,6.195436112471506,1.4364137309410336,615.5437651790462
2025-09-10,35428.8984375,36255.19921875,35426.6015625,36183.80078125,36500,0.025977239265555105,56.314171947049005,-147.5530636414478,-228.49932031581716,80.94625667436935,6.362394322892766,1.3834387712874727,642.9513533805429
2025-09-11,36265.94921875,36278.19921875,35829.8515625,36003.5,22600,-0.0049953704939758705,54.49391099229097,-83.38570147125574,-199.4765965469049,116.09089507564914,6.361842205870909,0.7826737134783065,629.0510892997899
2025-09-12,36331.44921875,36356.6484375,36025.30078125,36110.75,24600,0.0029744489909595846,55.417054218490044,-23.60630716160813,-164.30253866984555,140.69623150823742,6.353096877005676,1.8901871934951477,609.3437570283762
2025-09-15,36139.69921875,36151.44921875,35686.1484375,35902.19921875,15700,-0.00579205175036686,53.15879442625739,6.861888817875297,-130.06965317230137,136.93154199017667,6.242614263109287,-1.0416242719138613,599.0549730442065
2025-09-16,35962.30078125,36274.0,35860.5,36212.1484375,23600,0.008596101536241121,56.02681211381851,55.38007817425387,-92.97970690299033,148.3597850772442,6.06023153431549,0.4130227544331625,585.8010463981917
2025-09-17,36326.30078125,36608.8984375,36253.8984375,36447.1484375,22100,0.006468568497626875,58.12052437348487,111.5082313375242,-52.08211925488743,163.59035059241162,6.033281249761624,2.700422767613859,572.2974002268923
2025-09-18,36801.5,37064.94921875,36631.05078125,36750.25,31300,0.00828180512977668,60.71842723757714,178.39157305988192,-5.9873807919335675,184.37895385181548,6.596124539815092,4.459761947059868,575.5476417285428
2025-09-19,36765.5,36821.19921875,36369.94921875,36578.25,37200,-0.004691226888380066,58.50070216029656,215.0393014969377,38.21795566584069,176.821345831097,6.924980325167896,2.3435544656239844,566.6692387479326
2025-09-22,35437.8984375,35781.6015625,35145.1015625,35500.1484375,51000,-0.029916923657759057,46.93012940884933,155.29891507016873,61.6341475467063,93.66476752346243,6.909486393706008,-0.665260159087943,628.560610087366
2025-09-23,35477.6015625,35642.69921875,35177.3515625,35249.1015625,29900,-0.007096836465845495,44.71243389829193,86.69744946435821,66.64680793023669,20.050641534121525,6.881612421032436,-0.6366398295804466,616.9025419561256
2025-09-24,35104.05078125,35193.30078125,34857.69921875,34994.30078125,23600,-0.007254827935854882,42.51640851480281,11.635869081292185,55.64462016044779,-44.00875107915561,7.030185543682229,-0.4234139123587778,600.7953849414023
2025-09-25,34914.0,35092.3984375,34460.30078125,34548.30078125,29200,-0.012826845844666068,38.91369064652293,-82.88401149326091,27.938893829706053,-110.82290532296696,7.5308857881212585,-0.25277502154672193,603.031261463445
2025-09-26,34399.19921875,34477.30078125,33636.55078125,33702.0,37000,-0.024801184785939394,33.16996979544024,-223.50467527397268,-22.349819991029698,-201.15485528294298,8.828639111540335,-1.7733641867256411,625.0825999303418
2025-09-29,33900.6015625,33970.05078125,33606.44921875,33693.1015625,31900,-0.00026406778372335714,33.11462402629556,-331.8403450420592,-84.2479250012356,-247.59242004082358,9.906309438033285,-4.43286222859329,606.4053829710317
2025-09-30,33789.69921875,33922.6015625,33634.30078125,33655.1015625,28800,-0.0011284637828273161,32.86245376707464,-415.968401469574,-150.5920202949033,-265.3763811746707,10.802659538834977,-6.988484250279038,583.6836257052438
2025-10-01,33702.8515625,34016.6015625,33432.1015625,33905.19921875,24200,0.007403720699398846,36.30056801862853,-457.18950556270283,-211.91151734846324,-245.2779882142396,11.362862382152375,-5.828046665601955,583.7419381548692
2025-10-03,33921.1015625,33992.1484375,33763.1015625,33949.75,28900,0.0013131182961431832,36.92025893179706,-480.7211970964927,-265.67345329806915,-215.04774379842354,11.8227882609705,-5.9843675359830515,558.40657650095
2025-10-06,33961.3984375,34743.75,33926.6484375,34722.55078125,20400,0.02250786408812551,46.62103781620436,-432.03147774721583,-298.9450581878985,-133.08641955931733,11.797498289890504,-3.285727512992926,576.8847897865965
2025-10-07,34820.6015625,34879.19921875,34533.75,34709.44921875,21000,-0.0003773926332382977,46.49050455541781,-390.00596497787046,-317.15723954589293,-72.84872543197753,11.64049742531227,-4.14971020386589,560.3536775696967
2025-10-08,34664.3984375,35394.55078125,34607.30078125,35232.25,23300,0.014949894674844862,52.237302347993825,-310.9305753867593,-315.9119067140662,4.981331327306918,11.64034983444844,-3.333315470710479,576.5605577432899
2025-10-09,35315.3984375,35688.3515625,35174.80078125,35628.5,21200,0.011184023039991237,56.08683111235185,-213.82386758304347,-295.49429888786165,81.67043130481818,11.42623530112276,-3.052360188025932,572.0598594223407
2025-10-10,35705.6484375,35821.30078125,35321.8515625,35609.05078125,25100,-0.0005460384030599156,55.848900175111105,-136.85787900369178,-263.7670149110277,126.9091359073359,11.288480088316419,-2.649659890098624,566.873385088602
2025-10-13,35397.19921875,35505.3515625,35072.3984375,35330.80078125,20300,-0.007844714101253977,52.42259366162156,-97.19383804831887,-230.45237953848593,133.25854149016706,11.035842521079077,-0.47703365676948095,564.7147392787019
2025-10-14,35542.8515625,35766.25,35148.3984375,35214.8515625,26300,-0.0032872138624528468,51.01799480927852,-74.25991072659963,-199.2138857761087,124.95397504950907,10.859119406720742,-0.09716559708414554,568.5102266516518
2025-10-15,35327.19921875,35571.6015625,35226.1484375,35401.80078125,36000,0.005294775362455758,53.19551306668224,-40.53213926967874,-167.4775364748227,126.94539720514396,10.503336745578151,1.1644753314183638,553.3844961765338
2025-10-16,35443.69921875,35574.25,35229.6015625,35531.05078125,27600,0.003644295702178369,54.69506776115878,-3.334801071017864,-134.64898939406174,131.31418832304388,9.949306102782698,2.844568264652126,538.4747776996386
2025-10-17,35356.5,35356.5,34872.94921875,34950.69921875,73000,-0.016468509336294557,47.358132605854124,-20.44943509119912,-111.80907853348923,91.3596434422901,8.84459011929076,3.7051190396712363,547.0195480425216
2025-10-20,35109.75,35377.8515625,35077.8515625,35292.6015625,25600,0.009734879769501756,51.48690639538161,-6.351033353836101,-90.71746949755861,84.36643614372251,7.77914081587282,4.747262572526785,538.4576048787701
2025-10-21,35500.8984375,35564.19921875,35221.55078125,35299.75,4700,0.0002025272530582188,51.57242807602677,5.337345168074535,-71.50650656443197,76.84385173250651,7.68501410190648,4.886773063054845,524.4712357802865
2025-10-23,35936.75,36462.0,35859.75,36078.6484375,57100,0.021825352573593332,59.87300512452106,76.56843053233024,-41.89151914507953,118.45994967740977,8.233031155359544,6.4103714734938215,570.0268617959804
2025-10-24,36211.3984375,36268.6484375,35886.1484375,35986.3515625,23100,-0.002561491027964435,58.59144020385117,124.14097256377863,-8.685020803307893,132.82599336708654,8.67807153374068,5.998870573421012,556.6320859534104
2025-10-27,36075.55078125,36279.3984375,35962.80078125,36129.1015625,29100,0.0039589347430951105,60.016915365461614,171.3856596532205,27.329115287997787,144.05654436522272,9.096952489301266,4.050827919040816,539.486769546024
2025-10-28,36088.6484375,36193.1484375,35677.6015625,35860.3984375,27100,-0.007465099017204192,56.10194288279143,185.0126078326648,58.86581379693119,126.1467940357336,8.635572435896695,3.315953564968293,537.7767770784509
2025-10-29,35916.1015625,36201.55078125,35778.19921875,36090.1015625,23400,0.0063850537632123075,58.58880483424449,211.90448195806675,89.47354742915832,122.43093452890844,8.092904501966164,2.434847511867678,529.6035474657044
2025-10-30,36073.1484375,36127.8984375,35812.75,35906.3984375,22300,-0.005103123725855064,55.86317832995065,215.9043678744565,114.75971151821797,101.14465635623854,7.108523190341436,0.7799891589598215,514.285325325297
2025-10-31,35918.55078125,36050.3515625,35681.05078125,35712.3515625,18500,-0.005418897979644558,53.055441308512314,201.0982101978443,132.02741125414326,69.07079894370105,6.079831584114434,0.2900969809181018,503.9292864627758
2025-11-03,35664.80078125,35742.80078125,35479.5,35653.1015625,1100,-0.0016604676638053884,52.192843930133385,182.4797309902715,142.11787520136892,40.361855788902574,4.716737646518169,0.9122374079362632,486.7415360904347
2025-11-04,35580.55078125,35668.75,35198.75,35274.55078125,23000,-0.0106743805314149,46.94166118224144,135.6152791924178,140.8173559995787,-5.202076807160893,4.300281806847353,0.16952852589494713,485.54571208397505
2025-11-06,35380.44921875,35509.0,35248.30078125,35337.6015625,25100,0.0017858341918221886,47.882213891593935,102.38233478735492,133.13035175713395,-30.74801696977903,3.7679369076743914,-0.18134450037355754,469.4852482744054
2025-11-07,35233.19921875,35272.55078125,34732.5,35117.6484375,21700,-0.0062437884918532215,44.89251290958369,57.632259144789714,118.0307332346651,-60.39847408987539,3.8443440968261875,-1.1634959694694857,479.1721278619479
2025-11-10,35246.94921875,35855.6015625,35237.19921875,35688.25,26700,0.01611769436204303,53.07756706699039,67.43295404996024,107.91117739772415,-40.4782233477639,3.852522817757203,2.1102604461038252,497.65648480038016
2025-11-11,35902.8984375,36149.8984375,35683.8984375,36116.8984375,33800,0.011939353618401956,58.11099615052622,108.53727180700662,108.03639627958066,0.5008755274259613,4.073942611612298,2.335608140250712,495.39530731463867
2025-11-12,36299.3984375,36911.94921875,36290.80078125,36855.3984375,40400,0.02024124895550095,65.06424140317755,198.41629829121666,126.11237668190788,72.30392160930879,5.027194508139901,4.406967294385938,516.7992697385931
2025-11-13,36937.94921875,36939.8515625,36525.3984375,36679.5,33100,-0.004784089642530728,62.40708230132107,252.54140039945923,151.39818142541816,101.14321897404108,5.430573738695964,1.6653937675655202,509.4888308286936
2025-11-14,36392.05078125,36503.0,35957.30078125,36301.25,25000,-0.010365839948961411,57.01489288296795,261.8953533287131,173.49761580607716,88.39773752263594,5.506918385934472,0.8750496336176062,524.6824299659298
2025-11-17,36285.19921875,36406.44921875,36138.19921875,36375.19921875,21400,0.0020350263411495245,57.782889146148236,272.13846947466664,193.22578653979505,78.91268293487158,5.63170109826842,0.6811618490547678,506.36582782550624
2025-11-18,36294.69921875,36312.94921875,35914.3515625,35975.19921875,24200,-0.011057411822892596,52.335952650594415,245.15357791409042,203.61134481465413,41.54223309943629,5.153670594534373,0.32013247552194046,503.11452985582724
2025-11-19,36062.19921875,37116.5,36024.44921875,37044.6484375,44600,0.02929410921858011,62.51109832713223,306.5299842792883,224.19507270758098,82.33491157170735,5.620783769589369,2.6448993870159603,548.6992620982682
2025-11-20,37228.05078125,37278.75,36964.3515625,37043.30078125,26300,-3.637990427210738e-05,62.4929939038351,351.016187807254,249.5592957275156,101.45689207973842,5.894099140664687,3.166294569278325,531.9634889126776
2025-11-21,36930.25,37096.25,36761.55078125,36885.3515625,28500,-0.004273024167813047,60.28910627358612,369.26992881568003,273.5014223451485,95.76850647053152,6.215260569783638,3.2845778804208368,517.8731839010577
2025-11-24,37084.6484375,37554.3515625,36951.80078125,37037.94921875,63800,0.0041285459763864,61.694613332933024,391.53612094404525,297.10836206492786,94.42775887911739,6.592652406193452,3.884227726506087,528.6679564795536
2025-11-25,37112.1015625,37124.55078125,36727.3515625,36826.8984375,25900,-0.005714527607728514,58.60515073820736,387.68323341276846,315.22333633449597,72.45989707827249,6.781658150095558,4.400758115607647,519.2773323560141
2025-11-26,36881.94921875,37407.0,36881.1015625,37364.6015625,23300,0.014495259964158659,63.60561532136955,423.1402433707408,336.80671774174493,86.33352562899586,7.270532277391685,5.736099538093828,523.6219202234416
2025-11-27,37487.6484375,37668.55078125,37208.25,37446.30078125,22500,0.00218415361048917,64.3110516598031,452.6151575871554,359.968405710827,92.64675187632838,7.771059881092501,6.63100306358604,519.0989817253387
2025-11-28,37488.5,37554.6015625,37323.44921875,37405.5,18500,-0.0010901751157638877,63.64755244612209,467.29526842523046,381.43377825370777,85.86149017152269,8.082249182978185,4.811807807891953,498.5313647271002
2025-12-01,37476.6015625,37659.75,37413.0,37549.75,16400,0.0038489679664399272,65.02155434800477,484.9786000684544,402.1427426166571,82.83585745179732,8.302007342596497,3.967260823848255,481.0826958180216
2025-12-02,37559.3984375,37734.3515625,37418.5,37541.25,23200,-0.00022639197870067098,64.86597268853942,492.62817785082734,420.23982966349115,72.38834818733619,8.349811923028168,1.8609256488247672,469.28047200959145
2025-12-03,37530.8515625,38007.30078125,37515.0,37825.25,40900,0.007536540618238805,67.65109772866968,515.6627111236085,439.32440595551464,76.33830516809383,8.123473973035104,3.123679439468913,470.9247798124778
2025-12-04,37875.69921875,38471.6015625,37847.69921875,38360.25,39900,0.01404489816151807,72.1326863991979,570.5112746721061,465.561779698833,104.94949497327309,8.20472630078208,5.671980992390069,483.45526429015797
2025-12-05,38500.6015625,38920.6015625,38369.55078125,38703.6484375,32300,0.00891210326351799,74.56813962102405,634.375850532917,499.32459386564983,135.05125666726713,8.033377357797457,6.4011999075176895,488.9478570194324
2025-12-08,38783.3984375,38937.3515625,38322.44921875,38590.69921875,28400,-0.0029225759080896093,72.3290721459975,668.1726506314735,533.0942052188146,135.07844541265888,8.034672336229978,7.270286355042119,497.9446060716158
2025-12-09,38438.5,38463.94921875,37908.8984375,38130.6015625,26000,-0.011994144190368627,63.910515014674424,650.3341749892425,556.5421991729002,93.7919758163423,7.83314946356366,2.9314709973079363,511.07719001292895
2025-12-10,38273.75,38300.5,37745.25,37789.8984375,18900,-0.00897532055631274,58.48226624432491,601.7683487739487,565.5874290931099,36.18091968083877,7.824827549175986,2.015472812908458,514.2323907262911
2025-12-11,37925.94921875,38136.44921875,37672.3984375,38097.0,18800,0.008093709066836303,61.64457867727863,581.3585714112633,568.7416575567406,12.616913854522636,7.819293171370257,3.2849041317850394,510.6479900494132
2025-12-12,38203.8515625,38300.30078125,37901.75,38274.75,13900,0.004654870968768553,63.38304250443901,572.922323375984,569.5777907205893,3.344532655394687,7.5411917933022,3.339279866564224,502.6410465637408
2025-12-15,38125.94921875,38410.69921875,38042.94921875,38386.30078125,13600,0.0029102356110312765,64.47138325400368,568.6823358312322,569.3986997427179,-0.7163639114857006,7.2391617936346435,4.234411286078047,493.0059718091879
2025-12-16,38262.30078125,38293.3984375,37946.75,38062.5,14700,-0.008471099984690006,58.99045242975395,533.0494361356978,562.128847021314,-29.0794108856162,6.076257302678418,1.8678064486586883,489.18774391210303
2025-12-17,37996.94921875,38367.8515625,37969.44921875,38172.05078125,14800,0.0028740474112099487,60.22255396280804,507.7963783413652,551.2623532853243,-43.465974943959054,5.9215096097900615,1.9381086645637247,482.70307247195285
2025-12-18,38273.6015625,38667.3515625,38248.75,38633.3515625,23500,0.012012340646892685,64.99213797592358,519.0232885071455,544.8145403296885,-25.791251822543018,5.944842970905162,3.2825428412933926,483.6029088132419
2025-12-19,38991.30078125,39054.3515625,38590.25,38691.6015625,38500,0.0015066290677075995,65.55380800277187,526.5512290814077,541.1618780800324,-14.610648998624697,5.7399998892096145,3.0409032350415117,482.20995550515323
2025-12-22,39023.25,39530.25,39006.3984375,39488.0,45600,0.020374265686996726,72.13609474857692,589.9789641001917,550.9252952840643,39.053668816127356,6.300321763117268,5.185629141277928,507.66984707621367
2025-12-23,39395.80078125,39398.1484375,38942.3515625,39173.69921875,24100,-0.00799124496352572,66.71763366290746,607.8772244955326,562.315681126358,45.561543369174615,6.018433574975863,3.5649446302403818,510.3826035350556
2025-12-24,39084.8984375,39098.8984375,38901.05078125,38974.80078125,15800,-0.005090279838267327,63.468609725229676,599.1061602811096,569.6737769573083,29.432383323801332,5.924797308479788,1.6020510326444692,493.4015916754088
2025-12-26,38921.6484375,39019.94921875,38495.3984375,38572.30078125,12400,-0.010380880946512419,57.37906353066224,553.2985611355471,566.3987337929561,-13.100172657409075,5.6142273798217595,-0.339367634713055,495.62653378787957
2025-12-29,38622.6015625,38721.69921875,38206.75,38282.69921875,21200,-0.007536345929222675,53.40846702437185,488.00190085187205,550.7193672047393,-62.71746635286729,5.16617415922276,-0.7981197703988543,497.0067255708882
2025-12-30,38281.55078125,38281.55078125,37906.6015625,37998.6015625,32700,-0.007448718543023702,49.76997711543886,408.619212656944,522.2993362951803,-113.6801236382363,4.870725914120846,-0.3461786454736056,488.370363476539
2025-12-31,38051.69921875,38108.5,37822.1484375,37884.05078125,20900,-0.0030191582588588333,48.339988138947234,332.6302155651065,484.3655121491655,-151.73529658405903,4.600161061317827,0.24914685575489645,473.94044912107194
2026-01-01,37931.55078125,38256.94921875,37862.6015625,38171.5,11200,0.007558964059399769,52.06212062434808,292.23444081436173,445.9392978822048,-153.70485706784308,4.42554543216924,0.19555345565267607,468.25524963028107
2026-01-02,38251.3515625,38359.0,38085.3984375,38320.30078125,16400,0.003890638406490385,53.913272121315,269.1251703165981,410.5764723690835,-141.4513020524854,4.429718810985938,0.11901000333117787,454.351414835261
2026-01-05,38222.0,38260.8515625,37365.8984375,37771.1484375,22000,-0.014434259931040824,46.73990177508965,204.14563842727512,369.29030558072185,-165.14466715344673,4.613378687154387,-1.6025309322081762,490.06933832917093
2026-01-06,37712.05078125,38053.1015625,37680.69921875,37977.3984375,16600,0.005445662476919549,49.45978611654431,167.36229420142627,328.9047033048627,-161.54240910343646,4.670187791667226,-0.2235837438423645,481.6645530020873
2026-01-07,37951.30078125,38736.80078125,37940.8515625,38688.80078125,25100,0.018558967842976552,57.51832215921246,193.38621666891413,301.801005977673,-108.41478930875888,4.701187193405138,1.3537391610456153,504.1134576983668
2026-01-08,38686.55078125,38728.6484375,37853.75,37920.30078125,24900,-0.020063563307904844,48.51839898374574,150.26665487940045,271.4941357580185,-121.22748087861805,4.621562402819996,-1.845687087480478,530.5980991127692
2026-01-09,37861.25,38244.55078125,37861.1484375,38027.19921875,20800,0.0028150632501075124,49.697455747379266,123.2985925955436,241.85502712552352,-118.55643452997992,4.647609584211929,-1.717174572566519,520.0841165868571
2026-01-12,37938.6015625,38079.6015625,37573.1015625,37988.25,20200,-0.0010247712158216675,49.25482303237462,97.65759651736153,213.01554100389114,-115.35794448652962,4.727390305692032,-3.7979892625607783,519.1138225449388
2026-01-13,38227.8515625,38394.3984375,37777.75,38236.6015625,33700,0.006516311575741117,52.1794897868872,96.26711059836089,189.66585492278512,-93.39874432442423,4.735892109211099,-2.392160237452045,526.0805807560146
2026-01-14,38127.19921875,38295.75,37649.1484375,37822.69921875,23600,-0.010883782135335716,47.287927685783394,61.06278668064624,163.94524127435733,-102.88245459371109,4.847167817270257,-2.956016552762607,534.6892223091564
2026-01-16,38433.3515625,39139.5,38390.5,39086.6484375,48900,0.032871505664672916,59.70928688750403,133.6130371105828,157.87880044160244,-24.265763331019627,5.107640604292896,1.3334637701985992,590.5543336620739
2026-01-19,38892.3984375,38977.6484375,38624.8984375,38902.5,89700,-0.00472242057818865,57.5803800660588,174.2418418678135,161.15140872684466,13.090433140968827,5.212195324074796,1.619010137473367,581.3540241147829
2026-01-20,38753.19921875,38809.0,38023.8515625,38101.05078125,35600,-0.020816654598814214,49.33578277322242,140.15459347968135,156.952045677412,-16.79745219773065,5.208735603599342,0.2696131292660647,602.5893393565841
2026-01-21,38001.94921875,38128.30078125,37451.3515625,37992.30078125,34600,-0.0028583331344503122,48.3246650752446,103.17564282254898,146.1967651064394,-43.021122283890406,4.536192765602091,0.28574029906426035,607.9007593132566
2026-01-22,38294.80078125,38542.5,38080.94921875,38301.75,25700,0.00811205887049881,51.378283609633264,97.71314744648407,136.50004157444835,-38.786894127964274,4.0238414826513536,0.3412231638788101,603.7792207015955
2026-01-23,38513.69921875,38576.6484375,38149.30078125,38238.5,31300,-0.0016527255763416568,50.71857170620405,87.27429041455616,126.65489134246991,-39.38060092791375,3.633904374752977,-0.21346591645236995,591.17696609791
2026-01-27,38482.8515625,38677.55078125,38074.80078125,38566.1015625,40600,0.008530831294013804,54.01229126418617,104.23457789194072,122.17082865236408,-17.936250760423363,3.6306134702843154,2.104657014375432,592.0036113766307
2026-01-28,38583.1484375,38792.6484375,38433.44921875,38725.3515625,28900,0.004120771932990929,55.56692421936611,129.03839767745376,123.54434245738202,5.494055220071743,3.810231580108165,1.9694690941795767,575.3747261890143
2026-01-29,38601.8515625,38635.6015625,38063.3984375,38431.30078125,26800,-0.007622212627589939,52.06686715817753,123.54402438771649,123.54427884344892,-0.0002544557324313246,3.788201389062097,-0.6655672825217004,581.5588975326561
2026-01-30,38262.6484375,38262.6484375,37704.3515625,38036.1484375,32600,-0.010335269849407792,47.71715776953688,86.30928257225605,116.09727958921036,-29.787997016954307,3.72073293805808,0.30550299935195085,591.9439204767522
2026-02-02,38396.0,38413.1484375,37807.1015625,38074.1484375,26200,0.0009985509114463647,48.16561441874606,59.184521519433474,104.71472797525499,-45.530206455821514,3.74117368503616,0.12346220524926495,592.95127437127
2026-02-03,40301.3984375,40301.3984375,38550.5,38611.75,47500,0.014021101160447243,54.156617485950306,80.14405534962134,99.80059345012828,-19.656538100506936,3.823216178969244,1.6412969799872328,709.686897630465
2026-02-04,37165.3515625,37176.69921875,35809.5,36345.6484375,84600,-0.06048215034202218,35.520253758998464,-85.11961464495835,62.81655183111096,-147.9361664760693,5.755559818084315,-4.945400604991332,859.1556906568603
2026-02-05,36215.6484375,36621.94921875,36023.8984375,36143.30078125,100,-0.00558286977538463,34.38249414006769,-229.77136725159653,4.298968014569461,-234.07033526616598,7.447108190919577,-4.440186639740045,840.5053399849418
2026-02-06,36079.8515625,36105.8515625,35211.94921875,35611.05078125,41100,-0.014835609284109324,31.52230593801221,-382.9427247952408,-73.14937054739259,-309.7933542478482,9.282370237410476,-8.892032945233257,846.9943558788746
2026-02-09,35840.8984375,36056.44921875,35544.05078125,35616.6484375,25100,0.00015717638848145667,31.586763312162915,-498.1382178161002,-158.14714000113412,-339.9910778149661,10.762167329212229,-8.446376357560569,823.0946474232406
2026-02-10,35656.94921875,36059.6484375,35427.3984375,35722.19921875,33800,0.002959141105839517,32.8699225087305,-574.2943028145964,-241.37657256382658,-332.91773025076986,11.837540640063832,-6.243532694564587,809.4628868930092
2026-02-11,35788.6484375,35857.6484375,35013.6015625,35095.1484375,26900,-0.01770942262257607,29.348252964938382,-677.437231698721,-328.58870439080545,-348.84852730791556,13.33060692364614,-7.6256301518327785,811.9331717577943
2026-02-12,34439.0,34488.80078125,33058.19921875,33160.19921875,97100,-0.05671256171242655,21.64258102848619,-904.882059736723,-443.847375459989,-461.034684276734,16.81024531380468,-13.423801213391032,899.4343179715233
2026-02-13,31487.400390625,32932.75,31422.599609375,32681.5,112500,-0.014541169480874272,20.227600512681462,-1110.9543605814688,-577.268772484285,-533.6855880971838,20.078512624259336,-14.532473815656996,959.303267357486
2026-02-16,32693.0,32809.3515625,32299.55078125,32738.05078125,49100,0.0017288652905867925,20.885648032151906,-1255.2353959517714,-712.8620971777823,-542.3732987739891,22.032129177134934,-15.111848346416593,927.195946921237
2026-02-17,32793.75,33703.1015625,32650.44921875,33075.05078125,66600,0.010241211474361552,24.863351425127348,-1327.0882254190874,-835.7073228260433,-491.3809025930441,23.166811574440302,-14.590702352000113,936.1571181232915
2026-02-18,33133.8515625,33169.30078125,32169.150390625,32668.30078125,53700,-0.01237403266907335,23.338154320907165,-1400.7069581878459,-948.7072498984039,-451.99970828944197,24.644644736210807,-14.995589227652875,940.7280661591278
2026-02-19,32875.1015625,33167.6015625,32195.94921875,32319.400390625,40300,-0.010737531456591188,22.08658897347827,-1470.2554898578092,-1053.016897890285,-417.23859196752414,26.07543221979442,-15.029776362001032,942.9369431299044
2026-02-20,32098.94921875,32339.80078125,31804.75,32004.05078125,41700,-0.009805199508191354,20.990884854396086,-1533.1461260752185,-1149.0427435272718,-384.1033825479467,27.194734910026554,-15.942832355697384,913.8022172813398
2026-02-23,31987.80078125,32051.69921875,31416.55078125,31550.5,50800,-0.014273044980156734,19.493053795425624,-1601.1283549370055,-1239.4598658092186,-361.66848912778687,28.27360766609442,-18.28782689207301,893.898375868387
2026-02-24,31031.849609375,31056.44921875,29875.0,30053.5,93800,-0.0486103099776116,15.54920077550301,-1755.5631113963827,-1342.6805149266515,-412.8825964697312,30.028150672494668,-17.311971881090475,949.7270633063594
2026-02-25,30343.900390625,30999.75,30340.94921875,30526.349609375,50600,0.015611105522156466,20.987025077564482,-1818.8323892261396,-1437.9108897865492,-380.92149943959043,30.390016065938212,-15.54078086522993,949.4787016416194
2026-02-26,30797.05078125,31112.19921875,30459.80078125,30554.19921875,41400,0.0009118978738466614,21.308413674990334,-1845.4532803480106,-1519.4193678988415,-326.03391244916907,30.266379468869474,-14.20023125282937,928.2586827743609
2026-02-27,31145.75,31305.80078125,30546.0,30603.849609375,58700,0.0016236751330113708,21.91818945537004,-1841.3185823412387,-1583.799210787321,-257.5193715539176,29.77213269069603,-14.074313693275903,916.2259755226207
