Date,Open,High,Low,Close,Volume,log_return,rsi,macd,macd_signal,macd_diff,bb_width,roc,atr
2023-04-20,42218.5,42378.1484375,42108.8515625,42269.5,180200,0.0027362066737507567,71.45126620546407,566.4875400589954,394.59098446491925,171.89655559407612,10.325645628279577,7.197833098368375,509.7895696881297
2023-04-21,42252.55078125,42382.1484375,41962.3515625,42118.0,144100,-0.0035905830310196166,68.04998018585181,569.1533503700703,429.5034576459495,139.64989272412078,10.158128243581174,6.444874919318869,503.361520067549
2023-04-24,42469.94921875,42714.1484375,42269.1015625,42635.75,201000,0.012217900462657947,72.81303995797288,606.0578644272391,464.8143390022074,141.2435254250317,10.483899836336738,6.829344588302748,509.98915702700975
2023-04-25,42731.6015625,42865.55078125,42601.5,42678.5,262400,0.0010021773285946375,73.16871797070979,631.4752715725699,498.14652551627995,133.32874605628996,10.715913458332407,5.097070801766942,492.42213018579474
2023-04-26,42559.05078125,42875.6015625,42432.25,42829.8984375,178000,0.0035411397821429047,74.44386846077592,656.2702633921654,529.771273091457,126.49899030070833,10.617976769830618,4.941673356054441,488.9170896368094
2023-04-27,42753.8984375,43043.3984375,42736.6015625,43000.8515625,181400,0.0039834989455577,75.84009404488367,681.8549619586047,560.1880108648866,121.66695109371813,10.192231204512547,4.882304148466498,475.90850287703734
2023-04-28,43045.5,43302.05078125,42810.3515625,43233.8984375,238700,0.005404954321621839,77.63400018687584,712.7201606991584,590.694440831741,122.02571986741748,9.63978751199488,5.3431895848054385,477.0364111536775
2023-05-02,43395.05078125,43483.8515625,43269.3984375,43352.1015625,241600,0.0027303074037265326,78.5057601628944,738.2094385078672,620.1974403669662,118.01199814090091,8.948068098516638,6.164992772873068,460.81617642841485
2023-05-03,43154.8515625,43354.94921875,43078.1484375,43312.69921875,175900,-0.0009093044952446459,77.42244881340885,746.6238203265748,645.482716358888,101.14110396768683,8.236035671146004,4.704771297426662,447.67221962995666
2023-05-04,43236.1015625,43739.80078125,43213.94921875,43685.44921875,175400,0.008569200325486675,80.20524938882386,774.442793884511,671.2747318640126,103.1680620204985,8.20065679926152,5.119357523638631,453.25645840638833
2023-05-05,43110.6484375,43588.0,42582.19921875,42661.19921875,251200,-0.02372525310222511,58.76980460219672,705.7061743770901,678.1610203666281,27.545154010461943,7.6225655085742225,1.2547268743464288,499.68456852021774
2023-05-08,42796.8515625,43418.55078125,42780.30078125,43284.0,223400,0.014493227979497045,64.9107068613953,693.4925755535878,681.2273314040201,12.265244149567707,7.281315866546915,2.4169133189262473,518.0893538044879
2023-05-09,43438.55078125,43533.25,43125.8515625,43198.1484375,229000,-0.0019854176209196744,63.50653916812516,669.171909659919,678.8162470551999,-9.6443373952809,6.762233254290466,2.2073697415251226,510.1828597827388
2023-05-10,43275.25,43383.6484375,42822.1484375,43331.05078125,249100,0.0030718520328054146,64.77682162332493,653.0932625533678,673.6716501548335,-20.578387601465693,5.833027784407029,2.79226356039759,513.8483697982574
2023-05-11,43535.1015625,43774.25,43367.25,43475.30078125,190700,0.0033234925827626636,66.15390940918039,644.5604961587378,667.8494193556144,-23.288923196876567,5.324928909500041,2.8526497385821927,508.80200186623904
2023-05-12,43447.1484375,43905.94921875,43347.75,43793.55078125,144900,0.0072935853999033864,69.0306605886904,655.917325950315,665.4630006745545,-9.545674724239461,5.024879411341441,3.9782296909872263,512.3303745007934
2023-05-15,43821.05078125,44151.69921875,43666.6015625,44072.1015625,161300,0.00634040053149548,71.32774174399825,679.560860890153,668.2825727176742,11.278288172478824,5.290889574882267,3.368890103962051,510.38518034002243
2023-05-16,44144.1484375,44144.1484375,43815.69921875,43903.69921875,222500,-0.0038283834403819313,68.0418810838724,676.9069094368533,670.00744006151,6.899469375343301,5.362506866897997,2.870764480358963,497.3897545121637
2023-05-17,43948.5,43992.75,43446.3984375,43698.69921875,203600,-0.0046802456978711085,64.1667102272981,650.7602875354132,666.1580095562907,-15.397722020877495,5.217586947360287,2.0284913412013035,500.8870265112949
2023-05-18,44006.8984375,44079.19921875,43673.69921875,43752.30078125,226500,0.0012258652093733874,64.73229795673234,627.1348789227704,658.3533834295866,-31.218504506816203,4.908481382884429,1.7475217151404523,494.0736674747738
2023-05-19,43930.0,44020.8984375,43531.8984375,43969.3984375,192000,0.004949701189467548,67.00392949063976,618.7964387257089,650.4419944888111,-31.645555763102266,4.6910193384405146,1.7012113794532249,493.7112626551471
2023-05-22,43935.30078125,44026.75,43684.8984375,43885.1015625,183800,-0.0019190115672923713,65.2465746341631,598.487124454783,640.0510204820056,-41.56389602722254,4.096363376106347,1.2294675016655947,482.86414121549376
2023-05-23,43978.8984375,44095.25,43852.19921875,43954.44921875,142000,0.0015789623248502675,66.03577254995363,581.2869092202382,628.2981982296521,-47.011289009413986,3.914890070690111,1.4816670666467893,465.7346155036727
2023-05-24,43751.94921875,44010.44921875,43639.80078125,43677.8515625,148600,-0.006312708266810048,60.166990342833806,539.1218345724337,610.4629254982085,-71.34109092577478,3.5711289564014947,-0.017391731997433713,458.94274564626755
2023-05-25,43630.25,43719.8515625,43390.30078125,43681.3984375,170200,8.12020479102275e-05,60.21581747752415,500.22562270224444,588.4154649390157,-88.18984223677126,3.285383064328428,2.391398360648082,449.7004624751056
2023-05-26,43765.3515625,44067.6015625,43588.80078125,44018.0,143200,0.007676294737785179,64.64500280704893,490.902212431276,568.9128144374678,-78.01060200619179,3.1994209844390844,1.6957767304315683,451.77905667331237
2023-05-29,44276.80078125,44483.3515625,44193.94921875,44311.8984375,148600,0.006654587569326416,67.99536755830505,501.4481086585147,555.4198732816772,-53.97176462316247,3.3998756811710744,2.578235503800347,452.7485213752187
2023-05-30,44277.3515625,44498.6015625,44207.5,44436.3515625,157600,0.002804634605837507,69.3211538307586,513.923939222208,547.1206864697833,-33.19674724757533,3.6734237171481885,2.5508284736272318,441.2023100269888
2023-05-31,44318.0,44339.05078125,43822.69921875,44128.1484375,305700,-0.00695999794844743,62.42459675539724,493.25576300604007,536.3477017770347,-43.0919387709946,3.6652645915339184,1.5016518448828298,453.5201695786324
2023-06-01,44172.05078125,44179.94921875,43706.1484375,43790.19921875,182900,-0.007687835184272107,55.861913385768474,444.48268711865967,517.9746988453597,-73.49201172670007,3.6635474747712693,-0.007653096038595152,454.96878469801584
2023-06-02,43997.30078125,44088.8984375,43812.55078125,43937.8515625,123900,0.0033661407464229674,57.94230344828056,412.98336805168947,496.97643268662574,-83.99306463493627,2.8701285434079784,-0.3046144731936959,443.8066728445861
2023-06-05,44103.25,44266.1484375,44074.19921875,44101.6484375,124500,0.00372099032800276,60.18430309492564,396.6644685769934,476.91403986469925,-80.24957128770586,2.693025761301495,0.4508713895922957,435.55597299854423
2023-06-06,44156.69921875,44236.19921875,44009.69921875,44164.55078125,123600,0.0014252874816249176,61.04315780532511,384.3764640047666,458.40652469271276,-74.03006068794616,2.375453502332734,1.0660536144749018,420.6234034986482
2023-06-07,44318.69921875,44346.30078125,44143.5,44275.30078125,119200,0.002504528353107374,62.573898275994516,379.20350926578976,442.56592160732816,-63.3624123415384,2.1578009428556695,1.1953657079998203,405.0646447666019
2023-06-08,44208.30078125,44459.25,43917.8984375,43995.25,160200,-0.006345303578787254,56.52550519491836,348.48898372366966,423.7505340305965,-75.26155030692684,1.9144360881566371,0.05879444208623079,414.79942460470176
2023-06-09,44045.75,44220.1015625,43932.6015625,43989.0,132300,-0.00014207088224336455,56.39449309564997,319.9549368319931,402.9914145908758,-83.03647775888271,1.8751968777979375,0.23675104716809323,405.7066085615088
2023-06-12,44035.19921875,44124.94921875,43874.05078125,43944.19921875,91400,-0.001018973164275824,55.40322248039915,290.37914048573293,380.4689597698473,-90.08981928411436,1.8686347616546466,-0.02331959604132083,394.6488820571153
2023-06-13,43889.69921875,44138.1484375,43889.69921875,44079.8515625,160000,0.003082167883316617,57.820799275675284,274.71932586417824,359.3190329887135,-84.59970712453526,1.8708341544415776,0.920374939744382,384.20604896375
2023-06-14,44181.6484375,44212.3515625,43956.1484375,43988.0,154600,-0.0020859279334045733,55.62208890402012,251.99234559528122,337.8536955100271,-85.86134991474586,1.7694316165185777,0.7019041822543527,375.0629829663393
2023-06-15,44054.3515625,44077.44921875,43397.5,43443.6015625,228200,-0.012453288362431057,44.758477056717155,187.88680369691428,307.86031714740454,-119.97351345049026,2.0371412234910107,-1.3049171645690398,396.84057123660074
2023-06-16,43583.3515625,44083.25,43536.94921875,43938.1484375,234700,0.011319346554957662,53.62042141061951,174.97153664038342,281.28256104600035,-106.31102440561693,2.03937189579035,-0.843452917114707,414.1839902554149
2023-06-19,44015.30078125,44040.3515625,43501.3984375,43633.75,234900,-0.0069519941648089716,48.46664070750235,138.57626360020367,252.74130155684105,-114.16503795663738,2.149817636290331,-1.8061824030965636,423.09607130859956
2023-06-20,43597.55078125,43823.94921875,43345.94921875,43766.5,161900,0.003037751083869339,50.692440090034076,119.07197545076633,226.0074363356261,-106.93546088485976,2.189460193228344,-0.8195413818737791,427.01778050084243
2023-06-21,43894.3984375,43946.69921875,43698.94921875,43859.19921875,180000,0.002115800596355233,52.243595852047655,109.82870189550158,202.7716894476012,-92.94298755209962,2.1189697768911704,0.15756950466317066,414.21293903649655
2023-06-22,43874.80078125,44042.1484375,43663.3515625,43724.8515625,263800,-0.003067859054753736,49.79849476428246,90.61801981493045,180.34095552106706,-89.72293570613661,2.095654308901332,-0.48477563746378277,411.68322017674683
2023-06-23,43641.6015625,43824.1015625,43519.55078125,43622.8984375,161300,-0.0023344200920940887,47.963927553744064,66.40121881374944,157.55300817960352,-91.15178936585409,2.207567415771811,-1.0855603292889953,404.03090311055064
2023-06-26,43714.75,43773.1015625,43541.75,43641.05078125,120700,0.00041603306232032886,48.328918266074716,48.11928284343594,135.66626311237002,-87.54698026893408,2.162566272277342,-1.185339804751849,391.6966644955113
2023-06-27,43804.55078125,44194.6484375,43693.1484375,44121.5,137300,0.010948952922037057,56.938233552232596,71.57389424455323,122.84778933880666,-51.27389509425343,1.93118144996554,-0.34737376942932613,403.2610210494034
2023-06-28,44419.5,44508.3984375,44163.19921875,44327.80078125,243800,0.004664845364139417,60.0186970486329,105.59139975260041,119.3965114215654,-13.805111668964997,2.0617119326069897,0.75587883066922,402.09226508158883
2023-06-30,44666.0,44787.1015625,44447.19921875,44747.3515625,191300,0.009420222650310686,65.43420416543428,164.5084091278186,128.41889096281605,36.089518165002545,2.6147398351419318,1.7239572677260224,406.1785876650468
2023-07-03,44957.94921875,45353.19921875,44882.1015625,45158.1015625,228200,0.009137440357804626,69.75369220975983,241.56010126935143,151.04713302412313,90.51296824522831,3.518758268092265,2.762372202318014,420.4406639925434
2023-07-04,45310.55078125,45655.5,45000.25,45301.44921875,463000,0.003169323194759028,71.11051528026123,310.61055514070176,182.95981744743887,127.6507376932629,4.3269925623820145,2.7713288791771893,437.2127594216475
2023-07-05,45169.69921875,45418.8984375,45073.3984375,45151.80078125,366300,-0.003308860080453837,67.69636618463906,349.232425066788,216.21433897130868,133.0180860954793,4.808297799274531,2.64572333647813,430.66184803438694
2023-07-06,45060.55078125,45417.5,45042.6015625,45339.8984375,244900,0.004157241576324144,69.66765613880669,390.51680940982624,251.07483305901224,139.441976350814,5.356772896373281,4.364962403662363,426.6787472819307
2023-07-07,45118.05078125,45227.25,44844.80078125,44925.0,220900,-0.00919297238740138,60.84734577252696,385.3144795143744,277.92276235008467,107.39171716428973,5.524620277706811,2.246001703744415,431.56581220822136
2023-07-10,44958.6484375,45184.30078125,44721.8984375,44860.8515625,220900,-0.0014289210894276783,59.591132795758526,371.7302775505377,296.6842653901753,75.04601216036241,5.626383059311459,2.812276191021858,433.76842160406267
2023-07-11,44998.0,45139.55078125,44663.05078125,44745.05078125,209000,-0.00258467004267641,57.291686179780015,347.61347263528296,306.87010683919686,40.743365796086096,5.647821088847025,2.2358442673049024,436.82067720377245
2023-07-12,44872.6015625,44937.25,44562.3984375,44639.44921875,233100,-0.0023628618302310627,55.19987108848839,316.3330766459985,308.76270080055724,7.570375845441276,5.65506707486489,1.7789882485278932,432.39431186778864
2023-07-13,45009.30078125,45085.1484375,44612.19921875,44665.05078125,336800,0.0005733543819480937,55.622901318703214,290.26299843050947,305.06276032654773,-14.799761896038262,5.632614399926608,2.1502628028504245,435.29109093080376
2023-07-14,44860.6484375,44923.8515625,44547.80078125,44819.30078125,196300,0.0034475335650226897,58.18484309221118,278.8347263422402,299.81715352968627,-20.982427187446092,5.335603654017782,2.7426016761910628,431.05964023931773
2023-07-17,44951.19921875,45556.44921875,44695.05078125,45449.75,245900,0.01396845240404614,66.65747683512967,316.99559356548707,303.25284153684646,13.74275202864061,5.558226758351515,4.14449053441924,461.79812575793784
2023-07-18,45754.80078125,45905.8515625,45281.30078125,45410.8515625,307300,-0.000856222371578045,65.77196926852446,340.1782142553129,310.63791608053975,29.54029817477317,5.48609981897002,2.9222749963169883,473.42331543594224
2023-07-19,45622.5,45707.3984375,45433.0,45669.30078125,261100,0.005675219151024789,68.74307062765493,375.0815930521276,323.5266514748573,51.554941577270256,5.552390263666362,3.0263175171267114,460.78928397623207
2023-07-20,45689.05078125,46256.19921875,45640.94921875,46186.8984375,315200,0.011269857428611798,73.6720247569385,439.4429525162777,346.7099116831414,92.73304083313633,5.950718037120273,3.2170549199751868,471.82219226364407
2023-07-21,46063.94921875,46369.5,45925.8984375,46075.19921875,235600,-0.0024213469270947235,71.06753742300157,475.95014316463494,372.5579579794401,103.39218518519482,5.959975813241793,2.030859634302192,469.8064329948124
2023-07-24,46131.8984375,46191.5,45858.75,45923.05078125,225800,-0.003307640660877903,67.56376775434723,486.99151241147047,395.4446688658462,91.54684354562426,5.5872195844712715,1.3721449825996357,460.01668778089726
2023-07-25,46154.69921875,46156.1015625,45622.8515625,45845.0,228100,-0.0017010451765266657,65.77232908665722,483.8661238594359,413.1289598645642,70.73716399487171,4.966836513266151,1.53526372537917,465.24763865369033
2023-07-26,45935.1484375,46096.6015625,45804.69921875,46062.3515625,298400,0.0047298059187539645,68.29352309770206,493.2418999356596,429.15154787878333,64.09035205687627,4.761661770784904,1.5934158432134224,452.8658318748553
2023-07-27,46285.8515625,46310.1015625,45570.6484375,45679.30078125,320400,-0.00835068908033899,59.91711069704582,464.4098456513748,436.20320743330166,28.206638218073124,4.4155921069566,1.6790223288814692,473.3363528123656
2023-07-28,45560.8984375,45727.75,45238.80078125,45468.1015625,194700,-0.004634242804489082,55.84968262758322,419.68040851239493,432.89864764912033,-13.218239136725401,4.254975787380033,1.353630122589138,474.45155752219665
2023-07-31,45546.3515625,45694.8984375,45359.75,45651.1015625,247900,0.004016721827411335,58.47978172537069,394.4515855856953,425.20923523643535,-30.757649650740063,4.263223877721391,2.0249184332799377,464.5013346634683
2023-08-01,45740.0,45782.75,45471.05078125,45592.5,175200,-0.0012845080543512574,57.30256842460141,365.51547049401415,413.27048228795115,-47.755011793937,4.2740975960385725,2.1349967303129,453.58689781250627
2023-08-02,45234.6484375,45404.8984375,44720.8984375,44995.69921875,233600,-0.013176317022579312,46.939414358671876,291.07126705472183,388.83063924130533,-97.7593721865835,4.321397680640015,0.7402844768259019,483.4450881473272
2023-08-03,44862.8515625,45038.44921875,44279.3984375,44513.44921875,245800,-0.0107755391414209,40.5566669320393,190.958899493402,349.2562912917247,-158.29739179832274,4.649624856222383,-0.6824103838495221,503.1312090832324
2023-08-04,44754.75,45118.05078125,44520.55078125,44879.5,245200,0.008189747187567145,46.503048975238116,139.54774621038814,307.3145822754574,-167.76683606506924,4.667157778058104,-1.2546823689899285,510.3790914701444
2023-08-07,44993.69921875,45011.3515625,44773.8515625,44837.5,200800,-0.0009362774740161744,45.93525804427291,94.32763755605265,264.7171933315765,-170.38955577552383,4.677129067972318,-1.2625871190961548,490.8877277937055
2023-08-08,44888.94921875,45096.8515625,44817.8515625,44964.44921875,229400,0.0028273173226376906,48.00187565933608,67.95082187182561,225.36391903962632,-157.41309716780071,4.5827550859872135,-1.543381550499639,475.75289009415513
2023-08-09,44973.44921875,44975.0,44533.75,44880.69921875,177300,-0.0018643193475417655,46.73274382068101,39.82994551669253,188.25712433503958,-148.42717881834704,4.454506573246751,-2.8280730313977367,473.28839794457264
2023-08-10,44797.6484375,44980.3515625,44418.3984375,44541.80078125,232000,-0.007579749169349342,41.904605313336795,-9.690615821564279,148.66757630371882,-158.3581921252831,4.5373422982530185,-3.3280343080448223,479.621592734246
2023-08-11,44568.1484375,44571.25,44120.8984375,44199.1015625,196900,-0.0077236294273555234,37.666761441375954,-75.71617146182689,103.79082675060968,-179.50699821243657,4.970594025071298,-3.753995410631286,477.5308762889427
2023-08-14,44066.6015625,44212.75,43776.8984375,44090.94921875,172300,-0.0024499339821140898,36.41514085784886,-135.2102704368299,55.99060731312177,-191.20087774995164,5.520555296134747,-3.826045983749591,474.55378244687535
2023-08-16,43726.25,44002.80078125,43600.3515625,43946.3984375,0,-0.003283854295877549,34.752970481609026,-191.81271491368534,6.429942867760353,-198.2426577814457,6.0807985002364475,-4.593671519633459,475.69977343281283
2023-08-17,43897.25,44071.8515625,43745.1015625,43891.3515625,266400,-0.0012533764174591517,34.1143720687562,-238.3646632654927,-42.52897835889026,-195.83568490660247,6.509134361579734,-3.9141343850952732,465.0605039018977
2023-08-18,43724.75,43957.6484375,43672.44921875,43851.05078125,167600,-0.0009186159258807088,33.627189264412564,-275.33545819052233,-89.09027432521668,-186.24518386530565,6.573731835811011,-3.5564510627900705,452.21326924819067
2023-08-21,43952.8515625,44113.80078125,43862.0,44002.0,126300,0.003436405815228699,37.24231629980089,-289.12192157120444,-129.09660377441423,-160.0253177967902,6.467882472461055,-3.612402562164351,438.6801785876056
2023-08-22,44125.0,44151.30078125,43938.69921875,43993.25,160700,-0.0001988743717153192,37.11611676539129,-297.3264507546919,-162.74257317046977,-134.58387758422214,6.3430767792835905,-3.507704118001864,422.5317060099195
2023-08-23,44064.5,44521.6484375,43952.05078125,44479.05078125,212400,0.010982096306049152,47.710392855544185,-261.61282638842385,-182.5166238140606,-79.09620257436325,5.997227854271905,-1.1482173773726119,433.0364167413538
2023-08-24,44704.19921875,44949.8984375,44433.75,44496.19921875,220400,0.00038546534485323823,48.043148772566965,-229.2827572822207,-191.86985050769263,-37.41290677452807,5.352155892920778,-0.038752332840417,438.9729896526856
2023-08-25,44276.19921875,44359.1015625,43983.75,44231.44921875,152500,-0.005967717850931622,43.44630875613809,-222.45968026416813,-197.98781645898774,-24.47186380518039,4.972849097036292,-1.4439795034481222,444.2212917310652
2023-08-28,44253.6484375,44610.3984375,44201.44921875,44494.6484375,163000,0.005932865249995644,48.70125169500013,-193.58286252620746,-197.10682567243168,3.5239631462242187,4.626218499112516,-0.7646536102592696,441.7018579467034
2023-08-29,44655.75,44673.0,44429.80078125,44495.25,140300,1.3519792933261855e-05,48.71298162290442,-168.7045147255194,-191.42636348304922,22.721848757529813,4.009455979548859,-1.0434893052228154,427.52309800408176
2023-08-30,44706.55078125,44779.6484375,44149.80078125,44232.6015625,153100,-0.005920332793684393,43.98405486167602,-168.2423852266802,-186.78956783177543,18.54718260509523,3.2942901436779,-1.4440453636676887,441.9748521645045
2023-08-31,44265.8515625,44399.6484375,43895.05078125,43989.1484375,705100,-0.00551913202767963,40.09835177573858,-185.38378792445292,-186.50841185031095,1.1246239258580317,3.1497522985389264,-1.2407498889955986,446.44790959918276
2023-09-01,43996.1015625,44568.55078125,43830.75,44436.1015625,320800,0.010109260226866475,49.0053308921309,-161.04664573125046,-181.41605862649885,20.369412895248388,3.137394455128146,0.53620999437029,467.25882900281255
2023-09-04,44647.6484375,44656.05078125,44310.94921875,44578.30078125,238600,0.0031949737563430865,51.47737310069034,-128.8002673521769,-170.89290037163448,42.092633019457594,2.982292764895595,1.1053324347409381,458.5333099668974
2023-09-05,44625.05078125,44668.69921875,44401.69921875,44532.1484375,225500,-0.0010358459256198218,50.619680357115044,-105.74986992011691,-157.86429428133096,52.11442436121405,2.8288541789995527,1.3328737298758306,444.8523592549761
2023-09-06,44494.6484375,44577.0,44207.25,44409.1015625,252000,-0.0027669265611331073,48.30866969817012,-96.30102013806754,-145.55163945267827,49.25061931461073,2.504252112602052,1.1796173541449029,439.4879050224778
2023-09-07,44418.05078125,44915.55078125,44341.19921875,44878.3515625,169100,0.010511092072095685,56.47045322129231,-50.3675791961432,-126.51482740137126,76.14724820522807,2.501997813654643,2.342705050272723,449.12102341372935
2023-09-08,44953.6484375,45383.3515625,44812.1484375,45156.3984375,179100,0.006176454289573154,60.4548202449348,8.374526432955463,-99.53695663450591,107.91148306746138,2.996903651837469,2.623513561883551,457.84117352703436
2023-09-11,45340.80078125,45636.19921875,45231.30078125,45570.69921875,228100,0.009132964058589295,65.51928824023707,87.35174243657093,-62.15921682029055,149.5109592568615,3.856601734600572,3.5856619339330464,459.4097169358176
2023-09-12,45893.80078125,45893.80078125,45322.55078125,45511.3515625,271400,-0.0013031692663896396,64.24992646652281,143.49873120080883,-21.027627216070673,164.5263584168795,4.378486383145618,2.320869629900382,467.39830858325917
2023-09-13,45449.3515625,45990.5,45299.3984375,45909.44921875,441700,0.008709181480549116,68.63903565508426,217.61030202805705,26.699958632754875,190.91034339530216,5.072777027499783,3.17611397111077,483.37711243445494
2023-09-14,46013.30078125,46153.8984375,45801.5,46000.8515625,238600,0.0019889473346230073,69.56299684527617,280.4863886217354,77.45724463055097,203.0291439911844,5.595080589322178,4.000326408025398,474.02149279627963
2023-09-15,46122.1484375,46310.3984375,46028.75,46231.5,278400,0.0050014753910877,71.81928323690931,344.9511593019997,130.95602756484072,213.995131737159,6.099578135729062,3.9035066541534573,462.27330581083106
2023-09-18,46100.94921875,46252.94921875,45906.8984375,45979.8515625,348800,-0.0054580929130551405,66.06498849639618,371.4521594440739,179.05525394068735,192.39690550338656,6.28937133205368,3.3365394339845262,453.9716969136289
2023-09-20,45493.69921875,45745.1484375,45276.3984375,45384.6015625,334000,-0.013030416140942079,54.866741243310194,340.4976477668388,211.34373270591766,129.15391506092112,6.078010797397118,2.6044138470404943,471.7917989197982
2023-09-21,45179.6015625,45276.80078125,44592.44921875,44623.8515625,257700,-0.016904370408570107,44.48792003914228,251.67861271752918,219.41070870823995,32.267904009289225,6.038996966078977,1.4428629503973902,494.6746949790983
2023-09-22,44707.3515625,44996.75,44548.8984375,44612.05078125,249400,-0.0002644850561006651,44.3477793578763,178.28154444281245,211.18487585515447,-32.90333141234203,6.007325419194283,0.3959600697701281,491.33018551630556
2023-09-25,44615.0,44936.55078125,44400.8984375,44766.1015625,266500,0.003447172038334627,46.707840583811695,131.03397157010477,195.15469499814455,-64.12072342803978,5.833274943736439,0.4212829514780217,494.49605396156943
2023-09-26,44722.5,44773.80078125,44532.44921875,44624.19921875,188500,-0.0031748961958367318,44.82226095281035,81.20353267758037,172.36446253403173,-91.16092985645136,5.794269289449604,0.206706355924398,476.4143045714573
2023-09-27,44465.8984375,44668.0,44182.5,44588.30078125,221900,-0.0008047849670742244,44.334654906772705,38.37350112159038,145.56627025154347,-107.19276912995309,5.764624199244346,0.40351912658669875,477.06328281635325
2023-09-28,44700.3515625,44756.80078125,44248.19921875,44300.94921875,389900,-0.00646540641249693,40.53352752737001,-18.542728030508442,112.7444705951331,-131.28719862564154,5.72962725606203,-1.2865943682130982,479.3160170794709
2023-09-29,44445.3515625,44755.05078125,44344.8984375,44584.55078125,156000,0.006381300096807636,45.499971706173,-40.30041565075226,82.13549334595604,-122.43590899670829,5.417181288938026,-1.2663712697138194,477.5149846095087
2023-10-03,44561.5,44566.30078125,44243.1015625,44399.05078125,192600,-0.004169313569187289,42.971963069649725,-71.68549380733748,51.37129591529733,-123.05678972263482,5.43398354377146,-2.571056528836246,467.79600133382945
2023-10-04,44108.1484375,44161.3515625,43857.5,43964.05078125,310300,-0.009845818138615875,37.684362658321916,-130.15886850201787,15.065263031834291,-145.22413153385216,5.760788371022006,-3.3998128557555956,473.0641998992702
2023-10-05,44181.3515625,44391.8515625,44108.30078125,44213.3515625,243400,0.005654542748643619,42.082815512369265,-154.6008077955412,-18.8679511336408,-135.73285666190037,5.896996506154648,-3.6944413080810654,469.8310985671795
2023-10-06,44395.3984375,44500.69921875,44242.94921875,44360.6015625,157500,0.0033249082932183165,44.571404207179704,-160.2422040192978,-47.1428017107722,-113.09940230852558,5.9167705732569065,-3.5656948606080494,456.79656697309525
2023-10-09,44057.80078125,44113.19921875,43796.75,43886.5,162300,-0.010744967608450853,38.79193571593108,-200.65604702629207,-77.84545077387617,-122.8105962524159,6.2937435068877505,-5.072299189946248,464.4433523678741
2023-10-10,44027.55078125,44487.25,44004.55078125,44360.1484375,175300,0.010734752974331987,46.285561926338275,-192.24871480071306,-100.72610357924356,-91.5226112214695,6.376735692437717,-3.5226366983772275,474.17954148445455
2023-10-11,44554.8984375,44710.55078125,44411.3984375,44516.8984375,213700,0.0035273485795833917,48.53131784759882,-170.96663154931593,-114.77420917325804,-56.19242237605789,6.267213847926158,-1.9118888238008864,465.33831307485065
2023-10-12,44571.55078125,44693.05078125,44530.05078125,44599.19921875,112100,0.0018470468705989987,49.71995223396988,-145.77899253127543,-120.97516584486152,-24.803826686413913,6.13457642919516,-0.05524476907931629,444.6821724087899
2023-10-13,44322.05078125,44563.05078125,44203.69921875,44287.94921875,169900,-0.007003290747943073,45.44544831762068,-149.21284808658675,-126.62270229320657,-22.590145793380174,5.771194876619962,-0.7264888226932097,441.1691600938763
2023-10-16,44204.75,44356.94921875,44044.3984375,44225.8984375,140400,-0.0014020583910387882,44.62183191039252,-155.15267931269773,-132.32869769710481,-22.823981615592913,5.2071466091991825,-1.2067236282475877,431.98213303359944
2023-10-17,44589.80078125,44589.8515625,44336.94921875,44409.5,120500,0.004142855525817454,47.645291351174556,-143.39199304469366,-134.54135676662258,-8.850636278071079,4.042281899853474,-0.48112733115396417,427.1229181740567
2023-10-18,44404.19921875,44412.5,43861.44921875,43888.69921875,217200,-0.011796544557655627,40.834833782042544,-174.08904483706283,-142.45089438071065,-31.63815045635218,2.95853429728477,-1.5690249465487416,435.9749083937669
2023-10-19,43616.75,44058.80078125,43558.1015625,43754.5,156600,-0.0030624013004157766,39.2768739257407,-206.86087158507144,-155.33288982158282,-51.52798176348861,2.5281912814842213,-1.2334932510175651,440.59807341921214
2023-10-20,43584.25,43877.5,43567.44921875,43723.05078125,152400,-0.0007190237912254774,38.902293367378554,-232.68818495932646,-170.80394884913156,-61.884236110194905,2.742889421022098,-1.9322836832580652,431.27326683569703
2023-10-23,43822.69921875,43831.30078125,43029.44921875,43151.19921875,201400,-0.013165231862780173,32.78046010009899,-295.889330794329,-195.82102523817107,-100.06830555615792,3.485653290621276,-2.81053657801841,457.743145097433
2023-10-25,43308.30078125,43397.44921875,42758.3984375,42832.0,188300,-0.007424722225045077,29.947561981811447,-367.4971253995827,-230.15624527045344,-137.3408801291293,4.2761441813733425,-2.574946487262276,470.69369053690207
2023-10-26,42708.3984375,42716.19921875,42105.3984375,42280.1484375,307100,-0.012967814961403716,25.796807758847336,-463.4344438179469,-276.81188497995214,-186.62255883799475,5.5170801011482755,-4.3724419359324616,488.97282424855194
2023-10-27,42555.6015625,42840.1484375,42482.75,42782.0,213900,0.011799781563020518,34.66525225163292,-493.28396244980104,-320.1063004739219,-173.17766197587912,5.903184877961235,-3.558566626459959,494.0461939450839
2023-10-30,42721.3984375,43112.5,42390.5,43039.1484375,189000,0.0059926769041118025,38.70752238325923,-490.5356021192056,-354.19216080297866,-136.34344131622692,6.107603380869385,-1.9307795392660612,510.3286086632922
2023-10-31,43356.8515625,43356.8515625,42797.1484375,42845.94921875,157400,-0.004499023693386043,36.862215073345574,-498.2040825340446,-382.9945451491918,-115.20953738485275,6.242098481218478,-3.413422344344472,513.8553598301999
2023-11-01,42694.25,42815.1484375,42589.6484375,42700.94921875,145200,-0.0033899566555351656,35.494542217501476,-510.10156339997775,-408.41594879934905,-101.6856146006287,6.459698631307487,-4.0792357115793285,495.4586042173284
2023-11-02,43018.69921875,43271.5,42796.44921875,43017.19921875,144700,0.007378867618745069,40.665328154879525,-488.3819080852554,-424.4091406565304,-63.972767428725035,6.574525706899707,-3.5471488899175334,500.8223311482335
2023-11-03,43318.30078125,43416.1015625,43221.0,43318.25,124100,0.006974006718013384,45.17104574823389,-441.7840313932611,-427.88411880387656,-13.899912589384542,6.498074797338356,-2.1895328997068635,493.5423320483597
2023-11-06,43627.75,43648.69921875,43415.19921875,43619.3984375,149900,0.0069279454279152055,49.31716563867191,-376.217910407875,-417.5508771246763,41.33296671680125,6.303764058872385,-1.371368409523902,481.89282395561975
2023-11-07,43598.8515625,43799.3515625,43283.8515625,43737.8984375,198200,0.002712997698476701,50.890846844396606,-311.1080673519973,-396.2623151701405,85.15424781814318,6.2795433451677045,-1.5122925556468774,484.2933365302183
2023-11-08,43791.80078125,43797.55078125,43547.75,43658.6484375,163400,-0.0018135732944865352,49.77769038699285,-262.872628292811,-369.5843777946746,106.71174950186361,6.057760767065028,-0.5241686022713528,467.543868295917
2023-11-09,43626.1015625,43876.75,43542.6484375,43683.6015625,108900,0.0005713872880284785,50.14744559771909,-220.09506773883186,-339.686515783506,119.59144804467417,5.702913618969405,-0.1620369047755088,458.0122750247801
2023-11-10,43543.25,43908.69921875,43504.94921875,43820.1015625,90000,0.0031198704933572217,52.21977232996557,-173.18279017957684,-306.3857706627202,133.20298048314334,5.255267930257477,0.22196708490345973,454.1363982372958
2023-11-13,43915.1015625,43970.75,43681.3984375,43891.25,169600,0.0016223317013714822,53.30925178672764,-128.77890488181583,-270.8643975065393,142.08549262472349,5.041682975857128,1.715017878178538,442.36605282748894
2023-11-15,44398.44921875,44408.55078125,44164.55078125,44201.69921875,202500,0.007048248621603333,57.827875700652555,-67.75679034787026,-230.24287607480554,162.48608572693527,5.0255951898051,3.197840910417445,447.7185334290969
2023-11-16,44251.69921875,44420.94921875,44064.1484375,44161.55078125,144300,-0.0009087135265565869,57.05881456015538,-22.37800855806563,-188.66990257145758,166.29189401339195,4.840530116088349,4.449848009713483,441.2244082734472
2023-11-17,43656.25,43872.8515625,43513.8515625,43583.94921875,227400,-0.013165573290044663,47.310573946224046,-32.646289821801474,-157.46518002152635,124.81889019972488,4.75082128474821,1.8745014696601374,455.97260902177237
2023-11-20,43591.5,43724.0,43450.05078125,43584.94921875,124300,2.2943963224710202e-05,47.32735213091138,-40.23942995923426,-134.02003000906794,93.78060004983368,4.708500607033191,1.2681495825657272,442.9709382880743
2023-11-21,43790.94921875,43790.94921875,43586.44921875,43689.1484375,108200,0.0023878624026896504,49.14457396338549,-37.417713984745205,-114.6995668042034,77.2818528194582,4.69871710047592,1.9679788501009658,426.044442696069
2023-11-22,43663.6015625,43692.5,43230.94921875,43449.6015625,150900,-0.005498070110800117,45.27722528752121,-53.88970757756033,-102.53759495887479,48.64788738131446,4.673559085296864,1.753245202851993,428.58060973563545
2023-11-23,43452.75,43649.6484375,43451.3515625,43577.5,72300,0.0029392804605423597,47.646121471947346,-55.97826358243765,-93.22572868358736,37.247465101149714,4.525994478797966,1.30250409470122,412.25677154023293
2023-11-24,43607.3515625,43806.5,43566.1484375,43769.1015625,96800,0.004387162554432283,51.06376647058731,-41.692212576788734,-82.91902546222764,41.2268128854389,3.849281545272672,1.0407889573101408,399.9778280373592
2023-11-28,43851.55078125,43960.30078125,43739.80078125,43880.94921875,151200,0.002552142661924442,52.99286493898691,-21.101992486008385,-70.55561886698378,49.45362638097539,3.591988722593245,0.5996203309056697,387.15798317754786
2023-11-29,44081.75,44630.3515625,44003.44921875,44566.44921875,152300,0.015501048944210703,62.69834837063039,49.95418556216464,-46.453657981154095,96.40784354331873,3.9323334434246444,1.8943543490869172,413.03258036129444
2023-11-30,44711.19921875,44764.80078125,44254.6015625,44481.75,343200,-0.0019023235738802606,61.02187910748265,98.29906902655057,-17.50311257961316,115.80218160616373,3.8988073071976292,1.8853115979490749,419.97305453191626
2023-12-01,44580.1484375,44951.1015625,44531.75,44814.19921875,204900,0.007446043357425682,64.9799768874941,161.57606276330625,18.31272248897072,143.26334027433552,3.8554155042447773,2.588151195895342,423.5000908153508
2023-12-04,45671.5,46484.44921875,45484.19921875,46431.3984375,311200,0.035450884792819264,77.14055445694994,338.3180774400971,82.31379347919601,256.0042839609011,6.140823869370682,5.959130129526385,512.5536557571114
2023-12-05,46895.8984375,47230.55078125,46653.6484375,47012.25,326100,0.01243228520385516,79.8473544292037,519.271426375577,169.7053200584722,349.56610631710475,8.366665151198786,7.110756699797796,533.0249906137464
2023-12-06,47256.75,47259.8515625,46750.19921875,46834.55078125,244200,-0.003787010950670952,76.84932714945427,640.9509338592106,263.9544428186199,376.99649104059074,9.734684520317021,5.956448754312064,531.3555158377645
2023-12-07,46735.3984375,46927.69921875,46507.1484375,46841.3984375,208100,0.00014619881238039066,76.88534382325444,729.5258489519838,357.0687240452927,372.4571249066911,10.767390276302006,6.068282496519128,523.4408919386385
2023-12-08,46797.19921875,47303.6484375,46793.8984375,47262.0,218300,0.00893919603986232,79.04210140611423,824.1607264582635,450.48712452788686,373.67360193037666,11.842086068965624,8.439002998075464,522.4629710858786
2023-12-11,47233.30078125,47588.0,47186.6015625,47314.25,182500,0.0011049286753463932,79.30049042226761,893.0808073938679,539.0058611010832,354.0749462927847,12.657533734209172,8.556395838693959,513.815504401173
2023-12-12,47421.69921875,47454.0,47004.05078125,47097.55078125,182000,-0.004590519352373194,75.1616529691417,919.6139153788099,615.1274719566286,304.4864434221813,13.132494442161677,7.801484958275001,509.25362685466064
2023-12-13,47190.75,47201.94921875,46886.8984375,47092.25,202300,-0.00011255531303025591,75.05845543014533,929.4991779410411,678.0018131535112,251.49736478752993,13.454119228748379,8.38361758567622,495.3819950257563
2023-12-14,47567.6484375,47943.6015625,47510.8515625,47732.30078125,193100,0.013499889987558984,78.83688877625876,977.7096405275079,737.9433786283106,239.76626189919727,14.097094301656995,9.534279803224141,520.8083927024879
2023-12-15,47939.8984375,48219.94921875,47632.8515625,48143.55078125,313900,0.00857885516565085,80.84482831579747,1037.1456480749912,797.7838325176467,239.36181555734447,14.775077676576506,9.994377454843377,525.5433400987388
2023-12-18,48068.5,48076.6015625,47806.69921875,47867.69921875,157300,-0.005746249976686683,75.65935981738392,1049.887744181142,848.2046148503458,201.68312933079608,14.77338429148623,9.085377757271695,512.0653559845431
2023-12-19,47940.3984375,48017.0,47646.05078125,47870.8984375,189800,6.683237125910439e-05,75.67884359434443,1048.1615435471467,888.196000589706,159.96554295744068,14.536681379791375,7.414656713013951,501.98563189636144
2023-12-20,48085.3515625,48166.1484375,47202.6484375,47445.30078125,242500,-0.00893028652393494,67.8929927350502,1000.9134360726821,910.7394876863013,90.17394838638074,13.96910283642489,6.662397008323638,534.9509439037641
2023-12-21,47172.44921875,47932.3984375,46919.69921875,47840.1484375,208000,0.008287727445082323,70.88562956706916,983.9870858596623,925.3890073209736,58.598078538688696,13.1313970745195,6.752210842772262,569.0758206784952
2023-12-22,47837.75,48071.3984375,47415.8515625,47491.8515625,165800,-0.007307062155857616,65.11967627343563,931.7278062242767,926.6567671016344,5.071039122642333,11.973970048108786,2.2839138184206234,575.2523245586027
2023-12-26,47576.3984375,47838.44921875,47411.6484375,47724.8515625,118700,0.004894109067561939,67.05054261773851,898.7528400572482,921.0759816927572,-22.323141635508932,10.72134940450729,1.5157784673143704,564.6486428937026
2023-12-27,47818.5,48347.6484375,47806.69921875,48282.19921875,184900,0.011610687193216155,71.16279542392604,907.1363366921141,918.2880526926285,-11.151716000514398,9.374279730360913,3.090983928214722,568.8020880441524
2023-12-28,48479.05078125,48636.44921875,48343.1484375,48508.55078125,391100,0.0046771406385845435,72.65540112673574,921.4234021559896,918.9151225853008,2.508279570688842,8.429452260432438,3.5591429789921074,553.4769388981415
2023-12-29,48374.8515625,48477.69921875,48091.8515625,48292.25,174000,-0.004468994873993824,68.9810471261602,904.86165719571,916.1044295073827,-11.242772311672752,6.761140025243743,2.1798696627311585,543.7071017447028
2024-01-01,48203.44921875,48450.0,48044.1484375,48234.30078125,146900,-0.0012006898670445375,67.98901436066463,876.951387629153,908.2738211317368,-31.32243350258375,4.717790744189926,1.9445532397744867,533.8602775129383
2024-01-02,48194.80078125,48223.55078125,47689.80078125,47761.6484375,183200,-0.009847418918832469,60.36380526699284,807.3861588362197,888.0962886726334,-80.71012983641367,4.180853297542261,1.4100471154741743,534.6202576905855
2024-01-03,47796.30078125,47798.75,47481.3515625,47704.94921875,233300,-0.0011878337933608964,59.50169602803482,739.1594902367942,858.3089289854656,-119.1494387486714,4.004207690352817,1.3010616794695518,519.1044133912579
2024-01-04,47805.3984375,48281.19921875,47738.1484375,48195.8515625,175700,0.010237800466125754,64.26087773163803,716.4423785536273,829.935618899098,-113.49324034547067,3.7696810051665106,0.9711469459106611,523.1862410061681
2024-01-05,48245.55078125,48381.94921875,47822.8515625,48159.0,181000,-0.0007649135191266647,63.65612045621369,687.5397603852907,801.4564471963366,-113.9166868110459,3.4204289125879384,0.03208990300735536,525.7513420950132
2024-01-08,48096.6484375,48154.5,47387.3515625,47450.25,231400,-0.0148262429194308,53.27228850355887,600.5215864883285,761.269475054735,-160.74788856640657,3.332001344538308,-0.8720895835045341,543.3154203382265
2024-01-09,47705.3984375,47939.30078125,47156.05078125,47242.6484375,161000,-0.0043847405357086006,50.66523596587182,508.9405952700472,710.8036990977976,-201.86310382775036,3.371896280697627,-1.312383975454816,560.4536045997818
2024-01-10,47073.8515625,47423.44921875,47010.80078125,47360.8515625,165200,0.0024989178309646905,52.10252487312696,440.81852271703247,656.8066638216446,-215.98814110461217,3.207338499632608,-0.1779927987797132,549.8960926640831
2024-01-11,47538.6015625,47662.1015625,47237.0,47438.3515625,132500,0.0016350352051615789,53.06794863371107,388.60529182544997,603.1663894224057,-214.56109759695573,2.985998536311151,-0.8398738050006703,540.9821976523629
2024-01-12,47572.69921875,47873.69921875,47408.5,47709.80078125,191600,0.005705837654604986,56.38401081826029,364.9230082428621,555.517713186497,-190.59470494363484,2.989116606646061,0.45891918630120265,535.5691277307654
2024-01-15,47891.05078125,48248.05078125,47825.3984375,48158.30078125,167100,0.009356673695781043,61.25510126422262,377.98762357567466,520.0116952643325,-142.02407168865784,2.9944878151193075,0.9082253889933197,535.7606186071393
2024-01-16,48109.94921875,48305.3984375,48002.8515625,48125.1015625,224500,-0.0006896146014280258,60.714566703591025,381.26751131704805,492.26285847487566,-110.99534715782761,3.039293933633387,-0.3253738619863703,519.1024940637723
2024-01-17,46573.94921875,47212.75,45979.6015625,46064.44921875,499600,-0.043762417116141934,38.188826697333305,215.10977188288962,436.83224115647846,-221.72246927358884,4.458533623882432,-5.038496354017482,635.2737444877886
2024-01-18,45492.75,46184.05078125,45430.69921875,45713.55078125,275000,-0.007646715930118124,35.75607703046953,54.48591523923096,360.36297597302894,-305.877060733798,5.814669945260443,-5.3397785747195465,643.7078743458036
2024-01-19,46103.5,46249.8515625,45558.05078125,45701.1484375,296600,-0.00027134244125044915,35.66958697011519,-72.96926955554227,273.69652686731473,-346.665796422857,6.841219070947951,-5.251765450562322,647.1430819818177
2024-01-23,46495.44921875,46580.30078125,44886.1015625,45015.05078125,422600,-0.015126531851827359,31.176809935892337,-226.72719865907857,173.61178176203606,-400.3389804211146,8.310626759546544,-5.750634130319321,721.9328060366878
2024-01-24,44489.3984375,45485.5,44489.3984375,45082.3984375,348700,0.001494996126473156,32.08114295604338,-339.2365642825389,71.04211255312106,-410.27867683565995,9.371354505988858,-5.49743962460656,741.51628864121
2024-01-25,45057.94921875,45139.05078125,44429.0,44866.1484375,386800,-0.004808313733847838,30.686818738172818,-440.7696961609472,-31.320249189692596,-409.4494469712546,10.220521629482155,-6.908692381297729,739.2687523989807
2024-01-29,45171.5,45660.3515625,45110.8984375,45442.3515625,336800,0.01276094596054244,38.372661997114236,-469.33050807524705,-118.92230096680349,-350.40820710844355,10.347846505266775,-5.640998437467555,743.1926361561964
2024-01-30,45481.5,45678.69921875,45206.05078125,45367.75,232100,-0.0016430238045943679,37.78842178765607,-492.30983854286023,-193.59980848201485,-298.7100300608454,10.464875550286328,-4.388807224408723,723.8680505378967
2024-01-31,45295.6484375,46179.75,45071.19921875,45996.80078125,373100,0.013770345632241544,45.344949521047475,-454.52252985175437,-245.7843527559628,-208.73817709579157,10.22734731273301,-2.637124923041102,751.3453884459041
2024-02-01,46164.8984375,46306.8984375,45668.3515625,46188.6484375,305700,0.004162217244493407,47.44170508645203,-404.43325810114766,-277.5141338249998,-126.91912427614784,10.081486639668261,-2.4750465549655414,743.2883517711967
2024-02-02,46568.19921875,46892.3515625,45901.25,45970.94921875,337000,-0.004724404819613506,45.31716330032737,-377.94692009880964,-297.6006910797618,-80.34622901904783,9.952122487113286,-3.093282745747812,760.9892953946827
2024-02-05,45962.25,46048.6015625,45615.1015625,45825.55078125,265900,-0.0031678453773811275,43.903040456071615,-364.4871640274723,-310.9779856693039,-53.50917835816841,9.519888187334214,-3.9493981721686673,737.5972028664911
2024-02-06,45891.19921875,45932.1484375,45527.0,45690.80078125,178600,-0.0029448310619688512,42.57701059313174,-360.5373589684168,-320.8898603291265,-39.64749863929029,9.006883933908794,-5.123727290977631,713.8508624831703
2024-02-07,45944.6015625,46062.8515625,45620.5,45818.5,283700,0.002790957870991246,44.294142739426576,-343.14726223875186,-325.3413407110516,-17.805921527700264,8.779528528900627,-4.792928196742443,694.4580553415153
2024-02-08,45973.8515625,46181.19921875,44893.75,45012.0,319900,-0.017758818805579425,36.807959143658174,-389.9482148039533,-338.262715529632,-51.68549927432133,8.85383683064868,-2.2847320148172154,736.8145670135499
2024-02-09,44986.75,45718.1484375,44859.1484375,45634.55078125,276000,0.013736001299759727,44.59257575163509,-372.5096028985863,-345.11209300342284,-27.397509895163466,8.561400648736832,-0.1728152782924989,745.5420979411535
2024-02-12,45664.30078125,45748.5,44633.8515625,44882.25,268800,-0.016622728539881292,38.43141383387672,-414.6143470280149,-359.01254380834126,-55.60180321967363,8.375801399376247,-1.7918552716895277,771.9068364810711
2024-02-13,45056.80078125,45750.3984375,44819.55078125,45502.3984375,245900,0.013722643832086906,45.15810295775721,-393.4069139724088,-365.89141784115475,-27.515496131254054,7.609222438215404,1.0826326923816192,783.2597521788517
2024-02-14,45014.6484375,46170.44921875,44860.75,45908.30078125,280000,0.008880908143721852,49.079538627455435,-339.92845992345246,-360.6988262576143,20.77036633416185,5.999885863054436,1.8319840389481274,820.8625712196481
2024-02-15,46027.1015625,46297.69921875,45590.19921875,46218.8984375,277700,0.006742825911957405,51.91302656470011,-269.37853662386624,-342.4347683308647,73.05623170699846,3.70330668325997,3.0150794019781406,812.765244703959
2024-02-16,46454.30078125,46693.3984375,46264.3984375,46384.8515625,291400,0.0035841594461462744,53.40493078765639,-197.79611339343683,-313.5070373433791,115.7109239499423,3.903380435327205,2.0740563980359044,788.603441510819
2024-02-19,46554.8984375,46717.3984375,46317.69921875,46535.5,158400,0.0032425311992474314,54.77657302264659,-127.44139233376336,-276.29390834145596,148.8525160076926,4.280047720038726,2.5739649861410365,760.8245684564748
2024-02-20,46444.8984375,47136.75,46367.80078125,47094.19921875,171900,0.01193437241933096,59.534168108508894,-26.29924992423912,-226.2949766580126,199.99572673377347,5.083257467689583,2.3858147063726665,761.404900620298
2024-02-21,47363.3984375,47363.3984375,46886.94921875,47019.69921875,198900,-0.0015831883876443534,58.64815277645009,47.29985595130711,-171.57601013614865,218.87586608745576,5.429065101066066,1.7992533000278916,741.0509233438481
2024-02-22,46934.55078125,47024.05078125,46426.8515625,46919.80078125,177200,-0.002126868360127916,57.414247751319834,96.4548372674617,-117.96984065542658,214.4246779228883,5.58678646002674,2.0640242993133486,730.7758015871448
2024-02-23,47060.69921875,47245.3515625,46723.1484375,46811.75,200500,-0.0023055380650685965,56.040881866514106,125.24793879986828,-69.32628476436761,194.5742235642359,5.409398042827675,2.152072810772443,715.8777532594916
2024-02-26,46615.8515625,46893.1484375,46513.55078125,46576.5,223700,-0.005038117699070188,53.06470501460555,127.61292787738785,-29.93844223601652,157.55137011340437,5.378784300734029,1.9384628931989782,691.8577463302421
2024-02-27,46480.19921875,46722.25,46324.8984375,46588.05078125,157300,0.00024796515868591565,53.196137246052636,128.93299101074808,1.8358444133364031,127.09714659741168,5.267667435034365,1.6795634541724411,670.8215903423677
2024-02-28,46640.8984375,46754.55078125,45852.55078125,45963.1484375,167300,-0.01350413275056828,45.73453528552519,78.64814705813478,17.19830494229608,61.449842115838706,5.27141761747856,2.1130997011907935,687.3343338893413
2024-02-29,45881.44921875,46329.6484375,45661.75,46120.8984375,544700,0.0034262211462736548,47.7277985755893,50.938959949300624,23.94643594369699,26.992524005603634,5.270395865663267,1.065744371148334,685.9460555758169
2024-03-01,46218.0,47342.25,46218.0,47286.8984375,172500,0.024967092850485924,59.55369056039731,121.66322691588721,43.48979413813504,78.17343277775217,5.688325558556021,5.35768246355742,724.1893060704014
2024-03-04,47318.5,47529.6015625,47191.6484375,47456.1015625,158100,0.0035718376004859756,60.93486016784747,189.18518705305905,72.62887272111985,116.5563143319392,6.1027149348067145,4.293626692411647,696.6010074225156
2024-03-05,47265.69921875,47737.8515625,47196.75,47581.0,176900,0.002628415794512669,61.96728571565947,249.89445924539177,108.08199002597425,141.81246921941752,6.446433762657794,3.6435659571028354,685.4939042137646
2024-03-06,47451.6484375,48161.25,47442.25,47965.3984375,301700,0.008046363185644305,65.03043965910965,325.2751665556789,151.5206253319152,173.75454122376368,6.991420256149909,3.7787573028416572,687.8871967699242
2024-03-07,48035.80078125,48071.69921875,47747.19921875,47835.80078125,146300,-0.0027055555955823565,63.182827643551775,370.28901119701186,195.27430250493455,175.0147086920773,6.789198493365153,3.128066965558698,661.9309684292153
2024-03-11,47792.19921875,47853.80078125,47230.6484375,47327.8515625,204200,-0.010675379311589062,56.41712548963494,360.81628500491934,228.3826990049315,132.43358599998783,6.614135401763624,1.7026819578601284,659.1610666664143
2024-03-12,47351.3515625,47812.75,46884.44921875,47282.3984375,207200,-0.000960849981835664,55.840897512118815,345.65687662074924,251.8375345280951,93.81934209265415,5.627480782068123,0.3996229299405322,678.3853319938133
2024-03-13,47341.1484375,47468.69921875,46842.1484375,46981.30078125,274600,-0.006388433358332902,52.04845065852501,305.8215513012983,262.63433788273574,43.18721341856258,4.996056524438472,-0.08166457492924134,674.682864083541
2024-03-14,46825.75,47231.5,46565.55078125,46789.94921875,220400,-0.004081247250199425,49.7366368675238,255.86188059458073,261.2798464251047,-5.417965830523997,4.614181901113263,-0.27675216078899256,674.0590322740023
2024-03-15,46572.1015625,46802.55078125,46310.5,46594.1015625,339300,-0.0041944623680132565,47.41531820742357,198.18070868084033,248.66001887625185,-50.47931019541153,4.450135336289865,-0.46494403114602634,661.0584429151451
2024-03-18,46458.75,46739.25,46022.1484375,46575.8984375,151300,-0.00039075078311927785,47.19484027689181,149.2783365697178,228.78368241494508,-79.50534584522728,4.373812371712192,-0.001291557974515045,665.0615228854919
2024-03-19,46421.8984375,46602.3515625,46258.75,46384.80078125,147100,-0.004111370225024453,44.8377080181092,94.01907716277492,201.83076136451106,-107.81168420173614,4.4367381844062495,-0.4362706672454319,642.100097143671
2024-03-20,46392.8984375,46655.55078125,45828.80078125,46310.8984375,210400,-0.0015945153881094633,43.924058917732694,43.757999468864,170.21620898538166,-126.45820951651766,4.589020376675174,0.7565843764442405,655.289375919123
2024-03-21,46674.8515625,46990.25,46570.1484375,46684.8984375,150400,0.008043417636968767,49.529057591362815,33.715753418444365,142.9161178719942,-109.20036445354984,4.606000923125973,1.222872968886969,657.0081035320428
2024-03-22,46634.8984375,46974.1484375,46566.80078125,46863.75,172200,0.0038237170370743288,51.99991005621268,39.73103282716329,122.27910086302803,-82.54806803586474,4.606660998384881,-0.8948534403441227,639.1752144404683
2024-03-26,46552.94921875,46788.3515625,46529.05078125,46600.19921875,171700,-0.005639639283031869,48.251296750100664,22.967089325989946,102.41669855562043,-79.44960922963048,4.638970146140282,-1.8035664868568502,617.4269290340062
2024-03-27,46643.44921875,46956.1015625,46643.44921875,46785.94921875,285100,0.003978111273917317,50.935905703133415,24.38887616324064,86.81113407714449,-62.42225791390385,4.602897193372482,-1.6709417230617263,598.74660151372
2024-03-28,46827.8515625,47440.44921875,46827.8515625,47124.6015625,348000,0.007212263348418653,55.471456157878464,52.239877589425305,79.89688277960065,-27.65700519017534,4.576452760809551,-1.7529237792021626,602.7289871198827
2024-04-01,47391.05078125,47646.80078125,47373.1015625,47578.25,134089400,0.00958053321340379,60.710933253745786,109.65361585677601,85.84822939503573,23.805386461740284,4.311145731127607,-0.5384059157444921,596.9768608077483
2024-04-02,47490.75,47707.3515625,47408.55078125,47545.44921875,183400,-0.0006896448060667522,60.15973879006952,150.76968903368106,98.83252132276479,51.93716771091627,4.0472874344364005,0.45976660479220327,575.6785694107663
2024-04-03,47350.25,47676.94921875,47279.80078125,47624.25,283800,0.0016560060587600706,61.07407907055388,187.55106579299172,116.57623021681019,70.97483557618153,4.155443873944974,0.7229996231089563,562.9264171314259
2024-04-04,48086.19921875,48254.6484375,47712.69921875,48060.80078125,324300,0.009124806993208444,65.76202577839678,249.05561343013687,143.07210685947553,105.98350657066135,4.480147867232218,2.297722672742222,567.7458471577526
2024-04-05,48104.6484375,48557.3984375,47894.5,48493.05078125,214300,0.008953612532067159,69.6584517015128,328.8861779500585,180.2349210775921,148.65125687246638,5.085826714593493,3.639887606070581,574.5424607536273
2024-04-08,48586.75,48716.94921875,48424.6484375,48581.69921875,263400,0.001826395888574812,70.4023880889277,394.75517162862525,223.13897118779875,171.6162004408265,5.535863891595927,4.265770965846166,554.3823407890825
2024-04-09,48810.80078125,48960.75,48568.25,48730.55078125,147600,0.003059258800255826,71.6589419761309,453.73749734114244,269.25867641846753,184.4788209226749,6.11415538105594,4.626110104223366,542.8193164470051
2024-04-10,48879.55078125,49057.3984375,48669.25,48986.6015625,247100,0.005240663714303768,73.72536189932238,515.203626847062,318.44766650418643,196.75596034287554,6.896125176159392,5.609166661122577,531.771396522219
2024-04-12,48671.19921875,48882.6484375,48477.55078125,48564.55078125,208000,-0.008652966253831182,65.27676772620634,523.8217158263724,359.52247636862364,164.29923945774874,7.250174416349083,4.86635418397566,530.1484954313462
2024-04-15,48057.5,48255.5,47725.80078125,47773.25,197100,-0.01642799754713553,53.010991601587385,461.48059255289263,379.9140996054775,81.56649294741516,7.230269550118988,2.331271136761804,552.1914600433929
2024-04-16,47436.69921875,47609.0,47316.55078125,47484.80078125,186100,-0.006056183136507173,49.369279282814844,384.3685999733498,380.80499967905195,3.563600294297828,7.1174084681519645,1.3252263876663732,545.3705856652934
2024-04-18,47592.69921875,47829.75,46982.1484375,47069.44921875,186400,-0.008785522260211872,44.61631481120838,286.439494248938,361.9318985930292,-75.4924043440912,6.958682737097448,1.0069699440494948,566.9585125820582
2024-04-19,46744.94921875,47668.69921875,46579.05078125,47574.1484375,164600,0.010665359630509439,50.8130018986556,246.71105001471733,338.88772887736684,-92.17667886264951,6.723419074990626,1.6846921605987644,604.293507219054
2024-04-22,48145.69921875,48146.30078125,47628.44921875,47924.8984375,177700,0.007345656080200329,54.61360998180217,240.75331108460523,319.2608453188145,-78.50753423420929,6.359431155911782,1.6982570641761063,601.9977098284073
2024-04-23,48299.6015625,48302.69921875,47899.30078125,47970.44921875,141100,0.0009500103141427059,55.09883503035412,236.97561998740275,302.8038002525322,-65.82818026512945,5.8520299284130095,0.8243245994756007,587.8120475192354
2024-04-24,48120.8984375,48246.19921875,48028.69921875,48189.0,112200,0.004545599196794767,57.44936007973518,248.74956398546783,291.9929529991193,-43.243389013651495,5.563927690634532,1.3535486399321044,565.5219012678615
2024-04-25,47772.6484375,48625.44921875,47737.19921875,48494.94921875,337400,0.006328873457183694,60.561833554694466,279.5456166023505,289.5034857197656,-9.9578691174151,5.4113377600057655,1.8282686210281527,588.5739083201571
2024-04-26,48660.0,48679.6484375,48088.25,48201.05078125,208100,-0.0060788314411224925,56.30142213499315,277.0429834206807,287.0113852599486,-9.968401839267926,4.862375354023827,0.29181785929525306,588.7756604044316
2024-04-29,48359.8984375,49473.6015625,48342.69921875,49424.05078125,327100,0.025056342377252933,66.7756658352895,369.4862994929208,303.50636810654305,65.97993138637776,5.035971354341571,1.9198627122877867,637.6167404648294
2024-04-30,49477.1015625,49974.75,49249.8984375,49396.75,402900,-0.000552531081082572,66.39309523870585,435.5248888003116,329.91007224529676,105.61481655501484,5.22887133889783,1.67769097079139,643.8477991816272
2024-05-02,49262.0,49529.3515625,49123.6015625,49231.05078125,291900,-0.003360094686002236,63.99657999527423,469.08310640524724,357.74467907728683,111.3384273279604,5.412028081467697,1.0270764273663346,626.8408135257968
2024-05-03,49375.05078125,49607.75,48659.69921875,48923.55078125,223000,-0.006265646258022191,59.69059482973368,465.49956627913343,379.2956565176562,86.20390976147723,5.346378304734613,-0.12871025798667843,649.7843826489542
2024-05-06,49174.55078125,49252.6484375,48784.0,48895.30078125,340200,-0.0005775982918250629,59.29586658853014,455.13354975549737,394.46323516522443,60.67031459027294,5.251689185667422,0.6810523204256577,636.8461008526003
2024-05-07,48965.05078125,49023.5,48213.75,48285.3515625,230300,-0.012553058939861368,51.39344912665974,393.1684019833556,394.2042685288507,-1.0358665454951392,5.216631898609628,1.071942064858472,649.1963793631288
2024-05-08,48124.19921875,48223.05078125,47851.1484375,48021.1015625,286000,-0.005487704189704092,48.384937251301565,319.0598856150609,379.17539194609276,-60.11550633103184,5.262517091587743,1.1294156707545153,633.839718337191
2024-05-09,47976.3515625,48258.6484375,47440.6484375,47487.8984375,272900,-0.011165621346124508,42.9246766495926,214.82692537648109,346.30569863217045,-131.47877325568936,5.494004889557214,0.8890038564192755,646.9940241702488
2024-05-10,47555.5,47868.69921875,47313.3515625,47421.1015625,218900,-0.0014075985634430799,42.2809579147175,125.38622945876705,302.1218047974898,-176.73557533872275,5.680708900909099,-0.32170176456455885,640.4478550330883
2024-05-13,47389.80078125,47841.6015625,46983.25,47754.1015625,220900,0.006997649553708613,46.58177838452706,80.44680981431156,257.78680580085415,-177.3399959865426,5.586200451903802,-0.35638442765348843,656.0124055664392
2024-05-14,47748.8515625,47937.25,47607.8515625,47859.44921875,152000,0.002203614404426075,47.90428998000484,52.72489167618187,216.77442297591972,-164.04953129973785,5.579281196020023,-0.2313924547461063,632.6828364188362
2024-05-15,47923.1015625,47957.19921875,47534.5,47687.44921875,188800,-0.003600330070505279,45.905959182951925,16.683788956259377,176.75629617198766,-160.07250721572828,5.60288181307862,-1.0407993136400422,617.6840065853479
2024-05-16,47945.8515625,48052.8984375,47340.3515625,47977.05078125,219900,0.006054543684896279,49.70989070771285,11.358448062237585,143.67672655003764,-132.31827848780006,5.463239338948857,-1.067943045292974,624.459925757823
2024-05-17,47842.94921875,48188.6484375,47758.80078125,48115.6484375,143800,0.0028846676903923735,51.46880203906938,18.112954720054404,118.563972184041,-100.4510174639866,5.030027036938995,-0.17717942319884267,610.5590493644071
2024-05-21,47927.1015625,48259.75,47927.1015625,48048.19921875,166800,-0.0014027980671466199,50.542350885059776,17.817967218688864,98.41477119097058,-80.59680397228172,4.882205304707201,-2.783769320304188,590.7082913740924
2024-05-22,48113.8984375,48114.05078125,47435.25,47781.94921875,204900,-0.005556720706948552,46.94974881436485,-3.8555183418575325,77.96071328440496,-81.81623162626249,4.923830204526004,-3.269042560998446,597.0006120795143
2024-05-23,47899.3515625,48829.69921875,47873.1484375,48768.6015625,184500,0.020438758407350825,58.67297278957209,57.91507758184889,73.95158614389375,-16.036508562044858,4.9702989365122425,-0.9393446034796542,629.1969969309775
2024-05-24,48668.0,49052.94921875,48644.80078125,48971.6484375,135000,0.004154832161642912,60.6024755019237,121.84831424477306,83.53093176406962,38.31738248070344,5.105993118339453,0.09831186715178791,613.4078141144792
2024-05-27,49105.8984375,49688.8515625,49051.25,49281.80078125,226500,0.006313333046136753,63.41248376077535,195.2913696588148,105.88301934301867,89.40835031579613,5.3746991240530795,0.7904645105449727,620.8217648920163
2024-05-28,49390.8984375,49511.1484375,49043.6484375,49142.1484375,155200,-0.0028377735007864874,61.292635370168334,239.4663244600306,132.59968036642107,106.86664409360952,5.529393113656638,1.7744447275919117,609.8702102568723
2024-05-29,48786.69921875,49022.6015625,48401.55078125,48501.3515625,183600,-0.013125422060961147,52.60307148159718,220.2296713902033,150.1256785711775,70.10399281902579,5.204523289124911,1.0000811817591257,619.207884970667
2024-05-30,48313.6015625,49044.6015625,48313.6015625,48682.3515625,151000,0.003724908672137253,54.56257596270632,217.08722614871658,163.51798808668534,53.569238062031246,4.8787198376315555,2.5152789748572455,627.1930360441909
2024-05-31,48895.1484375,49122.55078125,48569.05078125,48983.94921875,303600,0.006176103989232917,57.7006543111269,236.2103401914428,178.05645850763682,58.15388168380599,4.744221988962793,3.295679781268261,621.92924775532
2024-06-03,50889.8515625,51133.19921875,50092.6484375,50979.94921875,453200,0.039939725361496925,71.65358591487235,407.72605244495935,223.99037729510133,183.73567514985803,6.666778659887253,6.755121655944148,731.0235872013685
2024-06-04,50667.05078125,50667.05078125,46077.8515625,46928.6015625,653100,-0.08280507185362752,41.63404355890113,214.27358032227494,222.04701790053605,-7.77343757826111,7.139596454247776,-1.9449610713140422,1028.9574492762708
2024-06-05,47486.6015625,49362.8984375,46446.80078125,49054.6015625,546800,0.044306664329207206,52.807500264008326,229.86183059284667,223.60998043899818,6.251850153848494,7.249757777248106,2.8669018078082815,1163.753178345823
2024-06-06,49426.3984375,49672.75,48906.75,49291.8984375,250400,0.004825740326486466,53.86903432064243,258.3850043878265,230.56498522876385,27.82001915906264,7.389700109237557,2.7405762439317303,1135.3422370354072
2024-06-07,49316.94921875,49943.19921875,49080.44921875,49803.19921875,170300,0.010319487659455055,56.157404738401965,318.57518857889954,248.167025898791,70.40816268010855,7.532012949928984,3.507280554354474,1115.8713629614494
2024-06-10,49808.1484375,50252.94921875,49622.75,49780.8984375,195800,-0.0004478783690898994,56.026860301479424,360.323274115166,270.598275542066,89.72499857309998,7.503406939727089,3.6061689031497424,1081.1804955177745
2024-06-11,49751.19921875,49970.30078125,49530.44921875,49705.75,128500,-0.0015107243629730088,55.55817228320174,382.93089285024325,293.06479900370147,89.86609384654179,7.498373519058345,4.026208249568617,1035.3712860165049
2024-06-12,49857.44921875,50233.3984375,49697.3515625,49895.1015625,211700,0.003802212283286512,56.544599272170814,411.3844977811459,316.7287387591904,94.65575902195553,7.536384973818142,2.309887845679397,999.7052566581831
2024-06-13,50179.0,50186.44921875,49799.6484375,49846.69921875,125700,-0.0009705529110232862,56.20119887231291,425.12791014545655,338.4085730364436,86.71933710901294,7.368851887002759,1.7868517992952235,955.9263655575986
2024-06-14,49993.94921875,50102.6015625,49693.3515625,50002.0,155000,0.0031107246803848657,57.10141048523102,443.43944471697614,359.41474737255015,84.02469734442599,7.318658922466283,1.4613898180117042,916.878053732056
2024-06-18,50194.3515625,50562.1484375,49900.19921875,50440.8984375,189200,0.008739318314281258,59.626921855321704,487.74448881470016,385.08069566098015,102.66379315372001,7.44917115329413,2.6428433458740153,898.6688512333377
2024-06-19,50607.8984375,51957.0,50441.75,51398.05078125,435300,0.018797926255818602,64.5309959647465,593.252109317873,426.7149783923587,166.53713092551425,8.055951346770128,5.972409274032795,942.771187752385
2024-06-20,51712.8984375,51842.19921875,51281.5,51783.25,235900,0.007466488701992967,66.30486431723457,699.8822099620302,481.34842470629303,218.53378525573714,8.528097916697613,6.369656226484796,915.4803328236432
2024-06-21,51927.30078125,51934.3515625,51224.94921875,51661.44921875,289400,-0.0023548976111389904,65.19458241840398,765.7321443275578,538.225168630546,227.50697569701174,9.12040202781789,5.466076220279746,900.76047646124
2024-06-24,51280.25,51783.94921875,51138.8984375,51703.94921875,176600,0.0008223255177726104,65.41222010201668,811.9879943936758,592.977733783172,219.0102606105038,9.624358951636744,1.4201661851277774,882.4954982318658
2024-06-25,51759.44921875,52746.5,51747.6484375,52606.0,204000,0.017296015872525123,69.73753984210268,910.9333752073799,656.5688620680136,254.3645131393663,10.660691891810007,12.09794932827645,893.9280184474468
2024-06-26,52653.19921875,52988.30078125,52373.69921875,52870.5,214300,0.005015345682290795,70.88717300443199,999.1733929365437,725.0897682417196,274.08362469482404,11.584420130981316,7.778879689070964,873.9761287369148
2024-06-27,52980.30078125,53180.75,52639.0,52811.30078125,332900,-0.0011203296027188692,70.2439831801963,1052.1982737877552,790.5114693509267,261.6868044368284,11.942384377678628,7.13992046423704,850.2456909699923
2024-06-28,52874.94921875,53030.30078125,52242.30078125,52342.25,244600,-0.008921313426579956,65.19639772679015,1044.3339639983824,841.2759682804178,203.05799571796456,11.908110347253697,5.098168031530982,845.7995701864214
2024-07-01,52351.1484375,52656.1484375,52166.05078125,52574.75,0,0.004432082133301923,66.4820963390774,1044.8182345167006,881.9844215276744,162.83381298902623,11.95494072877439,5.612296383135161,820.3922906195342
2024-07-02,52793.75,52828.44921875,51996.6484375,52168.1015625,0,-0.007764739541481991,62.15709244102661,1000.8516966376992,905.7578765496794,95.09382008801981,12.175939220143173,4.953856570919863,821.2071828074246
2024-07-03,52872.30078125,53256.69921875,52482.6484375,53089.25,0,0.017503232617334264,67.3402030145846,1028.4811882238064,930.3025388845048,98.17864933930161,10.468694618785266,6.40172749923942,840.3065023390371
2024-07-04,53357.69921875,53357.69921875,52815.8984375,53103.69921875,163700,0.00027213141635999054,67.41559327175491,1039.5602866804547,952.1540884436948,87.4061982367599,10.232846799582319,6.534033448647827,818.9846651183916
2024-07-05,52560.1015625,52817.8515625,52290.05078125,52660.3515625,199600,-0.008383760829631158,62.63784477553647,1001.0268865489925,961.9286480647545,39.09823848423798,9.738908137838093,5.316490465381385,818.6035060027922
2024-07-08,52533.1015625,52710.80078125,52246.69921875,52425.80078125,158000,-0.004463978659639256,60.206839485772285,940.7185832517061,957.6866351021449,-16.96805185043877,9.33133792001703,3.9351050541049357,793.2819386097356
2024-07-09,52390.5,52626.6015625,52292.94921875,52568.80078125,145100,0.002723951256397956,61.19565060388797,894.1554557880008,944.9803992393162,-50.824943451315335,8.811935384634738,2.277810115762385,760.4512532626115
2024-07-10,52528.80078125,52528.80078125,52075.3984375,52189.30078125,228000,-0.0072452947212723,57.13786286328113,817.211062979819,919.4265319874169,-102.2154690075979,8.002697151911503,0.7841353743729873,741.3763311545679
2024-07-11,52316.8984375,52400.30078125,51749.44921875,52270.6484375,138300,0.0015574901826520202,57.784057291551534,754.1033196773496,886.3618895254035,-132.25856984805387,7.16542049151436,1.17921434253706,734.9102762506701
2024-07-12,52272.6484375,52794.55078125,52171.1484375,52278.8984375,171000,0.0001578199095780896,57.8534549718317,696.7242806833601,848.4343677569948,-151.71008707363467,6.0375657435447945,1.1120025209631366,726.9454239291937
2024-07-15,52330.05078125,52662.25,52154.0,52455.8984375,186100,0.003379968716949005,59.39566959314215,657.9489734295639,810.3372888915087,-152.38831546194479,4.7117169865841495,-0.2853316399270045,711.3243222199656
2024-07-16,52466.69921875,52619.05078125,52331.6015625,52396.80078125,158800,-0.0011272511427603748,58.62433564524629,615.3571222514729,771.3412555635016,-155.9841333120287,3.441642732779325,-0.8959612993067969,681.047529114968
2024-07-18,52215.05078125,52782.75,52168.6484375,52620.69921875,139400,0.00426402793328968,60.70631268939936,592.8356655193347,735.6401375546683,-142.80447203533356,3.0079710002550457,-0.3609105620963435,676.265674356756
2024-07-19,52531.55078125,52586.75,52146.30078125,52265.6015625,134100,-0.006771122831425262,55.90191378773097,540.1078089996372,696.5336718436621,-156.4258628440249,2.805469475616878,-0.14643703222540108,661.8465860098448
2024-07-22,52145.6015625,52427.0,51874.55078125,52280.3984375,175300,0.0002830691771813861,56.05797398941002,493.8221130482998,655.9913600845897,-162.1692470362899,2.4641181590281387,-0.5598724910722352,654.0324883484274
2024-07-23,52511.0,52547.55078125,51342.6484375,51778.30078125,207800,-0.009650352285402888,49.63857198849297,411.8774144334602,607.1685709543638,-195.29115652090354,2.397784456925891,-0.747201392373842,693.3803351628254
2024-07-24,51657.6484375,51944.6484375,50784.25,51317.0,292200,-0.008949076367078798,44.58679562682855,306.18304505507695,546.9714657745064,-240.7884207194295,3.0776310282552513,-3.3382464434890307,726.7387710440522
2024-07-25,50762.30078125,51006.1015625,50559.8984375,50888.75,188400,-0.008380203780163626,40.46916878364722,185.7224075642589,474.72165413245693,-288.99924656819803,3.9027963942579986,-4.170988558868494,728.9075418623343
2024-07-26,50456.1015625,51398.6015625,50438.30078125,51295.94921875,215700,0.007969908944948765,45.612387221343525,121.71104911630391,404.11953312922634,-282.40848401292243,4.1645915408139125,-2.590948034463191,745.4356303900247
2024-07-29,51546.6484375,52340.25,51186.94921875,51406.25,513700,0.002147973938197812,46.94941231464577,78.97160212298331,339.08994692797773,-260.1183448049944,4.393569813283684,-1.9447500392109234,774.5688554514516
2024-07-30,51383.8984375,51957.75,51260.05078125,51499.30078125,235200,0.0018084701146688046,48.10835802668679,52.00917347154609,281.67379223669144,-229.66461876514535,4.49616975078971,-2.0344766936008636,769.0781671156336
2024-07-31,51583.44921875,51663.1015625,51335.69921875,51553.3984375,219000,0.001049902848337241,48.80854412543035,34.60754897573497,232.26054358450014,-197.65299460876517,4.606932719007507,-1.2184534650413634,737.5298940180884
2024-08-01,51672.6015625,51877.1484375,51456.19921875,51564.0,156400,0.00020562121810672305,48.95390739629345,21.42511825706606,190.09345851901332,-168.66834026194726,4.365301816324501,-1.3519029486403624,714.9169886417964
2024-08-02,51172.25,51608.69921875,51087.8515625,51350.1484375,163000,-0.004155927509398077,46.10960454721038,-6.206541773302888,150.83345846055008,-157.04000023385296,4.090457283078664,-1.7765293985877129,701.0548934709539
2024-08-05,50586.25,50747.55078125,49719.1015625,50092.1015625,257800,-0.024804484852365218,33.70356013802257,-128.14156411306612,95.03845394582684,-223.18001805889298,4.966060226709965,-4.506255626936616,767.4828921516
2024-08-06,50436.8984375,50688.80078125,49659.05078125,49748.30078125,162800,-0.006887034348547458,31.2306007113213,-249.64010189650435,26.102742777360604,-275.74284467386497,5.96209155021699,-5.054697921457365,786.2162569979143
2024-08-07,50286.19921875,50292.44921875,49782.19921875,50119.0,171000,0.007423869843349755,36.6297590743308,-312.4149148818542,-41.60078875448236,-270.8141261273718,6.318966971194798,-4.754211281667244,768.925698462349
2024-08-08,50051.8984375,50440.75,49829.6015625,50156.69921875,124800,0.0007519113966770541,37.170007125133026,-355.02983165234764,-104.28659733405541,-250.74323431829222,6.657295343106279,-4.034971914038228,757.6558941078955
2024-08-09,50612.1015625,50707.75,50386.44921875,50484.5,120200,0.006514269364804872,41.81496190871579,-358.22231287819886,-155.07374044288412,-203.14857243531475,6.705036554620867,-3.4351276791567584,742.8983860466172
2024-08-12,50412.6015625,50830.69921875,50149.25,50577.94921875,163500,0.0018493366449316277,43.106268224694304,-349.1866005152333,-193.89631245735396,-155.29028805787934,6.643877250008975,-2.3182521334007786,738.5091598111446
2024-08-13,50395.3515625,50559.25,49785.1015625,49831.8515625,148900,-0.014861325931531793,36.19882785585715,-397.6457659657244,-234.64620315902806,-162.99956280669636,6.7602030282276,-2.8940671463647525,742.3904809853485
2024-08-14,49887.1484375,49959.25,49654.6484375,49727.30078125,137100,-0.0021002754085631572,35.34413444077779,-439.421006165212,-275.60116376026485,-163.81984240494717,6.817173985214874,-2.2823300213701456,711.1198439506808
2024-08-16,50133.0,50603.3984375,49806.05078125,50516.8984375,130700,0.015753809052220322,45.76006874296075,-404.15540119427897,-301.3120112470677,-102.84338994721128,6.2419308434258625,-1.5187374307623431,722.9039734006321
2024-08-19,50683.55078125,50728.25,50283.55078125,50368.3515625,115300,-0.0029448701837599305,44.31372696163544,-383.76978731455165,-317.8035664605645,-65.96622085398712,5.823828752987443,-2.019012158054711,703.0322052113013
2024-08-20,50417.25,51025.6015625,50398.6015625,50803.1484375,144200,0.008595297131399825,49.359099733285404,-328.7400566416618,-319.990864496784,-8.749192144877782,5.208261033898516,-1.351770476859478,699.7620476962084
2024-08-21,50666.6484375,50772.44921875,50333.3515625,50685.55078125,180800,-0.0023174542542376366,48.08999696375388,-291.2602794718259,-314.2447474917924,22.98446801996647,4.873144372046056,-1.683395629683118,683.3359639321934
2024-08-22,50894.80078125,51080.0,50794.44921875,50985.69921875,133100,0.005904310401470354,51.516459534947415,-234.63311112541123,-298.3224202185162,63.68930909310495,4.776313904712746,-1.1215204042549065,662.7011964191796
2024-08-23,51040.05078125,51117.8515625,50856.69921875,50933.44921875,88500,-0.0010253226283482178,50.88675820040458,-191.76130559901503,-277.010197294616,85.24889169560095,4.78272107087554,-0.8114859088619358,634.0191355142382
2024-08-26,51100.6484375,51317.8515625,51061.55078125,51148.1015625,100300,0.004205513307253468,53.406455542700904,-138.8637062623966,-249.3808990881721,110.51719282577551,4.731071143932479,2.1081167830070515,616.1893646739354
2024-08-27,51214.05078125,51404.69921875,50938.1015625,51278.75,111400,0.002551059734062977,54.92233428853314,-85.41512822074583,-216.58774491468685,131.17261669394102,4.675238456085126,3.0763849110738315,605.5042426436543
2024-08-28,51208.94921875,51260.75,51033.69921875,51143.8515625,128100,-0.002634155224423855,53.004807846165335,-53.32719880666991,-183.93563569308347,130.60843688641356,4.517959326969717,2.0448364143338855,579.7575668298218
2024-08-29,51103.75,51368.94921875,50984.3984375,51152.75,143600,0.00017397327744088755,53.12107620057923,-26.869518937455723,-152.52241234195793,125.65289340450221,4.318996977584204,1.9858778523401077,565.8142250026916
2024-08-30,51437.44921875,51466.55078125,51256.0,51351.0,478600,0.0038681559883432283,55.747872387315745,9.980452685857017,-120.02183933639495,130.00229202225196,4.19029681217505,1.7163683902980125,547.8132647346422
2024-09-02,51579.5,51579.5,51295.80078125,51439.55078125,150200,0.0017229366412050055,56.9093104966014,45.80165570771351,-86.85714032757326,132.65879603528677,4.240887349360539,1.7035122534794105,528.9479757357392
2024-09-03,51479.75,51750.1015625,51240.05078125,51689.1015625,127200,0.004839610770749729,60.08846454173673,93.25192944896116,-50.83532637226638,144.08725582122753,4.488761324347896,3.72703389853095,527.598176129615
2024-09-04,51364.6484375,51503.55078125,51259.8984375,51400.25,159700,-0.00560392153107091,55.027765857248355,106.32307990777917,-19.403645116257273,125.72672502403645,4.277789444766189,3.3642469880062267,520.5699581917854
2024-09-05,51544.25,51636.75,51389.1484375,51473.05078125,129600,0.0014153486444019108,56.03283024706262,121.15982045348937,8.709047997692057,112.45077245579732,4.245036454543062,1.8927376250799741,501.07221564237216
2024-09-06,51200.3984375,51380.05078125,50447.30078125,50576.8515625,186000,-0.017564392290923443,43.22586297569782,59.911633112344134,18.949565020622472,40.96206809172166,4.087063413039318,0.4139504143614488,538.5492002393456
2024-09-09,50549.25,51192.75,50369.3984375,51117.80078125,172400,0.010638795816790888,50.56985571262948,54.39505212583754,26.038662441665487,28.35638968417205,4.039729833814254,0.6193559915624078,558.8922261151066
2024-09-10,51328.30078125,51366.0,50958.25,51272.30078125,119300,0.00301787213611479,52.461266969048374,61.77784420619719,33.18649879457183,28.591345411625355,4.035759049763691,1.1576277478611423,548.0963528211704
2024-09-11,51218.55078125,51420.1484375,50947.69921875,51010.0,145100,-0.005128968634069694,49.03105385612335,45.933783152846445,35.73595566622676,10.197827486619687,3.4986149730994898,0.047661955454880535,542.692986101801
2024-09-12,51271.0,51878.1015625,51025.0,51772.3984375,127900,0.014835466619373659,57.690453693383716,93.81499206371518,47.351762945724445,46.463229117990736,2.893212735655376,1.647147859841308,565.9364558445295
2024-09-13,51952.55078125,51994.1015625,51643.94921875,51938.05078125,152000,0.0031945186983693644,59.30812438844662,143.47407499031397,66.57622535464236,76.8978496356716,3.0156449319174454,1.544435071133047,550.5233049806345
2024-09-16,52038.69921875,52208.69921875,51921.44921875,52153.1484375,93800,0.0041328750947581695,61.37332322595249,197.90451909245894,92.84188410220568,105.06263499025326,3.0802014936130218,1.705186724520391,531.7180689105892
2024-09-17,52249.05078125,52284.6015625,52085.5,52188.6484375,111400,0.0006804560096334505,61.718640949609345,241.1260406073343,122.49871540323142,118.62732520410287,3.3320465002130386,2.0428591963262934,507.9597470241185
2024-09-18,52177.1015625,52954.19921875,52154.55078125,52750.3984375,205100,0.010706317288215363,66.77963002857862,317.05314674453984,161.4096016714931,155.64354507304674,3.8972929018247933,3.12328943702929,528.7946534866815
2024-09-19,52929.25,53353.30078125,52847.8984375,53037.6015625,164900,0.005429799800114159,69.03370357752604,395.83784503728384,208.29525034465127,187.54259469263258,4.644847443558302,3.2844570943116977,534.0880599340613
2024-09-20,53235.80078125,54066.1015625,53037.6015625,53793.19921875,271900,0.014145925158782133,74.02685061877415,513.3283721750558,269.3018747107322,244.02649746432365,5.857497316580488,4.575561803618856,569.4031985101998
2024-09-23,53917.8984375,54197.94921875,53741.3984375,54105.80078125,163700,0.005794352813654416,75.76771403964405,624.4663357767204,340.33476692392986,284.1315688527905,7.0296564433688635,4.675452166309841,561.3423115630427
2024-09-24,54110.6484375,54247.69921875,53904.6484375,53968.6015625,192600,-0.002538978508845427,73.44109951923261,693.4791463817091,410.96364281548574,282.5155035662234,7.7911505334343,4.996768619802433,545.7500593978253
2024-09-25,53794.0,54141.30078125,53792.8515625,54101.6484375,184600,0.002462230673423336,74.26633817402961,750.2595419111894,478.8228226346265,271.43671927656294,8.396474805812568,5.106745406292325,531.657142208695
2024-09-26,54045.8515625,54467.3515625,54010.8984375,54375.3515625,170500,0.005046299322874193,75.92370587893944,808.0295080164942,544.6641597110001,263.3653483054941,8.988907070143663,7.510352824762193,526.2854266937882
2024-09-27,54338.69921875,54338.69921875,53763.19921875,53834.30078125,217400,-0.010000129903335453,66.7691721336814,800.9218179079326,595.9156913503866,205.00612655754594,9.170907307953527,5.31419575663046,532.418777912089
2024-09-30,53556.94921875,53726.3984375,52926.55078125,52978.1015625,179300,-0.016032174897345076,55.38780422440218,717.9250082883082,620.317554737971,97.60745355033714,9.044735373672832,3.3269440911725225,559.2281509183683
2024-10-01,52844.0,53235.25,52817.80078125,52922.6015625,240200,-0.001048151776964424,54.73647860015507,640.290185842292,624.3120809588353,15.978104883456695,8.953898891877204,3.7494639531464418,549.1010843349135
2024-10-03,52314.44921875,52582.94921875,51683.3984375,51845.19921875,272300,-0.02056815774102152,43.93537823360786,486.22180253452825,596.6940252739739,-110.47222273944567,8.815659765050384,0.14061697631776826,598.3940872395625
2024-10-04,51643.75,52358.3515625,51347.25,51462.05078125,255800,-0.007417682578876221,40.848357330251254,329.4074182901677,543.2367038772127,-213.82928558704498,8.819700250116268,-0.9164764423000629,627.8731926153081
2024-10-07,51543.19921875,51784.80078125,50194.30078125,50478.8984375,328700,-0.019289261773879247,34.206721026744944,124.365107847545,459.46238467127915,-335.09727682373415,8.88557294035588,-3.2102568112573504,696.6322502856432
2024-10-08,50736.1015625,51176.05078125,50466.0,51021.0,153200,0.010681916444619825,39.99965726188372,5.5467259298529825,368.67925292299395,-363.13252699314097,8.933082404073774,-2.237360944302573,697.5907167830973
2024-10-09,51161.75,51707.1484375,50903.75,51007.0,310000,-0.0002744344706917072,39.90194628468394,-88.72461860316253,277.19847861776265,-365.9230972209252,9.0553706773304,-3.304995770914645,705.1484111200189
2024-10-10,51195.69921875,51659.44921875,51047.0,51530.8984375,123700,0.010218719212350411,45.28803102430355,-119.78035940705013,197.8027110128001,-317.58307041985023,8.835044611015123,-2.840820626521897,701.384183093589
2024-10-11,51491.8984375,51560.0,51005.8515625,51172.30078125,109400,-0.006983212134293377,42.48157397163395,-171.35284276443417,123.97160025735326,-295.32444302178743,9.049331575921736,-4.87217431861994,690.8673441226183
2024-10-14,51263.25,51893.0,51220.8515625,51816.8984375,126600,0.012517935442152819,48.642484803957636,-158.3849999644881,67.50028021298499,-225.88528017747308,9.075675052206797,-4.230419494212908,692.9981923102885
2024-10-15,51975.94921875,52022.05078125,51698.75,51906.0,101400,0.0017180696983880427,49.44851831983904,-139.3122349506957,26.13777718024885,-165.45001213094457,9.116539889016686,-3.8218547503242988,666.5912343774107
2024-10-16,51711.19921875,52031.6015625,51711.19921875,51801.05078125,94400,-0.0020239560142832065,48.483312449568096,-131.15359907149832,-5.320498070100584,-125.83310100139774,9.182647615193595,-4.252361476393323,641.8634564754528
2024-10-17,51849.30078125,51930.19921875,51150.25,51288.80078125,107800,-0.009938014425723158,43.97174162457775,-164.1301253875572,-37.08242353359191,-127.0477018539653,9.396522742308274,-5.676378529161809,651.7267252093491
2024-10-18,51261.0,52199.44921875,51000.8984375,52094.19921875,139100,0.015581183202946233,51.598011940809386,-123.84769799543574,-54.43547842596068,-69.41221956947506,9.355969228794175,-3.232328714680848,690.7855863551098
2024-10-21,52361.1015625,52577.5,51855.1484375,51962.69921875,145700,-0.0025274647231901728,50.39196009652979,-101.3660503463907,-63.82159281004668,-37.54445753634401,9.053397507137792,-1.9166453946110102,693.0402989368877
2024-10-22,52071.3515625,52257.30078125,51179.6015625,51257.1484375,203900,-0.013671048466876334,44.39593523092789,-138.8803083809471,-78.83333592422676,-60.04697245672034,8.634199698497062,-3.1469600432116893,720.5159360663957
2024-10-23,51117.80078125,51551.55078125,51107.8984375,51239.0,208100,-0.0003541291641944495,44.25008339048387,-168.13687811308046,-96.6940443619975,-71.44283375108296,8.146748682335996,-1.169248508800726,700.7399651866532
2024-10-24,51272.30078125,51781.55078125,51201.8515625,51531.1484375,171800,0.0056854880315095595,47.254126786823065,-165.83731376516516,-110.52269824263104,-55.314615522534126,7.301547504981315,0.13426914629522588,692.0941975840351
2024-10-25,51369.75,51501.05078125,50382.1015625,50787.44921875,271700,-0.014537187430073713,41.17215965262817,-221.47221027304477,-132.7126006487138,-88.75960962433098,6.050586297953695,0.6112470572867778,724.7336745423183
2024-10-28,51061.3515625,51589.1484375,51012.55078125,51259.30078125,447600,0.009247818775387358,45.92741874163278,-224.8963240866433,-151.1493453362997,-73.7469787503436,4.756763027219206,0.46706411330628567,730.2312134142957
2024-10-29,51404.1015625,52354.8515625,51278.8984375,52320.69921875,374600,0.020494991120592315,54.78186924172871,-140.34615244104498,-148.98870675724876,8.642554316203785,4.278797250497121,2.575527317328994,756.3254682597031
2024-10-30,51988.69921875,52220.0,51733.0,51807.5,247700,-0.00985714490288118,50.47781910767414,-113.44272313248075,-141.87951003229517,28.43678689981442,3.5458957860657545,0.5367683678860756,744.2807361518672
2024-10-31,51649.44921875,52005.6015625,51318.1015625,51475.3515625,319900,-0.006431843767241447,47.857115515982336,-117.56791486357542,-137.01719099855123,19.449276134975804,3.4867923179749223,0.5922164464433082,740.2249692838767
2024-11-01,51550.1484375,51825.5,51459.3984375,51673.8984375,51400,0.0038497055520845392,49.54347508980192,-103.6216002384972,-130.33807284654043,26.716472608043233,3.5046888827289853,-0.27597174727175605,713.5018687993141
2024-11-04,51764.5,51764.5,51066.80078125,51215.25,320500,-0.008915448955357298,45.854241217608205,-128.1014672674064,-129.89075173071365,1.78928446330724,3.067636410138117,-1.3307710091318923,712.373108081506
2024-11-05,51052.6015625,52289.55078125,50865.44921875,52207.25,245000,0.01918403487432157,53.85750659470998,-66.68710135253787,-117.2500216550785,50.56292030254063,3.151481749332833,0.7841524691561442,763.210854825684
2024-11-06,52440.3984375,52493.94921875,52185.3984375,52317.3984375,219100,0.002107607725449364,54.65890074983275,-9.023695990719716,-95.60475652220676,86.58106053148704,3.2237013323908332,2.00550147514081,730.7351352845637
2024-11-07,52258.94921875,52377.25,51752.25,51916.5,160500,-0.007692323137335696,51.17516601965713,4.276517708603933,-75.62850167604462,79.90501938464855,3.2513766414888075,-0.34111133564760054,723.1826256213807
2024-11-08,51869.1484375,52007.1484375,51494.0,51561.19921875,157200,-0.006867222217467195,48.240603290395455,-13.69490445242991,-63.241782231321686,49.546877778891776,3.1424383262303146,-0.772669638099024,708.1801836127106
2024-11-11,51562.69921875,52177.69921875,51294.19921875,51876.75,160700,0.00610127641765172,50.93178003562581,-2.4468691289876006,-51.08279961085487,48.63593048186727,3.152135229885992,1.2088100516467597,720.7030276403741
2024-11-12,52053.75,52169.05078125,51006.8515625,51157.80078125,131400,-0.01395572420980314,45.169293153000694,-50.95849572310544,-51.05793883330499,0.09944311019954455,3.241685260939845,-0.15847151339799762,752.2384698624902
2024-11-13,51030.94921875,51353.5,49904.3984375,50088.3515625,207100,-0.021126511396689276,38.238694004393686,-173.6976451689552,-75.58588010043503,-98.11176506852017,4.15280610230021,-2.7998539111735665,802.0144050508837
2024-11-14,50053.44921875,50561.80078125,49939.3515625,50179.55078125,133900,0.001819111435817084,39.09688241382086,-260.60618474711373,-112.58994102977078,-148.01624371734295,4.750786971269899,-1.1969461881845656,789.1883203151064
2024-11-18,50312.44921875,50445.80078125,50074.0,50363.80078125,161500,0.003665089802305888,40.884076481739015,-311.0290441345787,-152.27776165073237,-158.75128248384635,4.9994208601380015,-1.7470000299488333,759.3749246675987
2024-11-19,50580.55078125,50983.5,50440.8515625,50626.5,185800,0.005202476064142504,43.43285679587015,-326.03357983262686,-187.0289252871113,-139.00465454551556,5.0718338763447095,-3.238105078960518,749.3980885306274
2024-11-21,50625.0,50652.1484375,49787.1015625,50372.8984375,254600,-0.005021853583054966,41.569563518243235,-354.30411187716527,-220.4839626051221,-133.82014927204318,5.337418759591618,-2.7691001544177967,757.6587161355826
2024-11-22,50512.80078125,51271.5,50508.25,51135.3984375,183400,0.015023685067740456,48.69620511013371,-311.5895245972206,-238.7050750035418,-72.8844495936788,5.344391745748374,-0.660419238880259,767.7260623044696
2024-11-25,52046.3515625,52331.1015625,51774.05078125,52207.5,458500,0.02074917662672449,56.69406779624514,-189.049030721515,-228.77386614713643,39.72483542562142,5.551567227009216,1.032632680395491,798.2958524970074
2024-11-26,52554.8984375,52555.5,51999.75,52191.5,113100,-0.0003065163483417977,56.552376214726976,-92.16346964258264,-201.45178684622567,109.28831720364303,5.640436781815846,1.9061705253806238,780.9711487472213
2024-11-27,52154.30078125,52444.3515625,52019.6484375,52301.80078125,151600,0.0021111558615275455,57.34384076444671,-6.4067600976341055,-162.44278149650737,156.03602139887326,5.8307965602238925,0.18110661115075014,755.5234327652769
2024-11-28,52389.94921875,52760.19921875,51782.8984375,51906.8515625,172000,-0.007580006091594729,53.58012745894051,29.348636028436886,-124.0844979915185,153.4331340199554,5.686609122113658,-0.7847234137424707,771.3646719427571
2024-11-29,51984.1484375,52170.8984375,51759.44921875,52055.6015625,139600,0.002861611996177613,54.783842826714555,68.89376249725319,-85.48884589376416,154.38260839101736,5.75032815086444,0.2679332437664326,745.6564252861316
2024-12-02,52087.6484375,52197.25,51693.94921875,52109.0,102500,0.0010252704157960642,55.23262720176656,103.35100175348634,-47.720876364314066,151.0718781178004,5.8571849597307235,1.0624283173204292,728.3453078549793
2024-12-03,52357.94921875,52780.8984375,52216.8515625,52695.75,173600,0.011197128571671565,59.93792146273616,175.97589288866584,-2.9815225137180903,178.95741540238393,6.201907307996871,1.578741921959259,724.3133885439094
2024-12-04,52775.0,53387.1015625,52685.1484375,53266.8984375,228600,0.01078028866262057,63.913913816089426,276.4320118078176,52.901184350589055,223.53082745722855,6.819578863759744,4.122729327768545,722.7162268622016
2024-12-05,53354.44921875,53888.30078125,52850.3515625,53603.55078125,155600,0.006300216004784557,66.05254834184086,378.8421835472327,118.0893841899178,260.7527993573149,7.535027433025049,7.01799741675218,745.2328691399015
2024-12-06,53634.19921875,53868.5,53160.6484375,53509.5,209400,-0.0017561035697197733,64.89543372536644,447.2581568211681,183.92313871616784,263.33501810500024,8.068289571722763,6.636068212859057,742.56277580848
2024-12-09,53380.75,53775.1015625,53326.3984375,53407.75,121800,-0.0019033417099216408,63.59740913714134,487.6466469153165,244.6678403559976,242.9788065593189,8.521966575715165,6.043922761054276,721.5728007507314
2024-12-10,53450.05078125,53624.05078125,53302.6484375,53577.69921875,121800,0.003177055626576128,64.86162122319877,527.2900267250952,301.1922776298171,226.09774909527812,8.976337671555127,5.829356599310638,692.9891966792505
2024-12-11,53459.30078125,53648.05078125,53302.1484375,53391.3515625,101600,-0.0034841450568980784,62.30650601473571,537.4753115279018,348.4488844094341,189.02642711846772,9.289427179272105,5.992216486698965,668.1972786128755
2024-12-12,53201.0,53537.44921875,53174.3984375,53216.44921875,99500,-0.003281232693891202,59.920590033577135,525.3778370255095,383.83467493264914,141.54316209286037,9.354571117734018,4.0696872320131705,646.401100229813
2024-12-13,53109.80078125,53654.0,52264.55078125,53583.80078125,139900,0.006879253769818475,63.11535085983568,539.216945041866,414.91112895449254,124.30581608737344,8.917642356590285,2.636212768759278,699.4759658383979
2024-12-16,53502.5,53738.8984375,53335.0,53581.3515625,85800,-4.570923843923035e-05,63.07924863968072,543.7192493134644,440.67275302628695,103.04649628717743,8.325960572758602,2.6629845137618195,678.363285242798
2024-12-17,53394.1015625,53515.69921875,52709.3984375,52834.80078125,116200,-0.014031009626021638,53.1075018025823,481.4965564429076,448.83751370961113,32.659042733296474,7.474739139309043,1.0190853699841986,692.191130939741
2024-12-18,52696.94921875,52827.6015625,52010.6484375,52139.55078125,149500,-0.013246286460896239,45.83984804886033,371.7979046902765,433.42959190574425,-61.631687215467764,6.703712861301432,0.44830154737821365,701.6169318547594
2024-12-19,51428.44921875,51789.8515625,51263.75,51575.69921875,145900,-0.01087317665718863,40.94592117203336,236.63504257991735,394.0706820405789,-157.43563946066155,5.74396398868677,-0.9219033674479977,714.0586353829909
2024-12-20,51401.3515625,51629.0,50609.3515625,50759.19921875,228200,-0.01595774929545478,35.10179346798337,62.90761451533763,327.8380685355307,-264.93045402019305,6.06853664626308,-2.5903409799650734,735.8864783913488
2024-12-23,51044.3984375,51417.3515625,51030.3984375,51317.6015625,110800,0.010940936818536123,41.274961369399534,-29.375597880163696,256.3953352523918,-285.7709331325555,6.4473559992441825,-2.6152933348514824,730.334040202681
2024-12-24,51314.94921875,51382.1015625,51137.5,51233.0,112000,-0.001649948033531738,40.644164642684395,-108.09133795777598,183.49800061035828,-291.5893385681343,6.834890471130461,-3.8183158718851398,695.638863223918
2024-12-26,51395.80078125,51740.0,50951.80078125,51170.69921875,91300,-0.0012167683279371618,40.157456352607085,-173.50126685952273,112.09814711638208,-285.5994139759048,7.232864960735094,-4.53860150501632,702.2503171900668
2024-12-27,51268.19921875,51628.44921875,51240.1015625,51311.30078125,78200,0.0027439287039176807,41.84985504452206,-211.5550606787292,47.367505557359834,-258.92256623608904,7.453993616428178,-4.108054118894776,684.7860088193477
2024-12-30,51255.3515625,51979.75,50718.3515625,50952.75,316300,-0.007012283353431148,38.83374540735741,-267.56074424729013,-15.618144403570163,-251.94259984371996,7.873745003261341,-4.596711151471462,725.9726108679657
2024-12-31,50648.19921875,50945.55078125,50599.80078125,50860.19921875,105300,-0.001818055708094611,38.07103107990245,-315.77368407454924,-75.64925233776599,-240.12443173678327,8.308329255757062,-5.072072969958715,699.3280828595397
2025-01-01,50841.8984375,51321.94921875,50485.05078125,51060.6015625,81100,0.003932516237647942,40.78312963429922,-333.9622826249688,-127.31185839520656,-206.65042422976222,8.592785224333532,-4.365407377394484,709.1545367624296
2025-01-02,51084.94921875,51672.75,50992.80078125,51605.55078125,134400,0.01061604675545918,47.51429931651323,-300.93503859609336,-162.03649443538393,-138.89854416070943,8.515369635933121,-3.0270686247372263,707.0684426186847
2025-01-03,51567.1484375,51671.6015625,50904.3515625,50988.80078125,148200,-0.012023223896118125,41.73256684448018,-320.8289637746566,-193.79498830323845,-127.03397547141813,8.421397079119807,-4.84288154659615,711.3671252887787
2025-01-06,50990.6484375,51026.1015625,49751.0,49922.0,184600,-0.021144228724655777,34.02104399006946,-417.8601188857865,-238.6080144197481,-179.25210446603842,8.81842057571302,-6.8295245561910605,751.6338708038659
2025-01-07,50061.19921875,50447.6015625,49969.30078125,50202.1484375,103800,0.005596035980463355,37.2977518844515,-466.77171697700396,-284.24075493119926,-182.5309620458047,8.888272002660676,-4.9827997926023695,735.4887059250184
2025-01-08,50201.75,50246.8984375,49389.75,49835.05078125,131200,-0.007339255935095342,34.855020453672765,-529.0575773250894,-333.2041194099773,-195.85345791511207,8.875345490744579,-4.419869303570459,744.1786867518028
2025-01-09,49712.55078125,49798.1015625,49230.1484375,49503.5,136400,-0.006675193260835087,32.76768634413678,-598.2763897507903,-386.2185734781399,-212.05781627265037,8.95176038757471,-4.017782114714725,734.2303765373883
2025-01-10,49426.5,49483.1484375,48631.19921875,48734.1484375,142400,-0.015663389834337238,28.502234827293847,-707.0624627082434,-450.3873513241606,-256.6751113840828,9.430310941969045,-3.9895246820638657,744.0925483025749
2025-01-13,48264.25,48606.3515625,47898.3515625,48041.25,168800,-0.014319967454771185,25.307087919361592,-839.509973997323,-528.2118758587931,-311.2980981385299,9.849353967094094,-6.384459644922636,750.6428573523909
2025-01-14,48266.8984375,49007.3515625,48235.19921875,48729.1484375,151900,0.01421736472810984,33.301185685712255,-878.8372374118771,-598.3369481694099,-280.50028924246726,9.272532041250829,-4.887185139460894,766.0327648629344
2025-01-15,48832.75,49083.6484375,48522.3984375,48751.69921875,145100,0.00046267102091261024,33.55225420911182,-897.8350340339675,-658.2365653423215,-239.59846869164608,8.949309400607113,-4.727314726849831,751.405424515582
2025-01-16,49082.8984375,49459.0,49038.44921875,49278.69921875,146700,0.010751870547835236,39.30240634179898,-860.4477233072903,-698.6787969353152,-161.7689263719751,8.618901059083694,-3.961313651285851,748.2550928537547
2025-01-17,48959.5,49047.19921875,48309.5,48540.6015625,130600,-0.015091329802434902,34.764800958401324,-880.2295837971324,-734.9889543076787,-145.24062948945368,8.819327649872841,-4.734088812674488,764.0368161320579
2025-01-20,48834.1484375,49650.6015625,48683.6015625,49350.80078125,173100,0.016553398967217556,42.59892249779935,-821.0658093655657,-752.2043253192561,-68.86148404630956,8.856980898273207,-2.9677399237232023,788.7484721226252
2025-01-21,49532.0,49543.1484375,48430.94921875,48570.8984375,134700,-0.01592943834498547,37.88281548953235,-827.5699814990512,-767.2774565552152,-60.29252494383604,8.937292218316614,-4.875976876129268,811.8520968817235
2025-01-22,48689.55078125,48781.75,48074.05078125,48724.3984375,151700,0.003155345269229849,39.30703274961945,-810.9898316720282,-776.0199315785778,-34.969900093450406,8.860586644052914,-5.58302798852564,804.4126055866003
2025-01-23,48770.1484375,48892.69921875,48493.0,48589.0,124600,-0.0027827314027984414,38.46918062725322,-799.5586513896415,-780.7276755407906,-18.830975848850812,8.75294513655637,-4.706525245701549,775.5045065268431
2025-01-24,48546.05078125,48858.6484375,48203.0,48367.80078125,139900,-0.004562848624140744,37.07866515985583,-799.1363406824748,-784.4094085691274,-14.726932113347402,8.51756191557833,-3.113255115480149,766.9433587392115
2025-01-27,47881.6484375,48319.19921875,47844.1484375,48064.6484375,271800,-0.006287372038481836,35.20074646266501,-813.881596573643,-790.3038461700306,-23.577750403612413,8.486337206554632,-4.257785904643336,749.5654290971249
2025-01-28,48642.5,49247.1484375,48449.05078125,48866.8515625,299900,0.016552337280285295,43.373699226369524,-752.165731855057,-782.6762233070359,30.510491451978965,8.086168920448879,-1.9428077298443858,780.4893270187588
2025-01-29,48997.19921875,49199.6484375,48849.80078125,49165.94921875,177200,0.00610201038691614,46.10321249431961,-671.381515045854,-760.4172816547996,89.03576660894555,7.39498715831272,-0.6818725569909199,749.7292076781332
2025-01-30,49206.19921875,49426.19921875,49031.80078125,49311.94921875,197900,0.0029651344979147315,47.435159358486395,-588.7912424455208,-726.0920738129439,137.30083136742314,5.895927363928545,1.185617887611212,724.3484383796952
2025-01-31,49259.6484375,49674.80078125,49031.80078125,49587.19921875,232000,0.0055662908131055185,49.946566081675776,-495.41662724644993,-679.9569844996452,184.54035725319522,4.819362272345757,3.2179621028803376,718.5378356382884
2025-02-03,49074.80078125,49373.44921875,48906.05078125,49210.55078125,122900,-0.007624672874087702,46.66128932433283,-446.6601331190177,-633.2976142235198,186.63748110450206,4.529945426964275,0.9879145422938113,715.8671643426962
2025-02-04,49538.80078125,50206.6015625,49482.5,50157.94921875,155700,0.01906896341398504,54.72769579612241,-327.7945129836371,-572.1969939755433,244.40248099190615,4.490597230939512,2.8845148426316873,735.880279836075
2025-02-05,50402.30078125,50522.1484375,50215.44921875,50343.05078125,149000,0.003683580696708373,56.123833852758985,-216.16469150453486,-500.99053348134163,284.82584197680677,4.888119562039451,2.1598613181230766,709.3316326156411
2025-02-06,50468.3515625,50553.3515625,50149.80078125,50382.1015625,158400,0.0007753928844562097,56.42911254841289,-123.12685233709635,-425.41779725249256,302.2909449153962,5.409806272181191,3.793731310949902,687.490143232381
2025-02-07,50484.44921875,50641.75,49871.1484375,50158.8515625,178700,-0.004440983698253697,54.111177645741,-66.63992019920988,-353.662221841836,287.02230164262613,5.718516388002324,1.6373610325630321,693.4266731800681
2025-02-10,50052.5,50155.6484375,49703.1015625,49981.0,98400,-0.003552067368259725,52.26915733664776,-35.81193652766524,-290.0921647790019,254.28022825133667,5.539667336955776,2.9031819625788655,676.4497679529203
2025-02-11,49812.1484375,49906.75,49177.3984375,49403.3984375,127000,-0.011623717100814859,46.70812729404768,-57.32732255107112,-243.53919633341576,186.21187378234464,5.472320153771432,1.3935523511305536,685.5320389919974
2025-02-12,49402.25,49702.3515625,48734.3515625,49479.44921875,136500,0.0015381999618260963,47.500132351792836,-67.4640746628429,-208.3241719993012,140.8600973364583,5.405219411908002,1.8326148279445966,705.7083219211405
2025-02-13,49469.3515625,49836.1015625,49276.1015625,49359.8515625,118600,-0.00242004372095746,46.33394081548601,-84.17770687676239,-183.49487897479344,99.31717209803105,5.406776603889725,2.051056209350277,695.300584641059
2025-02-14,49485.6484375,49592.94921875,48719.75,49099.44921875,130600,-0.005289555153079334,43.811779490627465,-117.08597940189065,-170.2130990602129,53.12711965832224,5.2396685987105185,2.1529352962928345,708.0076299345548
2025-02-17,48880.3984375,49319.0,48525.6015625,49258.8984375,114800,0.003242213034810687,45.75877652304577,-128.8149050480497,-161.93346025778027,33.11855520973057,5.240249871049332,0.8022756990975318,714.1069733320866
2025-02-18,49211.8515625,49328.55078125,48814.94921875,49087.30078125,107800,-0.00348966877730114,43.99205577943553,-150.22496005517314,-159.59176021725884,9.366800162085696,5.076872574854079,-0.15996525796761493,699.7851582726518
2025-02-19,48895.3515625,49628.25,48804.0,49570.1015625,113300,0.0097874994463339,49.85798214776611,-126.77323188349692,-153.02805455050645,26.254822667009535,4.959717012684545,0.5235086988851824,708.6755041103195
2025-02-20,49314.1015625,49455.80078125,49150.94921875,49334.55078125,112000,-0.004763198110848666,47.25747100025155,-125.74503729732533,-147.57145109987022,21.82641380254489,4.739709797615499,-0.5095033425571415,687.9952783702967
2025-02-21,49127.94921875,49306.55078125,48764.0,48981.19921875,95300,-0.0071881277200750845,43.58492319639116,-151.69406889166567,-148.3959746582293,-3.298094233436359,4.407277617671681,-0.4660617669562573,679.6063857188468
2025-02-24,48619.80078125,48748.3984375,48281.8984375,48651.94921875,95700,-0.0067446610790008864,40.431917399114276,-196.56075667764526,-158.02893106211252,-38.53182561553274,3.8974820555716883,-3.0025151017080027,681.0131282567863
2025-02-25,48691.19921875,48862.1484375,48534.1484375,48608.3515625,106700,-0.0008965149977923783,40.01908132299697,-232.95058713186882,-173.01326227606378,-59.93732485580503,4.052791534005129,-3.4457570445772023,655.797904809873
2025-02-27,48732.19921875,48972.55078125,48627.1015625,48743.80078125,186700,0.0027826669034080975,42.000497116858185,-248.0013646286825,-188.01088274658753,-59.99048188209497,4.218625275594288,-3.251751575343984,634.9694272341677
2025-02-28,48437.55078125,48574.5,48078.69921875,48344.69921875,287700,-0.008221443538791617,38.01560954709177,-288.8042196233,-208.16955012193003,-80.63466950136998,4.640157506249244,-3.6168139565346538,637.1217226102987
2025-03-03,48478.6015625,48574.69921875,47841.30078125,48114.30078125,151000,-0.004777135895262998,35.89815288894215,-335.8604147658334,-233.70772305071074,-102.15269171512267,5.141699549946019,-3.734817668213921,643.9986308167059
2025-03-04,47942.5,48374.8984375,47924.75,48245.19921875,139300,0.0027168783154354987,38.01071184021055,-358.45829441007663,-258.65783732258393,-99.8004570874927,5.482922206441356,-2.344371552121525,630.1521884369413
2025-03-05,48241.30078125,48657.6484375,48190.25,48489.94921875,127800,0.005060219086961644,41.86836978443588,-352.5539745369315,-277.43706476545344,-75.11690977147805,5.390453874413241,-1.9998201589217242,618.5269205128741
2025-03-06,48760.0,48839.1015625,48299.3984375,48627.69921875,137400,0.002836767458683978,43.98133999224306,-332.92176979828946,-288.53400577202063,-44.387764026268826,5.0214120435553955,-1.4832952704951725,612.8966494048117
2025-03-07,48463.80078125,48709.05078125,48359.3515625,48497.5,106000,-0.002681061100261846,42.41216015810228,-324.13269499112357,-295.6537436158412,-28.47895137528235,4.517069546315073,-1.2259795747772437,594.0968329294681
2025-03-10,48312.0,48599.1484375,48124.6484375,48216.80078125,123800,-0.0058047259745134866,39.16764898331892,-335.9448083046882,-303.7119565536106,-32.23285175107759,4.175925433231945,-2.115552091714394,585.5542020059347
2025-03-11,47874.80078125,48029.05078125,47702.8984375,47853.94921875,222400,-0.007553876448123271,35.39792805359214,-370.3163059628496,-317.03282643545845,-53.28347952739114,4.0709860472279065,-2.512567492753862,580.4362121305109
2025-03-12,47894.3984375,48222.1484375,47844.94921875,48056.6484375,243300,0.004226843028653843,38.9337524754804,-376.8556749290656,-328.9973961341799,-47.85827879488568,4.115079246319239,-3.053157200196124,565.919284031903
2025-03-13,48219.1484375,48352.44921875,48006.1015625,48060.3984375,145900,7.802986304361546e-05,39.00026999306417,-377.3853152880256,-338.67497996494905,-38.71033532307655,4.033691558064408,-2.582677502020049,550.2355963331956
2025-03-17,48219.55078125,48481.3515625,48196.1015625,48354.1484375,131300,0.006093497681614749,44.1337904424567,-350.06653989645565,-340.9532919512504,-9.113247945205273,3.8460969278386483,-1.2801866660095267,541.0011340951103
2025-03-18,48792.8984375,49400.30078125,48629.44921875,49314.5,146600,0.019666137077787645,56.90316930919765,-248.06433721193753,-322.37550100338785,74.31116379145033,3.955658380365664,1.3618175466537303,577.0833633561739
2025-03-19,49375.3984375,49807.55078125,49324.80078125,49702.6015625,137600,0.007839121602958908,60.80240767923116,-134.36146873019607,-284.7726945487495,150.41122581855342,4.263855430236179,2.251156364751492,571.0810360628758
2025-03-20,49947.6015625,50155.30078125,49771.6484375,50062.8515625,115700,0.007221970221284502,64.05353461423567,-15.008948196293204,-230.81994527825825,215.81099708196504,4.911346699062496,2.706089307991329,562.625191969099
2025-03-21,49927.1015625,50672.1484375,49891.94921875,50593.55078125,225500,0.010544865978513278,68.23350305023284,121.00688389661082,-160.45457944328444,281.46146333989526,5.785891513892027,4.651702459300452,578.1661938820205
2025-03-24,50982.69921875,51801.1484375,50795.8984375,51704.94921875,180400,0.021729393247889268,74.83352302651593,314.85156349763565,-65.39335085510041,380.24491435273603,7.784759427301277,7.462746790865274,623.1255840511619
2025-03-25,51874.19921875,52063.94921875,51429.6015625,51607.94921875,185200,-0.0018777912529735028,73.4001490935833,455.3982319771021,38.764965711340096,416.633266265762,9.177425903865398,6.970123565565259,623.9271606367931
2025-03-26,51640.05078125,51875.80078125,51069.1484375,51209.0,152900,-0.007760417401511165,67.65996711189212,528.4984108345016,136.7116547359724,391.78675609852917,9.930080408730706,5.607452317559043,636.9789594305936
2025-03-27,51084.69921875,51714.3515625,51050.8515625,51575.8515625,415800,0.007138272122071959,69.9844803468483,609.0123689326283,231.17179757530357,377.84057135732473,10.750252316211476,6.062701692892851,638.8733194712655
2025-03-28,51608.3984375,51839.1015625,51335.3515625,51564.8515625,171200,-0.00021330085423934848,69.822421230642,664.2753005601407,317.79249817227105,346.4828023878697,11.400741173586821,6.324762230011856,629.2216537947467
2025-04-01,51178.1484375,51683.8515625,50742.0,50827.5,176300,-0.014402722419340411,59.8223755883263,641.1823126550808,382.470461068833,258.71185158624775,11.453144095567376,5.414501120873243,651.5523615594076
2025-04-02,50966.8984375,51404.19921875,50908.3515625,51348.05078125,149900,0.010189429488519527,63.767646278531714,657.3080133687181,437.43797152881007,219.87004183990803,11.522122488867561,7.301594997996426,646.2057085015928
2025-04-03,50910.0,51661.6015625,50906.6484375,51597.3515625,291200,0.004843368677377204,65.51418518094482,682.338661567519,486.41810953655187,195.92055203096714,11.615790853131369,7.367769580529229,653.9733811086219
2025-04-04,51711.6015625,51893.6015625,51360.3984375,51502.69921875,189600,-0.0018361265513455757,64.24789558316536,686.6230147965689,526.4590905885552,160.16392420801367,11.628713738487335,7.162447447718375,645.3469342437203
2025-04-07,49336.1015625,50426.25,49156.94921875,49860.1015625,236800,-0.03241310326398503,47.198459207147806,551.1215068301972,531.3915738368836,19.729932993313582,11.340053337201187,3.1144238367603867,766.8042960834546
2025-04-08,50388.55078125,50793.69921875,50030.80078125,50511.0,162300,0.012970019296965426,52.56968980592993,490.60229182144394,523.2337174337957,-32.63142561235179,10.960229428522606,2.4262640805442617,778.7181075239221
2025-04-09,50487.1015625,50496.8984375,49910.8515625,50240.1484375,141800,-0.0053766576201205694,50.277736732484485,415.9896506684745,501.7849040807315,-85.79525341225701,10.337211031088282,1.0815266366370095,765.9631310936419
2025-04-11,50634.1015625,51244.69921875,50634.1015625,51002.3515625,140000,0.015057264006311015,56.080699506298124,413.5943588743394,484.1467950394531,-70.5524361651137,9.370947405770865,1.8766410036134267,783.0051061048104
2025-04-15,52299.0,52486.3515625,51863.30078125,52379.5,203800,0.026643552675940964,64.20850721193735,516.8623747464662,490.6899109808557,26.17246376561053,8.849276046349337,3.529993825639678,833.0761699544668
2025-04-16,52690.8984375,53164.44921875,52471.3515625,53117.75,200500,0.013995853937483777,67.66329341831494,650.7719327688246,522.7063153384495,128.06561743037514,8.46478264413884,2.7324285249228515,829.6385305827191
2025-04-17,53153.75,54407.19921875,53084.8984375,54290.19921875,294900,0.021832570096618705,72.24527702379949,841.7993369000906,586.5249196507777,255.27441724931282,8.97797449620285,5.197358237644319,864.8286913446678
2025-04-21,54891.25,55461.6484375,54674.94921875,55304.5,300,0.01851056209945288,75.48196482201443,1062.7844100154762,681.7768177237175,381.00759229175867,10.692376554078827,7.997617606280145,886.7301575879059
2025-04-22,55414.30078125,55961.19921875,55243.55078125,55647.19921875,276900,0.006177468411529913,76.4799700621798,1251.1471894789138,795.6508920747568,455.49629740415696,12.222783234580568,7.8939029272571695,874.6528918673412
2025-04-23,56097.1015625,56098.69921875,55162.5,55370.05078125,245500,-0.004992899990833982,73.86149026645975,1362.3580708023583,908.9923278202773,453.365742982081,13.134449643840718,7.379443755671143,879.0490580732454
2025-04-24,55103.8984375,55550.44921875,55088.3984375,55201.3984375,233200,-0.0030505609853250237,72.24062234771822,1420.5099068585914,1011.2958436279403,409.21406323065116,13.798423490048922,8.605377871231125,849.2634668715851
2025-04-25,55233.55078125,55350.55078125,54176.44921875,54664.05078125,210800,-0.009782000526163863,67.1820228315623,1407.0169749868874,1090.4400698997297,316.5769050871577,14.261703789041515,6.457888760230903,872.4661879879005
2025-04-28,54610.30078125,55577.3984375,54582.3515625,55432.80078125,178600,0.013965203962897124,70.37782718404641,1441.735994460767,1160.6992548119372,281.0367396488298,14.954996800590104,7.4334226517500825,881.2219513459077
2025-04-29,55524.3515625,55957.75,55262.3984375,55391.25,193900,-0.0007498513707811542,69.98115819467934,1449.1928733851964,1218.397978526589,230.79489485860745,15.342219710312383,7.550188320681918,867.9454949997714
2025-04-30,55382.3984375,55478.25,54723.69921875,55087.1484375,193500,-0.005505190785485016,67.00455552524231,1414.2613248401103,1257.5706477892934,156.69067705081693,15.552107408286064,10.483426048476574,859.8458725890735
2025-05-02,55100.94921875,55691.94921875,54994.3984375,55115.3515625,154200,0.0005118418477934279,67.1441331920698,1373.0261862382322,1280.6617554790812,92.36443075915099,15.651231547691616,9.115542282869079,848.2533660648539
2025-05-05,55065.80078125,55345.5,54786.5,54919.5,139400,-0.0035598133962563474,65.08512448559446,1309.4489451827685,1286.4191934198188,23.029751762949672,15.276377832179195,9.313968425712815,827.5924113459358
2025-05-06,54918.25,55036.94921875,54172.94921875,54271.3984375,198700,-0.011871120813523034,58.67317073684471,1193.0148117896533,1267.7383170937858,-74.72350530413246,14.875743544968344,6.4096002926335665,830.1929533926548
2025-05-07,54013.3984375,54684.30078125,53919.8984375,54610.8984375,268900,0.00623611202152172,60.849038353074256,1115.2784985980106,1237.246353394631,-121.96785479662026,14.539948777938042,4.2600605914527625,825.4936241324651
2025-05-08,54801.75,54937.25,54108.0,54365.6484375,302200,-0.004500976055335955,58.454762403982635,1022.1001506718239,1194.2171128500695,-172.11696217824556,14.03986462263699,2.3493059052764846,825.7619366944319
2025-05-09,53595.94921875,54054.80078125,53483.05078125,53595.25,179300,-0.014272047112656998,51.58788536803608,875.9930209499216,1130.5722944700399,-254.57927352011825,12.272478183988886,-1.2800638582110562,829.8216309484011
2025-05-12,54658.75,55466.30078125,54558.05078125,55382.8515625,199600,0.03280956250641026,62.5741696232312,894.1394910145245,1083.285733778937,-189.14624276441236,10.839040895536407,0.14167303293583705,904.1951416842296
2025-05-13,55233.5,55499.6484375,54888.5,54940.8515625,190000,-0.008012826842756487,59.008449832131916,862.907927777218,1039.210172578593,-176.30224480137508,8.425654570137763,-1.2693319091825923,883.2632342424989
2025-05-14,55008.55078125,55208.6015625,54491.0,54801.30078125,145200,-0.0025432498541150574,57.88687841426355,817.4727896679105,994.8626959964566,-177.3899063285461,6.000449251672114,-1.0271798417649207,871.4302576894632
2025-05-15,54853.69921875,55490.55078125,54442.30078125,55355.6015625,138400,0.01006392605215792,61.05338467093555,816.7772561530146,959.2456080277683,-142.4683518747537,4.641273051412134,0.2793464103533383,884.0602392830731
2025-05-16,55276.0,55418.8984375,55170.25,55354.8984375,136000,-1.2702047231440082e-05,61.04711420536301,806.8682298247804,928.7701323871709,-121.90190256239043,3.687483447525202,1.2638061877532203,838.6736820128535
2025-05-19,55326.05078125,55695.55078125,55296.55078125,55420.69921875,138100,0.001188001516239402,61.446176495796756,795.1587332875715,902.0478525672511,-106.88911927967956,3.5784111563976846,-0.02183105008126041,807.2684190119354
2025-05-20,55445.30078125,55568.3515625,54829.44921875,54877.3515625,143400,-0.009852432525205082,56.31565377792063,733.5790157494339,868.3540852036878,-134.77506945425387,3.5512855880459813,-0.9277610407781013,802.3851279217971
2025-05-21,55060.19921875,55336.8515625,54690.80078125,55075.1015625,119500,0.0035970132106267704,57.6999560975498,692.7478522565943,833.2328386142692,-140.48498635767487,3.384907237531415,-0.021868757671615502,791.2183888738116
2025-05-22,54875.8984375,54996.1015625,54576.6015625,54941.30078125,148200,-0.0024323799791412474,56.39770896835582,642.1894954344971,795.0241699783148,-152.83467454381775,3.3168150266484204,-0.31579365152489136,770.3099325256823
2025-05-23,54959.30078125,55441.30078125,54854.5,55398.25,88900,0.008282648022834316,59.73958365704628,631.7116379336003,762.361663569372,-130.65002563577173,3.371538919107142,0.8717304418284944,757.2021360059907
2025-05-26,55534.8984375,55875.75,55307.5,55572.0,90800,0.003131472479956106,60.96470710352921,630.1638961544522,735.9221100863881,-105.75821393193587,3.470761098471941,2.396476965666912,743.7055548627058
2025-05-27,55458.94921875,55831.3515625,55037.8515625,55352.80078125,145400,-0.0039522181249083965,58.54431787222663,604.283945445386,709.5944771581877,-105.31053171280166,3.4465795800206007,1.3585243330121692,747.2623009439411
2025-05-28,55328.6015625,55521.80078125,55235.55078125,55417.0,128300,0.0011591467256507572,59.05701588930207,582.242509257987,684.1240835781475,-101.88157432016055,3.454632288867296,1.9338527042653744,714.3328508765168
2025-05-29,55571.3984375,55782.75,55096.44921875,55546.05078125,185700,0.0023260146242464062,60.124590667061646,568.632984717915,661.025863806101,-92.39287908818608,3.5612205477975083,3.6398762600230428,712.3305601889085
2025-05-30,55615.55078125,55813.30078125,55356.6015625,55749.69921875,281100,0.0036595946346980666,61.81658426536938,567.735563243863,642.3678036936535,-74.63224044979052,3.7430844399281815,0.6623849186169286,694.0711786575579
2025-06-02,55598.25,55966.30078125,55400.55078125,55903.3984375,211300,0.0027531581131464908,63.089554104989475,572.8234406417541,628.4589310832737,-55.63549044151955,3.9681107075621926,1.7519693408920303,684.905380182018
2025-06-03,56104.80078125,56161.3984375,55455.80078125,55599.94921875,212800,-0.005442885335163327,58.913579977934845,546.0749916299465,611.9821431926083,-65.90715156266185,3.7883640884086787,1.4573530666506618,686.3833999011596
2025-06-04,55650.3515625,55791.0,55408.3515625,55676.8515625,151500,0.0013821812894170905,59.64263677041156,525.0298126562411,594.5916770853349,-69.56186442909382,3.750693062136606,0.5803387388669028,664.6880454439339
2025-06-05,55806.75,56010.1484375,55580.44921875,55760.8515625,141300,0.00150756904627013,60.467797337273744,509.2590335440109,577.5251483770702,-68.2661148330593,3.558001882846552,0.7333644112062688,647.9031292515101
2025-06-06,55699.44921875,56695.0,55534.75,56578.3984375,347000,0.014555221053401587,67.44460447952946,556.3169028031552,573.2834992622873,-16.966596459132006,2.8875314077698286,2.088929290084319,684.4993343049737
2025-06-09,57049.5,57049.5,56792.69921875,56839.6015625,207500,0.004606034082723467,69.30830840327081,607.6825265497464,580.163304719779,27.519221829967364,3.626839078562813,3.5757009843399366,669.2566363189042
2025-06-10,56993.8984375,57015.3984375,56564.1484375,56629.1015625,146000,-0.00371027844126405,66.02781416806343,624.20906906858,588.9724575895393,35.236611479040675,3.8942448751809913,2.821601696433549,653.6847337246967
2025-06-11,56639.8515625,56782.5,56399.3984375,56459.75,135300,-0.0029950200528604622,63.426766321104054,616.5341948988062,594.4848050513928,22.04938984741341,3.884649573657417,2.7637664146244716,634.357364351504
2025-06-12,56480.8984375,56611.05078125,55968.5,56082.55078125,135300,-0.006703268522981033,57.95095727109864,573.4051199663663,590.2688680343875,-16.86374806802121,3.894388645830127,1.2352389854372656,634.9426084156822
2025-06-13,55149.30078125,55688.0,55149.30078125,55527.3515625,142000,-0.009949006077016643,50.97511454984672,488.79060654390196,569.9732157362905,-81.18260919238855,3.8622794309546538,-0.08034340585186785,656.2502792431335
2025-06-16,55554.1015625,55999.8515625,55381.44921875,55944.8984375,107700,0.007491529557008836,55.330149455057786,450.235503645461,546.0256733181246,-95.79016967266364,3.842697266144686,1.0696796691280794,653.5468552793383
2025-06-17,55975.0,56067.30078125,55643.94921875,55714.1484375,106300,-0.004133123735948372,52.55181862623765,396.4902178572738,516.1185822259545,-119.62836436868065,3.565762338982961,0.5362044814768031,637.1043343665284
2025-06-18,55544.94921875,55933.6015625,55511.80078125,55828.75,116400,0.0020548435522054083,53.792800046420815,359.00568591088813,484.69600296294124,-125.6903170520531,3.364897541170135,0.5089456671966088,621.7255091439192
2025-06-19,55784.8515625,55942.44921875,55475.44921875,55577.44921875,131300,-0.004511440283236665,50.66362436509974,305.49944401943503,448.85669117424004,-143.357247154805,3.0673909060209894,-0.30897027681553496,610.6736870622107
2025-06-20,55566.69921875,56328.19921875,55566.3984375,56252.8515625,161500,0.012079204852049767,57.77325178561661,313.9753737310384,421.8804276855998,-107.90505395456137,3.026430800931012,0.6251017554696403,621.4684795041956
2025-06-23,55832.3515625,56233.55078125,55779.25,56059.3515625,86800,-0.0034457554223283485,55.3139199790916,301.60209502952785,397.82476115438544,-96.2226661248576,2.9847975943961367,0.8262639628366342,610.9065568610388
2025-06-24,56529.44921875,56862.0,56276.1484375,56461.8984375,132900,0.007155067906978082,59.2045686628969,320.5828713171795,382.3763831869443,-61.79351186976476,2.9383992406020063,1.410005869528643,624.6024054781075
2025-06-25,56564.5,56681.3984375,56420.6484375,56621.1484375,98700,0.002816515997316384,60.66368880895888,344.5041875389288,374.8019440573412,-30.29775651841237,2.9440858808045705,1.5428331004517197,598.6129479439569
2025-06-26,56693.55078125,57263.44921875,56558.3515625,57206.69921875,176500,0.010288448010729099,65.54367198446431,406.03058949284605,381.0476731444422,24.982916348403876,3.335166127660958,1.1104958758139114,606.2189985372457
2025-06-27,57234.69921875,57475.3984375,56993.8515625,57443.8984375,238000,0.004137781433808544,67.31270929265287,468.5297812431454,398.54409476418283,69.98568647896258,3.845160930589009,1.0631617013281205,597.3138468560139
2025-06-30,57529.94921875,57614.5,57193.80078125,57312.75,183000,-0.00228568011322425,65.31596747737748,501.6950301216639,419.17428183567904,82.52074828598484,4.1644404891781015,1.20723871408321,584.6985162770129
2025-07-01,57375.80078125,57533.8515625,57150.3515625,57459.44921875,283300,0.0025563559753664987,66.51258625476133,533.6643789709779,442.07230126273885,91.592077708239,4.381569683420085,1.7706405337430646,570.3271936857976
2025-07-02,57558.19921875,57628.3984375,56833.80078125,56999.19921875,169600,-0.008042249090694696,59.56880836418708,515.9148445484025,456.84080991987156,59.07403462853091,4.325353837996952,1.6344628137107873,586.3465124403835
2025-07-03,57050.3984375,57193.25,56764.1015625,56791.94921875,149900,-0.0036426423673500863,56.69837151731477,479.5963791797258,461.3919237718424,18.20445540788336,4.20782651533274,2.2774319694080942,575.1180785160705
2025-07-04,56825.25,57075.1015625,56623.6015625,57031.8984375,93900,0.004216156440587588,59.15253600209495,464.81750348712376,462.0770397148987,2.7404637722250413,4.287524141481284,1.9429832395072886,566.2882157649226
2025-07-07,56938.69921875,57152.19921875,56838.55078125,56949.19921875,103300,-0.0014511043490927048,57.93383143476185,441.34445803295966,457.93052337851094,-16.586065345551276,4.311333164344926,2.216763274476818,548.2425173174281
2025-07-08,56942.55078125,57303.30078125,56923.05078125,57256.30078125,105500,0.0053780650267477295,61.135956951261434,442.42245922376605,454.828910547562,-12.40645132379592,4.455496727359153,2.557017273806059,536.2430517947547
2025-07-09,57199.75,57290.6484375,57037.8984375,57213.55078125,91100,-0.0007469215938337628,60.44617316650196,434.81493925389805,450.8261162888292,-16.011177034931166,4.564779354685521,2.943822693374048,515.9935480951293
2025-07-10,57339.75,57363.69921875,56886.6015625,56956.0,102000,-0.004511732180315613,56.323160058481605,403.35411411506357,441.3317158540761,-37.97760173901253,4.518388009541176,1.2499782997111952,513.2152701061915
2025-07-11,56843.44921875,57091.05078125,56607.75,56754.69921875,95500,-0.003540581368691832,53.26503398760326,358.05050942947855,424.67547456915656,-66.62496513967801,4.146544280924036,1.2403776299031286,511.07852090217784
2025-07-14,56780.75,56896.30078125,56594.25,56765.3515625,123000,0.00018767334418816906,53.40919670697311,319.3256441837366,403.6055084920726,-84.27986430833602,3.9638561550818796,0.5374476122794645,496.1479680698794
2025-07-15,56709.19921875,57134.94921875,56707.80078125,57006.6484375,124600,0.004241768392862728,56.66976490460631,304.59536492643383,383.8034797789449,-79.20811485251107,3.6168801288458,0.6808410119507301,491.2194301720309
2025-07-16,57111.25,57276.55078125,56937.6015625,57168.94921875,161300,0.002843004878456688,58.76032162756736,302.5304464635701,367.54887311587,-65.01842665229987,3.2937302848693157,-0.06598877494338479,480.34298649902865
2025-07-17,57231.94921875,57262.8515625,56780.1484375,56828.80078125,129800,-0.005967651939994163,52.99003160111619,270.33064414693945,348.10522732208386,-77.77458317514441,2.558451018821693,-1.0707797920770252,480.5115678205266
2025-07-18,56524.25,56705.1484375,56204.8515625,56283.0,141200,-0.009650717495986233,45.302513786661265,198.48252423622034,318.1806867049112,-119.69816246869084,2.5391161089935887,-1.796720624991821,490.757114315489
2025-07-21,56558.8984375,56983.44921875,56255.69921875,56952.75,133700,0.01182944096968613,54.10185813262417,193.3567035171509,293.2158900673591,-99.85918655020822,2.1161563657390303,-0.8818379320361731,507.6851775786684
2025-07-22,57253.3515625,57286.1484375,56692.0,56756.0,132800,-0.0034605990542028392,51.481728562920814,171.44209522139136,268.8611310981656,-97.41903587677422,1.9842792504930373,-0.42667129026963435,513.8611247159064
2025-07-23,56918.1484375,57249.0,56715.80078125,57210.44921875,129800,0.00797518270644815,56.69814647267549,188.57113357689377,252.80313159391125,-64.23199801701747,1.918701931327193,0.7369002222269758,515.2424171469131
2025-07-24,57316.6015625,57316.6015625,56850.8984375,57066.05078125,179800,-0.0025271777548591017,54.686243798740946,188.32339786024386,239.9071848471778,-51.583786986933944,1.8967072801732685,0.059882880783684235,511.7038962792764
2025-07-25,57170.69921875,57170.69921875,56439.3984375,56528.8984375,125100,-0.009457398434007124,47.87993947248003,143.133407722009,220.55242942214406,-77.41902170013506,1.8995032458873309,-0.7380275526536637,527.3893880628996
2025-07-28,56215.1015625,56578.3984375,55997.44921875,56084.8984375,145700,-0.007885397934535004,43.104374134355865,70.678191428844,190.57758182348405,-119.89939039464005,2.245475045340558,-2.045892465574033,531.2150902548353
2025-07-29,55881.80078125,56296.3984375,55843.25,56222.0,145100,0.0024415531461510712,44.93088969439541,24.042711382295238,157.27060773524627,-133.22789635295103,2.290507860506836,-1.733069819492746,525.6389007723471
2025-07-30,56310.1015625,56321.1484375,56064.55078125,56150.69921875,139700,-0.0012690055736690352,44.13731649985616,-18.456860507525562,122.12511408669191,-140.58197459421746,2.507184055616603,-1.413899819597584,506.4216690207509
2025-07-31,55728.1484375,56406.19921875,55547.3515625,55961.94921875,182800,-0.0033671522520134748,42.02144026743805,-66.60089135559247,84.37991299823504,-150.98080435382752,2.819416261382994,-1.396800636621293,531.5949538228401
2025-08-01,55897.1484375,56097.6015625,55562.1015625,55617.6015625,98900,-0.006172255526186973,38.40434800918093,-131.03091783080163,41.29774683242771,-172.32866466322935,3.28127039701923,-2.0219200064960403,531.8738856926373
2025-08-04,55557.5,55752.44921875,55437.30078125,55619.3515625,131100,3.1464364152093105e-05,38.433352133723396,-179.8774523303946,-2.937293000136748,-176.94015933025784,3.6389901343212157,-2.4335703168394147,516.3934965360203
2025-08-05,55545.05078125,55648.1484375,55202.8515625,55360.25,105700,-0.0046693631913759795,35.7492829456622,-236.7667142337159,-49.70317724685258,-187.0635369868633,3.974702459483185,-3.16377901547435,511.31516642630453
2025-08-06,55329.80078125,55559.3984375,55227.69921875,55411.1484375,117600,0.0009189816468880913,36.684716829007435,-274.57960288465983,-94.67846237441404,-179.9011405102458,4.167709084378971,-2.494601899496246,498.4854558779971
2025-08-07,55215.6484375,55614.80078125,54973.55078125,55521.1484375,95500,0.001983192256028456,38.75984218627998,-292.30104438741546,-134.20297877701432,-158.09806561040114,4.310021500922548,-1.3536086606968356,508.682923315283
2025-08-08,55609.3515625,55652.6015625,54905.6015625,55004.8984375,97300,-0.009341757331445696,33.251737453711044,-344.0366348025491,-176.16970998212128,-167.8669248204278,4.745910844456212,-3.420118541246911,525.7055716499057
2025-08-11,54999.3515625,55582.1484375,54927.55078125,55510.75,105200,0.009154451923238995,41.95588244625391,-340.29674042919214,-208.99511607153545,-131.3016243576567,4.821961817940123,-2.19404115864402,534.912149121341
2025-08-12,55441.1015625,55566.69921875,55001.5,55043.69921875,74700,-0.008449294680272734,37.14021728834099,-370.74621040243073,-241.3453349377145,-129.40087546471622,4.971895912967686,-3.7873326107180345,537.0755112376738
2025-08-13,55340.05078125,55340.05078125,55026.94921875,55181.44921875,80100,0.0024994309132680853,39.35126128038664,-379.3890007187656,-268.9540680939248,-110.43493262484083,4.8678071912911625,-3.302491650813897,521.0773720421257
2025-08-14,55102.55078125,55472.80078125,55074.30078125,55341.8515625,74200,0.0029025998180133386,41.913409100641196,-369.04126769630966,-288.97150801440176,-80.0697596819079,4.790336323941092,-2.0998938734184494,512.3218454676881
2025-08-18,55940.6015625,56156.30078125,55647.6484375,55734.8984375,101700,0.007077061859869358,47.739464205343666,-325.37430430040695,-296.2520672716028,-29.122237028804136,4.768859996180578,-0.6240539071137549,533.9023721307104
2025-08-19,55622.30078125,55965.55078125,55608.1484375,55865.1484375,89300,0.0023342294701038284,49.5454611381476,-277.064013271709,-292.4144564716241,15.350443199915105,4.4580951351582545,-0.634718726655046,521.295227246374
2025-08-20,55751.5,55812.6015625,55577.3515625,55698.5,69100,-0.002987506482289818,47.29354003339076,-249.35053795552813,-283.8016727684049,34.451134812876774,4.215636269102073,-0.8053314117929993,504.6167735144901
2025-08-21,55972.05078125,55993.6484375,55708.19921875,55755.44921875,70300,0.0010219328091183762,48.16066153411059,-220.2531419761217,-271.09196660994826,50.83882463382656,3.532403473558211,-0.3690007279639437,489.6547495134551
2025-08-22,55669.25,55745.0,55102.6015625,55149.3984375,77100,-0.010929311509256646,40.5205845139719,-243.2919608158918,-265.53196545113695,22.240004635245157,2.8886426946513293,-0.8418254506603616,501.31138570892256
2025-08-25,55147.75,55306.0,55048.3984375,55139.30078125,79900,-0.00018311316299395229,40.40557260583042,-259.37527053860686,-264.3006264686309,4.925355930024068,2.5892984920230533,-0.8631002839192801,483.9035411939995
2025-08-26,54999.05078125,55068.8984375,54396.1015625,54450.44921875,123800,-0.012571625265719363,33.43380819475138,-323.9714324804663,-276.234787670998,-47.73664480946832,2.9890166253018577,-1.6434188452003018,502.42466101942813
2025-08-28,54256.0,54382.25,53768.44921875,53820.3515625,134300,-0.011639421991661167,28.576674812352934,-421.1531794294351,-305.21846602268545,-115.93471340674967,3.7496028507392816,-2.870896777738347,515.2514709466119
2025-08-29,53660.3515625,54086.0,53606.44921875,53655.6484375,103900,-0.0030649308484190776,27.453939172862732,-505.63196915379376,-345.30116664890716,-160.3308025048866,4.401539542922371,-3.3599809306898396,512.7014216825681
2025-09-01,53658.1484375,54035.8515625,53658.1484375,54002.44921875,78000,0.006442654818862788,33.388366440686056,-538.3918478506093,-383.91930288924766,-154.47254496136168,4.649477989798891,-1.8224726292132791,503.2372576338133
2025-09-02,54038.25,54160.94921875,53578.0,53661.0,77500,-0.006342920759285817,30.723551062611946,-585.1610141617857,-424.1676451437553,-160.99336901803042,5.138622403557578,-3.3322374495030243,508.9309691421123
2025-09-03,53630.75,54136.1484375,53561.75,54067.55078125,100100,0.007547724504540846,37.15509698521771,-582.7036204407705,-455.8748402031583,-126.82878023761214,5.275279029663503,-1.7734063141735326,513.6072168819614
2025-09-04,54379.6015625,54450.55078125,53971.8515625,54075.44921875,120000,0.0001460739486429952,37.276930879770156,-573.5077400845257,-479.40142017943185,-94.10631990509387,5.420864440276846,-2.0042967621520793,511.11378844396415
2025-09-05,54308.05078125,54308.05078125,53719.55078125,54114.55078125,79900,0.0007228313929660533,37.918579583672326,-556.6480768129986,-494.85075150614523,-61.797325306853395,5.496271745386331,-2.2176720630027256,516.641374983681
2025-09-08,54215.3984375,54518.69921875,54067.1484375,54186.8984375,76300,0.0013360424543469032,39.158755090920174,-531.3240480895765,-502.14541082283154,-29.178637266745,5.472050390230195,-2.777433965786977,511.9920468598466
2025-09-09,54330.55078125,54350.6484375,54079.44921875,54216.1015625,93800,0.0005387881462036393,39.682541330295294,-503.0987159206343,-502.33607184239213,-0.7626440782421469,5.530637661399935,-2.9518347684064543,494.7925591377147
2025-09-10,54554.75,54705.19921875,54400.0,54536.0,116900,0.005883092934565402,45.24361020743539,-449.73256931054493,-491.81537133602274,42.082802025477804,5.385522779626493,-2.087129814986041,494.3857803600208
2025-09-11,54413.05078125,54757.44921875,54402.3984375,54669.6015625,96900,0.0024467907734052447,47.42377219974511,-392.13865379766503,-471.8800278283512,79.74137403068619,5.353576624135633,-1.9475184425289147,484.4332804235907
2025-09-12,54781.55078125,54852.25,54580.3515625,54809.30078125,80100,0.002552077004466673,49.67989442956095,-331.4023019280721,-443.78448264829547,112.38218072022335,5.291996645519628,-0.6166842538371976,469.2522202147628
2025-09-15,54884.05078125,55018.69921875,54807.5,54887.8515625,72000,0.0014321391758581354,50.95432200092501,-273.7740174641003,-409.7823896114565,136.00837214735617,5.1829657814656755,-0.4560254032737114,450.81986296727973
2025-09-16,54778.3984375,55185.44921875,54777.75,55147.6015625,98700,0.004721214392373159,55.01184961358911,-204.7829225995738,-368.78249620907997,163.99957360950617,4.92664370039793,1.2803426854189033,447.73981695175974
2025-09-17,55158.3515625,55540.75,55146.55078125,55493.30078125,155300,0.0062490514160239005,59.78078910530831,-120.81921632281592,-319.1898402318272,198.37062390901127,4.7015957193316185,3.108395189145602,443.9154885087769
2025-09-18,55797.1015625,55835.25,55490.8984375,55727.44921875,134300,0.0042105233677184615,62.6674074893656,-34.98032076327945,-262.3479363381176,227.36761557483817,4.720209864717068,3.861291106496098,436.80377950815
2025-09-19,55647.94921875,55688.75,55355.30078125,55458.8515625,190000,-0.004831497708986958,57.56354464734811,11.244417661015177,-207.62946553829107,218.87388319930625,4.543201513095176,2.696919056116306,432.18554079328214
2025-09-22,55429.30078125,55666.3515625,55215.6015625,55284.75,118600,-0.003144230519450467,54.467010060279435,33.44379556996137,-159.41481331664062,192.85860888660198,4.594391285933832,3.0259406272712024,433.51157359376197
2025-09-23,55248.69921875,55662.0,55159.0,55509.75,171200,0.004061579037007668,57.638506322905435,68.40406264311605,-113.8510381246893,182.25510076780535,4.751423201907333,2.6674025324079187,438.475032622779
2025-09-24,55387.1015625,55511.1015625,55040.44921875,55121.5,172000,-0.007018841311088404,51.03304510037952,64.04354182985116,-78.27212213378121,142.31566396363237,4.816396652101136,1.934428278197816,440.7734119890091
2025-09-25,55061.6484375,55276.6484375,54903.30078125,54976.19921875,158400,-0.002639489592227775,48.77998260109283,48.30639292396518,-52.956419122231935,101.26281204619711,4.645888921522766,1.5922675603149423,435.95728657907983
2025-09-26,54797.8984375,54897.0,54310.94921875,54389.3515625,127700,-0.010731958730311242,40.92185348327701,-11.387840397444961,-44.64270337727454,33.25486297982958,4.347988390894318,0.37362006469795006,452.33533753771695
2025-09-29,54460.3984375,54686.05078125,54226.6015625,54461.0,218300,0.0013164578123839447,42.14722490726003,-52.311505787183705,-46.17646385925638,-6.135041927927325,4.20397990767124,0.45170794365891936,452.84347191002286
2025-09-30,54705.5,54793.05078125,54502.94921875,54635.8515625,206900,0.0032054401150929768,45.13784486822845,-69.82979128298757,-50.90712934400262,-18.92266193898495,3.8003975573024733,0.18309293402523105,444.2154225771641
2025-10-01,54653.8984375,55406.75,54582.55078125,55347.94921875,173000,0.012949318023724071,55.27739803237745,-25.95365159984067,-45.91643379517023,19.96278219532956,3.693498960712775,1.2408132433057735,471.3571223037952
2025-10-03,55182.6015625,55616.44921875,55177.0,55589.25,156900,0.004350229922705428,58.10313257367634,27.967074594649603,-31.13973211720626,59.10680671185587,3.6247846096136014,1.4230234789216958,469.077986335667
2025-10-06,55834.69921875,56164.19921875,55727.25,56104.8515625,162600,0.009232452165212207,63.42141480936359,111.02455366902723,-2.7068749599595634,113.73142862898679,3.8049376750784853,2.2172483807536536,476.6402172224051
2025-10-07,56126.3984375,56502.44921875,56025.05078125,56239.3515625,153700,0.0023944282040244797,64.68089757666453,185.56218481084943,34.94693699420224,150.61524781664718,3.9841032318870666,1.979687183245305,476.69437581366185
2025-10-08,56098.5,56303.6015625,55821.0,56018.25,133600,-0.003939187107666233,60.96470659634962,224.2082135138553,72.79919229813285,151.40902121572245,3.907844323852271,0.9459686328973409,477.1163177198288
2025-10-09,55979.0,56286.25,55843.8984375,56192.05078125,118000,0.0030977712210964853,62.775207987219964,265.7958115602087,111.39851615054802,154.39729540966067,4.013871546255906,0.8337032629580337,474.63312091841243
2025-10-10,56168.6015625,56760.25,56152.44921875,56609.75,163000,0.007405930136084602,66.76486436528559,328.6704108237682,154.85289508519207,173.8175157385761,4.355154564324633,2.0752294810919074,484.145096656383
2025-10-13,56337.05078125,56770.8984375,56327.3984375,56625.0,123500,0.00026935194526773895,66.90432937525321,375.4021292117468,198.96274191050304,176.43938730124376,4.633278867427502,2.424267089929863,481.2418754666413
2025-10-14,56598.6484375,56721.30078125,56230.1484375,56496.44921875,129800,-0.002272793311516435,64.4491971953214,397.4824487697115,238.66668328234476,158.81576548736672,4.769327497652666,1.777524162421917,481.94976605830976
2025-10-15,56528.94921875,56922.69921875,56491.8515625,56799.8984375,123700,0.005356747161642234,67.48261516022436,434.45890520380635,277.8251276666371,156.63377753716924,5.0754669019444405,3.0449070462523697,478.29961535771616
2025-10-16,57139.94921875,57525.80078125,56994.69921875,57422.55078125,148600,0.010902559272173517,72.64113600134573,508.14823717976105,323.88974956926194,184.25848761049912,5.759861993873939,4.449837561097994,495.98552452859354
2025-10-17,57362.8984375,57830.19921875,57238.6484375,57713.3515625,147200,0.005051446051080439,74.66277346969204,583.2889643013259,375.7695925156748,207.51937178565112,6.514022139754304,6.111490401168542,502.8116142944083
2025-10-20,57872.8515625,58261.55078125,57872.8515625,58033.19921875,341700,0.005526704134539504,76.70195972979187,661.027649418771,432.82120389629404,228.206445522477,7.291918731025721,6.559187710012669,506.0535860412363
2025-10-21,58063.3984375,58155.55078125,57887.19921875,58007.19921875,39000,-0.00044811980629483095,76.1653357921725,712.3268739476043,488.7223379065561,223.60453604104822,7.823433302949151,6.170577669853629,489.07487007400516
2025-10-23,58314.55078125,58577.5,57951.44921875,58078.05078125,291600,0.001220681719646265,76.64485598331478,750.0528653995643,540.9884434051578,209.06442199440653,8.301617279365848,4.932615572999649,498.8588637294334
2025-10-24,58172.75,58232.8984375,57482.05078125,57699.6015625,132100,-0.006537540863546357,68.69489185159946,740.8729738402908,580.9653494921845,159.9076243481063,8.362990888143152,3.7963303381499123,516.8580631951882
2025-10-27,57796.44921875,58224.55078125,57652.75,58114.25,153000,0.007160632405374563,72.10848224658089,758.3151224893954,616.4353040916267,141.87981839776876,8.428622255738446,3.581505665800682,520.7825430562461
2025-10-28,58006.55078125,58313.80078125,57770.3515625,58214.1015625,256100,0.0017167197107454987,72.8755206794045,771.3042225992176,647.4090877931449,123.89513480607275,8.026464589141238,3.511331381204525,522.4015913200857
2025-10-29,58316.25,58469.8984375,58087.05078125,58385.25,151800,0.0029356691631949317,74.1859220863877,786.3439430829894,675.1960588511139,111.14788423187554,7.504878797502547,4.225408683777162,512.4334531007938
2025-10-30,58152.05078125,58331.19921875,57999.19921875,58031.1015625,223000,-0.0060841887795977856,66.97557057662272,760.9148579283064,692.3398186665524,68.575039261754,6.69761255051768,3.2727952720736955,503.4061193971657
2025-10-31,57942.44921875,58254.94921875,57656.94921875,57776.3515625,307900,-0.004399551221245255,62.28594125843203,711.9984537993805,696.271545693118,15.7269081062625,6.1422199960074,2.0607785098856644,510.16282515451104
2025-11-03,57726.8515625,58247.55078125,57718.3984375,58101.44921875,27800,0.005611057631483192,65.59655390728453,691.4934094243072,695.3159184393559,-3.822509015048695,5.6890576220572,2.607415838852097,511.5192193399031
2025-11-04,57966.6484375,58119.6484375,57732.94921875,57827.05078125,168600,-0.004733934277454623,60.74926811817067,645.6586028976963,685.3844553310239,-39.725852433327645,5.37028611276751,2.355195027121104,502.60350501205284
2025-11-06,57714.80078125,57945.05078125,57521.0,57554.25,170400,-0.004728691525114667,56.29538273586976,580.628323463483,664.4332289575157,-83.80490549403271,5.023823143043512,1.3280861115096074,496.9925961719062
2025-11-07,57391.3984375,58001.3515625,57157.8515625,57876.80078125,142400,0.005588645664827148,60.02703778628124,548.7923739954858,641.3050579651097,-92.51268396962382,4.46317843855804,0.7910655201132667,521.74312501677
2025-11-10,57846.19921875,58097.19921875,57846.19921875,57937.55078125,123400,0.0010490928758338147,60.70751953800694,522.4417882414127,617.5324040203703,-95.09061577895761,3.8966601977976447,0.3884702805852578,502.404330372715
2025-11-11,57962.30078125,58187.3515625,57594.25,58138.1484375,119600,0.003456328194419302,62.95036007764071,511.8450820866128,596.3949396336188,-84.54985754700601,3.5675773797438644,0.18084341405064544,508.8827040960925
2025-11-12,58505.3515625,58507.69921875,58171.8515625,58274.6484375,149300,0.0023451040817019527,64.43789737173303,508.5987159301585,578.8356948929268,-70.23697896276826,3.17216982129747,0.46106211358598204,498.93042389280015
2025-11-13,58158.75,58615.94921875,58127.1015625,58381.94921875,121200,0.0018396012512929484,65.60688600015092,508.8188763810176,564.832331190545,-56.01345480952739,2.47888232891078,0.5232586724451692,498.21022620402874
2025-11-14,58050.0,58590.1484375,58050.0,58517.55078125,114800,0.002319969261120841,67.0796520539975,514.0100797099803,554.6678808944321,-40.65780118445173,1.9118824724983088,1.4175994228729645,501.20581272516955
2025-11-17,58696.30078125,59001.55078125,58605.30078125,58962.69921875,157500,0.007578304743652948,71.40808204939935,547.7300137459388,553.2803074647335,-5.5502937187947055,2.177294552282838,1.459967596157569,499.9768261019431
2025-11-18,58990.5,59103.6484375,58798.8984375,58899.25,145500,-0.0010766702112067637,69.99540904481523,562.8453518653259,555.1933163448521,7.6520355204738735,2.414105972724857,1.1769458243109856,486.0320528089472
2025-11-19,58908.1484375,59264.25,58688.55078125,59216.05078125,149800,0.005364276073094187,72.88026640666624,593.5455183906015,562.863756754002,30.681761636599504,2.8906249957676105,1.4229634732231171,492.43685037616524
2025-11-20,59308.19921875,59440.1015625,59125.25,59347.69921875,120000,0.0022207207785368646,73.99903495879457,621.3361735783183,574.5582401188652,46.77793345945304,3.3381418694668494,2.268779362790508,479.7521869564392
2025-11-21,59116.69921875,59232.1484375,58823.6484375,58867.69921875,121400,-0.008120814111297805,63.68349567377666,597.738126519369,579.194217398966,18.543909120402986,3.438169175589297,1.8889175704863026,482.91637226312207
2025-11-24,58996.8984375,59309.8984375,58649.5,58835.3515625,190400,-0.0005496485749466078,63.04566212748097,569.8573577948991,577.3268454781526,-7.469487683253419,3.3823210291138293,1.263139480371449,495.5936626371848
2025-11-25,58925.6484375,59166.1484375,58746.19921875,58820.30078125,137400,-0.0002558445944972061,62.73084200244723,540.3187176085485,569.9252199042318,-29.6065022956833,3.4224761272599338,1.7176217472291602,490.19048807381444
2025-11-26,58783.05078125,59554.94921875,58783.05078125,59528.05078125,140200,0.01196059645870062,70.25318686578092,567.4771195410867,569.4355998316028,-1.958480290516036,3.7938250378875473,3.4294613886029266,510.3124844613991
2025-11-27,59605.30078125,59866.6015625,59523.0,59737.30078125,137800,0.00350898583647605,72.04942797362551,598.9804017441711,575.3445602141164,23.635841530054677,4.2329821879743195,3.214586803150901,498.4045614641563
2025-11-28,59758.69921875,59897.5,59598.94921875,59752.69921875,100000,0.0002577360044394682,72.18254617257999,618.0648383506414,583.8886158414214,34.17622250922,4.517657385219714,3.1329395409780183,484.1292914488594
2025-12-01,60102.05078125,60114.30078125,59527.6015625,59681.3515625,122300,-0.0011947625366541435,70.50696115019613,620.28200740584,591.1672941543052,29.114713251534795,4.572227956005436,2.654372673493348,491.4557148275123
2025-12-02,59354.19921875,59656.55078125,59251.94921875,59273.80078125,207100,-0.00685220215942046,61.696804235813524,582.4391914102816,589.4216736055005,-6.982482195218836,4.535108414540802,1.7145574800362777,487.02333117911854
2025-12-03,59158.69921875,59414.8984375,58925.69921875,59348.25,166400,0.001255234217161773,62.61577795622762,552.0917468535263,581.9556882551057,-29.863941401579382,4.353685075042806,1.6551362093605158,487.1787517198958
2025-12-04,59287.1015625,59548.69921875,59062.1484375,59288.69921875,109600,-0.0010039163455173728,61.347893324217814,517.2731254417886,569.0191756924423,-51.74605025065375,3.8920281898782556,1.3178070975367766,487.1338966863318
2025-12-05,59133.19921875,59806.6015625,59106.55078125,59777.19921875,119500,0.008205586105955181,67.21281110107356,523.0673892879568,559.8288184115452,-36.761429123588414,3.707870668655248,1.3813818071289907,502.34224558373666
2025-12-08,59672.05078125,59713.1484375,59030.6015625,59238.55078125,131200,-0.00905177869866883,56.95116784702898,478.6770666399316,543.5984680572225,-64.9214014172909,3.300591136292214,0.5760697822977372,519.789060631327
2025-12-09,58918.8515625,59358.25,58878.44921875,59222.3515625,137800,-0.0002734947738953433,56.67094813631241,437.15106914771604,522.3089882753212,-85.15791912760517,2.9472370679137225,0.010640326679797873,516.9327549612321
2025-12-10,59281.55078125,59440.8984375,58853.8984375,58960.3984375,105200,-0.004433025191671029,52.19828227230083,378.7381315780585,493.5948169358687,-114.85668535781019,2.637976297166306,-0.6525961180440137,521.937558178287
2025-12-11,58966.19921875,59423.3515625,58799.8984375,59209.8515625,96900,0.00422193395606819,55.777585374619434,348.5563000738766,464.5871135634703,-116.0308134895937,2.3258632122195517,0.5812225520800052,529.1886700941236
2025-12-12,59401.5,59545.69921875,59224.8515625,59389.94921875,107700,0.003037067406443612,58.210495104076216,335.30417902275803,438.73052665532794,-103.4263476325699,2.0591512667030196,0.942626569777285,515.3785976766861
2025-12-15,59053.69921875,59533.0,59052.30078125,59461.80078125,125200,0.0012090957222487563,59.17547338731732,326.83208142974036,416.3508376102104,-89.51875618047006,2.0203571738000066,1.0906098599966516,512.9014991819229
2025-12-16,59288.75,59335.25,58966.3515625,59034.6015625,123300,-0.007210363540427461,51.55319485382209,282.3912458491104,389.55891925799045,-107.16767340888003,1.9692935394709552,-0.8289356232464198,511.65490772249984
2025-12-17,59072.80078125,59127.19921875,58801.3984375,58926.75,132700,-0.0018285920112611383,49.80885809024873,235.7512500711382,358.79738542062006,-123.04613534948186,2.0423063779517614,-1.3568587308926603,498.3796129744641
2025-12-18,58712.69921875,59211.0,58712.69921875,58912.8515625,97400,-0.00023588738217301678,49.576064500045575,195.4146116402917,326.12083066455443,-130.70621902426274,2.1117085258456467,-1.4055392764356684,498.3739821370024
2025-12-19,59047.3984375,59140.55078125,58897.5,59069.19921875,179100,0.0026503649790089404,52.27810700036819,174.0570628082496,295.7080770932935,-121.65101428504391,2.0451218338763364,-1.0257012077029402,480.13661064507363
2025-12-22,59224.75,59371.19921875,59155.5,59304.0,114800,0.0039671326067652534,56.08411681637028,174.07093088504917,271.38064785164465,-97.30971696659549,1.9286360737049275,0.05094867943672152,467.4125670275684
2025-12-23,59334.3515625,59402.3515625,59216.75,59299.55078125,91800,-7.502673777943528e-05,55.99298819687978,171.7431584422593,251.4531499697676,-79.7099915275083,1.7816146810205955,-0.08205670554734133,447.2832095613135
2025-12-24,59322.94921875,59478.1484375,59118.25,59183.6015625,82500,-0.0019572277318867857,53.55095868842881,158.71270778546022,232.90506153290613,-74.1923537474459,1.762869080532874,-0.17726423017350154,441.0414401283625
2025-12-26,59092.8515625,59180.6484375,58947.05078125,59011.3515625,72900,-0.0029146781210101914,50.05820002351321,132.95423268072045,212.914895762469,-79.96066308174855,1.678617700906226,-1.2811701890673068,426.4349644941938
2025-12-29,59007.05078125,59140.3984375,58809.55078125,58932.3515625,106900,-0.0013396223744246343,48.49591931798059,104.95594896412513,191.32310640280025,-86.36715743867512,1.569582327456604,-0.5168918123616846,419.60729961960857
2025-12-30,58885.94921875,59272.69921875,58737.6015625,59171.25,295700,0.004045579646533765,53.24771325551645,100.88131771649205,173.2347486655386,-72.35343094904655,1.4036802111015272,-0.08628762815348566,427.85661080749367
2025-12-31,59194.6015625,59766.19921875,59187.1015625,59581.8515625,122600,0.006915241679801313,60.067012297078605,129.29383875933127,164.44656668429715,-35.15272792496589,1.5091555669272951,1.0540178517598742,439.79179708910124
2026-01-01,59674.80078125,59743.19921875,59569.6484375,59711.55078125,71800,0.0021744583909286933,61.954738056346734,160.42730330846098,163.64271400912992,-3.21541070066894,1.6675653239708983,0.8473238920729644,420.7745816720226
2026-01-02,59757.3984375,60203.75,59738.25,60150.94921875,250400,0.007331741049939064,67.55117818297974,218.04311466964282,174.5227941412325,43.52032052841031,2.1443017939117834,1.281361594024978,425.8763414633067
2026-01-05,60360.3984375,60437.3515625,59859.80078125,60044.19921875,318500,-0.0017762784847065924,65.047736212525,252.18321628116973,190.05487856921997,62.12833771194977,2.3145904016787195,0.9794497136784442,436.7102300194991
2026-01-06,59957.80078125,60305.0,59844.80078125,60118.3984375,295400,0.0012349804286495498,65.99117211079405,281.97630232972733,208.43916332132147,73.53713900840586,2.6098653155948908,1.835867180119075,438.3880149288206
2026-01-07,60039.69921875,60065.3984375,59760.6484375,59990.8515625,376300,-0.002123848462031855,62.85064876423893,291.93037912185537,225.1374064814283,66.79297264042708,2.7719098588902593,1.8058039218181894,432.62815671961914
2026-01-08,59893.1484375,60112.8515625,59564.80078125,59686.5,312900,-0.005086212464532796,56.001926595020606,272.1235581855217,234.53463682224697,37.58892136327472,2.729536915401675,1.3132082677737043,440.8726299003606
2026-01-09,59558.1484375,59739.6484375,59154.19921875,59251.55078125,272500,-0.0073139109779722326,47.95894448510575,218.80746668913343,231.38920279562427,-12.581736106490837,2.7232043954339242,0.3087083707105973,451.1995291039063
2026-01-12,59217.25,59541.1015625,58864.19921875,59450.5,262400,0.0033520803344287207,51.39738960017204,190.4126606969221,223.19389437588384,-32.78123367896174,2.7234211446965046,0.24703224065830298,467.32115872148444
2026-01-13,59767.55078125,59767.55078125,59312.05078125,59578.80078125,224200,0.002155785677925855,53.52976007657541,176.2308931309817,213.80129412690343,-37.570400995921716,2.7331317594696767,0.470914191289787,466.4767902413784
2026-01-14,59330.3515625,59796.6484375,59324.19921875,59580.1484375,341500,2.2619471871612884e-05,53.55281146075691,163.21899775162456,203.68483485184765,-40.4658371002231,2.6739446180459323,0.6700282925182109,466.9033922777085
2026-01-16,59590.3515625,60235.1484375,59510.5,60095.1484375,478100,0.00860667476897364,61.4271879877828,192.24706834896642,201.39728155127142,-9.150213202304997,2.704639105600362,1.8365904970878884,485.3137526507293
2026-01-19,60093.30078125,60107.5,59594.6015625,59891.3515625,492900,-0.0033970000121344075,57.28817571852915,196.54170835145487,200.42616691130814,-3.8844585598532717,2.595273490999175,1.6272895524675342,487.2840872828201
2026-01-20,59851.3984375,59993.5,59283.94921875,59404.19921875,396100,-0.00816719564873999,48.82006725705808,158.80550761720224,192.102035052487,-33.29652743528476,2.497603513377715,0.393686492595644,503.16027970904724
2026-01-21,59142.0,59447.3515625,58278.6015625,58800.30078125,331700,-0.010217947569373146,40.773924611351745,79.25612447650929,169.53285293729147,-90.27672846078218,2.7195620762949377,-1.3117262400450431,550.7024025869724
2026-01-22,59194.25,59573.1015625,58823.05078125,59200.1015625,300700,0.006776287252379773,47.00147888657108,47.92084531240107,145.2104514123134,-97.28960609991233,2.743973621745036,-0.856533136484206,566.5665724914744
2026-01-23,59305.1484375,59400.1484375,58346.25,58473.1015625,323400,-0.012356411325390662,38.97590296770736,-35.16999557471718,109.13436201490728,-144.30435758962446,3.125963442535043,-2.7893951434551734,601.3759914206548
2026-01-27,58366.05078125,59436.80078125,58121.6015625,59205.44921875,388800,0.012446739121990508,48.51325270609557,-41.44796391277487,79.01789682937086,-120.46586074214572,3.0684551879522304,-1.3968876442906806,652.3633648013223
2026-01-28,59575.6484375,59699.8984375,59240.1015625,59598.80078125,289300,0.006621867481046588,52.781835546347565,-14.515786383759405,60.3111601867448,-74.8269465705042,2.9329121202975434,-0.8642905828407614,641.0837829405135
2026-01-29,59416.25,60060.69921875,59339.0,59957.8515625,617400,0.006006388664420234,56.340042822803476,35.39257213764358,55.32744257692456,-19.934870439280978,2.928336148840837,-0.05500838734656026,646.8420283554768
2026-01-30,59542.25,59906.8984375,59501.80078125,59610.44921875,317800,-0.005810960246959909,52.23826232013538,46.378220798149414,53.53759822116954,-7.159377423020125,2.9284167063923348,-0.12741705620198873,633.214082133657
2026-02-02,58239.30078125,58687.05078125,57829.8515625,58619.0,282500,-0.016772005053349873,42.686775012967544,-24.633282411399705,37.903422094655696,-62.5367045060554,3.2482912916267725,-1.06756831325024,715.1700517133959
2026-02-03,61411.19921875,61764.8515625,59793.19921875,60041.30078125,368300,0.023973795661561374,55.31063392806026,33.471537024546706,37.0170450806339,-3.5455080560871934,3.2053682090901767,0.993769238694376,888.7901596267247
2026-02-04,60163.3515625,60389.3984375,59891.75,60238.1484375,255600,0.003273174815404378,56.73111823474273,94.31676087579399,48.476988239665914,45.839772636128075,3.2866229650807552,1.1066816511981605,860.8514651891016
2026-02-05,60315.3515625,60328.30078125,59881.05078125,60063.6484375,200,-0.0029010393346724514,55.0603318151042,126.99245750140835,64.1800820920144,62.81237540939395,3.2659255397897393,0.8115119090500336,831.30850338988
2026-02-06,59967.1015625,60149.8984375,59644.55078125,60120.55078125,204800,0.0009469189522701549,55.52035562012845,155.6850853277283,82.48108273915719,73.20400258857111,3.3114550892626218,0.04227020718056613,808.0255857370314
2026-02-09,60805.19921875,60876.19921875,60495.69921875,60669.3515625,263400,0.009086927746540699,59.79499795301892,220.16985508819926,110.0188372089656,110.15101787923365,3.6944398157673928,1.29901893963457,804.2843608629577
2026-02-10,60740.80078125,60797.55078125,60531.55078125,60626.3984375,215900,-0.0007082379522027358,59.3145301404308,264.75659230694146,140.9663882285608,123.79020407838067,3.9428839034103067,2.0574289946227102,765.835477944175
2026-02-11,60670.25,60779.94921875,60444.6484375,60745.3515625,235100,0.00196014580141621,60.266711611730884,306.1611902155564,174.00534862595993,132.1558415895965,4.226214954402759,3.307892570968327,735.0829996088768
2026-02-12,60786.1484375,60864.3984375,60597.6484375,60739.75,267000,-9.221809805357992e-05,60.195268434648185,334.6648252981977,206.1372439604075,128.5275813377902,4.464001918155711,2.6007530339699323,701.630642493957
2026-02-13,60504.3984375,60621.8984375,60073.55078125,60186.6484375,236600,-0.009147802741315148,53.45672550767206,309.06082699773106,226.72196056787223,82.33886642985883,4.48726334684017,2.930487402260414,699.0998265122458
2026-02-16,59947.80078125,61011.30078125,59861.1015625,60949.1015625,168600,0.01258857428863483,60.08934975455097,346.3011251725984,250.63779348881747,95.66333168378094,4.767024173134006,2.9450876004801874,731.3212116720854
2026-02-17,60821.1484375,61241.6015625,60560.0,61174.0,264000,0.00368314739573757,61.81776382217032,389.4721614899754,278.4046670890491,111.06749440092631,5.133645516453994,2.643004889530535,727.7698081597936
2026-02-18,61255.3515625,61596.8515625,61100.8984375,61550.80078125,218100,0.006140600153382305,64.58505938358344,448.91537578147836,312.506808827535,136.40856695394336,5.572360893425719,2.6567816845296925,711.2114736483798
2026-02-19,61660.8515625,61678.80078125,60592.8984375,60739.55078125,190600,-0.013267798976200373,55.29336702744504,425.65675021748757,335.1367971055255,90.51995311196208,5.3212449131810695,1.8941336247217038,737.9751072270668
2026-02-20,60627.8515625,61360.5,60562.3515625,61172.0,219800,0.007094504660357947,58.70400616705932,437.08076473039546,355.5255906304995,81.55517409989596,5.321764942738941,4.355243180538733,742.2732022465619
2026-02-23,61145.55078125,61517.80078125,61029.1484375,61264.25,841900,0.0015069069406574165,59.41528880844221,448.40920043446386,374.1023125912924,74.30688784317147,4.793694420796073,2.036846641956679,724.1574266396647
2026-02-24,61392.1015625,61435.6484375,60801.8515625,61047.30078125,587700,-0.0035474890945932903,56.9317813998435,434.8681887304265,386.25548781911925,48.61270091130723,4.5415145174693805,1.34325566893799,717.7031015225457
2026-02-25,61175.05078125,61317.55078125,60816.75,61043.3515625,321600,-6.46932205793711e-05,56.88516871903143,418.98833374885,392.8020570050654,26.18627674378456,4.41576087930835,1.631108250141419,702.2100786459353
2026-02-26,61193.8984375,61284.75,60813.30078125,61187.69921875,602700,0.0023618830474073714,58.23128822874674,413.2869688487699,396.8990393738063,16.387929474963585,4.419830791982078,1.7750144062765558,685.7271600819398
2026-02-27,61057.44921875,61086.44921875,60438.94921875,60529.0,369200,-0.010823587125162515,50.485189724850294,351.5644578860447,387.832123076254,-36.2676651902093,4.163661629359372,-0.23133849115795055,690.2287915046584
